<Boletin_Consolidado><Boletin>
  <Numero V="0008"/>
  <Boletin_Departamental V="0012"/>
  <Tipo_Boletin V="DEPARTAMENTAL"/>
  <Desc_Corporacion V="CONSULTA POPULAR"/>
  <Departamento V="13"/>
  <Desc_Departamento V="CORDOBA"/>
  <Municipio V="001"/>
  <Desc_Municipio V="MONTERIA"/>
  <Dia V="21"/>
  <Mes V="8"/>
  <Anio V="2018"/>
  <Hora V="14"/>
  <Minuto V="15"/>
  <Mesas_Instaladas V="829"/>
  <Mesas_Informadas V="829"/>
  <Porc_Mesas_Informadas V="100,00"/>
  <Potencial_Sufragantes V="316490"/>
  <Detalle_Circunscripcion>
    <lin>
      <Circunscripcion V="0"/>
      <Desc_Circunscripcion V="NACIONAL"/>
      <Detalle_Pregunta>
        <lin>
          <Pregunta V="001"/>
          <Total_Sufragantes V="316490"/>
          <Porc_Sufragantes V="100,00"/>
          <Abstencion V="0"/>
          <Porc_Abstencion V="000,00"/>
          <Votos_Validos V="163611"/>
          <Porc_Votos_Validos V="051,69"/>
          <Votos_No_Marcados V="75113"/>
          <Porc_Votos_No_Marcados V="023,73"/>
          <Votos_Nulos V="77766"/>
          <Porc_Votos_Nulos V="024,57"/>
        </lin>
        <lin>
          <Pregunta V="002"/>
          <Total_Sufragantes V="316490"/>
          <Porc_Sufragantes V="100,00"/>
          <Abstencion V="0"/>
          <Porc_Abstencion V="000,00"/>
          <Votos_Validos V="156951"/>
          <Porc_Votos_Validos V="049,59"/>
          <Votos_No_Marcados V="80127"/>
          <Porc_Votos_No_Marcados V="025,31"/>
          <Votos_Nulos V="79412"/>
          <Porc_Votos_Nulos V="025,09"/>
        </lin>
        <lin>
          <Pregunta V="003"/>
          <Total_Sufragantes V="316490"/>
          <Porc_Sufragantes V="100,00"/>
          <Abstencion V="0"/>
          <Porc_Abstencion V="000,00"/>
          <Votos_Validos V="159529"/>
          <Porc_Votos_Validos V="050,40"/>
          <Votos_No_Marcados V="79285"/>
          <Porc_Votos_No_Marcados V="025,05"/>
          <Votos_Nulos V="77676"/>
          <Porc_Votos_Nulos V="024,54"/>
        </lin>
        <lin>
          <Pregunta V="004"/>
          <Total_Sufragantes V="316490"/>
          <Porc_Sufragantes V="100,00"/>
          <Abstencion V="0"/>
          <Porc_Abstencion V="000,00"/>
          <Votos_Validos V="157811"/>
          <Porc_Votos_Validos V="049,86"/>
          <Votos_No_Marcados V="79884"/>
          <Porc_Votos_No_Marcados V="025,24"/>
          <Votos_Nulos V="78795"/>
          <Porc_Votos_Nulos V="024,89"/>
        </lin>
        <lin>
          <Pregunta V="005"/>
          <Total_Sufragantes V="316490"/>
          <Porc_Sufragantes V="100,00"/>
          <Abstencion V="0"/>
          <Porc_Abstencion V="000,00"/>
          <Votos_Validos V="155222"/>
          <Porc_Votos_Validos V="049,04"/>
          <Votos_No_Marcados V="79427"/>
          <Porc_Votos_No_Marcados V="025,09"/>
          <Votos_Nulos V="81841"/>
          <Porc_Votos_Nulos V="025,85"/>
        </lin>
        <lin>
          <Pregunta V="006"/>
          <Total_Sufragantes V="316490"/>
          <Porc_Sufragantes V="100,00"/>
          <Abstencion V="0"/>
          <Porc_Abstencion V="000,00"/>
          <Votos_Validos V="156164"/>
          <Porc_Votos_Validos V="049,34"/>
          <Votos_No_Marcados V="80414"/>
          <Porc_Votos_No_Marcados V="025,40"/>
          <Votos_Nulos V="79912"/>
          <Porc_Votos_Nulos V="025,24"/>
        </lin>
        <lin>
          <Pregunta V="007"/>
          <Total_Sufragantes V="316490"/>
          <Porc_Sufragantes V="100,00"/>
          <Abstencion V="0"/>
          <Porc_Abstencion V="000,00"/>
          <Votos_Validos V="156511"/>
          <Porc_Votos_Validos V="049,45"/>
          <Votos_No_Marcados V="79746"/>
          <Porc_Votos_No_Marcados V="025,19"/>
          <Votos_Nulos V="80233"/>
          <Porc_Votos_Nulos V="025,35"/>
        </lin>
      </Detalle_Pregunta>
      <Detalle_Opcion>
        <lin>
          <Opcion V="001"/>
          <Votos V="81787"/>
          <Porc V="049,98"/>
          <Pregunta V="001"/>
        </lin>
        <lin>
          <Opcion V="002"/>
          <Votos V="81824"/>
          <Porc V="050,01"/>
          <Pregunta V="001"/>
        </lin>
        <lin>
          <Opcion V="001"/>
          <Votos V="79223"/>
          <Porc V="050,47"/>
          <Pregunta V="002"/>
        </lin>
        <lin>
          <Opcion V="002"/>
          <Votos V="77728"/>
          <Porc V="049,52"/>
          <Pregunta V="002"/>
        </lin>
        <lin>
          <Opcion V="001"/>
          <Votos V="80994"/>
          <Porc V="050,77"/>
          <Pregunta V="003"/>
        </lin>
        <lin>
          <Opcion V="002"/>
          <Votos V="78535"/>
          <Porc V="049,22"/>
          <Pregunta V="003"/>
        </lin>
        <lin>
          <Opcion V="001"/>
          <Votos V="81144"/>
          <Porc V="051,41"/>
          <Pregunta V="004"/>
        </lin>
        <lin>
          <Opcion V="002"/>
          <Votos V="76667"/>
          <Porc V="048,58"/>
          <Pregunta V="004"/>
        </lin>
        <lin>
          <Opcion V="001"/>
          <Votos V="76001"/>
          <Porc V="048,96"/>
          <Pregunta V="005"/>
        </lin>
        <lin>
          <Opcion V="002"/>
          <Votos V="79221"/>
          <Porc V="051,03"/>
          <Pregunta V="005"/>
        </lin>
        <lin>
          <Opcion V="001"/>
          <Votos V="76033"/>
          <Porc V="048,68"/>
          <Pregunta V="006"/>
        </lin>
        <lin>
          <Opcion V="002"/>
          <Votos V="80131"/>
          <Porc V="051,31"/>
          <Pregunta V="006"/>
        </lin>
        <lin>
          <Opcion V="001"/>
          <Votos V="78506"/>
          <Porc V="050,16"/>
          <Pregunta V="007"/>
        </lin>
        <lin>
          <Opcion V="002"/>
          <Votos V="78005"/>
          <Porc V="049,83"/>
          <Pregunta V="007"/>
        </lin>
      </Detalle_Opcion>
    </lin>
  </Detalle_Circunscripcion>
</Boletin>
</Boletin_Consolidado>