<Boletin_Consolidado><Boletin>
  <Numero V="0008"/>
  <Boletin_Departamental V="0012"/>
  <Tipo_Boletin V="DEPARTAMENTAL"/>
  <Desc_Corporacion V="CONSULTA POPULAR"/>
  <Departamento V="03"/>
  <Desc_Departamento V="ATLANTICO"/>
  <Municipio V="061"/>
  <Desc_Municipio V="USIACURI"/>
  <Dia V="21"/>
  <Mes V="8"/>
  <Anio V="2018"/>
  <Hora V="14"/>
  <Minuto V="15"/>
  <Mesas_Instaladas V="21"/>
  <Mesas_Informadas V="21"/>
  <Porc_Mesas_Informadas V="100,00"/>
  <Potencial_Sufragantes V="8006"/>
  <Detalle_Circunscripcion>
    <lin>
      <Circunscripcion V="0"/>
      <Desc_Circunscripcion V="NACIONAL"/>
      <Detalle_Pregunta>
        <lin>
          <Pregunta V="001"/>
          <Total_Sufragantes V="8006"/>
          <Porc_Sufragantes V="100,00"/>
          <Abstencion V="0"/>
          <Porc_Abstencion V="000,00"/>
          <Votos_Validos V="3851"/>
          <Porc_Votos_Validos V="048,10"/>
          <Votos_No_Marcados V="2298"/>
          <Porc_Votos_No_Marcados V="028,70"/>
          <Votos_Nulos V="1857"/>
          <Porc_Votos_Nulos V="023,19"/>
        </lin>
        <lin>
          <Pregunta V="002"/>
          <Total_Sufragantes V="8006"/>
          <Porc_Sufragantes V="100,00"/>
          <Abstencion V="0"/>
          <Porc_Abstencion V="000,00"/>
          <Votos_Validos V="4198"/>
          <Porc_Votos_Validos V="052,43"/>
          <Votos_No_Marcados V="2036"/>
          <Porc_Votos_No_Marcados V="025,43"/>
          <Votos_Nulos V="1772"/>
          <Porc_Votos_Nulos V="022,13"/>
        </lin>
        <lin>
          <Pregunta V="003"/>
          <Total_Sufragantes V="8006"/>
          <Porc_Sufragantes V="100,00"/>
          <Abstencion V="0"/>
          <Porc_Abstencion V="000,00"/>
          <Votos_Validos V="4417"/>
          <Porc_Votos_Validos V="055,17"/>
          <Votos_No_Marcados V="1832"/>
          <Porc_Votos_No_Marcados V="022,88"/>
          <Votos_Nulos V="1757"/>
          <Porc_Votos_Nulos V="021,94"/>
        </lin>
        <lin>
          <Pregunta V="004"/>
          <Total_Sufragantes V="8006"/>
          <Porc_Sufragantes V="100,00"/>
          <Abstencion V="0"/>
          <Porc_Abstencion V="000,00"/>
          <Votos_Validos V="4383"/>
          <Porc_Votos_Validos V="054,74"/>
          <Votos_No_Marcados V="1999"/>
          <Porc_Votos_No_Marcados V="024,96"/>
          <Votos_Nulos V="1624"/>
          <Porc_Votos_Nulos V="020,28"/>
        </lin>
        <lin>
          <Pregunta V="005"/>
          <Total_Sufragantes V="8006"/>
          <Porc_Sufragantes V="100,00"/>
          <Abstencion V="0"/>
          <Porc_Abstencion V="000,00"/>
          <Votos_Validos V="4134"/>
          <Porc_Votos_Validos V="051,63"/>
          <Votos_No_Marcados V="1801"/>
          <Porc_Votos_No_Marcados V="022,49"/>
          <Votos_Nulos V="2071"/>
          <Porc_Votos_Nulos V="025,86"/>
        </lin>
        <lin>
          <Pregunta V="006"/>
          <Total_Sufragantes V="8006"/>
          <Porc_Sufragantes V="100,00"/>
          <Abstencion V="0"/>
          <Porc_Abstencion V="000,00"/>
          <Votos_Validos V="4064"/>
          <Porc_Votos_Validos V="050,76"/>
          <Votos_No_Marcados V="2172"/>
          <Porc_Votos_No_Marcados V="027,12"/>
          <Votos_Nulos V="1770"/>
          <Porc_Votos_Nulos V="022,10"/>
        </lin>
        <lin>
          <Pregunta V="007"/>
          <Total_Sufragantes V="8006"/>
          <Porc_Sufragantes V="100,00"/>
          <Abstencion V="0"/>
          <Porc_Abstencion V="000,00"/>
          <Votos_Validos V="3777"/>
          <Porc_Votos_Validos V="047,17"/>
          <Votos_No_Marcados V="1957"/>
          <Porc_Votos_No_Marcados V="024,44"/>
          <Votos_Nulos V="2272"/>
          <Porc_Votos_Nulos V="028,37"/>
        </lin>
      </Detalle_Pregunta>
      <Detalle_Opcion>
        <lin>
          <Opcion V="001"/>
          <Votos V="1883"/>
          <Porc V="048,89"/>
          <Pregunta V="001"/>
        </lin>
        <lin>
          <Opcion V="002"/>
          <Votos V="1968"/>
          <Porc V="051,10"/>
          <Pregunta V="001"/>
        </lin>
        <lin>
          <Opcion V="001"/>
          <Votos V="1911"/>
          <Porc V="045,52"/>
          <Pregunta V="002"/>
        </lin>
        <lin>
          <Opcion V="002"/>
          <Votos V="2287"/>
          <Porc V="054,47"/>
          <Pregunta V="002"/>
        </lin>
        <lin>
          <Opcion V="001"/>
          <Votos V="2158"/>
          <Porc V="048,85"/>
          <Pregunta V="003"/>
        </lin>
        <lin>
          <Opcion V="002"/>
          <Votos V="2259"/>
          <Porc V="051,14"/>
          <Pregunta V="003"/>
        </lin>
        <lin>
          <Opcion V="001"/>
          <Votos V="2225"/>
          <Porc V="050,76"/>
          <Pregunta V="004"/>
        </lin>
        <lin>
          <Opcion V="002"/>
          <Votos V="2158"/>
          <Porc V="049,23"/>
          <Pregunta V="004"/>
        </lin>
        <lin>
          <Opcion V="001"/>
          <Votos V="2056"/>
          <Porc V="049,73"/>
          <Pregunta V="005"/>
        </lin>
        <lin>
          <Opcion V="002"/>
          <Votos V="2078"/>
          <Porc V="050,26"/>
          <Pregunta V="005"/>
        </lin>
        <lin>
          <Opcion V="001"/>
          <Votos V="2339"/>
          <Porc V="057,55"/>
          <Pregunta V="006"/>
        </lin>
        <lin>
          <Opcion V="002"/>
          <Votos V="1725"/>
          <Porc V="042,44"/>
          <Pregunta V="006"/>
        </lin>
        <lin>
          <Opcion V="001"/>
          <Votos V="2066"/>
          <Porc V="054,69"/>
          <Pregunta V="007"/>
        </lin>
        <lin>
          <Opcion V="002"/>
          <Votos V="1711"/>
          <Porc V="045,30"/>
          <Pregunta V="007"/>
        </lin>
      </Detalle_Opcion>
    </lin>
  </Detalle_Circunscripcion>
</Boletin>
</Boletin_Consolidado>