<Boletin_Consolidado><Boletin>
  <Numero V="0008"/>
  <Boletin_Departamental V="0011"/>
  <Tipo_Boletin V="DEPARTAMENTAL"/>
  <Desc_Corporacion V="CONSULTA POPULAR"/>
  <Departamento V="07"/>
  <Desc_Departamento V="BOYACA"/>
  <Municipio V="118"/>
  <Desc_Municipio V="IZA"/>
  <Dia V="21"/>
  <Mes V="8"/>
  <Anio V="2018"/>
  <Hora V="14"/>
  <Minuto V="15"/>
  <Mesas_Instaladas V="6"/>
  <Mesas_Informadas V="6"/>
  <Porc_Mesas_Informadas V="100,00"/>
  <Potencial_Sufragantes V="2186"/>
  <Detalle_Circunscripcion>
    <lin>
      <Circunscripcion V="0"/>
      <Desc_Circunscripcion V="NACIONAL"/>
      <Detalle_Pregunta>
        <lin>
          <Pregunta V="001"/>
          <Total_Sufragantes V="2186"/>
          <Porc_Sufragantes V="100,00"/>
          <Abstencion V="0"/>
          <Porc_Abstencion V="000,00"/>
          <Votos_Validos V="1098"/>
          <Porc_Votos_Validos V="050,22"/>
          <Votos_No_Marcados V="706"/>
          <Porc_Votos_No_Marcados V="032,29"/>
          <Votos_Nulos V="382"/>
          <Porc_Votos_Nulos V="017,47"/>
        </lin>
        <lin>
          <Pregunta V="002"/>
          <Total_Sufragantes V="2186"/>
          <Porc_Sufragantes V="100,00"/>
          <Abstencion V="0"/>
          <Porc_Abstencion V="000,00"/>
          <Votos_Validos V="973"/>
          <Porc_Votos_Validos V="044,51"/>
          <Votos_No_Marcados V="553"/>
          <Porc_Votos_No_Marcados V="025,29"/>
          <Votos_Nulos V="660"/>
          <Porc_Votos_Nulos V="030,19"/>
        </lin>
        <lin>
          <Pregunta V="003"/>
          <Total_Sufragantes V="2186"/>
          <Porc_Sufragantes V="100,00"/>
          <Abstencion V="0"/>
          <Porc_Abstencion V="000,00"/>
          <Votos_Validos V="1054"/>
          <Porc_Votos_Validos V="048,21"/>
          <Votos_No_Marcados V="334"/>
          <Porc_Votos_No_Marcados V="015,27"/>
          <Votos_Nulos V="798"/>
          <Porc_Votos_Nulos V="036,50"/>
        </lin>
        <lin>
          <Pregunta V="004"/>
          <Total_Sufragantes V="2186"/>
          <Porc_Sufragantes V="100,00"/>
          <Abstencion V="0"/>
          <Porc_Abstencion V="000,00"/>
          <Votos_Validos V="1272"/>
          <Porc_Votos_Validos V="058,18"/>
          <Votos_No_Marcados V="434"/>
          <Porc_Votos_No_Marcados V="019,85"/>
          <Votos_Nulos V="480"/>
          <Porc_Votos_Nulos V="021,95"/>
        </lin>
        <lin>
          <Pregunta V="005"/>
          <Total_Sufragantes V="2186"/>
          <Porc_Sufragantes V="100,00"/>
          <Abstencion V="0"/>
          <Porc_Abstencion V="000,00"/>
          <Votos_Validos V="1204"/>
          <Porc_Votos_Validos V="055,07"/>
          <Votos_No_Marcados V="446"/>
          <Porc_Votos_No_Marcados V="020,40"/>
          <Votos_Nulos V="536"/>
          <Porc_Votos_Nulos V="024,51"/>
        </lin>
        <lin>
          <Pregunta V="006"/>
          <Total_Sufragantes V="2186"/>
          <Porc_Sufragantes V="100,00"/>
          <Abstencion V="0"/>
          <Porc_Abstencion V="000,00"/>
          <Votos_Validos V="739"/>
          <Porc_Votos_Validos V="033,80"/>
          <Votos_No_Marcados V="623"/>
          <Porc_Votos_No_Marcados V="028,49"/>
          <Votos_Nulos V="824"/>
          <Porc_Votos_Nulos V="037,69"/>
        </lin>
        <lin>
          <Pregunta V="007"/>
          <Total_Sufragantes V="2186"/>
          <Porc_Sufragantes V="100,00"/>
          <Abstencion V="0"/>
          <Porc_Abstencion V="000,00"/>
          <Votos_Validos V="982"/>
          <Porc_Votos_Validos V="044,92"/>
          <Votos_No_Marcados V="438"/>
          <Porc_Votos_No_Marcados V="020,03"/>
          <Votos_Nulos V="766"/>
          <Porc_Votos_Nulos V="035,04"/>
        </lin>
      </Detalle_Pregunta>
      <Detalle_Opcion>
        <lin>
          <Opcion V="001"/>
          <Votos V="740"/>
          <Porc V="067,39"/>
          <Pregunta V="001"/>
        </lin>
        <lin>
          <Opcion V="002"/>
          <Votos V="358"/>
          <Porc V="032,60"/>
          <Pregunta V="001"/>
        </lin>
        <lin>
          <Opcion V="001"/>
          <Votos V="515"/>
          <Porc V="052,92"/>
          <Pregunta V="002"/>
        </lin>
        <lin>
          <Opcion V="002"/>
          <Votos V="458"/>
          <Porc V="047,07"/>
          <Pregunta V="002"/>
        </lin>
        <lin>
          <Opcion V="001"/>
          <Votos V="605"/>
          <Porc V="057,40"/>
          <Pregunta V="003"/>
        </lin>
        <lin>
          <Opcion V="002"/>
          <Votos V="449"/>
          <Porc V="042,59"/>
          <Pregunta V="003"/>
        </lin>
        <lin>
          <Opcion V="001"/>
          <Votos V="416"/>
          <Porc V="032,70"/>
          <Pregunta V="004"/>
        </lin>
        <lin>
          <Opcion V="002"/>
          <Votos V="856"/>
          <Porc V="067,29"/>
          <Pregunta V="004"/>
        </lin>
        <lin>
          <Opcion V="001"/>
          <Votos V="630"/>
          <Porc V="052,32"/>
          <Pregunta V="005"/>
        </lin>
        <lin>
          <Opcion V="002"/>
          <Votos V="574"/>
          <Porc V="047,67"/>
          <Pregunta V="005"/>
        </lin>
        <lin>
          <Opcion V="001"/>
          <Votos V="493"/>
          <Porc V="066,71"/>
          <Pregunta V="006"/>
        </lin>
        <lin>
          <Opcion V="002"/>
          <Votos V="246"/>
          <Porc V="033,28"/>
          <Pregunta V="006"/>
        </lin>
        <lin>
          <Opcion V="001"/>
          <Votos V="377"/>
          <Porc V="038,39"/>
          <Pregunta V="007"/>
        </lin>
        <lin>
          <Opcion V="002"/>
          <Votos V="605"/>
          <Porc V="061,60"/>
          <Pregunta V="007"/>
        </lin>
      </Detalle_Opcion>
    </lin>
  </Detalle_Circunscripcion>
</Boletin>
</Boletin_Consolidado>