<Boletin_Consolidado><Boletin>
  <Numero V="0008"/>
  <Boletin_Departamental V="0012"/>
  <Tipo_Boletin V="DEPARTAMENTAL"/>
  <Desc_Corporacion V="CONSULTA POPULAR"/>
  <Departamento V="01"/>
  <Desc_Departamento V="ANTIOQUIA"/>
  <Municipio V="150"/>
  <Desc_Municipio V="HISPANIA"/>
  <Dia V="21"/>
  <Mes V="8"/>
  <Anio V="2018"/>
  <Hora V="14"/>
  <Minuto V="15"/>
  <Mesas_Instaladas V="15"/>
  <Mesas_Informadas V="15"/>
  <Porc_Mesas_Informadas V="100,00"/>
  <Potencial_Sufragantes V="5388"/>
  <Detalle_Circunscripcion>
    <lin>
      <Circunscripcion V="0"/>
      <Desc_Circunscripcion V="NACIONAL"/>
      <Detalle_Pregunta>
        <lin>
          <Pregunta V="001"/>
          <Total_Sufragantes V="5388"/>
          <Porc_Sufragantes V="100,00"/>
          <Abstencion V="0"/>
          <Porc_Abstencion V="000,00"/>
          <Votos_Validos V="2391"/>
          <Porc_Votos_Validos V="044,37"/>
          <Votos_No_Marcados V="1311"/>
          <Porc_Votos_No_Marcados V="024,33"/>
          <Votos_Nulos V="1686"/>
          <Porc_Votos_Nulos V="031,29"/>
        </lin>
        <lin>
          <Pregunta V="002"/>
          <Total_Sufragantes V="5388"/>
          <Porc_Sufragantes V="100,00"/>
          <Abstencion V="0"/>
          <Porc_Abstencion V="000,00"/>
          <Votos_Validos V="2543"/>
          <Porc_Votos_Validos V="047,19"/>
          <Votos_No_Marcados V="1688"/>
          <Porc_Votos_No_Marcados V="031,32"/>
          <Votos_Nulos V="1157"/>
          <Porc_Votos_Nulos V="021,47"/>
        </lin>
        <lin>
          <Pregunta V="003"/>
          <Total_Sufragantes V="5388"/>
          <Porc_Sufragantes V="100,00"/>
          <Abstencion V="0"/>
          <Porc_Abstencion V="000,00"/>
          <Votos_Validos V="2639"/>
          <Porc_Votos_Validos V="048,97"/>
          <Votos_No_Marcados V="1408"/>
          <Porc_Votos_No_Marcados V="026,13"/>
          <Votos_Nulos V="1341"/>
          <Porc_Votos_Nulos V="024,88"/>
        </lin>
        <lin>
          <Pregunta V="004"/>
          <Total_Sufragantes V="5388"/>
          <Porc_Sufragantes V="100,00"/>
          <Abstencion V="0"/>
          <Porc_Abstencion V="000,00"/>
          <Votos_Validos V="2516"/>
          <Porc_Votos_Validos V="046,69"/>
          <Votos_No_Marcados V="1303"/>
          <Porc_Votos_No_Marcados V="024,18"/>
          <Votos_Nulos V="1569"/>
          <Porc_Votos_Nulos V="029,12"/>
        </lin>
        <lin>
          <Pregunta V="005"/>
          <Total_Sufragantes V="5388"/>
          <Porc_Sufragantes V="100,00"/>
          <Abstencion V="0"/>
          <Porc_Abstencion V="000,00"/>
          <Votos_Validos V="3016"/>
          <Porc_Votos_Validos V="055,97"/>
          <Votos_No_Marcados V="1327"/>
          <Porc_Votos_No_Marcados V="024,62"/>
          <Votos_Nulos V="1045"/>
          <Porc_Votos_Nulos V="019,39"/>
        </lin>
        <lin>
          <Pregunta V="006"/>
          <Total_Sufragantes V="5388"/>
          <Porc_Sufragantes V="100,00"/>
          <Abstencion V="0"/>
          <Porc_Abstencion V="000,00"/>
          <Votos_Validos V="2580"/>
          <Porc_Votos_Validos V="047,88"/>
          <Votos_No_Marcados V="1107"/>
          <Porc_Votos_No_Marcados V="020,54"/>
          <Votos_Nulos V="1701"/>
          <Porc_Votos_Nulos V="031,57"/>
        </lin>
        <lin>
          <Pregunta V="007"/>
          <Total_Sufragantes V="5388"/>
          <Porc_Sufragantes V="100,00"/>
          <Abstencion V="0"/>
          <Porc_Abstencion V="000,00"/>
          <Votos_Validos V="2528"/>
          <Porc_Votos_Validos V="046,91"/>
          <Votos_No_Marcados V="1637"/>
          <Porc_Votos_No_Marcados V="030,38"/>
          <Votos_Nulos V="1223"/>
          <Porc_Votos_Nulos V="022,69"/>
        </lin>
      </Detalle_Pregunta>
      <Detalle_Opcion>
        <lin>
          <Opcion V="001"/>
          <Votos V="1173"/>
          <Porc V="049,05"/>
          <Pregunta V="001"/>
        </lin>
        <lin>
          <Opcion V="002"/>
          <Votos V="1218"/>
          <Porc V="050,94"/>
          <Pregunta V="001"/>
        </lin>
        <lin>
          <Opcion V="001"/>
          <Votos V="1278"/>
          <Porc V="050,25"/>
          <Pregunta V="002"/>
        </lin>
        <lin>
          <Opcion V="002"/>
          <Votos V="1265"/>
          <Porc V="049,74"/>
          <Pregunta V="002"/>
        </lin>
        <lin>
          <Opcion V="001"/>
          <Votos V="1345"/>
          <Porc V="050,96"/>
          <Pregunta V="003"/>
        </lin>
        <lin>
          <Opcion V="002"/>
          <Votos V="1294"/>
          <Porc V="049,03"/>
          <Pregunta V="003"/>
        </lin>
        <lin>
          <Opcion V="001"/>
          <Votos V="1226"/>
          <Porc V="048,72"/>
          <Pregunta V="004"/>
        </lin>
        <lin>
          <Opcion V="002"/>
          <Votos V="1290"/>
          <Porc V="051,27"/>
          <Pregunta V="004"/>
        </lin>
        <lin>
          <Opcion V="001"/>
          <Votos V="1424"/>
          <Porc V="047,21"/>
          <Pregunta V="005"/>
        </lin>
        <lin>
          <Opcion V="002"/>
          <Votos V="1592"/>
          <Porc V="052,78"/>
          <Pregunta V="005"/>
        </lin>
        <lin>
          <Opcion V="001"/>
          <Votos V="1119"/>
          <Porc V="043,37"/>
          <Pregunta V="006"/>
        </lin>
        <lin>
          <Opcion V="002"/>
          <Votos V="1461"/>
          <Porc V="056,62"/>
          <Pregunta V="006"/>
        </lin>
        <lin>
          <Opcion V="001"/>
          <Votos V="1234"/>
          <Porc V="048,81"/>
          <Pregunta V="007"/>
        </lin>
        <lin>
          <Opcion V="002"/>
          <Votos V="1294"/>
          <Porc V="051,18"/>
          <Pregunta V="007"/>
        </lin>
      </Detalle_Opcion>
    </lin>
  </Detalle_Circunscripcion>
</Boletin>
</Boletin_Consolidado>