<Boletin_Consolidado><Boletin>
  <Numero V="0008"/>
  <Boletin_Departamental V="0009"/>
  <Tipo_Boletin V="DEPARTAMENTAL"/>
  <Desc_Corporacion V="CONSULTA POPULAR"/>
  <Departamento V="07"/>
  <Desc_Departamento V="BOYACA"/>
  <Municipio V="187"/>
  <Desc_Municipio V="PANQUEBA"/>
  <Dia V="21"/>
  <Mes V="8"/>
  <Anio V="2018"/>
  <Hora V="14"/>
  <Minuto V="15"/>
  <Mesas_Instaladas V="5"/>
  <Mesas_Informadas V="5"/>
  <Porc_Mesas_Informadas V="100,00"/>
  <Potencial_Sufragantes V="1617"/>
  <Detalle_Circunscripcion>
    <lin>
      <Circunscripcion V="0"/>
      <Desc_Circunscripcion V="NACIONAL"/>
      <Detalle_Pregunta>
        <lin>
          <Pregunta V="001"/>
          <Total_Sufragantes V="1617"/>
          <Porc_Sufragantes V="100,00"/>
          <Abstencion V="0"/>
          <Porc_Abstencion V="000,00"/>
          <Votos_Validos V="1213"/>
          <Porc_Votos_Validos V="075,01"/>
          <Votos_No_Marcados V="103"/>
          <Porc_Votos_No_Marcados V="006,36"/>
          <Votos_Nulos V="301"/>
          <Porc_Votos_Nulos V="018,61"/>
        </lin>
        <lin>
          <Pregunta V="002"/>
          <Total_Sufragantes V="1617"/>
          <Porc_Sufragantes V="100,00"/>
          <Abstencion V="0"/>
          <Porc_Abstencion V="000,00"/>
          <Votos_Validos V="871"/>
          <Porc_Votos_Validos V="053,86"/>
          <Votos_No_Marcados V="462"/>
          <Porc_Votos_No_Marcados V="028,57"/>
          <Votos_Nulos V="284"/>
          <Porc_Votos_Nulos V="017,56"/>
        </lin>
        <lin>
          <Pregunta V="003"/>
          <Total_Sufragantes V="1617"/>
          <Porc_Sufragantes V="100,00"/>
          <Abstencion V="0"/>
          <Porc_Abstencion V="000,00"/>
          <Votos_Validos V="673"/>
          <Porc_Votos_Validos V="041,62"/>
          <Votos_No_Marcados V="565"/>
          <Porc_Votos_No_Marcados V="034,94"/>
          <Votos_Nulos V="379"/>
          <Porc_Votos_Nulos V="023,43"/>
        </lin>
        <lin>
          <Pregunta V="004"/>
          <Total_Sufragantes V="1617"/>
          <Porc_Sufragantes V="100,00"/>
          <Abstencion V="0"/>
          <Porc_Abstencion V="000,00"/>
          <Votos_Validos V="813"/>
          <Porc_Votos_Validos V="050,27"/>
          <Votos_No_Marcados V="410"/>
          <Porc_Votos_No_Marcados V="025,35"/>
          <Votos_Nulos V="394"/>
          <Porc_Votos_Nulos V="024,36"/>
        </lin>
        <lin>
          <Pregunta V="005"/>
          <Total_Sufragantes V="1617"/>
          <Porc_Sufragantes V="100,00"/>
          <Abstencion V="0"/>
          <Porc_Abstencion V="000,00"/>
          <Votos_Validos V="752"/>
          <Porc_Votos_Validos V="046,50"/>
          <Votos_No_Marcados V="342"/>
          <Porc_Votos_No_Marcados V="021,15"/>
          <Votos_Nulos V="523"/>
          <Porc_Votos_Nulos V="032,34"/>
        </lin>
        <lin>
          <Pregunta V="006"/>
          <Total_Sufragantes V="1617"/>
          <Porc_Sufragantes V="100,00"/>
          <Abstencion V="0"/>
          <Porc_Abstencion V="000,00"/>
          <Votos_Validos V="927"/>
          <Porc_Votos_Validos V="057,32"/>
          <Votos_No_Marcados V="295"/>
          <Porc_Votos_No_Marcados V="018,24"/>
          <Votos_Nulos V="395"/>
          <Porc_Votos_Nulos V="024,42"/>
        </lin>
        <lin>
          <Pregunta V="007"/>
          <Total_Sufragantes V="1617"/>
          <Porc_Sufragantes V="100,00"/>
          <Abstencion V="0"/>
          <Porc_Abstencion V="000,00"/>
          <Votos_Validos V="875"/>
          <Porc_Votos_Validos V="054,11"/>
          <Votos_No_Marcados V="430"/>
          <Porc_Votos_No_Marcados V="026,59"/>
          <Votos_Nulos V="312"/>
          <Porc_Votos_Nulos V="019,29"/>
        </lin>
      </Detalle_Pregunta>
      <Detalle_Opcion>
        <lin>
          <Opcion V="001"/>
          <Votos V="520"/>
          <Porc V="042,86"/>
          <Pregunta V="001"/>
        </lin>
        <lin>
          <Opcion V="002"/>
          <Votos V="693"/>
          <Porc V="057,13"/>
          <Pregunta V="001"/>
        </lin>
        <lin>
          <Opcion V="001"/>
          <Votos V="398"/>
          <Porc V="045,69"/>
          <Pregunta V="002"/>
        </lin>
        <lin>
          <Opcion V="002"/>
          <Votos V="473"/>
          <Porc V="054,30"/>
          <Pregunta V="002"/>
        </lin>
        <lin>
          <Opcion V="001"/>
          <Votos V="386"/>
          <Porc V="057,35"/>
          <Pregunta V="003"/>
        </lin>
        <lin>
          <Opcion V="002"/>
          <Votos V="287"/>
          <Porc V="042,64"/>
          <Pregunta V="003"/>
        </lin>
        <lin>
          <Opcion V="001"/>
          <Votos V="451"/>
          <Porc V="055,47"/>
          <Pregunta V="004"/>
        </lin>
        <lin>
          <Opcion V="002"/>
          <Votos V="362"/>
          <Porc V="044,52"/>
          <Pregunta V="004"/>
        </lin>
        <lin>
          <Opcion V="001"/>
          <Votos V="377"/>
          <Porc V="050,13"/>
          <Pregunta V="005"/>
        </lin>
        <lin>
          <Opcion V="002"/>
          <Votos V="375"/>
          <Porc V="049,86"/>
          <Pregunta V="005"/>
        </lin>
        <lin>
          <Opcion V="001"/>
          <Votos V="310"/>
          <Porc V="033,44"/>
          <Pregunta V="006"/>
        </lin>
        <lin>
          <Opcion V="002"/>
          <Votos V="617"/>
          <Porc V="066,55"/>
          <Pregunta V="006"/>
        </lin>
        <lin>
          <Opcion V="001"/>
          <Votos V="249"/>
          <Porc V="028,45"/>
          <Pregunta V="007"/>
        </lin>
        <lin>
          <Opcion V="002"/>
          <Votos V="626"/>
          <Porc V="071,54"/>
          <Pregunta V="007"/>
        </lin>
      </Detalle_Opcion>
    </lin>
  </Detalle_Circunscripcion>
</Boletin>
</Boletin_Consolidado>