<Boletin_Consolidado><Boletin>
  <Numero V="0008"/>
  <Boletin_Departamental V="0011"/>
  <Tipo_Boletin V="DEPARTAMENTAL"/>
  <Desc_Corporacion V="CONSULTA POPULAR"/>
  <Departamento V="07"/>
  <Desc_Departamento V="BOYACA"/>
  <Municipio V="070"/>
  <Desc_Municipio V="CHISCAS"/>
  <Dia V="21"/>
  <Mes V="8"/>
  <Anio V="2018"/>
  <Hora V="14"/>
  <Minuto V="15"/>
  <Mesas_Instaladas V="10"/>
  <Mesas_Informadas V="10"/>
  <Porc_Mesas_Informadas V="100,00"/>
  <Potencial_Sufragantes V="3341"/>
  <Detalle_Circunscripcion>
    <lin>
      <Circunscripcion V="0"/>
      <Desc_Circunscripcion V="NACIONAL"/>
      <Detalle_Pregunta>
        <lin>
          <Pregunta V="001"/>
          <Total_Sufragantes V="3341"/>
          <Porc_Sufragantes V="100,00"/>
          <Abstencion V="0"/>
          <Porc_Abstencion V="000,00"/>
          <Votos_Validos V="1142"/>
          <Porc_Votos_Validos V="034,18"/>
          <Votos_No_Marcados V="988"/>
          <Porc_Votos_No_Marcados V="029,57"/>
          <Votos_Nulos V="1211"/>
          <Porc_Votos_Nulos V="036,24"/>
        </lin>
        <lin>
          <Pregunta V="002"/>
          <Total_Sufragantes V="3341"/>
          <Porc_Sufragantes V="100,00"/>
          <Abstencion V="0"/>
          <Porc_Abstencion V="000,00"/>
          <Votos_Validos V="1557"/>
          <Porc_Votos_Validos V="046,60"/>
          <Votos_No_Marcados V="872"/>
          <Porc_Votos_No_Marcados V="026,09"/>
          <Votos_Nulos V="912"/>
          <Porc_Votos_Nulos V="027,29"/>
        </lin>
        <lin>
          <Pregunta V="003"/>
          <Total_Sufragantes V="3341"/>
          <Porc_Sufragantes V="100,00"/>
          <Abstencion V="0"/>
          <Porc_Abstencion V="000,00"/>
          <Votos_Validos V="1989"/>
          <Porc_Votos_Validos V="059,53"/>
          <Votos_No_Marcados V="872"/>
          <Porc_Votos_No_Marcados V="026,09"/>
          <Votos_Nulos V="480"/>
          <Porc_Votos_Nulos V="014,36"/>
        </lin>
        <lin>
          <Pregunta V="004"/>
          <Total_Sufragantes V="3341"/>
          <Porc_Sufragantes V="100,00"/>
          <Abstencion V="0"/>
          <Porc_Abstencion V="000,00"/>
          <Votos_Validos V="1702"/>
          <Porc_Votos_Validos V="050,94"/>
          <Votos_No_Marcados V="721"/>
          <Porc_Votos_No_Marcados V="021,58"/>
          <Votos_Nulos V="918"/>
          <Porc_Votos_Nulos V="027,47"/>
        </lin>
        <lin>
          <Pregunta V="005"/>
          <Total_Sufragantes V="3341"/>
          <Porc_Sufragantes V="100,00"/>
          <Abstencion V="0"/>
          <Porc_Abstencion V="000,00"/>
          <Votos_Validos V="1864"/>
          <Porc_Votos_Validos V="055,79"/>
          <Votos_No_Marcados V="575"/>
          <Porc_Votos_No_Marcados V="017,21"/>
          <Votos_Nulos V="902"/>
          <Porc_Votos_Nulos V="026,99"/>
        </lin>
        <lin>
          <Pregunta V="006"/>
          <Total_Sufragantes V="3341"/>
          <Porc_Sufragantes V="100,00"/>
          <Abstencion V="0"/>
          <Porc_Abstencion V="000,00"/>
          <Votos_Validos V="1459"/>
          <Porc_Votos_Validos V="043,66"/>
          <Votos_No_Marcados V="1041"/>
          <Porc_Votos_No_Marcados V="031,15"/>
          <Votos_Nulos V="841"/>
          <Porc_Votos_Nulos V="025,17"/>
        </lin>
        <lin>
          <Pregunta V="007"/>
          <Total_Sufragantes V="3341"/>
          <Porc_Sufragantes V="100,00"/>
          <Abstencion V="0"/>
          <Porc_Abstencion V="000,00"/>
          <Votos_Validos V="1694"/>
          <Porc_Votos_Validos V="050,70"/>
          <Votos_No_Marcados V="800"/>
          <Porc_Votos_No_Marcados V="023,94"/>
          <Votos_Nulos V="847"/>
          <Porc_Votos_Nulos V="025,35"/>
        </lin>
      </Detalle_Pregunta>
      <Detalle_Opcion>
        <lin>
          <Opcion V="001"/>
          <Votos V="682"/>
          <Porc V="059,71"/>
          <Pregunta V="001"/>
        </lin>
        <lin>
          <Opcion V="002"/>
          <Votos V="460"/>
          <Porc V="040,28"/>
          <Pregunta V="001"/>
        </lin>
        <lin>
          <Opcion V="001"/>
          <Votos V="804"/>
          <Porc V="051,63"/>
          <Pregunta V="002"/>
        </lin>
        <lin>
          <Opcion V="002"/>
          <Votos V="753"/>
          <Porc V="048,36"/>
          <Pregunta V="002"/>
        </lin>
        <lin>
          <Opcion V="001"/>
          <Votos V="1101"/>
          <Porc V="055,35"/>
          <Pregunta V="003"/>
        </lin>
        <lin>
          <Opcion V="002"/>
          <Votos V="888"/>
          <Porc V="044,64"/>
          <Pregunta V="003"/>
        </lin>
        <lin>
          <Opcion V="001"/>
          <Votos V="984"/>
          <Porc V="057,81"/>
          <Pregunta V="004"/>
        </lin>
        <lin>
          <Opcion V="002"/>
          <Votos V="718"/>
          <Porc V="042,18"/>
          <Pregunta V="004"/>
        </lin>
        <lin>
          <Opcion V="001"/>
          <Votos V="680"/>
          <Porc V="036,48"/>
          <Pregunta V="005"/>
        </lin>
        <lin>
          <Opcion V="002"/>
          <Votos V="1184"/>
          <Porc V="063,51"/>
          <Pregunta V="005"/>
        </lin>
        <lin>
          <Opcion V="001"/>
          <Votos V="906"/>
          <Porc V="062,09"/>
          <Pregunta V="006"/>
        </lin>
        <lin>
          <Opcion V="002"/>
          <Votos V="553"/>
          <Porc V="037,90"/>
          <Pregunta V="006"/>
        </lin>
        <lin>
          <Opcion V="001"/>
          <Votos V="839"/>
          <Porc V="049,52"/>
          <Pregunta V="007"/>
        </lin>
        <lin>
          <Opcion V="002"/>
          <Votos V="855"/>
          <Porc V="050,47"/>
          <Pregunta V="007"/>
        </lin>
      </Detalle_Opcion>
    </lin>
  </Detalle_Circunscripcion>
</Boletin>
</Boletin_Consolidado>