<Boletin_Consolidado><Boletin>
  <Numero V="0008"/>
  <Boletin_Departamental V="0012"/>
  <Tipo_Boletin V="DEPARTAMENTAL"/>
  <Desc_Corporacion V="CONSULTA POPULAR"/>
  <Departamento V="01"/>
  <Desc_Departamento V="ANTIOQUIA"/>
  <Municipio V="265"/>
  <Desc_Municipio V="SOPETRAN"/>
  <Dia V="21"/>
  <Mes V="8"/>
  <Anio V="2018"/>
  <Hora V="14"/>
  <Minuto V="15"/>
  <Mesas_Instaladas V="37"/>
  <Mesas_Informadas V="37"/>
  <Porc_Mesas_Informadas V="100,00"/>
  <Potencial_Sufragantes V="12320"/>
  <Detalle_Circunscripcion>
    <lin>
      <Circunscripcion V="0"/>
      <Desc_Circunscripcion V="NACIONAL"/>
      <Detalle_Pregunta>
        <lin>
          <Pregunta V="001"/>
          <Total_Sufragantes V="12320"/>
          <Porc_Sufragantes V="100,00"/>
          <Abstencion V="0"/>
          <Porc_Abstencion V="000,00"/>
          <Votos_Validos V="5896"/>
          <Porc_Votos_Validos V="047,85"/>
          <Votos_No_Marcados V="3345"/>
          <Porc_Votos_No_Marcados V="027,15"/>
          <Votos_Nulos V="3079"/>
          <Porc_Votos_Nulos V="024,99"/>
        </lin>
        <lin>
          <Pregunta V="002"/>
          <Total_Sufragantes V="12320"/>
          <Porc_Sufragantes V="100,00"/>
          <Abstencion V="0"/>
          <Porc_Abstencion V="000,00"/>
          <Votos_Validos V="5805"/>
          <Porc_Votos_Validos V="047,11"/>
          <Votos_No_Marcados V="3320"/>
          <Porc_Votos_No_Marcados V="026,94"/>
          <Votos_Nulos V="3195"/>
          <Porc_Votos_Nulos V="025,93"/>
        </lin>
        <lin>
          <Pregunta V="003"/>
          <Total_Sufragantes V="12320"/>
          <Porc_Sufragantes V="100,00"/>
          <Abstencion V="0"/>
          <Porc_Abstencion V="000,00"/>
          <Votos_Validos V="6590"/>
          <Porc_Votos_Validos V="053,49"/>
          <Votos_No_Marcados V="2726"/>
          <Porc_Votos_No_Marcados V="022,12"/>
          <Votos_Nulos V="3004"/>
          <Porc_Votos_Nulos V="024,38"/>
        </lin>
        <lin>
          <Pregunta V="004"/>
          <Total_Sufragantes V="12320"/>
          <Porc_Sufragantes V="100,00"/>
          <Abstencion V="0"/>
          <Porc_Abstencion V="000,00"/>
          <Votos_Validos V="5670"/>
          <Porc_Votos_Validos V="046,02"/>
          <Votos_No_Marcados V="3130"/>
          <Porc_Votos_No_Marcados V="025,40"/>
          <Votos_Nulos V="3520"/>
          <Porc_Votos_Nulos V="028,57"/>
        </lin>
        <lin>
          <Pregunta V="005"/>
          <Total_Sufragantes V="12320"/>
          <Porc_Sufragantes V="100,00"/>
          <Abstencion V="0"/>
          <Porc_Abstencion V="000,00"/>
          <Votos_Validos V="5505"/>
          <Porc_Votos_Validos V="044,68"/>
          <Votos_No_Marcados V="3483"/>
          <Porc_Votos_No_Marcados V="028,27"/>
          <Votos_Nulos V="3332"/>
          <Porc_Votos_Nulos V="027,04"/>
        </lin>
        <lin>
          <Pregunta V="006"/>
          <Total_Sufragantes V="12320"/>
          <Porc_Sufragantes V="100,00"/>
          <Abstencion V="0"/>
          <Porc_Abstencion V="000,00"/>
          <Votos_Validos V="5452"/>
          <Porc_Votos_Validos V="044,25"/>
          <Votos_No_Marcados V="2983"/>
          <Porc_Votos_No_Marcados V="024,21"/>
          <Votos_Nulos V="3885"/>
          <Porc_Votos_Nulos V="031,53"/>
        </lin>
        <lin>
          <Pregunta V="007"/>
          <Total_Sufragantes V="12320"/>
          <Porc_Sufragantes V="100,00"/>
          <Abstencion V="0"/>
          <Porc_Abstencion V="000,00"/>
          <Votos_Validos V="6171"/>
          <Porc_Votos_Validos V="050,08"/>
          <Votos_No_Marcados V="3013"/>
          <Porc_Votos_No_Marcados V="024,45"/>
          <Votos_Nulos V="3136"/>
          <Porc_Votos_Nulos V="025,45"/>
        </lin>
      </Detalle_Pregunta>
      <Detalle_Opcion>
        <lin>
          <Opcion V="001"/>
          <Votos V="3101"/>
          <Porc V="052,59"/>
          <Pregunta V="001"/>
        </lin>
        <lin>
          <Opcion V="002"/>
          <Votos V="2795"/>
          <Porc V="047,40"/>
          <Pregunta V="001"/>
        </lin>
        <lin>
          <Opcion V="001"/>
          <Votos V="2588"/>
          <Porc V="044,58"/>
          <Pregunta V="002"/>
        </lin>
        <lin>
          <Opcion V="002"/>
          <Votos V="3217"/>
          <Porc V="055,41"/>
          <Pregunta V="002"/>
        </lin>
        <lin>
          <Opcion V="001"/>
          <Votos V="2579"/>
          <Porc V="039,13"/>
          <Pregunta V="003"/>
        </lin>
        <lin>
          <Opcion V="002"/>
          <Votos V="4011"/>
          <Porc V="060,86"/>
          <Pregunta V="003"/>
        </lin>
        <lin>
          <Opcion V="001"/>
          <Votos V="2512"/>
          <Porc V="044,30"/>
          <Pregunta V="004"/>
        </lin>
        <lin>
          <Opcion V="002"/>
          <Votos V="3158"/>
          <Porc V="055,69"/>
          <Pregunta V="004"/>
        </lin>
        <lin>
          <Opcion V="001"/>
          <Votos V="2691"/>
          <Porc V="048,88"/>
          <Pregunta V="005"/>
        </lin>
        <lin>
          <Opcion V="002"/>
          <Votos V="2814"/>
          <Porc V="051,11"/>
          <Pregunta V="005"/>
        </lin>
        <lin>
          <Opcion V="001"/>
          <Votos V="2733"/>
          <Porc V="050,12"/>
          <Pregunta V="006"/>
        </lin>
        <lin>
          <Opcion V="002"/>
          <Votos V="2719"/>
          <Porc V="049,87"/>
          <Pregunta V="006"/>
        </lin>
        <lin>
          <Opcion V="001"/>
          <Votos V="3159"/>
          <Porc V="051,19"/>
          <Pregunta V="007"/>
        </lin>
        <lin>
          <Opcion V="002"/>
          <Votos V="3012"/>
          <Porc V="048,80"/>
          <Pregunta V="007"/>
        </lin>
      </Detalle_Opcion>
    </lin>
  </Detalle_Circunscripcion>
</Boletin>
</Boletin_Consolidado>