<Boletin_Consolidado><Boletin>
  <Numero V="0008"/>
  <Boletin_Departamental V="0011"/>
  <Tipo_Boletin V="DEPARTAMENTAL"/>
  <Desc_Corporacion V="CONSULTA POPULAR"/>
  <Departamento V="01"/>
  <Desc_Departamento V="ANTIOQUIA"/>
  <Municipio V="271"/>
  <Desc_Municipio V="TARSO"/>
  <Dia V="21"/>
  <Mes V="8"/>
  <Anio V="2018"/>
  <Hora V="14"/>
  <Minuto V="15"/>
  <Mesas_Instaladas V="16"/>
  <Mesas_Informadas V="16"/>
  <Porc_Mesas_Informadas V="100,00"/>
  <Potencial_Sufragantes V="5910"/>
  <Detalle_Circunscripcion>
    <lin>
      <Circunscripcion V="0"/>
      <Desc_Circunscripcion V="NACIONAL"/>
      <Detalle_Pregunta>
        <lin>
          <Pregunta V="001"/>
          <Total_Sufragantes V="5910"/>
          <Porc_Sufragantes V="100,00"/>
          <Abstencion V="0"/>
          <Porc_Abstencion V="000,00"/>
          <Votos_Validos V="2532"/>
          <Porc_Votos_Validos V="042,84"/>
          <Votos_No_Marcados V="1301"/>
          <Porc_Votos_No_Marcados V="022,01"/>
          <Votos_Nulos V="2077"/>
          <Porc_Votos_Nulos V="035,14"/>
        </lin>
        <lin>
          <Pregunta V="002"/>
          <Total_Sufragantes V="5910"/>
          <Porc_Sufragantes V="100,00"/>
          <Abstencion V="0"/>
          <Porc_Abstencion V="000,00"/>
          <Votos_Validos V="2647"/>
          <Porc_Votos_Validos V="044,78"/>
          <Votos_No_Marcados V="1254"/>
          <Porc_Votos_No_Marcados V="021,21"/>
          <Votos_Nulos V="2009"/>
          <Porc_Votos_Nulos V="033,99"/>
        </lin>
        <lin>
          <Pregunta V="003"/>
          <Total_Sufragantes V="5910"/>
          <Porc_Sufragantes V="100,00"/>
          <Abstencion V="0"/>
          <Porc_Abstencion V="000,00"/>
          <Votos_Validos V="2977"/>
          <Porc_Votos_Validos V="050,37"/>
          <Votos_No_Marcados V="1352"/>
          <Porc_Votos_No_Marcados V="022,87"/>
          <Votos_Nulos V="1581"/>
          <Porc_Votos_Nulos V="026,75"/>
        </lin>
        <lin>
          <Pregunta V="004"/>
          <Total_Sufragantes V="5910"/>
          <Porc_Sufragantes V="100,00"/>
          <Abstencion V="0"/>
          <Porc_Abstencion V="000,00"/>
          <Votos_Validos V="2903"/>
          <Porc_Votos_Validos V="049,12"/>
          <Votos_No_Marcados V="1685"/>
          <Porc_Votos_No_Marcados V="028,51"/>
          <Votos_Nulos V="1322"/>
          <Porc_Votos_Nulos V="022,36"/>
        </lin>
        <lin>
          <Pregunta V="005"/>
          <Total_Sufragantes V="5910"/>
          <Porc_Sufragantes V="100,00"/>
          <Abstencion V="0"/>
          <Porc_Abstencion V="000,00"/>
          <Votos_Validos V="2776"/>
          <Porc_Votos_Validos V="046,97"/>
          <Votos_No_Marcados V="1502"/>
          <Porc_Votos_No_Marcados V="025,41"/>
          <Votos_Nulos V="1632"/>
          <Porc_Votos_Nulos V="027,61"/>
        </lin>
        <lin>
          <Pregunta V="006"/>
          <Total_Sufragantes V="5910"/>
          <Porc_Sufragantes V="100,00"/>
          <Abstencion V="0"/>
          <Porc_Abstencion V="000,00"/>
          <Votos_Validos V="2609"/>
          <Porc_Votos_Validos V="044,14"/>
          <Votos_No_Marcados V="1619"/>
          <Porc_Votos_No_Marcados V="027,39"/>
          <Votos_Nulos V="1682"/>
          <Porc_Votos_Nulos V="028,46"/>
        </lin>
        <lin>
          <Pregunta V="007"/>
          <Total_Sufragantes V="5910"/>
          <Porc_Sufragantes V="100,00"/>
          <Abstencion V="0"/>
          <Porc_Abstencion V="000,00"/>
          <Votos_Validos V="3224"/>
          <Porc_Votos_Validos V="054,55"/>
          <Votos_No_Marcados V="1309"/>
          <Porc_Votos_No_Marcados V="022,14"/>
          <Votos_Nulos V="1377"/>
          <Porc_Votos_Nulos V="023,29"/>
        </lin>
      </Detalle_Pregunta>
      <Detalle_Opcion>
        <lin>
          <Opcion V="001"/>
          <Votos V="1327"/>
          <Porc V="052,40"/>
          <Pregunta V="001"/>
        </lin>
        <lin>
          <Opcion V="002"/>
          <Votos V="1205"/>
          <Porc V="047,59"/>
          <Pregunta V="001"/>
        </lin>
        <lin>
          <Opcion V="001"/>
          <Votos V="1590"/>
          <Porc V="060,06"/>
          <Pregunta V="002"/>
        </lin>
        <lin>
          <Opcion V="002"/>
          <Votos V="1057"/>
          <Porc V="039,93"/>
          <Pregunta V="002"/>
        </lin>
        <lin>
          <Opcion V="001"/>
          <Votos V="1983"/>
          <Porc V="066,61"/>
          <Pregunta V="003"/>
        </lin>
        <lin>
          <Opcion V="002"/>
          <Votos V="994"/>
          <Porc V="033,38"/>
          <Pregunta V="003"/>
        </lin>
        <lin>
          <Opcion V="001"/>
          <Votos V="1654"/>
          <Porc V="056,97"/>
          <Pregunta V="004"/>
        </lin>
        <lin>
          <Opcion V="002"/>
          <Votos V="1249"/>
          <Porc V="043,02"/>
          <Pregunta V="004"/>
        </lin>
        <lin>
          <Opcion V="001"/>
          <Votos V="1196"/>
          <Porc V="043,08"/>
          <Pregunta V="005"/>
        </lin>
        <lin>
          <Opcion V="002"/>
          <Votos V="1580"/>
          <Porc V="056,91"/>
          <Pregunta V="005"/>
        </lin>
        <lin>
          <Opcion V="001"/>
          <Votos V="1247"/>
          <Porc V="047,79"/>
          <Pregunta V="006"/>
        </lin>
        <lin>
          <Opcion V="002"/>
          <Votos V="1362"/>
          <Porc V="052,20"/>
          <Pregunta V="006"/>
        </lin>
        <lin>
          <Opcion V="001"/>
          <Votos V="1438"/>
          <Porc V="044,60"/>
          <Pregunta V="007"/>
        </lin>
        <lin>
          <Opcion V="002"/>
          <Votos V="1786"/>
          <Porc V="055,39"/>
          <Pregunta V="007"/>
        </lin>
      </Detalle_Opcion>
    </lin>
  </Detalle_Circunscripcion>
</Boletin>
</Boletin_Consolidado>