<Boletin_Consolidado><Boletin>
  <Numero V="0008"/>
  <Boletin_Departamental V="0012"/>
  <Tipo_Boletin V="DEPARTAMENTAL"/>
  <Desc_Corporacion V="CONSULTA POPULAR"/>
  <Departamento V="15"/>
  <Desc_Departamento V="CUNDINAMARCA"/>
  <Municipio V="043"/>
  <Desc_Municipio V="COGUA"/>
  <Dia V="21"/>
  <Mes V="8"/>
  <Anio V="2018"/>
  <Hora V="14"/>
  <Minuto V="15"/>
  <Mesas_Instaladas V="37"/>
  <Mesas_Informadas V="37"/>
  <Porc_Mesas_Informadas V="100,00"/>
  <Potencial_Sufragantes V="14150"/>
  <Detalle_Circunscripcion>
    <lin>
      <Circunscripcion V="0"/>
      <Desc_Circunscripcion V="NACIONAL"/>
      <Detalle_Pregunta>
        <lin>
          <Pregunta V="001"/>
          <Total_Sufragantes V="14150"/>
          <Porc_Sufragantes V="100,00"/>
          <Abstencion V="0"/>
          <Porc_Abstencion V="000,00"/>
          <Votos_Validos V="7565"/>
          <Porc_Votos_Validos V="053,46"/>
          <Votos_No_Marcados V="3406"/>
          <Porc_Votos_No_Marcados V="024,07"/>
          <Votos_Nulos V="3179"/>
          <Porc_Votos_Nulos V="022,46"/>
        </lin>
        <lin>
          <Pregunta V="002"/>
          <Total_Sufragantes V="14150"/>
          <Porc_Sufragantes V="100,00"/>
          <Abstencion V="0"/>
          <Porc_Abstencion V="000,00"/>
          <Votos_Validos V="6697"/>
          <Porc_Votos_Validos V="047,32"/>
          <Votos_No_Marcados V="3441"/>
          <Porc_Votos_No_Marcados V="024,31"/>
          <Votos_Nulos V="4012"/>
          <Porc_Votos_Nulos V="028,35"/>
        </lin>
        <lin>
          <Pregunta V="003"/>
          <Total_Sufragantes V="14150"/>
          <Porc_Sufragantes V="100,00"/>
          <Abstencion V="0"/>
          <Porc_Abstencion V="000,00"/>
          <Votos_Validos V="7197"/>
          <Porc_Votos_Validos V="050,86"/>
          <Votos_No_Marcados V="3627"/>
          <Porc_Votos_No_Marcados V="025,63"/>
          <Votos_Nulos V="3326"/>
          <Porc_Votos_Nulos V="023,50"/>
        </lin>
        <lin>
          <Pregunta V="004"/>
          <Total_Sufragantes V="14150"/>
          <Porc_Sufragantes V="100,00"/>
          <Abstencion V="0"/>
          <Porc_Abstencion V="000,00"/>
          <Votos_Validos V="6690"/>
          <Porc_Votos_Validos V="047,27"/>
          <Votos_No_Marcados V="4105"/>
          <Porc_Votos_No_Marcados V="029,01"/>
          <Votos_Nulos V="3355"/>
          <Porc_Votos_Nulos V="023,71"/>
        </lin>
        <lin>
          <Pregunta V="005"/>
          <Total_Sufragantes V="14150"/>
          <Porc_Sufragantes V="100,00"/>
          <Abstencion V="0"/>
          <Porc_Abstencion V="000,00"/>
          <Votos_Validos V="6832"/>
          <Porc_Votos_Validos V="048,28"/>
          <Votos_No_Marcados V="3388"/>
          <Porc_Votos_No_Marcados V="023,94"/>
          <Votos_Nulos V="3930"/>
          <Porc_Votos_Nulos V="027,77"/>
        </lin>
        <lin>
          <Pregunta V="006"/>
          <Total_Sufragantes V="14150"/>
          <Porc_Sufragantes V="100,00"/>
          <Abstencion V="0"/>
          <Porc_Abstencion V="000,00"/>
          <Votos_Validos V="7256"/>
          <Porc_Votos_Validos V="051,27"/>
          <Votos_No_Marcados V="3716"/>
          <Porc_Votos_No_Marcados V="026,26"/>
          <Votos_Nulos V="3178"/>
          <Porc_Votos_Nulos V="022,45"/>
        </lin>
        <lin>
          <Pregunta V="007"/>
          <Total_Sufragantes V="14150"/>
          <Porc_Sufragantes V="100,00"/>
          <Abstencion V="0"/>
          <Porc_Abstencion V="000,00"/>
          <Votos_Validos V="7085"/>
          <Porc_Votos_Validos V="050,07"/>
          <Votos_No_Marcados V="3440"/>
          <Porc_Votos_No_Marcados V="024,31"/>
          <Votos_Nulos V="3625"/>
          <Porc_Votos_Nulos V="025,61"/>
        </lin>
      </Detalle_Pregunta>
      <Detalle_Opcion>
        <lin>
          <Opcion V="001"/>
          <Votos V="3804"/>
          <Porc V="050,28"/>
          <Pregunta V="001"/>
        </lin>
        <lin>
          <Opcion V="002"/>
          <Votos V="3761"/>
          <Porc V="049,71"/>
          <Pregunta V="001"/>
        </lin>
        <lin>
          <Opcion V="001"/>
          <Votos V="3194"/>
          <Porc V="047,69"/>
          <Pregunta V="002"/>
        </lin>
        <lin>
          <Opcion V="002"/>
          <Votos V="3503"/>
          <Porc V="052,30"/>
          <Pregunta V="002"/>
        </lin>
        <lin>
          <Opcion V="001"/>
          <Votos V="3789"/>
          <Porc V="052,64"/>
          <Pregunta V="003"/>
        </lin>
        <lin>
          <Opcion V="002"/>
          <Votos V="3408"/>
          <Porc V="047,35"/>
          <Pregunta V="003"/>
        </lin>
        <lin>
          <Opcion V="001"/>
          <Votos V="3996"/>
          <Porc V="059,73"/>
          <Pregunta V="004"/>
        </lin>
        <lin>
          <Opcion V="002"/>
          <Votos V="2694"/>
          <Porc V="040,26"/>
          <Pregunta V="004"/>
        </lin>
        <lin>
          <Opcion V="001"/>
          <Votos V="3788"/>
          <Porc V="055,44"/>
          <Pregunta V="005"/>
        </lin>
        <lin>
          <Opcion V="002"/>
          <Votos V="3044"/>
          <Porc V="044,55"/>
          <Pregunta V="005"/>
        </lin>
        <lin>
          <Opcion V="001"/>
          <Votos V="3467"/>
          <Porc V="047,78"/>
          <Pregunta V="006"/>
        </lin>
        <lin>
          <Opcion V="002"/>
          <Votos V="3789"/>
          <Porc V="052,21"/>
          <Pregunta V="006"/>
        </lin>
        <lin>
          <Opcion V="001"/>
          <Votos V="3327"/>
          <Porc V="046,95"/>
          <Pregunta V="007"/>
        </lin>
        <lin>
          <Opcion V="002"/>
          <Votos V="3758"/>
          <Porc V="053,04"/>
          <Pregunta V="007"/>
        </lin>
      </Detalle_Opcion>
    </lin>
  </Detalle_Circunscripcion>
</Boletin>
</Boletin_Consolidado>