<Boletin_Consolidado><Boletin>
  <Numero V="0008"/>
  <Boletin_Departamental V="0012"/>
  <Tipo_Boletin V="DEPARTAMENTAL"/>
  <Desc_Corporacion V="CONSULTA POPULAR"/>
  <Departamento V="01"/>
  <Desc_Departamento V="ANTIOQUIA"/>
  <Municipio V="280"/>
  <Desc_Municipio V="TURBO"/>
  <Dia V="21"/>
  <Mes V="8"/>
  <Anio V="2018"/>
  <Hora V="14"/>
  <Minuto V="15"/>
  <Mesas_Instaladas V="225"/>
  <Mesas_Informadas V="225"/>
  <Porc_Mesas_Informadas V="100,00"/>
  <Potencial_Sufragantes V="85628"/>
  <Detalle_Circunscripcion>
    <lin>
      <Circunscripcion V="0"/>
      <Desc_Circunscripcion V="NACIONAL"/>
      <Detalle_Pregunta>
        <lin>
          <Pregunta V="001"/>
          <Total_Sufragantes V="85628"/>
          <Porc_Sufragantes V="100,00"/>
          <Abstencion V="0"/>
          <Porc_Abstencion V="000,00"/>
          <Votos_Validos V="45284"/>
          <Porc_Votos_Validos V="052,88"/>
          <Votos_No_Marcados V="21490"/>
          <Porc_Votos_No_Marcados V="025,09"/>
          <Votos_Nulos V="18854"/>
          <Porc_Votos_Nulos V="022,01"/>
        </lin>
        <lin>
          <Pregunta V="002"/>
          <Total_Sufragantes V="85628"/>
          <Porc_Sufragantes V="100,00"/>
          <Abstencion V="0"/>
          <Porc_Abstencion V="000,00"/>
          <Votos_Validos V="41329"/>
          <Porc_Votos_Validos V="048,26"/>
          <Votos_No_Marcados V="21547"/>
          <Porc_Votos_No_Marcados V="025,16"/>
          <Votos_Nulos V="22752"/>
          <Porc_Votos_Nulos V="026,57"/>
        </lin>
        <lin>
          <Pregunta V="003"/>
          <Total_Sufragantes V="85628"/>
          <Porc_Sufragantes V="100,00"/>
          <Abstencion V="0"/>
          <Porc_Abstencion V="000,00"/>
          <Votos_Validos V="43042"/>
          <Porc_Votos_Validos V="050,26"/>
          <Votos_No_Marcados V="21343"/>
          <Porc_Votos_No_Marcados V="024,92"/>
          <Votos_Nulos V="21243"/>
          <Porc_Votos_Nulos V="024,80"/>
        </lin>
        <lin>
          <Pregunta V="004"/>
          <Total_Sufragantes V="85628"/>
          <Porc_Sufragantes V="100,00"/>
          <Abstencion V="0"/>
          <Porc_Abstencion V="000,00"/>
          <Votos_Validos V="41247"/>
          <Porc_Votos_Validos V="048,16"/>
          <Votos_No_Marcados V="22527"/>
          <Porc_Votos_No_Marcados V="026,30"/>
          <Votos_Nulos V="21854"/>
          <Porc_Votos_Nulos V="025,52"/>
        </lin>
        <lin>
          <Pregunta V="005"/>
          <Total_Sufragantes V="85628"/>
          <Porc_Sufragantes V="100,00"/>
          <Abstencion V="0"/>
          <Porc_Abstencion V="000,00"/>
          <Votos_Validos V="44034"/>
          <Porc_Votos_Validos V="051,42"/>
          <Votos_No_Marcados V="20654"/>
          <Porc_Votos_No_Marcados V="024,12"/>
          <Votos_Nulos V="20940"/>
          <Porc_Votos_Nulos V="024,45"/>
        </lin>
        <lin>
          <Pregunta V="006"/>
          <Total_Sufragantes V="85628"/>
          <Porc_Sufragantes V="100,00"/>
          <Abstencion V="0"/>
          <Porc_Abstencion V="000,00"/>
          <Votos_Validos V="43211"/>
          <Porc_Votos_Validos V="050,46"/>
          <Votos_No_Marcados V="20968"/>
          <Porc_Votos_No_Marcados V="024,48"/>
          <Votos_Nulos V="21449"/>
          <Porc_Votos_Nulos V="025,04"/>
        </lin>
        <lin>
          <Pregunta V="007"/>
          <Total_Sufragantes V="85628"/>
          <Porc_Sufragantes V="100,00"/>
          <Abstencion V="0"/>
          <Porc_Abstencion V="000,00"/>
          <Votos_Validos V="42611"/>
          <Porc_Votos_Validos V="049,76"/>
          <Votos_No_Marcados V="20924"/>
          <Porc_Votos_No_Marcados V="024,43"/>
          <Votos_Nulos V="22093"/>
          <Porc_Votos_Nulos V="025,80"/>
        </lin>
      </Detalle_Pregunta>
      <Detalle_Opcion>
        <lin>
          <Opcion V="001"/>
          <Votos V="23819"/>
          <Porc V="052,59"/>
          <Pregunta V="001"/>
        </lin>
        <lin>
          <Opcion V="002"/>
          <Votos V="21465"/>
          <Porc V="047,40"/>
          <Pregunta V="001"/>
        </lin>
        <lin>
          <Opcion V="001"/>
          <Votos V="20173"/>
          <Porc V="048,81"/>
          <Pregunta V="002"/>
        </lin>
        <lin>
          <Opcion V="002"/>
          <Votos V="21156"/>
          <Porc V="051,18"/>
          <Pregunta V="002"/>
        </lin>
        <lin>
          <Opcion V="001"/>
          <Votos V="20990"/>
          <Porc V="048,76"/>
          <Pregunta V="003"/>
        </lin>
        <lin>
          <Opcion V="002"/>
          <Votos V="22052"/>
          <Porc V="051,23"/>
          <Pregunta V="003"/>
        </lin>
        <lin>
          <Opcion V="001"/>
          <Votos V="21221"/>
          <Porc V="051,44"/>
          <Pregunta V="004"/>
        </lin>
        <lin>
          <Opcion V="002"/>
          <Votos V="20026"/>
          <Porc V="048,55"/>
          <Pregunta V="004"/>
        </lin>
        <lin>
          <Opcion V="001"/>
          <Votos V="20956"/>
          <Porc V="047,59"/>
          <Pregunta V="005"/>
        </lin>
        <lin>
          <Opcion V="002"/>
          <Votos V="23078"/>
          <Porc V="052,40"/>
          <Pregunta V="005"/>
        </lin>
        <lin>
          <Opcion V="001"/>
          <Votos V="21164"/>
          <Porc V="048,97"/>
          <Pregunta V="006"/>
        </lin>
        <lin>
          <Opcion V="002"/>
          <Votos V="22047"/>
          <Porc V="051,02"/>
          <Pregunta V="006"/>
        </lin>
        <lin>
          <Opcion V="001"/>
          <Votos V="20981"/>
          <Porc V="049,23"/>
          <Pregunta V="007"/>
        </lin>
        <lin>
          <Opcion V="002"/>
          <Votos V="21630"/>
          <Porc V="050,76"/>
          <Pregunta V="007"/>
        </lin>
      </Detalle_Opcion>
    </lin>
  </Detalle_Circunscripcion>
</Boletin>
</Boletin_Consolidado>