<Boletin_Consolidado><Boletin>
  <Numero V="0008"/>
  <Boletin_Departamental V="0012"/>
  <Tipo_Boletin V="DEPARTAMENTAL"/>
  <Desc_Corporacion V="CONSULTA POPULAR"/>
  <Departamento V="13"/>
  <Desc_Departamento V="CORDOBA"/>
  <Municipio V="031"/>
  <Desc_Municipio V="PUEBLO NUEVO"/>
  <Dia V="21"/>
  <Mes V="8"/>
  <Anio V="2018"/>
  <Hora V="14"/>
  <Minuto V="15"/>
  <Mesas_Instaladas V="76"/>
  <Mesas_Informadas V="76"/>
  <Porc_Mesas_Informadas V="100,00"/>
  <Potencial_Sufragantes V="24414"/>
  <Detalle_Circunscripcion>
    <lin>
      <Circunscripcion V="0"/>
      <Desc_Circunscripcion V="NACIONAL"/>
      <Detalle_Pregunta>
        <lin>
          <Pregunta V="001"/>
          <Total_Sufragantes V="24414"/>
          <Porc_Sufragantes V="100,00"/>
          <Abstencion V="0"/>
          <Porc_Abstencion V="000,00"/>
          <Votos_Validos V="12590"/>
          <Porc_Votos_Validos V="051,56"/>
          <Votos_No_Marcados V="6464"/>
          <Porc_Votos_No_Marcados V="026,47"/>
          <Votos_Nulos V="5360"/>
          <Porc_Votos_Nulos V="021,95"/>
        </lin>
        <lin>
          <Pregunta V="002"/>
          <Total_Sufragantes V="24414"/>
          <Porc_Sufragantes V="100,00"/>
          <Abstencion V="0"/>
          <Porc_Abstencion V="000,00"/>
          <Votos_Validos V="12871"/>
          <Porc_Votos_Validos V="052,71"/>
          <Votos_No_Marcados V="5472"/>
          <Porc_Votos_No_Marcados V="022,41"/>
          <Votos_Nulos V="6071"/>
          <Porc_Votos_Nulos V="024,86"/>
        </lin>
        <lin>
          <Pregunta V="003"/>
          <Total_Sufragantes V="24414"/>
          <Porc_Sufragantes V="100,00"/>
          <Abstencion V="0"/>
          <Porc_Abstencion V="000,00"/>
          <Votos_Validos V="12125"/>
          <Porc_Votos_Validos V="049,66"/>
          <Votos_No_Marcados V="6062"/>
          <Porc_Votos_No_Marcados V="024,83"/>
          <Votos_Nulos V="6227"/>
          <Porc_Votos_Nulos V="025,50"/>
        </lin>
        <lin>
          <Pregunta V="004"/>
          <Total_Sufragantes V="24414"/>
          <Porc_Sufragantes V="100,00"/>
          <Abstencion V="0"/>
          <Porc_Abstencion V="000,00"/>
          <Votos_Validos V="12644"/>
          <Porc_Votos_Validos V="051,78"/>
          <Votos_No_Marcados V="5828"/>
          <Porc_Votos_No_Marcados V="023,87"/>
          <Votos_Nulos V="5942"/>
          <Porc_Votos_Nulos V="024,33"/>
        </lin>
        <lin>
          <Pregunta V="005"/>
          <Total_Sufragantes V="24414"/>
          <Porc_Sufragantes V="100,00"/>
          <Abstencion V="0"/>
          <Porc_Abstencion V="000,00"/>
          <Votos_Validos V="12478"/>
          <Porc_Votos_Validos V="051,11"/>
          <Votos_No_Marcados V="6152"/>
          <Porc_Votos_No_Marcados V="025,19"/>
          <Votos_Nulos V="5784"/>
          <Porc_Votos_Nulos V="023,69"/>
        </lin>
        <lin>
          <Pregunta V="006"/>
          <Total_Sufragantes V="24414"/>
          <Porc_Sufragantes V="100,00"/>
          <Abstencion V="0"/>
          <Porc_Abstencion V="000,00"/>
          <Votos_Validos V="11899"/>
          <Porc_Votos_Validos V="048,73"/>
          <Votos_No_Marcados V="5657"/>
          <Porc_Votos_No_Marcados V="023,17"/>
          <Votos_Nulos V="6858"/>
          <Porc_Votos_Nulos V="028,09"/>
        </lin>
        <lin>
          <Pregunta V="007"/>
          <Total_Sufragantes V="24414"/>
          <Porc_Sufragantes V="100,00"/>
          <Abstencion V="0"/>
          <Porc_Abstencion V="000,00"/>
          <Votos_Validos V="12704"/>
          <Porc_Votos_Validos V="052,03"/>
          <Votos_No_Marcados V="5350"/>
          <Porc_Votos_No_Marcados V="021,91"/>
          <Votos_Nulos V="6360"/>
          <Porc_Votos_Nulos V="026,05"/>
        </lin>
      </Detalle_Pregunta>
      <Detalle_Opcion>
        <lin>
          <Opcion V="001"/>
          <Votos V="5715"/>
          <Porc V="045,39"/>
          <Pregunta V="001"/>
        </lin>
        <lin>
          <Opcion V="002"/>
          <Votos V="6875"/>
          <Porc V="054,60"/>
          <Pregunta V="001"/>
        </lin>
        <lin>
          <Opcion V="001"/>
          <Votos V="6197"/>
          <Porc V="048,14"/>
          <Pregunta V="002"/>
        </lin>
        <lin>
          <Opcion V="002"/>
          <Votos V="6674"/>
          <Porc V="051,85"/>
          <Pregunta V="002"/>
        </lin>
        <lin>
          <Opcion V="001"/>
          <Votos V="5818"/>
          <Porc V="047,98"/>
          <Pregunta V="003"/>
        </lin>
        <lin>
          <Opcion V="002"/>
          <Votos V="6307"/>
          <Porc V="052,01"/>
          <Pregunta V="003"/>
        </lin>
        <lin>
          <Opcion V="001"/>
          <Votos V="6765"/>
          <Porc V="053,50"/>
          <Pregunta V="004"/>
        </lin>
        <lin>
          <Opcion V="002"/>
          <Votos V="5879"/>
          <Porc V="046,49"/>
          <Pregunta V="004"/>
        </lin>
        <lin>
          <Opcion V="001"/>
          <Votos V="6268"/>
          <Porc V="050,23"/>
          <Pregunta V="005"/>
        </lin>
        <lin>
          <Opcion V="002"/>
          <Votos V="6210"/>
          <Porc V="049,76"/>
          <Pregunta V="005"/>
        </lin>
        <lin>
          <Opcion V="001"/>
          <Votos V="6582"/>
          <Porc V="055,31"/>
          <Pregunta V="006"/>
        </lin>
        <lin>
          <Opcion V="002"/>
          <Votos V="5317"/>
          <Porc V="044,68"/>
          <Pregunta V="006"/>
        </lin>
        <lin>
          <Opcion V="001"/>
          <Votos V="6253"/>
          <Porc V="049,22"/>
          <Pregunta V="007"/>
        </lin>
        <lin>
          <Opcion V="002"/>
          <Votos V="6451"/>
          <Porc V="050,77"/>
          <Pregunta V="007"/>
        </lin>
      </Detalle_Opcion>
    </lin>
  </Detalle_Circunscripcion>
</Boletin>
</Boletin_Consolidado>