<Boletin_Consolidado><Boletin>
  <Numero V="0008"/>
  <Boletin_Departamental V="0012"/>
  <Tipo_Boletin V="DEPARTAMENTAL"/>
  <Desc_Corporacion V="CONSULTA POPULAR"/>
  <Departamento V="09"/>
  <Desc_Departamento V="CALDAS"/>
  <Municipio V="109"/>
  <Desc_Municipio V="SALAMINA"/>
  <Dia V="21"/>
  <Mes V="8"/>
  <Anio V="2018"/>
  <Hora V="14"/>
  <Minuto V="15"/>
  <Mesas_Instaladas V="43"/>
  <Mesas_Informadas V="43"/>
  <Porc_Mesas_Informadas V="100,00"/>
  <Potencial_Sufragantes V="15207"/>
  <Detalle_Circunscripcion>
    <lin>
      <Circunscripcion V="0"/>
      <Desc_Circunscripcion V="NACIONAL"/>
      <Detalle_Pregunta>
        <lin>
          <Pregunta V="001"/>
          <Total_Sufragantes V="15207"/>
          <Porc_Sufragantes V="100,00"/>
          <Abstencion V="0"/>
          <Porc_Abstencion V="000,00"/>
          <Votos_Validos V="7582"/>
          <Porc_Votos_Validos V="049,85"/>
          <Votos_No_Marcados V="4216"/>
          <Porc_Votos_No_Marcados V="027,72"/>
          <Votos_Nulos V="3409"/>
          <Porc_Votos_Nulos V="022,41"/>
        </lin>
        <lin>
          <Pregunta V="002"/>
          <Total_Sufragantes V="15207"/>
          <Porc_Sufragantes V="100,00"/>
          <Abstencion V="0"/>
          <Porc_Abstencion V="000,00"/>
          <Votos_Validos V="7542"/>
          <Porc_Votos_Validos V="049,59"/>
          <Votos_No_Marcados V="3697"/>
          <Porc_Votos_No_Marcados V="024,31"/>
          <Votos_Nulos V="3968"/>
          <Porc_Votos_Nulos V="026,09"/>
        </lin>
        <lin>
          <Pregunta V="003"/>
          <Total_Sufragantes V="15207"/>
          <Porc_Sufragantes V="100,00"/>
          <Abstencion V="0"/>
          <Porc_Abstencion V="000,00"/>
          <Votos_Validos V="7695"/>
          <Porc_Votos_Validos V="050,60"/>
          <Votos_No_Marcados V="3641"/>
          <Porc_Votos_No_Marcados V="023,94"/>
          <Votos_Nulos V="3871"/>
          <Porc_Votos_Nulos V="025,45"/>
        </lin>
        <lin>
          <Pregunta V="004"/>
          <Total_Sufragantes V="15207"/>
          <Porc_Sufragantes V="100,00"/>
          <Abstencion V="0"/>
          <Porc_Abstencion V="000,00"/>
          <Votos_Validos V="7228"/>
          <Porc_Votos_Validos V="047,53"/>
          <Votos_No_Marcados V="4373"/>
          <Porc_Votos_No_Marcados V="028,75"/>
          <Votos_Nulos V="3606"/>
          <Porc_Votos_Nulos V="023,71"/>
        </lin>
        <lin>
          <Pregunta V="005"/>
          <Total_Sufragantes V="15207"/>
          <Porc_Sufragantes V="100,00"/>
          <Abstencion V="0"/>
          <Porc_Abstencion V="000,00"/>
          <Votos_Validos V="7632"/>
          <Porc_Votos_Validos V="050,18"/>
          <Votos_No_Marcados V="3735"/>
          <Porc_Votos_No_Marcados V="024,56"/>
          <Votos_Nulos V="3840"/>
          <Porc_Votos_Nulos V="025,25"/>
        </lin>
        <lin>
          <Pregunta V="006"/>
          <Total_Sufragantes V="15207"/>
          <Porc_Sufragantes V="100,00"/>
          <Abstencion V="0"/>
          <Porc_Abstencion V="000,00"/>
          <Votos_Validos V="7716"/>
          <Porc_Votos_Validos V="050,73"/>
          <Votos_No_Marcados V="3820"/>
          <Porc_Votos_No_Marcados V="025,12"/>
          <Votos_Nulos V="3671"/>
          <Porc_Votos_Nulos V="024,14"/>
        </lin>
        <lin>
          <Pregunta V="007"/>
          <Total_Sufragantes V="15207"/>
          <Porc_Sufragantes V="100,00"/>
          <Abstencion V="0"/>
          <Porc_Abstencion V="000,00"/>
          <Votos_Validos V="7917"/>
          <Porc_Votos_Validos V="052,06"/>
          <Votos_No_Marcados V="3373"/>
          <Porc_Votos_No_Marcados V="022,18"/>
          <Votos_Nulos V="3917"/>
          <Porc_Votos_Nulos V="025,75"/>
        </lin>
      </Detalle_Pregunta>
      <Detalle_Opcion>
        <lin>
          <Opcion V="001"/>
          <Votos V="3242"/>
          <Porc V="042,75"/>
          <Pregunta V="001"/>
        </lin>
        <lin>
          <Opcion V="002"/>
          <Votos V="4340"/>
          <Porc V="057,24"/>
          <Pregunta V="001"/>
        </lin>
        <lin>
          <Opcion V="001"/>
          <Votos V="3843"/>
          <Porc V="050,95"/>
          <Pregunta V="002"/>
        </lin>
        <lin>
          <Opcion V="002"/>
          <Votos V="3699"/>
          <Porc V="049,04"/>
          <Pregunta V="002"/>
        </lin>
        <lin>
          <Opcion V="001"/>
          <Votos V="3838"/>
          <Porc V="049,87"/>
          <Pregunta V="003"/>
        </lin>
        <lin>
          <Opcion V="002"/>
          <Votos V="3857"/>
          <Porc V="050,12"/>
          <Pregunta V="003"/>
        </lin>
        <lin>
          <Opcion V="001"/>
          <Votos V="3904"/>
          <Porc V="054,01"/>
          <Pregunta V="004"/>
        </lin>
        <lin>
          <Opcion V="002"/>
          <Votos V="3324"/>
          <Porc V="045,98"/>
          <Pregunta V="004"/>
        </lin>
        <lin>
          <Opcion V="001"/>
          <Votos V="4471"/>
          <Porc V="058,58"/>
          <Pregunta V="005"/>
        </lin>
        <lin>
          <Opcion V="002"/>
          <Votos V="3161"/>
          <Porc V="041,41"/>
          <Pregunta V="005"/>
        </lin>
        <lin>
          <Opcion V="001"/>
          <Votos V="4072"/>
          <Porc V="052,77"/>
          <Pregunta V="006"/>
        </lin>
        <lin>
          <Opcion V="002"/>
          <Votos V="3644"/>
          <Porc V="047,22"/>
          <Pregunta V="006"/>
        </lin>
        <lin>
          <Opcion V="001"/>
          <Votos V="3941"/>
          <Porc V="049,77"/>
          <Pregunta V="007"/>
        </lin>
        <lin>
          <Opcion V="002"/>
          <Votos V="3976"/>
          <Porc V="050,22"/>
          <Pregunta V="007"/>
        </lin>
      </Detalle_Opcion>
    </lin>
  </Detalle_Circunscripcion>
</Boletin>
</Boletin_Consolidado>