<Boletin_Consolidado><Boletin>
  <Numero V="0008"/>
  <Boletin_Departamental V="0012"/>
  <Tipo_Boletin V="DEPARTAMENTAL"/>
  <Desc_Corporacion V="CONSULTA POPULAR"/>
  <Departamento V="07"/>
  <Desc_Departamento V="BOYACA"/>
  <Municipio V="251"/>
  <Desc_Municipio V="SANTA MARIA"/>
  <Dia V="21"/>
  <Mes V="8"/>
  <Anio V="2018"/>
  <Hora V="14"/>
  <Minuto V="15"/>
  <Mesas_Instaladas V="10"/>
  <Mesas_Informadas V="10"/>
  <Porc_Mesas_Informadas V="100,00"/>
  <Potencial_Sufragantes V="3197"/>
  <Detalle_Circunscripcion>
    <lin>
      <Circunscripcion V="0"/>
      <Desc_Circunscripcion V="NACIONAL"/>
      <Detalle_Pregunta>
        <lin>
          <Pregunta V="001"/>
          <Total_Sufragantes V="3197"/>
          <Porc_Sufragantes V="100,00"/>
          <Abstencion V="0"/>
          <Porc_Abstencion V="000,00"/>
          <Votos_Validos V="1374"/>
          <Porc_Votos_Validos V="042,97"/>
          <Votos_No_Marcados V="882"/>
          <Porc_Votos_No_Marcados V="027,58"/>
          <Votos_Nulos V="941"/>
          <Porc_Votos_Nulos V="029,43"/>
        </lin>
        <lin>
          <Pregunta V="002"/>
          <Total_Sufragantes V="3197"/>
          <Porc_Sufragantes V="100,00"/>
          <Abstencion V="0"/>
          <Porc_Abstencion V="000,00"/>
          <Votos_Validos V="1635"/>
          <Porc_Votos_Validos V="051,14"/>
          <Votos_No_Marcados V="861"/>
          <Porc_Votos_No_Marcados V="026,93"/>
          <Votos_Nulos V="701"/>
          <Porc_Votos_Nulos V="021,92"/>
        </lin>
        <lin>
          <Pregunta V="003"/>
          <Total_Sufragantes V="3197"/>
          <Porc_Sufragantes V="100,00"/>
          <Abstencion V="0"/>
          <Porc_Abstencion V="000,00"/>
          <Votos_Validos V="1517"/>
          <Porc_Votos_Validos V="047,45"/>
          <Votos_No_Marcados V="943"/>
          <Porc_Votos_No_Marcados V="029,49"/>
          <Votos_Nulos V="737"/>
          <Porc_Votos_Nulos V="023,05"/>
        </lin>
        <lin>
          <Pregunta V="004"/>
          <Total_Sufragantes V="3197"/>
          <Porc_Sufragantes V="100,00"/>
          <Abstencion V="0"/>
          <Porc_Abstencion V="000,00"/>
          <Votos_Validos V="1477"/>
          <Porc_Votos_Validos V="046,19"/>
          <Votos_No_Marcados V="708"/>
          <Porc_Votos_No_Marcados V="022,14"/>
          <Votos_Nulos V="1012"/>
          <Porc_Votos_Nulos V="031,65"/>
        </lin>
        <lin>
          <Pregunta V="005"/>
          <Total_Sufragantes V="3197"/>
          <Porc_Sufragantes V="100,00"/>
          <Abstencion V="0"/>
          <Porc_Abstencion V="000,00"/>
          <Votos_Validos V="1807"/>
          <Porc_Votos_Validos V="056,52"/>
          <Votos_No_Marcados V="707"/>
          <Porc_Votos_No_Marcados V="022,11"/>
          <Votos_Nulos V="683"/>
          <Porc_Votos_Nulos V="021,36"/>
        </lin>
        <lin>
          <Pregunta V="006"/>
          <Total_Sufragantes V="3197"/>
          <Porc_Sufragantes V="100,00"/>
          <Abstencion V="0"/>
          <Porc_Abstencion V="000,00"/>
          <Votos_Validos V="1538"/>
          <Porc_Votos_Validos V="048,10"/>
          <Votos_No_Marcados V="924"/>
          <Porc_Votos_No_Marcados V="028,90"/>
          <Votos_Nulos V="735"/>
          <Porc_Votos_Nulos V="022,99"/>
        </lin>
        <lin>
          <Pregunta V="007"/>
          <Total_Sufragantes V="3197"/>
          <Porc_Sufragantes V="100,00"/>
          <Abstencion V="0"/>
          <Porc_Abstencion V="000,00"/>
          <Votos_Validos V="1639"/>
          <Porc_Votos_Validos V="051,26"/>
          <Votos_No_Marcados V="408"/>
          <Porc_Votos_No_Marcados V="012,76"/>
          <Votos_Nulos V="1150"/>
          <Porc_Votos_Nulos V="035,97"/>
        </lin>
      </Detalle_Pregunta>
      <Detalle_Opcion>
        <lin>
          <Opcion V="001"/>
          <Votos V="496"/>
          <Porc V="036,09"/>
          <Pregunta V="001"/>
        </lin>
        <lin>
          <Opcion V="002"/>
          <Votos V="878"/>
          <Porc V="063,90"/>
          <Pregunta V="001"/>
        </lin>
        <lin>
          <Opcion V="001"/>
          <Votos V="770"/>
          <Porc V="047,09"/>
          <Pregunta V="002"/>
        </lin>
        <lin>
          <Opcion V="002"/>
          <Votos V="865"/>
          <Porc V="052,90"/>
          <Pregunta V="002"/>
        </lin>
        <lin>
          <Opcion V="001"/>
          <Votos V="607"/>
          <Porc V="040,01"/>
          <Pregunta V="003"/>
        </lin>
        <lin>
          <Opcion V="002"/>
          <Votos V="910"/>
          <Porc V="059,98"/>
          <Pregunta V="003"/>
        </lin>
        <lin>
          <Opcion V="001"/>
          <Votos V="815"/>
          <Porc V="055,17"/>
          <Pregunta V="004"/>
        </lin>
        <lin>
          <Opcion V="002"/>
          <Votos V="662"/>
          <Porc V="044,82"/>
          <Pregunta V="004"/>
        </lin>
        <lin>
          <Opcion V="001"/>
          <Votos V="778"/>
          <Porc V="043,05"/>
          <Pregunta V="005"/>
        </lin>
        <lin>
          <Opcion V="002"/>
          <Votos V="1029"/>
          <Porc V="056,94"/>
          <Pregunta V="005"/>
        </lin>
        <lin>
          <Opcion V="001"/>
          <Votos V="858"/>
          <Porc V="055,78"/>
          <Pregunta V="006"/>
        </lin>
        <lin>
          <Opcion V="002"/>
          <Votos V="680"/>
          <Porc V="044,21"/>
          <Pregunta V="006"/>
        </lin>
        <lin>
          <Opcion V="001"/>
          <Votos V="698"/>
          <Porc V="042,58"/>
          <Pregunta V="007"/>
        </lin>
        <lin>
          <Opcion V="002"/>
          <Votos V="941"/>
          <Porc V="057,41"/>
          <Pregunta V="007"/>
        </lin>
      </Detalle_Opcion>
    </lin>
  </Detalle_Circunscripcion>
</Boletin>
</Boletin_Consolidado>