<Boletin_Consolidado><Boletin>
  <Numero V="0008"/>
  <Boletin_Departamental V="0012"/>
  <Tipo_Boletin V="DEPARTAMENTAL"/>
  <Desc_Corporacion V="CONSULTA POPULAR"/>
  <Departamento V="12"/>
  <Desc_Departamento V="CESAR"/>
  <Municipio V="000"/>
  <Desc_Municipio V="NO APLICA"/>
  <Dia V="21"/>
  <Mes V="8"/>
  <Anio V="2018"/>
  <Hora V="14"/>
  <Minuto V="15"/>
  <Mesas_Instaladas V="2144"/>
  <Mesas_Informadas V="2144"/>
  <Porc_Mesas_Informadas V="100,00"/>
  <Potencial_Sufragantes V="786192"/>
  <Detalle_Circunscripcion>
    <lin>
      <Circunscripcion V="0"/>
      <Desc_Circunscripcion V="NACIONAL"/>
      <Detalle_Pregunta>
        <lin>
          <Pregunta V="001"/>
          <Total_Sufragantes V="786192"/>
          <Porc_Sufragantes V="100,00"/>
          <Abstencion V="0"/>
          <Porc_Abstencion V="000,00"/>
          <Votos_Validos V="389560"/>
          <Porc_Votos_Validos V="049,55"/>
          <Votos_No_Marcados V="198953"/>
          <Porc_Votos_No_Marcados V="025,30"/>
          <Votos_Nulos V="197679"/>
          <Porc_Votos_Nulos V="025,14"/>
        </lin>
        <lin>
          <Pregunta V="002"/>
          <Total_Sufragantes V="786192"/>
          <Porc_Sufragantes V="100,00"/>
          <Abstencion V="0"/>
          <Porc_Abstencion V="000,00"/>
          <Votos_Validos V="397115"/>
          <Porc_Votos_Validos V="050,51"/>
          <Votos_No_Marcados V="192754"/>
          <Porc_Votos_No_Marcados V="024,51"/>
          <Votos_Nulos V="196323"/>
          <Porc_Votos_Nulos V="024,97"/>
        </lin>
        <lin>
          <Pregunta V="003"/>
          <Total_Sufragantes V="786192"/>
          <Porc_Sufragantes V="100,00"/>
          <Abstencion V="0"/>
          <Porc_Abstencion V="000,00"/>
          <Votos_Validos V="391683"/>
          <Porc_Votos_Validos V="049,82"/>
          <Votos_No_Marcados V="195294"/>
          <Porc_Votos_No_Marcados V="024,84"/>
          <Votos_Nulos V="199215"/>
          <Porc_Votos_Nulos V="025,33"/>
        </lin>
        <lin>
          <Pregunta V="004"/>
          <Total_Sufragantes V="786192"/>
          <Porc_Sufragantes V="100,00"/>
          <Abstencion V="0"/>
          <Porc_Abstencion V="000,00"/>
          <Votos_Validos V="392953"/>
          <Porc_Votos_Validos V="049,98"/>
          <Votos_No_Marcados V="195493"/>
          <Porc_Votos_No_Marcados V="024,86"/>
          <Votos_Nulos V="197746"/>
          <Porc_Votos_Nulos V="025,15"/>
        </lin>
        <lin>
          <Pregunta V="005"/>
          <Total_Sufragantes V="786192"/>
          <Porc_Sufragantes V="100,00"/>
          <Abstencion V="0"/>
          <Porc_Abstencion V="000,00"/>
          <Votos_Validos V="394418"/>
          <Porc_Votos_Validos V="050,16"/>
          <Votos_No_Marcados V="200095"/>
          <Porc_Votos_No_Marcados V="025,45"/>
          <Votos_Nulos V="191679"/>
          <Porc_Votos_Nulos V="024,38"/>
        </lin>
        <lin>
          <Pregunta V="006"/>
          <Total_Sufragantes V="786192"/>
          <Porc_Sufragantes V="100,00"/>
          <Abstencion V="0"/>
          <Porc_Abstencion V="000,00"/>
          <Votos_Validos V="394591"/>
          <Porc_Votos_Validos V="050,19"/>
          <Votos_No_Marcados V="193332"/>
          <Porc_Votos_No_Marcados V="024,59"/>
          <Votos_Nulos V="198269"/>
          <Porc_Votos_Nulos V="025,21"/>
        </lin>
        <lin>
          <Pregunta V="007"/>
          <Total_Sufragantes V="786192"/>
          <Porc_Sufragantes V="100,00"/>
          <Abstencion V="0"/>
          <Porc_Abstencion V="000,00"/>
          <Votos_Validos V="391318"/>
          <Porc_Votos_Validos V="049,77"/>
          <Votos_No_Marcados V="197306"/>
          <Porc_Votos_No_Marcados V="025,09"/>
          <Votos_Nulos V="197568"/>
          <Porc_Votos_Nulos V="025,12"/>
        </lin>
      </Detalle_Pregunta>
      <Detalle_Opcion>
        <lin>
          <Opcion V="001"/>
          <Votos V="193561"/>
          <Porc V="049,68"/>
          <Pregunta V="001"/>
        </lin>
        <lin>
          <Opcion V="002"/>
          <Votos V="195999"/>
          <Porc V="050,31"/>
          <Pregunta V="001"/>
        </lin>
        <lin>
          <Opcion V="001"/>
          <Votos V="198404"/>
          <Porc V="049,96"/>
          <Pregunta V="002"/>
        </lin>
        <lin>
          <Opcion V="002"/>
          <Votos V="198711"/>
          <Porc V="050,03"/>
          <Pregunta V="002"/>
        </lin>
        <lin>
          <Opcion V="001"/>
          <Votos V="197176"/>
          <Porc V="050,34"/>
          <Pregunta V="003"/>
        </lin>
        <lin>
          <Opcion V="002"/>
          <Votos V="194507"/>
          <Porc V="049,65"/>
          <Pregunta V="003"/>
        </lin>
        <lin>
          <Opcion V="001"/>
          <Votos V="195780"/>
          <Porc V="049,82"/>
          <Pregunta V="004"/>
        </lin>
        <lin>
          <Opcion V="002"/>
          <Votos V="197173"/>
          <Porc V="050,17"/>
          <Pregunta V="004"/>
        </lin>
        <lin>
          <Opcion V="001"/>
          <Votos V="198033"/>
          <Porc V="050,20"/>
          <Pregunta V="005"/>
        </lin>
        <lin>
          <Opcion V="002"/>
          <Votos V="196385"/>
          <Porc V="049,79"/>
          <Pregunta V="005"/>
        </lin>
        <lin>
          <Opcion V="001"/>
          <Votos V="195130"/>
          <Porc V="049,45"/>
          <Pregunta V="006"/>
        </lin>
        <lin>
          <Opcion V="002"/>
          <Votos V="199461"/>
          <Porc V="050,54"/>
          <Pregunta V="006"/>
        </lin>
        <lin>
          <Opcion V="001"/>
          <Votos V="197787"/>
          <Porc V="050,54"/>
          <Pregunta V="007"/>
        </lin>
        <lin>
          <Opcion V="002"/>
          <Votos V="193531"/>
          <Porc V="049,45"/>
          <Pregunta V="007"/>
        </lin>
      </Detalle_Opcion>
    </lin>
  </Detalle_Circunscripcion>
</Boletin>
</Boletin_Consolidado>