<Boletin_Consolidado><Boletin>
  <Numero V="0008"/>
  <Boletin_Departamental V="0012"/>
  <Tipo_Boletin V="DEPARTAMENTAL"/>
  <Desc_Corporacion V="CONSULTA POPULAR"/>
  <Departamento V="07"/>
  <Desc_Departamento V="BOYACA"/>
  <Municipio V="292"/>
  <Desc_Municipio V="SUTATENZA"/>
  <Dia V="21"/>
  <Mes V="8"/>
  <Anio V="2018"/>
  <Hora V="14"/>
  <Minuto V="15"/>
  <Mesas_Instaladas V="10"/>
  <Mesas_Informadas V="10"/>
  <Porc_Mesas_Informadas V="100,00"/>
  <Potencial_Sufragantes V="3667"/>
  <Detalle_Circunscripcion>
    <lin>
      <Circunscripcion V="0"/>
      <Desc_Circunscripcion V="NACIONAL"/>
      <Detalle_Pregunta>
        <lin>
          <Pregunta V="001"/>
          <Total_Sufragantes V="3667"/>
          <Porc_Sufragantes V="100,00"/>
          <Abstencion V="0"/>
          <Porc_Abstencion V="000,00"/>
          <Votos_Validos V="1950"/>
          <Porc_Votos_Validos V="053,17"/>
          <Votos_No_Marcados V="636"/>
          <Porc_Votos_No_Marcados V="017,34"/>
          <Votos_Nulos V="1081"/>
          <Porc_Votos_Nulos V="029,47"/>
        </lin>
        <lin>
          <Pregunta V="002"/>
          <Total_Sufragantes V="3667"/>
          <Porc_Sufragantes V="100,00"/>
          <Abstencion V="0"/>
          <Porc_Abstencion V="000,00"/>
          <Votos_Validos V="1697"/>
          <Porc_Votos_Validos V="046,27"/>
          <Votos_No_Marcados V="1200"/>
          <Porc_Votos_No_Marcados V="032,72"/>
          <Votos_Nulos V="770"/>
          <Porc_Votos_Nulos V="020,99"/>
        </lin>
        <lin>
          <Pregunta V="003"/>
          <Total_Sufragantes V="3667"/>
          <Porc_Sufragantes V="100,00"/>
          <Abstencion V="0"/>
          <Porc_Abstencion V="000,00"/>
          <Votos_Validos V="1752"/>
          <Porc_Votos_Validos V="047,77"/>
          <Votos_No_Marcados V="1174"/>
          <Porc_Votos_No_Marcados V="032,01"/>
          <Votos_Nulos V="741"/>
          <Porc_Votos_Nulos V="020,20"/>
        </lin>
        <lin>
          <Pregunta V="004"/>
          <Total_Sufragantes V="3667"/>
          <Porc_Sufragantes V="100,00"/>
          <Abstencion V="0"/>
          <Porc_Abstencion V="000,00"/>
          <Votos_Validos V="1964"/>
          <Porc_Votos_Validos V="053,55"/>
          <Votos_No_Marcados V="856"/>
          <Porc_Votos_No_Marcados V="023,34"/>
          <Votos_Nulos V="847"/>
          <Porc_Votos_Nulos V="023,09"/>
        </lin>
        <lin>
          <Pregunta V="005"/>
          <Total_Sufragantes V="3667"/>
          <Porc_Sufragantes V="100,00"/>
          <Abstencion V="0"/>
          <Porc_Abstencion V="000,00"/>
          <Votos_Validos V="1917"/>
          <Porc_Votos_Validos V="052,27"/>
          <Votos_No_Marcados V="581"/>
          <Porc_Votos_No_Marcados V="015,84"/>
          <Votos_Nulos V="1169"/>
          <Porc_Votos_Nulos V="031,87"/>
        </lin>
        <lin>
          <Pregunta V="006"/>
          <Total_Sufragantes V="3667"/>
          <Porc_Sufragantes V="100,00"/>
          <Abstencion V="0"/>
          <Porc_Abstencion V="000,00"/>
          <Votos_Validos V="1942"/>
          <Porc_Votos_Validos V="052,95"/>
          <Votos_No_Marcados V="750"/>
          <Porc_Votos_No_Marcados V="020,45"/>
          <Votos_Nulos V="975"/>
          <Porc_Votos_Nulos V="026,58"/>
        </lin>
        <lin>
          <Pregunta V="007"/>
          <Total_Sufragantes V="3667"/>
          <Porc_Sufragantes V="100,00"/>
          <Abstencion V="0"/>
          <Porc_Abstencion V="000,00"/>
          <Votos_Validos V="1515"/>
          <Porc_Votos_Validos V="041,31"/>
          <Votos_No_Marcados V="1117"/>
          <Porc_Votos_No_Marcados V="030,46"/>
          <Votos_Nulos V="1035"/>
          <Porc_Votos_Nulos V="028,22"/>
        </lin>
      </Detalle_Pregunta>
      <Detalle_Opcion>
        <lin>
          <Opcion V="001"/>
          <Votos V="806"/>
          <Porc V="041,33"/>
          <Pregunta V="001"/>
        </lin>
        <lin>
          <Opcion V="002"/>
          <Votos V="1144"/>
          <Porc V="058,66"/>
          <Pregunta V="001"/>
        </lin>
        <lin>
          <Opcion V="001"/>
          <Votos V="812"/>
          <Porc V="047,84"/>
          <Pregunta V="002"/>
        </lin>
        <lin>
          <Opcion V="002"/>
          <Votos V="885"/>
          <Porc V="052,15"/>
          <Pregunta V="002"/>
        </lin>
        <lin>
          <Opcion V="001"/>
          <Votos V="764"/>
          <Porc V="043,60"/>
          <Pregunta V="003"/>
        </lin>
        <lin>
          <Opcion V="002"/>
          <Votos V="988"/>
          <Porc V="056,39"/>
          <Pregunta V="003"/>
        </lin>
        <lin>
          <Opcion V="001"/>
          <Votos V="868"/>
          <Porc V="044,19"/>
          <Pregunta V="004"/>
        </lin>
        <lin>
          <Opcion V="002"/>
          <Votos V="1096"/>
          <Porc V="055,80"/>
          <Pregunta V="004"/>
        </lin>
        <lin>
          <Opcion V="001"/>
          <Votos V="1002"/>
          <Porc V="052,26"/>
          <Pregunta V="005"/>
        </lin>
        <lin>
          <Opcion V="002"/>
          <Votos V="915"/>
          <Porc V="047,73"/>
          <Pregunta V="005"/>
        </lin>
        <lin>
          <Opcion V="001"/>
          <Votos V="902"/>
          <Porc V="046,44"/>
          <Pregunta V="006"/>
        </lin>
        <lin>
          <Opcion V="002"/>
          <Votos V="1040"/>
          <Porc V="053,55"/>
          <Pregunta V="006"/>
        </lin>
        <lin>
          <Opcion V="001"/>
          <Votos V="760"/>
          <Porc V="050,16"/>
          <Pregunta V="007"/>
        </lin>
        <lin>
          <Opcion V="002"/>
          <Votos V="755"/>
          <Porc V="049,83"/>
          <Pregunta V="007"/>
        </lin>
      </Detalle_Opcion>
    </lin>
  </Detalle_Circunscripcion>
</Boletin>
</Boletin_Consolidado>