<Boletin_Consolidado><Boletin>
  <Numero V="0008"/>
  <Boletin_Departamental V="0012"/>
  <Tipo_Boletin V="DEPARTAMENTAL"/>
  <Desc_Corporacion V="CONSULTA POPULAR"/>
  <Departamento V="11"/>
  <Desc_Departamento V="CAUCA"/>
  <Municipio V="091"/>
  <Desc_Municipio V="TIMBIQUI"/>
  <Dia V="21"/>
  <Mes V="8"/>
  <Anio V="2018"/>
  <Hora V="14"/>
  <Minuto V="15"/>
  <Mesas_Instaladas V="51"/>
  <Mesas_Informadas V="51"/>
  <Porc_Mesas_Informadas V="100,00"/>
  <Potencial_Sufragantes V="14686"/>
  <Detalle_Circunscripcion>
    <lin>
      <Circunscripcion V="0"/>
      <Desc_Circunscripcion V="NACIONAL"/>
      <Detalle_Pregunta>
        <lin>
          <Pregunta V="001"/>
          <Total_Sufragantes V="14686"/>
          <Porc_Sufragantes V="100,00"/>
          <Abstencion V="0"/>
          <Porc_Abstencion V="000,00"/>
          <Votos_Validos V="6730"/>
          <Porc_Votos_Validos V="045,82"/>
          <Votos_No_Marcados V="3239"/>
          <Porc_Votos_No_Marcados V="022,05"/>
          <Votos_Nulos V="4717"/>
          <Porc_Votos_Nulos V="032,11"/>
        </lin>
        <lin>
          <Pregunta V="002"/>
          <Total_Sufragantes V="14686"/>
          <Porc_Sufragantes V="100,00"/>
          <Abstencion V="0"/>
          <Porc_Abstencion V="000,00"/>
          <Votos_Validos V="6803"/>
          <Porc_Votos_Validos V="046,32"/>
          <Votos_No_Marcados V="3584"/>
          <Porc_Votos_No_Marcados V="024,40"/>
          <Votos_Nulos V="4299"/>
          <Porc_Votos_Nulos V="029,27"/>
        </lin>
        <lin>
          <Pregunta V="003"/>
          <Total_Sufragantes V="14686"/>
          <Porc_Sufragantes V="100,00"/>
          <Abstencion V="0"/>
          <Porc_Abstencion V="000,00"/>
          <Votos_Validos V="7252"/>
          <Porc_Votos_Validos V="049,38"/>
          <Votos_No_Marcados V="3783"/>
          <Porc_Votos_No_Marcados V="025,75"/>
          <Votos_Nulos V="3651"/>
          <Porc_Votos_Nulos V="024,86"/>
        </lin>
        <lin>
          <Pregunta V="004"/>
          <Total_Sufragantes V="14686"/>
          <Porc_Sufragantes V="100,00"/>
          <Abstencion V="0"/>
          <Porc_Abstencion V="000,00"/>
          <Votos_Validos V="6426"/>
          <Porc_Votos_Validos V="043,75"/>
          <Votos_No_Marcados V="3625"/>
          <Porc_Votos_No_Marcados V="024,68"/>
          <Votos_Nulos V="4635"/>
          <Porc_Votos_Nulos V="031,56"/>
        </lin>
        <lin>
          <Pregunta V="005"/>
          <Total_Sufragantes V="14686"/>
          <Porc_Sufragantes V="100,00"/>
          <Abstencion V="0"/>
          <Porc_Abstencion V="000,00"/>
          <Votos_Validos V="7779"/>
          <Porc_Votos_Validos V="052,96"/>
          <Votos_No_Marcados V="3660"/>
          <Porc_Votos_No_Marcados V="024,92"/>
          <Votos_Nulos V="3247"/>
          <Porc_Votos_Nulos V="022,10"/>
        </lin>
        <lin>
          <Pregunta V="006"/>
          <Total_Sufragantes V="14686"/>
          <Porc_Sufragantes V="100,00"/>
          <Abstencion V="0"/>
          <Porc_Abstencion V="000,00"/>
          <Votos_Validos V="7055"/>
          <Porc_Votos_Validos V="048,03"/>
          <Votos_No_Marcados V="3878"/>
          <Porc_Votos_No_Marcados V="026,40"/>
          <Votos_Nulos V="3753"/>
          <Porc_Votos_Nulos V="025,55"/>
        </lin>
        <lin>
          <Pregunta V="007"/>
          <Total_Sufragantes V="14686"/>
          <Porc_Sufragantes V="100,00"/>
          <Abstencion V="0"/>
          <Porc_Abstencion V="000,00"/>
          <Votos_Validos V="8132"/>
          <Porc_Votos_Validos V="055,37"/>
          <Votos_No_Marcados V="2737"/>
          <Porc_Votos_No_Marcados V="018,63"/>
          <Votos_Nulos V="3817"/>
          <Porc_Votos_Nulos V="025,99"/>
        </lin>
      </Detalle_Pregunta>
      <Detalle_Opcion>
        <lin>
          <Opcion V="001"/>
          <Votos V="3440"/>
          <Porc V="051,11"/>
          <Pregunta V="001"/>
        </lin>
        <lin>
          <Opcion V="002"/>
          <Votos V="3290"/>
          <Porc V="048,88"/>
          <Pregunta V="001"/>
        </lin>
        <lin>
          <Opcion V="001"/>
          <Votos V="3592"/>
          <Porc V="052,80"/>
          <Pregunta V="002"/>
        </lin>
        <lin>
          <Opcion V="002"/>
          <Votos V="3211"/>
          <Porc V="047,19"/>
          <Pregunta V="002"/>
        </lin>
        <lin>
          <Opcion V="001"/>
          <Votos V="3255"/>
          <Porc V="044,88"/>
          <Pregunta V="003"/>
        </lin>
        <lin>
          <Opcion V="002"/>
          <Votos V="3997"/>
          <Porc V="055,11"/>
          <Pregunta V="003"/>
        </lin>
        <lin>
          <Opcion V="001"/>
          <Votos V="3577"/>
          <Porc V="055,66"/>
          <Pregunta V="004"/>
        </lin>
        <lin>
          <Opcion V="002"/>
          <Votos V="2849"/>
          <Porc V="044,33"/>
          <Pregunta V="004"/>
        </lin>
        <lin>
          <Opcion V="001"/>
          <Votos V="3531"/>
          <Porc V="045,39"/>
          <Pregunta V="005"/>
        </lin>
        <lin>
          <Opcion V="002"/>
          <Votos V="4248"/>
          <Porc V="054,60"/>
          <Pregunta V="005"/>
        </lin>
        <lin>
          <Opcion V="001"/>
          <Votos V="3633"/>
          <Porc V="051,49"/>
          <Pregunta V="006"/>
        </lin>
        <lin>
          <Opcion V="002"/>
          <Votos V="3422"/>
          <Porc V="048,50"/>
          <Pregunta V="006"/>
        </lin>
        <lin>
          <Opcion V="001"/>
          <Votos V="4537"/>
          <Porc V="055,79"/>
          <Pregunta V="007"/>
        </lin>
        <lin>
          <Opcion V="002"/>
          <Votos V="3595"/>
          <Porc V="044,20"/>
          <Pregunta V="007"/>
        </lin>
      </Detalle_Opcion>
    </lin>
  </Detalle_Circunscripcion>
</Boletin>
</Boletin_Consolidado>