<Boletin_Consolidado><Boletin>
  <Numero V="0008"/>
  <Boletin_Departamental V="0012"/>
  <Tipo_Boletin V="DEPARTAMENTAL"/>
  <Desc_Corporacion V="CONSULTA POPULAR"/>
  <Departamento V="13"/>
  <Desc_Departamento V="CORDOBA"/>
  <Municipio V="052"/>
  <Desc_Municipio V="SAN JOSE DE URE"/>
  <Dia V="21"/>
  <Mes V="8"/>
  <Anio V="2018"/>
  <Hora V="14"/>
  <Minuto V="15"/>
  <Mesas_Instaladas V="25"/>
  <Mesas_Informadas V="25"/>
  <Porc_Mesas_Informadas V="100,00"/>
  <Potencial_Sufragantes V="7850"/>
  <Detalle_Circunscripcion>
    <lin>
      <Circunscripcion V="0"/>
      <Desc_Circunscripcion V="NACIONAL"/>
      <Detalle_Pregunta>
        <lin>
          <Pregunta V="001"/>
          <Total_Sufragantes V="7850"/>
          <Porc_Sufragantes V="100,00"/>
          <Abstencion V="0"/>
          <Porc_Abstencion V="000,00"/>
          <Votos_Validos V="3877"/>
          <Porc_Votos_Validos V="049,38"/>
          <Votos_No_Marcados V="1723"/>
          <Porc_Votos_No_Marcados V="021,94"/>
          <Votos_Nulos V="2250"/>
          <Porc_Votos_Nulos V="028,66"/>
        </lin>
        <lin>
          <Pregunta V="002"/>
          <Total_Sufragantes V="7850"/>
          <Porc_Sufragantes V="100,00"/>
          <Abstencion V="0"/>
          <Porc_Abstencion V="000,00"/>
          <Votos_Validos V="3692"/>
          <Porc_Votos_Validos V="047,03"/>
          <Votos_No_Marcados V="2231"/>
          <Porc_Votos_No_Marcados V="028,42"/>
          <Votos_Nulos V="1927"/>
          <Porc_Votos_Nulos V="024,54"/>
        </lin>
        <lin>
          <Pregunta V="003"/>
          <Total_Sufragantes V="7850"/>
          <Porc_Sufragantes V="100,00"/>
          <Abstencion V="0"/>
          <Porc_Abstencion V="000,00"/>
          <Votos_Validos V="3565"/>
          <Porc_Votos_Validos V="045,41"/>
          <Votos_No_Marcados V="2588"/>
          <Porc_Votos_No_Marcados V="032,96"/>
          <Votos_Nulos V="1697"/>
          <Porc_Votos_Nulos V="021,61"/>
        </lin>
        <lin>
          <Pregunta V="004"/>
          <Total_Sufragantes V="7850"/>
          <Porc_Sufragantes V="100,00"/>
          <Abstencion V="0"/>
          <Porc_Abstencion V="000,00"/>
          <Votos_Validos V="4096"/>
          <Porc_Votos_Validos V="052,17"/>
          <Votos_No_Marcados V="2058"/>
          <Porc_Votos_No_Marcados V="026,21"/>
          <Votos_Nulos V="1696"/>
          <Porc_Votos_Nulos V="021,60"/>
        </lin>
        <lin>
          <Pregunta V="005"/>
          <Total_Sufragantes V="7850"/>
          <Porc_Sufragantes V="100,00"/>
          <Abstencion V="0"/>
          <Porc_Abstencion V="000,00"/>
          <Votos_Validos V="4009"/>
          <Porc_Votos_Validos V="051,07"/>
          <Votos_No_Marcados V="2058"/>
          <Porc_Votos_No_Marcados V="026,21"/>
          <Votos_Nulos V="1783"/>
          <Porc_Votos_Nulos V="022,71"/>
        </lin>
        <lin>
          <Pregunta V="006"/>
          <Total_Sufragantes V="7850"/>
          <Porc_Sufragantes V="100,00"/>
          <Abstencion V="0"/>
          <Porc_Abstencion V="000,00"/>
          <Votos_Validos V="3912"/>
          <Porc_Votos_Validos V="049,83"/>
          <Votos_No_Marcados V="1860"/>
          <Porc_Votos_No_Marcados V="023,69"/>
          <Votos_Nulos V="2078"/>
          <Porc_Votos_Nulos V="026,47"/>
        </lin>
        <lin>
          <Pregunta V="007"/>
          <Total_Sufragantes V="7850"/>
          <Porc_Sufragantes V="100,00"/>
          <Abstencion V="0"/>
          <Porc_Abstencion V="000,00"/>
          <Votos_Validos V="4161"/>
          <Porc_Votos_Validos V="053,00"/>
          <Votos_No_Marcados V="1783"/>
          <Porc_Votos_No_Marcados V="022,71"/>
          <Votos_Nulos V="1906"/>
          <Porc_Votos_Nulos V="024,28"/>
        </lin>
      </Detalle_Pregunta>
      <Detalle_Opcion>
        <lin>
          <Opcion V="001"/>
          <Votos V="1933"/>
          <Porc V="049,85"/>
          <Pregunta V="001"/>
        </lin>
        <lin>
          <Opcion V="002"/>
          <Votos V="1944"/>
          <Porc V="050,14"/>
          <Pregunta V="001"/>
        </lin>
        <lin>
          <Opcion V="001"/>
          <Votos V="1795"/>
          <Porc V="048,61"/>
          <Pregunta V="002"/>
        </lin>
        <lin>
          <Opcion V="002"/>
          <Votos V="1897"/>
          <Porc V="051,38"/>
          <Pregunta V="002"/>
        </lin>
        <lin>
          <Opcion V="001"/>
          <Votos V="1744"/>
          <Porc V="048,92"/>
          <Pregunta V="003"/>
        </lin>
        <lin>
          <Opcion V="002"/>
          <Votos V="1821"/>
          <Porc V="051,07"/>
          <Pregunta V="003"/>
        </lin>
        <lin>
          <Opcion V="001"/>
          <Votos V="2520"/>
          <Porc V="061,52"/>
          <Pregunta V="004"/>
        </lin>
        <lin>
          <Opcion V="002"/>
          <Votos V="1576"/>
          <Porc V="038,47"/>
          <Pregunta V="004"/>
        </lin>
        <lin>
          <Opcion V="001"/>
          <Votos V="2055"/>
          <Porc V="051,25"/>
          <Pregunta V="005"/>
        </lin>
        <lin>
          <Opcion V="002"/>
          <Votos V="1954"/>
          <Porc V="048,74"/>
          <Pregunta V="005"/>
        </lin>
        <lin>
          <Opcion V="001"/>
          <Votos V="2614"/>
          <Porc V="066,82"/>
          <Pregunta V="006"/>
        </lin>
        <lin>
          <Opcion V="002"/>
          <Votos V="1298"/>
          <Porc V="033,17"/>
          <Pregunta V="006"/>
        </lin>
        <lin>
          <Opcion V="001"/>
          <Votos V="2110"/>
          <Porc V="050,70"/>
          <Pregunta V="007"/>
        </lin>
        <lin>
          <Opcion V="002"/>
          <Votos V="2051"/>
          <Porc V="049,29"/>
          <Pregunta V="007"/>
        </lin>
      </Detalle_Opcion>
    </lin>
  </Detalle_Circunscripcion>
</Boletin>
</Boletin_Consolidado>