<Boletin_Consolidado><Boletin>
  <Numero V="0008"/>
  <Boletin_Departamental V="0011"/>
  <Tipo_Boletin V="DEPARTAMENTAL"/>
  <Desc_Corporacion V="CONSULTA POPULAR"/>
  <Departamento V="07"/>
  <Desc_Departamento V="BOYACA"/>
  <Municipio V="046"/>
  <Desc_Municipio V="CIENEGA"/>
  <Dia V="21"/>
  <Mes V="8"/>
  <Anio V="2018"/>
  <Hora V="14"/>
  <Minuto V="15"/>
  <Mesas_Instaladas V="10"/>
  <Mesas_Informadas V="10"/>
  <Porc_Mesas_Informadas V="100,00"/>
  <Potencial_Sufragantes V="3805"/>
  <Detalle_Circunscripcion>
    <lin>
      <Circunscripcion V="0"/>
      <Desc_Circunscripcion V="NACIONAL"/>
      <Detalle_Pregunta>
        <lin>
          <Pregunta V="001"/>
          <Total_Sufragantes V="3805"/>
          <Porc_Sufragantes V="100,00"/>
          <Abstencion V="0"/>
          <Porc_Abstencion V="000,00"/>
          <Votos_Validos V="2036"/>
          <Porc_Votos_Validos V="053,50"/>
          <Votos_No_Marcados V="908"/>
          <Porc_Votos_No_Marcados V="023,86"/>
          <Votos_Nulos V="861"/>
          <Porc_Votos_Nulos V="022,62"/>
        </lin>
        <lin>
          <Pregunta V="002"/>
          <Total_Sufragantes V="3805"/>
          <Porc_Sufragantes V="100,00"/>
          <Abstencion V="0"/>
          <Porc_Abstencion V="000,00"/>
          <Votos_Validos V="1802"/>
          <Porc_Votos_Validos V="047,35"/>
          <Votos_No_Marcados V="770"/>
          <Porc_Votos_No_Marcados V="020,23"/>
          <Votos_Nulos V="1233"/>
          <Porc_Votos_Nulos V="032,40"/>
        </lin>
        <lin>
          <Pregunta V="003"/>
          <Total_Sufragantes V="3805"/>
          <Porc_Sufragantes V="100,00"/>
          <Abstencion V="0"/>
          <Porc_Abstencion V="000,00"/>
          <Votos_Validos V="1833"/>
          <Porc_Votos_Validos V="048,17"/>
          <Votos_No_Marcados V="783"/>
          <Porc_Votos_No_Marcados V="020,57"/>
          <Votos_Nulos V="1189"/>
          <Porc_Votos_Nulos V="031,24"/>
        </lin>
        <lin>
          <Pregunta V="004"/>
          <Total_Sufragantes V="3805"/>
          <Porc_Sufragantes V="100,00"/>
          <Abstencion V="0"/>
          <Porc_Abstencion V="000,00"/>
          <Votos_Validos V="2148"/>
          <Porc_Votos_Validos V="056,45"/>
          <Votos_No_Marcados V="898"/>
          <Porc_Votos_No_Marcados V="023,60"/>
          <Votos_Nulos V="759"/>
          <Porc_Votos_Nulos V="019,94"/>
        </lin>
        <lin>
          <Pregunta V="005"/>
          <Total_Sufragantes V="3805"/>
          <Porc_Sufragantes V="100,00"/>
          <Abstencion V="0"/>
          <Porc_Abstencion V="000,00"/>
          <Votos_Validos V="1579"/>
          <Porc_Votos_Validos V="041,49"/>
          <Votos_No_Marcados V="1058"/>
          <Porc_Votos_No_Marcados V="027,80"/>
          <Votos_Nulos V="1168"/>
          <Porc_Votos_Nulos V="030,69"/>
        </lin>
        <lin>
          <Pregunta V="006"/>
          <Total_Sufragantes V="3805"/>
          <Porc_Sufragantes V="100,00"/>
          <Abstencion V="0"/>
          <Porc_Abstencion V="000,00"/>
          <Votos_Validos V="2064"/>
          <Porc_Votos_Validos V="054,24"/>
          <Votos_No_Marcados V="1121"/>
          <Porc_Votos_No_Marcados V="029,46"/>
          <Votos_Nulos V="620"/>
          <Porc_Votos_Nulos V="016,29"/>
        </lin>
        <lin>
          <Pregunta V="007"/>
          <Total_Sufragantes V="3805"/>
          <Porc_Sufragantes V="100,00"/>
          <Abstencion V="0"/>
          <Porc_Abstencion V="000,00"/>
          <Votos_Validos V="1899"/>
          <Porc_Votos_Validos V="049,90"/>
          <Votos_No_Marcados V="634"/>
          <Porc_Votos_No_Marcados V="016,66"/>
          <Votos_Nulos V="1272"/>
          <Porc_Votos_Nulos V="033,42"/>
        </lin>
      </Detalle_Pregunta>
      <Detalle_Opcion>
        <lin>
          <Opcion V="001"/>
          <Votos V="896"/>
          <Porc V="044,00"/>
          <Pregunta V="001"/>
        </lin>
        <lin>
          <Opcion V="002"/>
          <Votos V="1140"/>
          <Porc V="055,99"/>
          <Pregunta V="001"/>
        </lin>
        <lin>
          <Opcion V="001"/>
          <Votos V="916"/>
          <Porc V="050,83"/>
          <Pregunta V="002"/>
        </lin>
        <lin>
          <Opcion V="002"/>
          <Votos V="886"/>
          <Porc V="049,16"/>
          <Pregunta V="002"/>
        </lin>
        <lin>
          <Opcion V="001"/>
          <Votos V="946"/>
          <Porc V="051,60"/>
          <Pregunta V="003"/>
        </lin>
        <lin>
          <Opcion V="002"/>
          <Votos V="887"/>
          <Porc V="048,39"/>
          <Pregunta V="003"/>
        </lin>
        <lin>
          <Opcion V="001"/>
          <Votos V="672"/>
          <Porc V="031,28"/>
          <Pregunta V="004"/>
        </lin>
        <lin>
          <Opcion V="002"/>
          <Votos V="1476"/>
          <Porc V="068,71"/>
          <Pregunta V="004"/>
        </lin>
        <lin>
          <Opcion V="001"/>
          <Votos V="1070"/>
          <Porc V="067,76"/>
          <Pregunta V="005"/>
        </lin>
        <lin>
          <Opcion V="002"/>
          <Votos V="509"/>
          <Porc V="032,23"/>
          <Pregunta V="005"/>
        </lin>
        <lin>
          <Opcion V="001"/>
          <Votos V="1579"/>
          <Porc V="076,50"/>
          <Pregunta V="006"/>
        </lin>
        <lin>
          <Opcion V="002"/>
          <Votos V="485"/>
          <Porc V="023,49"/>
          <Pregunta V="006"/>
        </lin>
        <lin>
          <Opcion V="001"/>
          <Votos V="1188"/>
          <Porc V="062,55"/>
          <Pregunta V="007"/>
        </lin>
        <lin>
          <Opcion V="002"/>
          <Votos V="711"/>
          <Porc V="037,44"/>
          <Pregunta V="007"/>
        </lin>
      </Detalle_Opcion>
    </lin>
  </Detalle_Circunscripcion>
</Boletin>
</Boletin_Consolidado>