<Boletin_Consolidado><Boletin>
  <Numero V="0008"/>
  <Boletin_Departamental V="0011"/>
  <Tipo_Boletin V="DEPARTAMENTAL"/>
  <Desc_Corporacion V="CONSULTA POPULAR"/>
  <Departamento V="01"/>
  <Desc_Departamento V="ANTIOQUIA"/>
  <Municipio V="193"/>
  <Desc_Municipio V="OLAYA"/>
  <Dia V="21"/>
  <Mes V="8"/>
  <Anio V="2018"/>
  <Hora V="14"/>
  <Minuto V="15"/>
  <Mesas_Instaladas V="9"/>
  <Mesas_Informadas V="9"/>
  <Porc_Mesas_Informadas V="100,00"/>
  <Potencial_Sufragantes V="2907"/>
  <Detalle_Circunscripcion>
    <lin>
      <Circunscripcion V="0"/>
      <Desc_Circunscripcion V="NACIONAL"/>
      <Detalle_Pregunta>
        <lin>
          <Pregunta V="001"/>
          <Total_Sufragantes V="2907"/>
          <Porc_Sufragantes V="100,00"/>
          <Abstencion V="0"/>
          <Porc_Abstencion V="000,00"/>
          <Votos_Validos V="1641"/>
          <Porc_Votos_Validos V="056,44"/>
          <Votos_No_Marcados V="724"/>
          <Porc_Votos_No_Marcados V="024,90"/>
          <Votos_Nulos V="542"/>
          <Porc_Votos_Nulos V="018,64"/>
        </lin>
        <lin>
          <Pregunta V="002"/>
          <Total_Sufragantes V="2907"/>
          <Porc_Sufragantes V="100,00"/>
          <Abstencion V="0"/>
          <Porc_Abstencion V="000,00"/>
          <Votos_Validos V="1409"/>
          <Porc_Votos_Validos V="048,46"/>
          <Votos_No_Marcados V="769"/>
          <Porc_Votos_No_Marcados V="026,45"/>
          <Votos_Nulos V="729"/>
          <Porc_Votos_Nulos V="025,07"/>
        </lin>
        <lin>
          <Pregunta V="003"/>
          <Total_Sufragantes V="2907"/>
          <Porc_Sufragantes V="100,00"/>
          <Abstencion V="0"/>
          <Porc_Abstencion V="000,00"/>
          <Votos_Validos V="1483"/>
          <Porc_Votos_Validos V="051,01"/>
          <Votos_No_Marcados V="893"/>
          <Porc_Votos_No_Marcados V="030,71"/>
          <Votos_Nulos V="531"/>
          <Porc_Votos_Nulos V="018,26"/>
        </lin>
        <lin>
          <Pregunta V="004"/>
          <Total_Sufragantes V="2907"/>
          <Porc_Sufragantes V="100,00"/>
          <Abstencion V="0"/>
          <Porc_Abstencion V="000,00"/>
          <Votos_Validos V="1202"/>
          <Porc_Votos_Validos V="041,34"/>
          <Votos_No_Marcados V="592"/>
          <Porc_Votos_No_Marcados V="020,36"/>
          <Votos_Nulos V="1113"/>
          <Porc_Votos_Nulos V="038,28"/>
        </lin>
        <lin>
          <Pregunta V="005"/>
          <Total_Sufragantes V="2907"/>
          <Porc_Sufragantes V="100,00"/>
          <Abstencion V="0"/>
          <Porc_Abstencion V="000,00"/>
          <Votos_Validos V="1646"/>
          <Porc_Votos_Validos V="056,62"/>
          <Votos_No_Marcados V="750"/>
          <Porc_Votos_No_Marcados V="025,79"/>
          <Votos_Nulos V="511"/>
          <Porc_Votos_Nulos V="017,57"/>
        </lin>
        <lin>
          <Pregunta V="006"/>
          <Total_Sufragantes V="2907"/>
          <Porc_Sufragantes V="100,00"/>
          <Abstencion V="0"/>
          <Porc_Abstencion V="000,00"/>
          <Votos_Validos V="1418"/>
          <Porc_Votos_Validos V="048,77"/>
          <Votos_No_Marcados V="782"/>
          <Porc_Votos_No_Marcados V="026,90"/>
          <Votos_Nulos V="707"/>
          <Porc_Votos_Nulos V="024,32"/>
        </lin>
        <lin>
          <Pregunta V="007"/>
          <Total_Sufragantes V="2907"/>
          <Porc_Sufragantes V="100,00"/>
          <Abstencion V="0"/>
          <Porc_Abstencion V="000,00"/>
          <Votos_Validos V="1514"/>
          <Porc_Votos_Validos V="052,08"/>
          <Votos_No_Marcados V="634"/>
          <Porc_Votos_No_Marcados V="021,80"/>
          <Votos_Nulos V="759"/>
          <Porc_Votos_Nulos V="026,10"/>
        </lin>
      </Detalle_Pregunta>
      <Detalle_Opcion>
        <lin>
          <Opcion V="001"/>
          <Votos V="998"/>
          <Porc V="060,81"/>
          <Pregunta V="001"/>
        </lin>
        <lin>
          <Opcion V="002"/>
          <Votos V="643"/>
          <Porc V="039,18"/>
          <Pregunta V="001"/>
        </lin>
        <lin>
          <Opcion V="001"/>
          <Votos V="503"/>
          <Porc V="035,69"/>
          <Pregunta V="002"/>
        </lin>
        <lin>
          <Opcion V="002"/>
          <Votos V="906"/>
          <Porc V="064,30"/>
          <Pregunta V="002"/>
        </lin>
        <lin>
          <Opcion V="001"/>
          <Votos V="971"/>
          <Porc V="065,47"/>
          <Pregunta V="003"/>
        </lin>
        <lin>
          <Opcion V="002"/>
          <Votos V="512"/>
          <Porc V="034,52"/>
          <Pregunta V="003"/>
        </lin>
        <lin>
          <Opcion V="001"/>
          <Votos V="610"/>
          <Porc V="050,74"/>
          <Pregunta V="004"/>
        </lin>
        <lin>
          <Opcion V="002"/>
          <Votos V="592"/>
          <Porc V="049,25"/>
          <Pregunta V="004"/>
        </lin>
        <lin>
          <Opcion V="001"/>
          <Votos V="1038"/>
          <Porc V="063,06"/>
          <Pregunta V="005"/>
        </lin>
        <lin>
          <Opcion V="002"/>
          <Votos V="608"/>
          <Porc V="036,93"/>
          <Pregunta V="005"/>
        </lin>
        <lin>
          <Opcion V="001"/>
          <Votos V="971"/>
          <Porc V="068,47"/>
          <Pregunta V="006"/>
        </lin>
        <lin>
          <Opcion V="002"/>
          <Votos V="447"/>
          <Porc V="031,52"/>
          <Pregunta V="006"/>
        </lin>
        <lin>
          <Opcion V="001"/>
          <Votos V="726"/>
          <Porc V="047,95"/>
          <Pregunta V="007"/>
        </lin>
        <lin>
          <Opcion V="002"/>
          <Votos V="788"/>
          <Porc V="052,04"/>
          <Pregunta V="007"/>
        </lin>
      </Detalle_Opcion>
    </lin>
  </Detalle_Circunscripcion>
</Boletin>
</Boletin_Consolidado>