<Boletin_Consolidado><Boletin>
  <Numero V="0008"/>
  <Boletin_Departamental V="0010"/>
  <Tipo_Boletin V="DEPARTAMENTAL"/>
  <Desc_Corporacion V="CONSULTA POPULAR"/>
  <Departamento V="01"/>
  <Desc_Departamento V="ANTIOQUIA"/>
  <Municipio V="034"/>
  <Desc_Municipio V="ANZA"/>
  <Dia V="21"/>
  <Mes V="8"/>
  <Anio V="2018"/>
  <Hora V="14"/>
  <Minuto V="15"/>
  <Mesas_Instaladas V="17"/>
  <Mesas_Informadas V="17"/>
  <Porc_Mesas_Informadas V="100,00"/>
  <Potencial_Sufragantes V="5808"/>
  <Detalle_Circunscripcion>
    <lin>
      <Circunscripcion V="0"/>
      <Desc_Circunscripcion V="NACIONAL"/>
      <Detalle_Pregunta>
        <lin>
          <Pregunta V="001"/>
          <Total_Sufragantes V="5808"/>
          <Porc_Sufragantes V="100,00"/>
          <Abstencion V="0"/>
          <Porc_Abstencion V="000,00"/>
          <Votos_Validos V="2619"/>
          <Porc_Votos_Validos V="045,09"/>
          <Votos_No_Marcados V="1729"/>
          <Porc_Votos_No_Marcados V="029,76"/>
          <Votos_Nulos V="1460"/>
          <Porc_Votos_Nulos V="025,13"/>
        </lin>
        <lin>
          <Pregunta V="002"/>
          <Total_Sufragantes V="5808"/>
          <Porc_Sufragantes V="100,00"/>
          <Abstencion V="0"/>
          <Porc_Abstencion V="000,00"/>
          <Votos_Validos V="3183"/>
          <Porc_Votos_Validos V="054,80"/>
          <Votos_No_Marcados V="1446"/>
          <Porc_Votos_No_Marcados V="024,89"/>
          <Votos_Nulos V="1179"/>
          <Porc_Votos_Nulos V="020,29"/>
        </lin>
        <lin>
          <Pregunta V="003"/>
          <Total_Sufragantes V="5808"/>
          <Porc_Sufragantes V="100,00"/>
          <Abstencion V="0"/>
          <Porc_Abstencion V="000,00"/>
          <Votos_Validos V="2892"/>
          <Porc_Votos_Validos V="049,79"/>
          <Votos_No_Marcados V="1770"/>
          <Porc_Votos_No_Marcados V="030,47"/>
          <Votos_Nulos V="1146"/>
          <Porc_Votos_Nulos V="019,73"/>
        </lin>
        <lin>
          <Pregunta V="004"/>
          <Total_Sufragantes V="5808"/>
          <Porc_Sufragantes V="100,00"/>
          <Abstencion V="0"/>
          <Porc_Abstencion V="000,00"/>
          <Votos_Validos V="3428"/>
          <Porc_Votos_Validos V="059,02"/>
          <Votos_No_Marcados V="1307"/>
          <Porc_Votos_No_Marcados V="022,50"/>
          <Votos_Nulos V="1073"/>
          <Porc_Votos_Nulos V="018,47"/>
        </lin>
        <lin>
          <Pregunta V="005"/>
          <Total_Sufragantes V="5808"/>
          <Porc_Sufragantes V="100,00"/>
          <Abstencion V="0"/>
          <Porc_Abstencion V="000,00"/>
          <Votos_Validos V="2606"/>
          <Porc_Votos_Validos V="044,86"/>
          <Votos_No_Marcados V="1506"/>
          <Porc_Votos_No_Marcados V="025,92"/>
          <Votos_Nulos V="1696"/>
          <Porc_Votos_Nulos V="029,20"/>
        </lin>
        <lin>
          <Pregunta V="006"/>
          <Total_Sufragantes V="5808"/>
          <Porc_Sufragantes V="100,00"/>
          <Abstencion V="0"/>
          <Porc_Abstencion V="000,00"/>
          <Votos_Validos V="2722"/>
          <Porc_Votos_Validos V="046,86"/>
          <Votos_No_Marcados V="1526"/>
          <Porc_Votos_No_Marcados V="026,27"/>
          <Votos_Nulos V="1560"/>
          <Porc_Votos_Nulos V="026,85"/>
        </lin>
        <lin>
          <Pregunta V="007"/>
          <Total_Sufragantes V="5808"/>
          <Porc_Sufragantes V="100,00"/>
          <Abstencion V="0"/>
          <Porc_Abstencion V="000,00"/>
          <Votos_Validos V="2771"/>
          <Porc_Votos_Validos V="047,71"/>
          <Votos_No_Marcados V="1345"/>
          <Porc_Votos_No_Marcados V="023,15"/>
          <Votos_Nulos V="1692"/>
          <Porc_Votos_Nulos V="029,13"/>
        </lin>
      </Detalle_Pregunta>
      <Detalle_Opcion>
        <lin>
          <Opcion V="001"/>
          <Votos V="1282"/>
          <Porc V="048,94"/>
          <Pregunta V="001"/>
        </lin>
        <lin>
          <Opcion V="002"/>
          <Votos V="1337"/>
          <Porc V="051,05"/>
          <Pregunta V="001"/>
        </lin>
        <lin>
          <Opcion V="001"/>
          <Votos V="1704"/>
          <Porc V="053,53"/>
          <Pregunta V="002"/>
        </lin>
        <lin>
          <Opcion V="002"/>
          <Votos V="1479"/>
          <Porc V="046,46"/>
          <Pregunta V="002"/>
        </lin>
        <lin>
          <Opcion V="001"/>
          <Votos V="1756"/>
          <Porc V="060,71"/>
          <Pregunta V="003"/>
        </lin>
        <lin>
          <Opcion V="002"/>
          <Votos V="1136"/>
          <Porc V="039,28"/>
          <Pregunta V="003"/>
        </lin>
        <lin>
          <Opcion V="001"/>
          <Votos V="1258"/>
          <Porc V="036,69"/>
          <Pregunta V="004"/>
        </lin>
        <lin>
          <Opcion V="002"/>
          <Votos V="2170"/>
          <Porc V="063,30"/>
          <Pregunta V="004"/>
        </lin>
        <lin>
          <Opcion V="001"/>
          <Votos V="1250"/>
          <Porc V="047,96"/>
          <Pregunta V="005"/>
        </lin>
        <lin>
          <Opcion V="002"/>
          <Votos V="1356"/>
          <Porc V="052,03"/>
          <Pregunta V="005"/>
        </lin>
        <lin>
          <Opcion V="001"/>
          <Votos V="1532"/>
          <Porc V="056,28"/>
          <Pregunta V="006"/>
        </lin>
        <lin>
          <Opcion V="002"/>
          <Votos V="1190"/>
          <Porc V="043,71"/>
          <Pregunta V="006"/>
        </lin>
        <lin>
          <Opcion V="001"/>
          <Votos V="1659"/>
          <Porc V="059,87"/>
          <Pregunta V="007"/>
        </lin>
        <lin>
          <Opcion V="002"/>
          <Votos V="1112"/>
          <Porc V="040,12"/>
          <Pregunta V="007"/>
        </lin>
      </Detalle_Opcion>
    </lin>
  </Detalle_Circunscripcion>
</Boletin>
</Boletin_Consolidado>