<Boletin_Consolidado><Boletin>
  <Numero V="0008"/>
  <Boletin_Departamental V="0012"/>
  <Tipo_Boletin V="DEPARTAMENTAL"/>
  <Desc_Corporacion V="CONSULTA POPULAR"/>
  <Departamento V="05"/>
  <Desc_Departamento V="BOLIVAR"/>
  <Municipio V="025"/>
  <Desc_Municipio V="EL GUAMO"/>
  <Dia V="21"/>
  <Mes V="8"/>
  <Anio V="2018"/>
  <Hora V="14"/>
  <Minuto V="15"/>
  <Mesas_Instaladas V="23"/>
  <Mesas_Informadas V="23"/>
  <Porc_Mesas_Informadas V="100,00"/>
  <Potencial_Sufragantes V="8041"/>
  <Detalle_Circunscripcion>
    <lin>
      <Circunscripcion V="0"/>
      <Desc_Circunscripcion V="NACIONAL"/>
      <Detalle_Pregunta>
        <lin>
          <Pregunta V="001"/>
          <Total_Sufragantes V="8041"/>
          <Porc_Sufragantes V="100,00"/>
          <Abstencion V="0"/>
          <Porc_Abstencion V="000,00"/>
          <Votos_Validos V="3923"/>
          <Porc_Votos_Validos V="048,78"/>
          <Votos_No_Marcados V="2023"/>
          <Porc_Votos_No_Marcados V="025,15"/>
          <Votos_Nulos V="2095"/>
          <Porc_Votos_Nulos V="026,05"/>
        </lin>
        <lin>
          <Pregunta V="002"/>
          <Total_Sufragantes V="8041"/>
          <Porc_Sufragantes V="100,00"/>
          <Abstencion V="0"/>
          <Porc_Abstencion V="000,00"/>
          <Votos_Validos V="3820"/>
          <Porc_Votos_Validos V="047,50"/>
          <Votos_No_Marcados V="2258"/>
          <Porc_Votos_No_Marcados V="028,08"/>
          <Votos_Nulos V="1963"/>
          <Porc_Votos_Nulos V="024,41"/>
        </lin>
        <lin>
          <Pregunta V="003"/>
          <Total_Sufragantes V="8041"/>
          <Porc_Sufragantes V="100,00"/>
          <Abstencion V="0"/>
          <Porc_Abstencion V="000,00"/>
          <Votos_Validos V="4169"/>
          <Porc_Votos_Validos V="051,84"/>
          <Votos_No_Marcados V="1922"/>
          <Porc_Votos_No_Marcados V="023,90"/>
          <Votos_Nulos V="1950"/>
          <Porc_Votos_Nulos V="024,25"/>
        </lin>
        <lin>
          <Pregunta V="004"/>
          <Total_Sufragantes V="8041"/>
          <Porc_Sufragantes V="100,00"/>
          <Abstencion V="0"/>
          <Porc_Abstencion V="000,00"/>
          <Votos_Validos V="3543"/>
          <Porc_Votos_Validos V="044,06"/>
          <Votos_No_Marcados V="2047"/>
          <Porc_Votos_No_Marcados V="025,45"/>
          <Votos_Nulos V="2451"/>
          <Porc_Votos_Nulos V="030,48"/>
        </lin>
        <lin>
          <Pregunta V="005"/>
          <Total_Sufragantes V="8041"/>
          <Porc_Sufragantes V="100,00"/>
          <Abstencion V="0"/>
          <Porc_Abstencion V="000,00"/>
          <Votos_Validos V="3811"/>
          <Porc_Votos_Validos V="047,39"/>
          <Votos_No_Marcados V="2544"/>
          <Porc_Votos_No_Marcados V="031,63"/>
          <Votos_Nulos V="1686"/>
          <Porc_Votos_Nulos V="020,96"/>
        </lin>
        <lin>
          <Pregunta V="006"/>
          <Total_Sufragantes V="8041"/>
          <Porc_Sufragantes V="100,00"/>
          <Abstencion V="0"/>
          <Porc_Abstencion V="000,00"/>
          <Votos_Validos V="4084"/>
          <Porc_Votos_Validos V="050,78"/>
          <Votos_No_Marcados V="2220"/>
          <Porc_Votos_No_Marcados V="027,60"/>
          <Votos_Nulos V="1737"/>
          <Porc_Votos_Nulos V="021,60"/>
        </lin>
        <lin>
          <Pregunta V="007"/>
          <Total_Sufragantes V="8041"/>
          <Porc_Sufragantes V="100,00"/>
          <Abstencion V="0"/>
          <Porc_Abstencion V="000,00"/>
          <Votos_Validos V="4357"/>
          <Porc_Votos_Validos V="054,18"/>
          <Votos_No_Marcados V="1649"/>
          <Porc_Votos_No_Marcados V="020,50"/>
          <Votos_Nulos V="2035"/>
          <Porc_Votos_Nulos V="025,30"/>
        </lin>
      </Detalle_Pregunta>
      <Detalle_Opcion>
        <lin>
          <Opcion V="001"/>
          <Votos V="2326"/>
          <Porc V="059,29"/>
          <Pregunta V="001"/>
        </lin>
        <lin>
          <Opcion V="002"/>
          <Votos V="1597"/>
          <Porc V="040,70"/>
          <Pregunta V="001"/>
        </lin>
        <lin>
          <Opcion V="001"/>
          <Votos V="2204"/>
          <Porc V="057,69"/>
          <Pregunta V="002"/>
        </lin>
        <lin>
          <Opcion V="002"/>
          <Votos V="1616"/>
          <Porc V="042,30"/>
          <Pregunta V="002"/>
        </lin>
        <lin>
          <Opcion V="001"/>
          <Votos V="2102"/>
          <Porc V="050,41"/>
          <Pregunta V="003"/>
        </lin>
        <lin>
          <Opcion V="002"/>
          <Votos V="2067"/>
          <Porc V="049,58"/>
          <Pregunta V="003"/>
        </lin>
        <lin>
          <Opcion V="001"/>
          <Votos V="1327"/>
          <Porc V="037,45"/>
          <Pregunta V="004"/>
        </lin>
        <lin>
          <Opcion V="002"/>
          <Votos V="2216"/>
          <Porc V="062,54"/>
          <Pregunta V="004"/>
        </lin>
        <lin>
          <Opcion V="001"/>
          <Votos V="1814"/>
          <Porc V="047,59"/>
          <Pregunta V="005"/>
        </lin>
        <lin>
          <Opcion V="002"/>
          <Votos V="1997"/>
          <Porc V="052,40"/>
          <Pregunta V="005"/>
        </lin>
        <lin>
          <Opcion V="001"/>
          <Votos V="1825"/>
          <Porc V="044,68"/>
          <Pregunta V="006"/>
        </lin>
        <lin>
          <Opcion V="002"/>
          <Votos V="2259"/>
          <Porc V="055,31"/>
          <Pregunta V="006"/>
        </lin>
        <lin>
          <Opcion V="001"/>
          <Votos V="2457"/>
          <Porc V="056,39"/>
          <Pregunta V="007"/>
        </lin>
        <lin>
          <Opcion V="002"/>
          <Votos V="1900"/>
          <Porc V="043,60"/>
          <Pregunta V="007"/>
        </lin>
      </Detalle_Opcion>
    </lin>
  </Detalle_Circunscripcion>
</Boletin>
</Boletin_Consolidado>