<Boletin_Consolidado><Boletin>
  <Numero V="0008"/>
  <Boletin_Departamental V="0012"/>
  <Tipo_Boletin V="DEPARTAMENTAL"/>
  <Desc_Corporacion V="CONSULTA POPULAR"/>
  <Departamento V="07"/>
  <Desc_Departamento V="BOYACA"/>
  <Municipio V="265"/>
  <Desc_Municipio V="SIACHOQUE"/>
  <Dia V="21"/>
  <Mes V="8"/>
  <Anio V="2018"/>
  <Hora V="14"/>
  <Minuto V="15"/>
  <Mesas_Instaladas V="17"/>
  <Mesas_Informadas V="17"/>
  <Porc_Mesas_Informadas V="100,00"/>
  <Potencial_Sufragantes V="6212"/>
  <Detalle_Circunscripcion>
    <lin>
      <Circunscripcion V="0"/>
      <Desc_Circunscripcion V="NACIONAL"/>
      <Detalle_Pregunta>
        <lin>
          <Pregunta V="001"/>
          <Total_Sufragantes V="6212"/>
          <Porc_Sufragantes V="100,00"/>
          <Abstencion V="0"/>
          <Porc_Abstencion V="000,00"/>
          <Votos_Validos V="2906"/>
          <Porc_Votos_Validos V="046,78"/>
          <Votos_No_Marcados V="1710"/>
          <Porc_Votos_No_Marcados V="027,52"/>
          <Votos_Nulos V="1596"/>
          <Porc_Votos_Nulos V="025,69"/>
        </lin>
        <lin>
          <Pregunta V="002"/>
          <Total_Sufragantes V="6212"/>
          <Porc_Sufragantes V="100,00"/>
          <Abstencion V="0"/>
          <Porc_Abstencion V="000,00"/>
          <Votos_Validos V="3055"/>
          <Porc_Votos_Validos V="049,17"/>
          <Votos_No_Marcados V="1797"/>
          <Porc_Votos_No_Marcados V="028,92"/>
          <Votos_Nulos V="1360"/>
          <Porc_Votos_Nulos V="021,89"/>
        </lin>
        <lin>
          <Pregunta V="003"/>
          <Total_Sufragantes V="6212"/>
          <Porc_Sufragantes V="100,00"/>
          <Abstencion V="0"/>
          <Porc_Abstencion V="000,00"/>
          <Votos_Validos V="3054"/>
          <Porc_Votos_Validos V="049,16"/>
          <Votos_No_Marcados V="1490"/>
          <Porc_Votos_No_Marcados V="023,98"/>
          <Votos_Nulos V="1668"/>
          <Porc_Votos_Nulos V="026,85"/>
        </lin>
        <lin>
          <Pregunta V="004"/>
          <Total_Sufragantes V="6212"/>
          <Porc_Sufragantes V="100,00"/>
          <Abstencion V="0"/>
          <Porc_Abstencion V="000,00"/>
          <Votos_Validos V="3159"/>
          <Porc_Votos_Validos V="050,85"/>
          <Votos_No_Marcados V="1629"/>
          <Porc_Votos_No_Marcados V="026,22"/>
          <Votos_Nulos V="1424"/>
          <Porc_Votos_Nulos V="022,92"/>
        </lin>
        <lin>
          <Pregunta V="005"/>
          <Total_Sufragantes V="6212"/>
          <Porc_Sufragantes V="100,00"/>
          <Abstencion V="0"/>
          <Porc_Abstencion V="000,00"/>
          <Votos_Validos V="3180"/>
          <Porc_Votos_Validos V="051,19"/>
          <Votos_No_Marcados V="1389"/>
          <Porc_Votos_No_Marcados V="022,35"/>
          <Votos_Nulos V="1643"/>
          <Porc_Votos_Nulos V="026,44"/>
        </lin>
        <lin>
          <Pregunta V="006"/>
          <Total_Sufragantes V="6212"/>
          <Porc_Sufragantes V="100,00"/>
          <Abstencion V="0"/>
          <Porc_Abstencion V="000,00"/>
          <Votos_Validos V="3094"/>
          <Porc_Votos_Validos V="049,80"/>
          <Votos_No_Marcados V="1583"/>
          <Porc_Votos_No_Marcados V="025,48"/>
          <Votos_Nulos V="1535"/>
          <Porc_Votos_Nulos V="024,71"/>
        </lin>
        <lin>
          <Pregunta V="007"/>
          <Total_Sufragantes V="6212"/>
          <Porc_Sufragantes V="100,00"/>
          <Abstencion V="0"/>
          <Porc_Abstencion V="000,00"/>
          <Votos_Validos V="2993"/>
          <Porc_Votos_Validos V="048,18"/>
          <Votos_No_Marcados V="1479"/>
          <Porc_Votos_No_Marcados V="023,80"/>
          <Votos_Nulos V="1740"/>
          <Porc_Votos_Nulos V="028,01"/>
        </lin>
      </Detalle_Pregunta>
      <Detalle_Opcion>
        <lin>
          <Opcion V="001"/>
          <Votos V="1097"/>
          <Porc V="037,74"/>
          <Pregunta V="001"/>
        </lin>
        <lin>
          <Opcion V="002"/>
          <Votos V="1809"/>
          <Porc V="062,25"/>
          <Pregunta V="001"/>
        </lin>
        <lin>
          <Opcion V="001"/>
          <Votos V="1615"/>
          <Porc V="052,86"/>
          <Pregunta V="002"/>
        </lin>
        <lin>
          <Opcion V="002"/>
          <Votos V="1440"/>
          <Porc V="047,13"/>
          <Pregunta V="002"/>
        </lin>
        <lin>
          <Opcion V="001"/>
          <Votos V="1288"/>
          <Porc V="042,17"/>
          <Pregunta V="003"/>
        </lin>
        <lin>
          <Opcion V="002"/>
          <Votos V="1766"/>
          <Porc V="057,82"/>
          <Pregunta V="003"/>
        </lin>
        <lin>
          <Opcion V="001"/>
          <Votos V="1387"/>
          <Porc V="043,90"/>
          <Pregunta V="004"/>
        </lin>
        <lin>
          <Opcion V="002"/>
          <Votos V="1772"/>
          <Porc V="056,09"/>
          <Pregunta V="004"/>
        </lin>
        <lin>
          <Opcion V="001"/>
          <Votos V="1902"/>
          <Porc V="059,81"/>
          <Pregunta V="005"/>
        </lin>
        <lin>
          <Opcion V="002"/>
          <Votos V="1278"/>
          <Porc V="040,18"/>
          <Pregunta V="005"/>
        </lin>
        <lin>
          <Opcion V="001"/>
          <Votos V="1370"/>
          <Porc V="044,27"/>
          <Pregunta V="006"/>
        </lin>
        <lin>
          <Opcion V="002"/>
          <Votos V="1724"/>
          <Porc V="055,72"/>
          <Pregunta V="006"/>
        </lin>
        <lin>
          <Opcion V="001"/>
          <Votos V="1373"/>
          <Porc V="045,87"/>
          <Pregunta V="007"/>
        </lin>
        <lin>
          <Opcion V="002"/>
          <Votos V="1620"/>
          <Porc V="054,12"/>
          <Pregunta V="007"/>
        </lin>
      </Detalle_Opcion>
    </lin>
  </Detalle_Circunscripcion>
</Boletin>
</Boletin_Consolidado>