<Boletin_Consolidado><Boletin>
  <Numero V="0008"/>
  <Boletin_Departamental V="0010"/>
  <Tipo_Boletin V="DEPARTAMENTAL"/>
  <Desc_Corporacion V="CONSULTA POPULAR"/>
  <Departamento V="07"/>
  <Desc_Departamento V="BOYACA"/>
  <Municipio V="137"/>
  <Desc_Municipio V="LA VICTORIA"/>
  <Dia V="21"/>
  <Mes V="8"/>
  <Anio V="2018"/>
  <Hora V="14"/>
  <Minuto V="15"/>
  <Mesas_Instaladas V="6"/>
  <Mesas_Informadas V="6"/>
  <Porc_Mesas_Informadas V="100,00"/>
  <Potencial_Sufragantes V="1684"/>
  <Detalle_Circunscripcion>
    <lin>
      <Circunscripcion V="0"/>
      <Desc_Circunscripcion V="NACIONAL"/>
      <Detalle_Pregunta>
        <lin>
          <Pregunta V="001"/>
          <Total_Sufragantes V="1684"/>
          <Porc_Sufragantes V="100,00"/>
          <Abstencion V="0"/>
          <Porc_Abstencion V="000,00"/>
          <Votos_Validos V="875"/>
          <Porc_Votos_Validos V="051,95"/>
          <Votos_No_Marcados V="419"/>
          <Porc_Votos_No_Marcados V="024,88"/>
          <Votos_Nulos V="390"/>
          <Porc_Votos_Nulos V="023,15"/>
        </lin>
        <lin>
          <Pregunta V="002"/>
          <Total_Sufragantes V="1684"/>
          <Porc_Sufragantes V="100,00"/>
          <Abstencion V="0"/>
          <Porc_Abstencion V="000,00"/>
          <Votos_Validos V="722"/>
          <Porc_Votos_Validos V="042,87"/>
          <Votos_No_Marcados V="514"/>
          <Porc_Votos_No_Marcados V="030,52"/>
          <Votos_Nulos V="448"/>
          <Porc_Votos_Nulos V="026,60"/>
        </lin>
        <lin>
          <Pregunta V="003"/>
          <Total_Sufragantes V="1684"/>
          <Porc_Sufragantes V="100,00"/>
          <Abstencion V="0"/>
          <Porc_Abstencion V="000,00"/>
          <Votos_Validos V="766"/>
          <Porc_Votos_Validos V="045,48"/>
          <Votos_No_Marcados V="351"/>
          <Porc_Votos_No_Marcados V="020,84"/>
          <Votos_Nulos V="567"/>
          <Porc_Votos_Nulos V="033,66"/>
        </lin>
        <lin>
          <Pregunta V="004"/>
          <Total_Sufragantes V="1684"/>
          <Porc_Sufragantes V="100,00"/>
          <Abstencion V="0"/>
          <Porc_Abstencion V="000,00"/>
          <Votos_Validos V="847"/>
          <Porc_Votos_Validos V="050,29"/>
          <Votos_No_Marcados V="433"/>
          <Porc_Votos_No_Marcados V="025,71"/>
          <Votos_Nulos V="404"/>
          <Porc_Votos_Nulos V="023,99"/>
        </lin>
        <lin>
          <Pregunta V="005"/>
          <Total_Sufragantes V="1684"/>
          <Porc_Sufragantes V="100,00"/>
          <Abstencion V="0"/>
          <Porc_Abstencion V="000,00"/>
          <Votos_Validos V="740"/>
          <Porc_Votos_Validos V="043,94"/>
          <Votos_No_Marcados V="368"/>
          <Porc_Votos_No_Marcados V="021,85"/>
          <Votos_Nulos V="576"/>
          <Porc_Votos_Nulos V="034,20"/>
        </lin>
        <lin>
          <Pregunta V="006"/>
          <Total_Sufragantes V="1684"/>
          <Porc_Sufragantes V="100,00"/>
          <Abstencion V="0"/>
          <Porc_Abstencion V="000,00"/>
          <Votos_Validos V="860"/>
          <Porc_Votos_Validos V="051,06"/>
          <Votos_No_Marcados V="337"/>
          <Porc_Votos_No_Marcados V="020,01"/>
          <Votos_Nulos V="487"/>
          <Porc_Votos_Nulos V="028,91"/>
        </lin>
        <lin>
          <Pregunta V="007"/>
          <Total_Sufragantes V="1684"/>
          <Porc_Sufragantes V="100,00"/>
          <Abstencion V="0"/>
          <Porc_Abstencion V="000,00"/>
          <Votos_Validos V="1034"/>
          <Porc_Votos_Validos V="061,40"/>
          <Votos_No_Marcados V="269"/>
          <Porc_Votos_No_Marcados V="015,97"/>
          <Votos_Nulos V="381"/>
          <Porc_Votos_Nulos V="022,62"/>
        </lin>
      </Detalle_Pregunta>
      <Detalle_Opcion>
        <lin>
          <Opcion V="001"/>
          <Votos V="515"/>
          <Porc V="058,85"/>
          <Pregunta V="001"/>
        </lin>
        <lin>
          <Opcion V="002"/>
          <Votos V="360"/>
          <Porc V="041,14"/>
          <Pregunta V="001"/>
        </lin>
        <lin>
          <Opcion V="001"/>
          <Votos V="233"/>
          <Porc V="032,27"/>
          <Pregunta V="002"/>
        </lin>
        <lin>
          <Opcion V="002"/>
          <Votos V="489"/>
          <Porc V="067,72"/>
          <Pregunta V="002"/>
        </lin>
        <lin>
          <Opcion V="001"/>
          <Votos V="396"/>
          <Porc V="051,69"/>
          <Pregunta V="003"/>
        </lin>
        <lin>
          <Opcion V="002"/>
          <Votos V="370"/>
          <Porc V="048,30"/>
          <Pregunta V="003"/>
        </lin>
        <lin>
          <Opcion V="001"/>
          <Votos V="366"/>
          <Porc V="043,21"/>
          <Pregunta V="004"/>
        </lin>
        <lin>
          <Opcion V="002"/>
          <Votos V="481"/>
          <Porc V="056,78"/>
          <Pregunta V="004"/>
        </lin>
        <lin>
          <Opcion V="001"/>
          <Votos V="382"/>
          <Porc V="051,62"/>
          <Pregunta V="005"/>
        </lin>
        <lin>
          <Opcion V="002"/>
          <Votos V="358"/>
          <Porc V="048,37"/>
          <Pregunta V="005"/>
        </lin>
        <lin>
          <Opcion V="001"/>
          <Votos V="444"/>
          <Porc V="051,62"/>
          <Pregunta V="006"/>
        </lin>
        <lin>
          <Opcion V="002"/>
          <Votos V="416"/>
          <Porc V="048,37"/>
          <Pregunta V="006"/>
        </lin>
        <lin>
          <Opcion V="001"/>
          <Votos V="576"/>
          <Porc V="055,70"/>
          <Pregunta V="007"/>
        </lin>
        <lin>
          <Opcion V="002"/>
          <Votos V="458"/>
          <Porc V="044,29"/>
          <Pregunta V="007"/>
        </lin>
      </Detalle_Opcion>
    </lin>
  </Detalle_Circunscripcion>
</Boletin>
</Boletin_Consolidado>