<Boletin_Consolidado><Boletin>
  <Numero V="0008"/>
  <Boletin_Departamental V="0012"/>
  <Tipo_Boletin V="DEPARTAMENTAL"/>
  <Desc_Corporacion V="CONSULTA POPULAR"/>
  <Departamento V="09"/>
  <Desc_Departamento V="CALDAS"/>
  <Municipio V="085"/>
  <Desc_Municipio V="PENSILVANIA"/>
  <Dia V="21"/>
  <Mes V="8"/>
  <Anio V="2018"/>
  <Hora V="14"/>
  <Minuto V="15"/>
  <Mesas_Instaladas V="48"/>
  <Mesas_Informadas V="48"/>
  <Porc_Mesas_Informadas V="100,00"/>
  <Potencial_Sufragantes V="16291"/>
  <Detalle_Circunscripcion>
    <lin>
      <Circunscripcion V="0"/>
      <Desc_Circunscripcion V="NACIONAL"/>
      <Detalle_Pregunta>
        <lin>
          <Pregunta V="001"/>
          <Total_Sufragantes V="16291"/>
          <Porc_Sufragantes V="100,00"/>
          <Abstencion V="0"/>
          <Porc_Abstencion V="000,00"/>
          <Votos_Validos V="7059"/>
          <Porc_Votos_Validos V="043,33"/>
          <Votos_No_Marcados V="5481"/>
          <Porc_Votos_No_Marcados V="033,64"/>
          <Votos_Nulos V="3751"/>
          <Porc_Votos_Nulos V="023,02"/>
        </lin>
        <lin>
          <Pregunta V="002"/>
          <Total_Sufragantes V="16291"/>
          <Porc_Sufragantes V="100,00"/>
          <Abstencion V="0"/>
          <Porc_Abstencion V="000,00"/>
          <Votos_Validos V="7962"/>
          <Porc_Votos_Validos V="048,87"/>
          <Votos_No_Marcados V="4122"/>
          <Porc_Votos_No_Marcados V="025,30"/>
          <Votos_Nulos V="4207"/>
          <Porc_Votos_Nulos V="025,82"/>
        </lin>
        <lin>
          <Pregunta V="003"/>
          <Total_Sufragantes V="16291"/>
          <Porc_Sufragantes V="100,00"/>
          <Abstencion V="0"/>
          <Porc_Abstencion V="000,00"/>
          <Votos_Validos V="8021"/>
          <Porc_Votos_Validos V="049,23"/>
          <Votos_No_Marcados V="4150"/>
          <Porc_Votos_No_Marcados V="025,47"/>
          <Votos_Nulos V="4120"/>
          <Porc_Votos_Nulos V="025,29"/>
        </lin>
        <lin>
          <Pregunta V="004"/>
          <Total_Sufragantes V="16291"/>
          <Porc_Sufragantes V="100,00"/>
          <Abstencion V="0"/>
          <Porc_Abstencion V="000,00"/>
          <Votos_Validos V="8557"/>
          <Porc_Votos_Validos V="052,52"/>
          <Votos_No_Marcados V="3438"/>
          <Porc_Votos_No_Marcados V="021,10"/>
          <Votos_Nulos V="4296"/>
          <Porc_Votos_Nulos V="026,37"/>
        </lin>
        <lin>
          <Pregunta V="005"/>
          <Total_Sufragantes V="16291"/>
          <Porc_Sufragantes V="100,00"/>
          <Abstencion V="0"/>
          <Porc_Abstencion V="000,00"/>
          <Votos_Validos V="7670"/>
          <Porc_Votos_Validos V="047,08"/>
          <Votos_No_Marcados V="4644"/>
          <Porc_Votos_No_Marcados V="028,50"/>
          <Votos_Nulos V="3977"/>
          <Porc_Votos_Nulos V="024,41"/>
        </lin>
        <lin>
          <Pregunta V="006"/>
          <Total_Sufragantes V="16291"/>
          <Porc_Sufragantes V="100,00"/>
          <Abstencion V="0"/>
          <Porc_Abstencion V="000,00"/>
          <Votos_Validos V="7860"/>
          <Porc_Votos_Validos V="048,24"/>
          <Votos_No_Marcados V="3738"/>
          <Porc_Votos_No_Marcados V="022,94"/>
          <Votos_Nulos V="4693"/>
          <Porc_Votos_Nulos V="028,80"/>
        </lin>
        <lin>
          <Pregunta V="007"/>
          <Total_Sufragantes V="16291"/>
          <Porc_Sufragantes V="100,00"/>
          <Abstencion V="0"/>
          <Porc_Abstencion V="000,00"/>
          <Votos_Validos V="8007"/>
          <Porc_Votos_Validos V="049,14"/>
          <Votos_No_Marcados V="4255"/>
          <Porc_Votos_No_Marcados V="026,11"/>
          <Votos_Nulos V="4029"/>
          <Porc_Votos_Nulos V="024,73"/>
        </lin>
      </Detalle_Pregunta>
      <Detalle_Opcion>
        <lin>
          <Opcion V="001"/>
          <Votos V="3739"/>
          <Porc V="052,96"/>
          <Pregunta V="001"/>
        </lin>
        <lin>
          <Opcion V="002"/>
          <Votos V="3320"/>
          <Porc V="047,03"/>
          <Pregunta V="001"/>
        </lin>
        <lin>
          <Opcion V="001"/>
          <Votos V="4553"/>
          <Porc V="057,18"/>
          <Pregunta V="002"/>
        </lin>
        <lin>
          <Opcion V="002"/>
          <Votos V="3409"/>
          <Porc V="042,81"/>
          <Pregunta V="002"/>
        </lin>
        <lin>
          <Opcion V="001"/>
          <Votos V="4181"/>
          <Porc V="052,12"/>
          <Pregunta V="003"/>
        </lin>
        <lin>
          <Opcion V="002"/>
          <Votos V="3840"/>
          <Porc V="047,87"/>
          <Pregunta V="003"/>
        </lin>
        <lin>
          <Opcion V="001"/>
          <Votos V="3957"/>
          <Porc V="046,24"/>
          <Pregunta V="004"/>
        </lin>
        <lin>
          <Opcion V="002"/>
          <Votos V="4600"/>
          <Porc V="053,75"/>
          <Pregunta V="004"/>
        </lin>
        <lin>
          <Opcion V="001"/>
          <Votos V="3871"/>
          <Porc V="050,46"/>
          <Pregunta V="005"/>
        </lin>
        <lin>
          <Opcion V="002"/>
          <Votos V="3799"/>
          <Porc V="049,53"/>
          <Pregunta V="005"/>
        </lin>
        <lin>
          <Opcion V="001"/>
          <Votos V="3869"/>
          <Porc V="049,22"/>
          <Pregunta V="006"/>
        </lin>
        <lin>
          <Opcion V="002"/>
          <Votos V="3991"/>
          <Porc V="050,77"/>
          <Pregunta V="006"/>
        </lin>
        <lin>
          <Opcion V="001"/>
          <Votos V="3781"/>
          <Porc V="047,22"/>
          <Pregunta V="007"/>
        </lin>
        <lin>
          <Opcion V="002"/>
          <Votos V="4226"/>
          <Porc V="052,77"/>
          <Pregunta V="007"/>
        </lin>
      </Detalle_Opcion>
    </lin>
  </Detalle_Circunscripcion>
</Boletin>
</Boletin_Consolidado>