<Boletin_Consolidado><Boletin>
  <Numero V="0008"/>
  <Boletin_Departamental V="0012"/>
  <Tipo_Boletin V="DEPARTAMENTAL"/>
  <Desc_Corporacion V="CONSULTA POPULAR"/>
  <Departamento V="12"/>
  <Desc_Departamento V="CESAR"/>
  <Municipio V="450"/>
  <Desc_Municipio V="GAMARRA"/>
  <Dia V="21"/>
  <Mes V="8"/>
  <Anio V="2018"/>
  <Hora V="14"/>
  <Minuto V="15"/>
  <Mesas_Instaladas V="31"/>
  <Mesas_Informadas V="31"/>
  <Porc_Mesas_Informadas V="100,00"/>
  <Potencial_Sufragantes V="10481"/>
  <Detalle_Circunscripcion>
    <lin>
      <Circunscripcion V="0"/>
      <Desc_Circunscripcion V="NACIONAL"/>
      <Detalle_Pregunta>
        <lin>
          <Pregunta V="001"/>
          <Total_Sufragantes V="10481"/>
          <Porc_Sufragantes V="100,00"/>
          <Abstencion V="0"/>
          <Porc_Abstencion V="000,00"/>
          <Votos_Validos V="5496"/>
          <Porc_Votos_Validos V="052,43"/>
          <Votos_No_Marcados V="2872"/>
          <Porc_Votos_No_Marcados V="027,40"/>
          <Votos_Nulos V="2113"/>
          <Porc_Votos_Nulos V="020,16"/>
        </lin>
        <lin>
          <Pregunta V="002"/>
          <Total_Sufragantes V="10481"/>
          <Porc_Sufragantes V="100,00"/>
          <Abstencion V="0"/>
          <Porc_Abstencion V="000,00"/>
          <Votos_Validos V="5345"/>
          <Porc_Votos_Validos V="050,99"/>
          <Votos_No_Marcados V="2454"/>
          <Porc_Votos_No_Marcados V="023,41"/>
          <Votos_Nulos V="2682"/>
          <Porc_Votos_Nulos V="025,58"/>
        </lin>
        <lin>
          <Pregunta V="003"/>
          <Total_Sufragantes V="10481"/>
          <Porc_Sufragantes V="100,00"/>
          <Abstencion V="0"/>
          <Porc_Abstencion V="000,00"/>
          <Votos_Validos V="5212"/>
          <Porc_Votos_Validos V="049,72"/>
          <Votos_No_Marcados V="2742"/>
          <Porc_Votos_No_Marcados V="026,16"/>
          <Votos_Nulos V="2527"/>
          <Porc_Votos_Nulos V="024,11"/>
        </lin>
        <lin>
          <Pregunta V="004"/>
          <Total_Sufragantes V="10481"/>
          <Porc_Sufragantes V="100,00"/>
          <Abstencion V="0"/>
          <Porc_Abstencion V="000,00"/>
          <Votos_Validos V="5550"/>
          <Porc_Votos_Validos V="052,95"/>
          <Votos_No_Marcados V="2511"/>
          <Porc_Votos_No_Marcados V="023,95"/>
          <Votos_Nulos V="2420"/>
          <Porc_Votos_Nulos V="023,08"/>
        </lin>
        <lin>
          <Pregunta V="005"/>
          <Total_Sufragantes V="10481"/>
          <Porc_Sufragantes V="100,00"/>
          <Abstencion V="0"/>
          <Porc_Abstencion V="000,00"/>
          <Votos_Validos V="5662"/>
          <Porc_Votos_Validos V="054,02"/>
          <Votos_No_Marcados V="1941"/>
          <Porc_Votos_No_Marcados V="018,51"/>
          <Votos_Nulos V="2878"/>
          <Porc_Votos_Nulos V="027,45"/>
        </lin>
        <lin>
          <Pregunta V="006"/>
          <Total_Sufragantes V="10481"/>
          <Porc_Sufragantes V="100,00"/>
          <Abstencion V="0"/>
          <Porc_Abstencion V="000,00"/>
          <Votos_Validos V="4993"/>
          <Porc_Votos_Validos V="047,63"/>
          <Votos_No_Marcados V="2865"/>
          <Porc_Votos_No_Marcados V="027,33"/>
          <Votos_Nulos V="2623"/>
          <Porc_Votos_Nulos V="025,02"/>
        </lin>
        <lin>
          <Pregunta V="007"/>
          <Total_Sufragantes V="10481"/>
          <Porc_Sufragantes V="100,00"/>
          <Abstencion V="0"/>
          <Porc_Abstencion V="000,00"/>
          <Votos_Validos V="5199"/>
          <Porc_Votos_Validos V="049,60"/>
          <Votos_No_Marcados V="2115"/>
          <Porc_Votos_No_Marcados V="020,17"/>
          <Votos_Nulos V="3167"/>
          <Porc_Votos_Nulos V="030,21"/>
        </lin>
      </Detalle_Pregunta>
      <Detalle_Opcion>
        <lin>
          <Opcion V="001"/>
          <Votos V="3136"/>
          <Porc V="057,05"/>
          <Pregunta V="001"/>
        </lin>
        <lin>
          <Opcion V="002"/>
          <Votos V="2360"/>
          <Porc V="042,94"/>
          <Pregunta V="001"/>
        </lin>
        <lin>
          <Opcion V="001"/>
          <Votos V="2783"/>
          <Porc V="052,06"/>
          <Pregunta V="002"/>
        </lin>
        <lin>
          <Opcion V="002"/>
          <Votos V="2562"/>
          <Porc V="047,93"/>
          <Pregunta V="002"/>
        </lin>
        <lin>
          <Opcion V="001"/>
          <Votos V="2430"/>
          <Porc V="046,62"/>
          <Pregunta V="003"/>
        </lin>
        <lin>
          <Opcion V="002"/>
          <Votos V="2782"/>
          <Porc V="053,37"/>
          <Pregunta V="003"/>
        </lin>
        <lin>
          <Opcion V="001"/>
          <Votos V="3039"/>
          <Porc V="054,75"/>
          <Pregunta V="004"/>
        </lin>
        <lin>
          <Opcion V="002"/>
          <Votos V="2511"/>
          <Porc V="045,24"/>
          <Pregunta V="004"/>
        </lin>
        <lin>
          <Opcion V="001"/>
          <Votos V="2585"/>
          <Porc V="045,65"/>
          <Pregunta V="005"/>
        </lin>
        <lin>
          <Opcion V="002"/>
          <Votos V="3077"/>
          <Porc V="054,34"/>
          <Pregunta V="005"/>
        </lin>
        <lin>
          <Opcion V="001"/>
          <Votos V="2575"/>
          <Porc V="051,57"/>
          <Pregunta V="006"/>
        </lin>
        <lin>
          <Opcion V="002"/>
          <Votos V="2418"/>
          <Porc V="048,42"/>
          <Pregunta V="006"/>
        </lin>
        <lin>
          <Opcion V="001"/>
          <Votos V="2731"/>
          <Porc V="052,52"/>
          <Pregunta V="007"/>
        </lin>
        <lin>
          <Opcion V="002"/>
          <Votos V="2468"/>
          <Porc V="047,47"/>
          <Pregunta V="007"/>
        </lin>
      </Detalle_Opcion>
    </lin>
  </Detalle_Circunscripcion>
</Boletin>
</Boletin_Consolidado>