<Boletin_Consolidado><Boletin>
  <Numero V="0008"/>
  <Boletin_Departamental V="0012"/>
  <Tipo_Boletin V="DEPARTAMENTAL"/>
  <Desc_Corporacion V="CONSULTA POPULAR"/>
  <Departamento V="07"/>
  <Desc_Departamento V="BOYACA"/>
  <Municipio V="202"/>
  <Desc_Municipio V="PESCA"/>
  <Dia V="21"/>
  <Mes V="8"/>
  <Anio V="2018"/>
  <Hora V="14"/>
  <Minuto V="15"/>
  <Mesas_Instaladas V="18"/>
  <Mesas_Informadas V="18"/>
  <Porc_Mesas_Informadas V="100,00"/>
  <Potencial_Sufragantes V="6376"/>
  <Detalle_Circunscripcion>
    <lin>
      <Circunscripcion V="0"/>
      <Desc_Circunscripcion V="NACIONAL"/>
      <Detalle_Pregunta>
        <lin>
          <Pregunta V="001"/>
          <Total_Sufragantes V="6376"/>
          <Porc_Sufragantes V="100,00"/>
          <Abstencion V="0"/>
          <Porc_Abstencion V="000,00"/>
          <Votos_Validos V="2988"/>
          <Porc_Votos_Validos V="046,86"/>
          <Votos_No_Marcados V="1966"/>
          <Porc_Votos_No_Marcados V="030,83"/>
          <Votos_Nulos V="1422"/>
          <Porc_Votos_Nulos V="022,30"/>
        </lin>
        <lin>
          <Pregunta V="002"/>
          <Total_Sufragantes V="6376"/>
          <Porc_Sufragantes V="100,00"/>
          <Abstencion V="0"/>
          <Porc_Abstencion V="000,00"/>
          <Votos_Validos V="3127"/>
          <Porc_Votos_Validos V="049,04"/>
          <Votos_No_Marcados V="1540"/>
          <Porc_Votos_No_Marcados V="024,15"/>
          <Votos_Nulos V="1709"/>
          <Porc_Votos_Nulos V="026,80"/>
        </lin>
        <lin>
          <Pregunta V="003"/>
          <Total_Sufragantes V="6376"/>
          <Porc_Sufragantes V="100,00"/>
          <Abstencion V="0"/>
          <Porc_Abstencion V="000,00"/>
          <Votos_Validos V="3280"/>
          <Porc_Votos_Validos V="051,44"/>
          <Votos_No_Marcados V="1674"/>
          <Porc_Votos_No_Marcados V="026,25"/>
          <Votos_Nulos V="1422"/>
          <Porc_Votos_Nulos V="022,30"/>
        </lin>
        <lin>
          <Pregunta V="004"/>
          <Total_Sufragantes V="6376"/>
          <Porc_Sufragantes V="100,00"/>
          <Abstencion V="0"/>
          <Porc_Abstencion V="000,00"/>
          <Votos_Validos V="3082"/>
          <Porc_Votos_Validos V="048,33"/>
          <Votos_No_Marcados V="1344"/>
          <Porc_Votos_No_Marcados V="021,07"/>
          <Votos_Nulos V="1950"/>
          <Porc_Votos_Nulos V="030,58"/>
        </lin>
        <lin>
          <Pregunta V="005"/>
          <Total_Sufragantes V="6376"/>
          <Porc_Sufragantes V="100,00"/>
          <Abstencion V="0"/>
          <Porc_Abstencion V="000,00"/>
          <Votos_Validos V="3388"/>
          <Porc_Votos_Validos V="053,13"/>
          <Votos_No_Marcados V="1348"/>
          <Porc_Votos_No_Marcados V="021,14"/>
          <Votos_Nulos V="1640"/>
          <Porc_Votos_Nulos V="025,72"/>
        </lin>
        <lin>
          <Pregunta V="006"/>
          <Total_Sufragantes V="6376"/>
          <Porc_Sufragantes V="100,00"/>
          <Abstencion V="0"/>
          <Porc_Abstencion V="000,00"/>
          <Votos_Validos V="2984"/>
          <Porc_Votos_Validos V="046,80"/>
          <Votos_No_Marcados V="2179"/>
          <Porc_Votos_No_Marcados V="034,17"/>
          <Votos_Nulos V="1213"/>
          <Porc_Votos_Nulos V="019,02"/>
        </lin>
        <lin>
          <Pregunta V="007"/>
          <Total_Sufragantes V="6376"/>
          <Porc_Sufragantes V="100,00"/>
          <Abstencion V="0"/>
          <Porc_Abstencion V="000,00"/>
          <Votos_Validos V="2823"/>
          <Porc_Votos_Validos V="044,27"/>
          <Votos_No_Marcados V="1621"/>
          <Porc_Votos_No_Marcados V="025,42"/>
          <Votos_Nulos V="1932"/>
          <Porc_Votos_Nulos V="030,30"/>
        </lin>
      </Detalle_Pregunta>
      <Detalle_Opcion>
        <lin>
          <Opcion V="001"/>
          <Votos V="1720"/>
          <Porc V="057,56"/>
          <Pregunta V="001"/>
        </lin>
        <lin>
          <Opcion V="002"/>
          <Votos V="1268"/>
          <Porc V="042,43"/>
          <Pregunta V="001"/>
        </lin>
        <lin>
          <Opcion V="001"/>
          <Votos V="1459"/>
          <Porc V="046,65"/>
          <Pregunta V="002"/>
        </lin>
        <lin>
          <Opcion V="002"/>
          <Votos V="1668"/>
          <Porc V="053,34"/>
          <Pregunta V="002"/>
        </lin>
        <lin>
          <Opcion V="001"/>
          <Votos V="1597"/>
          <Porc V="048,68"/>
          <Pregunta V="003"/>
        </lin>
        <lin>
          <Opcion V="002"/>
          <Votos V="1683"/>
          <Porc V="051,31"/>
          <Pregunta V="003"/>
        </lin>
        <lin>
          <Opcion V="001"/>
          <Votos V="1066"/>
          <Porc V="034,58"/>
          <Pregunta V="004"/>
        </lin>
        <lin>
          <Opcion V="002"/>
          <Votos V="2016"/>
          <Porc V="065,41"/>
          <Pregunta V="004"/>
        </lin>
        <lin>
          <Opcion V="001"/>
          <Votos V="1930"/>
          <Porc V="056,96"/>
          <Pregunta V="005"/>
        </lin>
        <lin>
          <Opcion V="002"/>
          <Votos V="1458"/>
          <Porc V="043,03"/>
          <Pregunta V="005"/>
        </lin>
        <lin>
          <Opcion V="001"/>
          <Votos V="1455"/>
          <Porc V="048,76"/>
          <Pregunta V="006"/>
        </lin>
        <lin>
          <Opcion V="002"/>
          <Votos V="1529"/>
          <Porc V="051,23"/>
          <Pregunta V="006"/>
        </lin>
        <lin>
          <Opcion V="001"/>
          <Votos V="1055"/>
          <Porc V="037,37"/>
          <Pregunta V="007"/>
        </lin>
        <lin>
          <Opcion V="002"/>
          <Votos V="1768"/>
          <Porc V="062,62"/>
          <Pregunta V="007"/>
        </lin>
      </Detalle_Opcion>
    </lin>
  </Detalle_Circunscripcion>
</Boletin>
</Boletin_Consolidado>