<Boletin_Consolidado><Boletin>
  <Numero V="0008"/>
  <Boletin_Departamental V="0012"/>
  <Tipo_Boletin V="DEPARTAMENTAL"/>
  <Desc_Corporacion V="CONSULTA POPULAR"/>
  <Departamento V="05"/>
  <Desc_Departamento V="BOLIVAR"/>
  <Municipio V="007"/>
  <Desc_Municipio V="ARJONA"/>
  <Dia V="21"/>
  <Mes V="8"/>
  <Anio V="2018"/>
  <Hora V="14"/>
  <Minuto V="15"/>
  <Mesas_Instaladas V="136"/>
  <Mesas_Informadas V="136"/>
  <Porc_Mesas_Informadas V="100,00"/>
  <Potencial_Sufragantes V="53668"/>
  <Detalle_Circunscripcion>
    <lin>
      <Circunscripcion V="0"/>
      <Desc_Circunscripcion V="NACIONAL"/>
      <Detalle_Pregunta>
        <lin>
          <Pregunta V="001"/>
          <Total_Sufragantes V="53668"/>
          <Porc_Sufragantes V="100,00"/>
          <Abstencion V="0"/>
          <Porc_Abstencion V="000,00"/>
          <Votos_Validos V="27089"/>
          <Porc_Votos_Validos V="050,47"/>
          <Votos_No_Marcados V="14202"/>
          <Porc_Votos_No_Marcados V="026,46"/>
          <Votos_Nulos V="12377"/>
          <Porc_Votos_Nulos V="023,06"/>
        </lin>
        <lin>
          <Pregunta V="002"/>
          <Total_Sufragantes V="53668"/>
          <Porc_Sufragantes V="100,00"/>
          <Abstencion V="0"/>
          <Porc_Abstencion V="000,00"/>
          <Votos_Validos V="28121"/>
          <Porc_Votos_Validos V="052,39"/>
          <Votos_No_Marcados V="11171"/>
          <Porc_Votos_No_Marcados V="020,81"/>
          <Votos_Nulos V="14376"/>
          <Porc_Votos_Nulos V="026,78"/>
        </lin>
        <lin>
          <Pregunta V="003"/>
          <Total_Sufragantes V="53668"/>
          <Porc_Sufragantes V="100,00"/>
          <Abstencion V="0"/>
          <Porc_Abstencion V="000,00"/>
          <Votos_Validos V="27909"/>
          <Porc_Votos_Validos V="052,00"/>
          <Votos_No_Marcados V="11868"/>
          <Porc_Votos_No_Marcados V="022,11"/>
          <Votos_Nulos V="13891"/>
          <Porc_Votos_Nulos V="025,88"/>
        </lin>
        <lin>
          <Pregunta V="004"/>
          <Total_Sufragantes V="53668"/>
          <Porc_Sufragantes V="100,00"/>
          <Abstencion V="0"/>
          <Porc_Abstencion V="000,00"/>
          <Votos_Validos V="25167"/>
          <Porc_Votos_Validos V="046,89"/>
          <Votos_No_Marcados V="13424"/>
          <Porc_Votos_No_Marcados V="025,01"/>
          <Votos_Nulos V="15077"/>
          <Porc_Votos_Nulos V="028,09"/>
        </lin>
        <lin>
          <Pregunta V="005"/>
          <Total_Sufragantes V="53668"/>
          <Porc_Sufragantes V="100,00"/>
          <Abstencion V="0"/>
          <Porc_Abstencion V="000,00"/>
          <Votos_Validos V="27370"/>
          <Porc_Votos_Validos V="050,99"/>
          <Votos_No_Marcados V="13917"/>
          <Porc_Votos_No_Marcados V="025,93"/>
          <Votos_Nulos V="12381"/>
          <Porc_Votos_Nulos V="023,06"/>
        </lin>
        <lin>
          <Pregunta V="006"/>
          <Total_Sufragantes V="53668"/>
          <Porc_Sufragantes V="100,00"/>
          <Abstencion V="0"/>
          <Porc_Abstencion V="000,00"/>
          <Votos_Validos V="27543"/>
          <Porc_Votos_Validos V="051,32"/>
          <Votos_No_Marcados V="13191"/>
          <Porc_Votos_No_Marcados V="024,57"/>
          <Votos_Nulos V="12934"/>
          <Porc_Votos_Nulos V="024,10"/>
        </lin>
        <lin>
          <Pregunta V="007"/>
          <Total_Sufragantes V="53668"/>
          <Porc_Sufragantes V="100,00"/>
          <Abstencion V="0"/>
          <Porc_Abstencion V="000,00"/>
          <Votos_Validos V="26792"/>
          <Porc_Votos_Validos V="049,92"/>
          <Votos_No_Marcados V="13134"/>
          <Porc_Votos_No_Marcados V="024,47"/>
          <Votos_Nulos V="13742"/>
          <Porc_Votos_Nulos V="025,60"/>
        </lin>
      </Detalle_Pregunta>
      <Detalle_Opcion>
        <lin>
          <Opcion V="001"/>
          <Votos V="13045"/>
          <Porc V="048,15"/>
          <Pregunta V="001"/>
        </lin>
        <lin>
          <Opcion V="002"/>
          <Votos V="14044"/>
          <Porc V="051,84"/>
          <Pregunta V="001"/>
        </lin>
        <lin>
          <Opcion V="001"/>
          <Votos V="13743"/>
          <Porc V="048,87"/>
          <Pregunta V="002"/>
        </lin>
        <lin>
          <Opcion V="002"/>
          <Votos V="14378"/>
          <Porc V="051,12"/>
          <Pregunta V="002"/>
        </lin>
        <lin>
          <Opcion V="001"/>
          <Votos V="13769"/>
          <Porc V="049,33"/>
          <Pregunta V="003"/>
        </lin>
        <lin>
          <Opcion V="002"/>
          <Votos V="14140"/>
          <Porc V="050,66"/>
          <Pregunta V="003"/>
        </lin>
        <lin>
          <Opcion V="001"/>
          <Votos V="13013"/>
          <Porc V="051,70"/>
          <Pregunta V="004"/>
        </lin>
        <lin>
          <Opcion V="002"/>
          <Votos V="12154"/>
          <Porc V="048,29"/>
          <Pregunta V="004"/>
        </lin>
        <lin>
          <Opcion V="001"/>
          <Votos V="13694"/>
          <Porc V="050,03"/>
          <Pregunta V="005"/>
        </lin>
        <lin>
          <Opcion V="002"/>
          <Votos V="13676"/>
          <Porc V="049,96"/>
          <Pregunta V="005"/>
        </lin>
        <lin>
          <Opcion V="001"/>
          <Votos V="13278"/>
          <Porc V="048,20"/>
          <Pregunta V="006"/>
        </lin>
        <lin>
          <Opcion V="002"/>
          <Votos V="14265"/>
          <Porc V="051,79"/>
          <Pregunta V="006"/>
        </lin>
        <lin>
          <Opcion V="001"/>
          <Votos V="13718"/>
          <Porc V="051,20"/>
          <Pregunta V="007"/>
        </lin>
        <lin>
          <Opcion V="002"/>
          <Votos V="13074"/>
          <Porc V="048,79"/>
          <Pregunta V="007"/>
        </lin>
      </Detalle_Opcion>
    </lin>
  </Detalle_Circunscripcion>
</Boletin>
</Boletin_Consolidado>