<Boletin_Consolidado><Boletin>
  <Numero V="0008"/>
  <Boletin_Departamental V="0012"/>
  <Tipo_Boletin V="DEPARTAMENTAL"/>
  <Desc_Corporacion V="CONSULTA POPULAR"/>
  <Departamento V="15"/>
  <Desc_Departamento V="CUNDINAMARCA"/>
  <Municipio V="103"/>
  <Desc_Municipio V="GACHETA"/>
  <Dia V="21"/>
  <Mes V="8"/>
  <Anio V="2018"/>
  <Hora V="14"/>
  <Minuto V="15"/>
  <Mesas_Instaladas V="25"/>
  <Mesas_Informadas V="25"/>
  <Porc_Mesas_Informadas V="100,00"/>
  <Potencial_Sufragantes V="9094"/>
  <Detalle_Circunscripcion>
    <lin>
      <Circunscripcion V="0"/>
      <Desc_Circunscripcion V="NACIONAL"/>
      <Detalle_Pregunta>
        <lin>
          <Pregunta V="001"/>
          <Total_Sufragantes V="9094"/>
          <Porc_Sufragantes V="100,00"/>
          <Abstencion V="0"/>
          <Porc_Abstencion V="000,00"/>
          <Votos_Validos V="3755"/>
          <Porc_Votos_Validos V="041,29"/>
          <Votos_No_Marcados V="2337"/>
          <Porc_Votos_No_Marcados V="025,69"/>
          <Votos_Nulos V="3002"/>
          <Porc_Votos_Nulos V="033,01"/>
        </lin>
        <lin>
          <Pregunta V="002"/>
          <Total_Sufragantes V="9094"/>
          <Porc_Sufragantes V="100,00"/>
          <Abstencion V="0"/>
          <Porc_Abstencion V="000,00"/>
          <Votos_Validos V="4712"/>
          <Porc_Votos_Validos V="051,81"/>
          <Votos_No_Marcados V="2139"/>
          <Porc_Votos_No_Marcados V="023,52"/>
          <Votos_Nulos V="2243"/>
          <Porc_Votos_Nulos V="024,66"/>
        </lin>
        <lin>
          <Pregunta V="003"/>
          <Total_Sufragantes V="9094"/>
          <Porc_Sufragantes V="100,00"/>
          <Abstencion V="0"/>
          <Porc_Abstencion V="000,00"/>
          <Votos_Validos V="4263"/>
          <Porc_Votos_Validos V="046,87"/>
          <Votos_No_Marcados V="2140"/>
          <Porc_Votos_No_Marcados V="023,53"/>
          <Votos_Nulos V="2691"/>
          <Porc_Votos_Nulos V="029,59"/>
        </lin>
        <lin>
          <Pregunta V="004"/>
          <Total_Sufragantes V="9094"/>
          <Porc_Sufragantes V="100,00"/>
          <Abstencion V="0"/>
          <Porc_Abstencion V="000,00"/>
          <Votos_Validos V="4820"/>
          <Porc_Votos_Validos V="053,00"/>
          <Votos_No_Marcados V="2180"/>
          <Porc_Votos_No_Marcados V="023,97"/>
          <Votos_Nulos V="2094"/>
          <Porc_Votos_Nulos V="023,02"/>
        </lin>
        <lin>
          <Pregunta V="005"/>
          <Total_Sufragantes V="9094"/>
          <Porc_Sufragantes V="100,00"/>
          <Abstencion V="0"/>
          <Porc_Abstencion V="000,00"/>
          <Votos_Validos V="4625"/>
          <Porc_Votos_Validos V="050,85"/>
          <Votos_No_Marcados V="1835"/>
          <Porc_Votos_No_Marcados V="020,17"/>
          <Votos_Nulos V="2634"/>
          <Porc_Votos_Nulos V="028,96"/>
        </lin>
        <lin>
          <Pregunta V="006"/>
          <Total_Sufragantes V="9094"/>
          <Porc_Sufragantes V="100,00"/>
          <Abstencion V="0"/>
          <Porc_Abstencion V="000,00"/>
          <Votos_Validos V="4314"/>
          <Porc_Votos_Validos V="047,43"/>
          <Votos_No_Marcados V="2629"/>
          <Porc_Votos_No_Marcados V="028,90"/>
          <Votos_Nulos V="2151"/>
          <Porc_Votos_Nulos V="023,65"/>
        </lin>
        <lin>
          <Pregunta V="007"/>
          <Total_Sufragantes V="9094"/>
          <Porc_Sufragantes V="100,00"/>
          <Abstencion V="0"/>
          <Porc_Abstencion V="000,00"/>
          <Votos_Validos V="4548"/>
          <Porc_Votos_Validos V="050,01"/>
          <Votos_No_Marcados V="2077"/>
          <Porc_Votos_No_Marcados V="022,83"/>
          <Votos_Nulos V="2469"/>
          <Porc_Votos_Nulos V="027,14"/>
        </lin>
      </Detalle_Pregunta>
      <Detalle_Opcion>
        <lin>
          <Opcion V="001"/>
          <Votos V="2110"/>
          <Porc V="056,19"/>
          <Pregunta V="001"/>
        </lin>
        <lin>
          <Opcion V="002"/>
          <Votos V="1645"/>
          <Porc V="043,80"/>
          <Pregunta V="001"/>
        </lin>
        <lin>
          <Opcion V="001"/>
          <Votos V="2300"/>
          <Porc V="048,81"/>
          <Pregunta V="002"/>
        </lin>
        <lin>
          <Opcion V="002"/>
          <Votos V="2412"/>
          <Porc V="051,18"/>
          <Pregunta V="002"/>
        </lin>
        <lin>
          <Opcion V="001"/>
          <Votos V="2186"/>
          <Porc V="051,27"/>
          <Pregunta V="003"/>
        </lin>
        <lin>
          <Opcion V="002"/>
          <Votos V="2077"/>
          <Porc V="048,72"/>
          <Pregunta V="003"/>
        </lin>
        <lin>
          <Opcion V="001"/>
          <Votos V="2493"/>
          <Porc V="051,72"/>
          <Pregunta V="004"/>
        </lin>
        <lin>
          <Opcion V="002"/>
          <Votos V="2327"/>
          <Porc V="048,27"/>
          <Pregunta V="004"/>
        </lin>
        <lin>
          <Opcion V="001"/>
          <Votos V="1705"/>
          <Porc V="036,86"/>
          <Pregunta V="005"/>
        </lin>
        <lin>
          <Opcion V="002"/>
          <Votos V="2920"/>
          <Porc V="063,13"/>
          <Pregunta V="005"/>
        </lin>
        <lin>
          <Opcion V="001"/>
          <Votos V="2154"/>
          <Porc V="049,93"/>
          <Pregunta V="006"/>
        </lin>
        <lin>
          <Opcion V="002"/>
          <Votos V="2160"/>
          <Porc V="050,06"/>
          <Pregunta V="006"/>
        </lin>
        <lin>
          <Opcion V="001"/>
          <Votos V="2381"/>
          <Porc V="052,35"/>
          <Pregunta V="007"/>
        </lin>
        <lin>
          <Opcion V="002"/>
          <Votos V="2167"/>
          <Porc V="047,64"/>
          <Pregunta V="007"/>
        </lin>
      </Detalle_Opcion>
    </lin>
  </Detalle_Circunscripcion>
</Boletin>
</Boletin_Consolidado>