<Boletin_Consolidado><Boletin>
  <Numero V="0008"/>
  <Boletin_Departamental V="0012"/>
  <Tipo_Boletin V="DEPARTAMENTAL"/>
  <Desc_Corporacion V="CONSULTA POPULAR"/>
  <Departamento V="07"/>
  <Desc_Departamento V="BOYACA"/>
  <Municipio V="181"/>
  <Desc_Municipio V="PAIPA"/>
  <Dia V="21"/>
  <Mes V="8"/>
  <Anio V="2018"/>
  <Hora V="14"/>
  <Minuto V="15"/>
  <Mesas_Instaladas V="71"/>
  <Mesas_Informadas V="71"/>
  <Porc_Mesas_Informadas V="100,00"/>
  <Potencial_Sufragantes V="26136"/>
  <Detalle_Circunscripcion>
    <lin>
      <Circunscripcion V="0"/>
      <Desc_Circunscripcion V="NACIONAL"/>
      <Detalle_Pregunta>
        <lin>
          <Pregunta V="001"/>
          <Total_Sufragantes V="26136"/>
          <Porc_Sufragantes V="100,00"/>
          <Abstencion V="0"/>
          <Porc_Abstencion V="000,00"/>
          <Votos_Validos V="13729"/>
          <Porc_Votos_Validos V="052,52"/>
          <Votos_No_Marcados V="5397"/>
          <Porc_Votos_No_Marcados V="020,64"/>
          <Votos_Nulos V="7010"/>
          <Porc_Votos_Nulos V="026,82"/>
        </lin>
        <lin>
          <Pregunta V="002"/>
          <Total_Sufragantes V="26136"/>
          <Porc_Sufragantes V="100,00"/>
          <Abstencion V="0"/>
          <Porc_Abstencion V="000,00"/>
          <Votos_Validos V="13353"/>
          <Porc_Votos_Validos V="051,09"/>
          <Votos_No_Marcados V="5580"/>
          <Porc_Votos_No_Marcados V="021,34"/>
          <Votos_Nulos V="7203"/>
          <Porc_Votos_Nulos V="027,55"/>
        </lin>
        <lin>
          <Pregunta V="003"/>
          <Total_Sufragantes V="26136"/>
          <Porc_Sufragantes V="100,00"/>
          <Abstencion V="0"/>
          <Porc_Abstencion V="000,00"/>
          <Votos_Validos V="13590"/>
          <Porc_Votos_Validos V="051,99"/>
          <Votos_No_Marcados V="7104"/>
          <Porc_Votos_No_Marcados V="027,18"/>
          <Votos_Nulos V="5442"/>
          <Porc_Votos_Nulos V="020,82"/>
        </lin>
        <lin>
          <Pregunta V="004"/>
          <Total_Sufragantes V="26136"/>
          <Porc_Sufragantes V="100,00"/>
          <Abstencion V="0"/>
          <Porc_Abstencion V="000,00"/>
          <Votos_Validos V="13569"/>
          <Porc_Votos_Validos V="051,91"/>
          <Votos_No_Marcados V="7436"/>
          <Porc_Votos_No_Marcados V="028,45"/>
          <Votos_Nulos V="5131"/>
          <Porc_Votos_Nulos V="019,63"/>
        </lin>
        <lin>
          <Pregunta V="005"/>
          <Total_Sufragantes V="26136"/>
          <Porc_Sufragantes V="100,00"/>
          <Abstencion V="0"/>
          <Porc_Abstencion V="000,00"/>
          <Votos_Validos V="12894"/>
          <Porc_Votos_Validos V="049,33"/>
          <Votos_No_Marcados V="6673"/>
          <Porc_Votos_No_Marcados V="025,53"/>
          <Votos_Nulos V="6569"/>
          <Porc_Votos_Nulos V="025,13"/>
        </lin>
        <lin>
          <Pregunta V="006"/>
          <Total_Sufragantes V="26136"/>
          <Porc_Sufragantes V="100,00"/>
          <Abstencion V="0"/>
          <Porc_Abstencion V="000,00"/>
          <Votos_Validos V="12697"/>
          <Porc_Votos_Validos V="048,58"/>
          <Votos_No_Marcados V="6733"/>
          <Porc_Votos_No_Marcados V="025,76"/>
          <Votos_Nulos V="6706"/>
          <Porc_Votos_Nulos V="025,65"/>
        </lin>
        <lin>
          <Pregunta V="007"/>
          <Total_Sufragantes V="26136"/>
          <Porc_Sufragantes V="100,00"/>
          <Abstencion V="0"/>
          <Porc_Abstencion V="000,00"/>
          <Votos_Validos V="13946"/>
          <Porc_Votos_Validos V="053,35"/>
          <Votos_No_Marcados V="6913"/>
          <Porc_Votos_No_Marcados V="026,45"/>
          <Votos_Nulos V="5277"/>
          <Porc_Votos_Nulos V="020,19"/>
        </lin>
      </Detalle_Pregunta>
      <Detalle_Opcion>
        <lin>
          <Opcion V="001"/>
          <Votos V="6354"/>
          <Porc V="046,28"/>
          <Pregunta V="001"/>
        </lin>
        <lin>
          <Opcion V="002"/>
          <Votos V="7375"/>
          <Porc V="053,71"/>
          <Pregunta V="001"/>
        </lin>
        <lin>
          <Opcion V="001"/>
          <Votos V="6626"/>
          <Porc V="049,62"/>
          <Pregunta V="002"/>
        </lin>
        <lin>
          <Opcion V="002"/>
          <Votos V="6727"/>
          <Porc V="050,37"/>
          <Pregunta V="002"/>
        </lin>
        <lin>
          <Opcion V="001"/>
          <Votos V="6692"/>
          <Porc V="049,24"/>
          <Pregunta V="003"/>
        </lin>
        <lin>
          <Opcion V="002"/>
          <Votos V="6898"/>
          <Porc V="050,75"/>
          <Pregunta V="003"/>
        </lin>
        <lin>
          <Opcion V="001"/>
          <Votos V="6282"/>
          <Porc V="046,29"/>
          <Pregunta V="004"/>
        </lin>
        <lin>
          <Opcion V="002"/>
          <Votos V="7287"/>
          <Porc V="053,70"/>
          <Pregunta V="004"/>
        </lin>
        <lin>
          <Opcion V="001"/>
          <Votos V="6018"/>
          <Porc V="046,67"/>
          <Pregunta V="005"/>
        </lin>
        <lin>
          <Opcion V="002"/>
          <Votos V="6876"/>
          <Porc V="053,32"/>
          <Pregunta V="005"/>
        </lin>
        <lin>
          <Opcion V="001"/>
          <Votos V="6519"/>
          <Porc V="051,34"/>
          <Pregunta V="006"/>
        </lin>
        <lin>
          <Opcion V="002"/>
          <Votos V="6178"/>
          <Porc V="048,65"/>
          <Pregunta V="006"/>
        </lin>
        <lin>
          <Opcion V="001"/>
          <Votos V="7521"/>
          <Porc V="053,92"/>
          <Pregunta V="007"/>
        </lin>
        <lin>
          <Opcion V="002"/>
          <Votos V="6425"/>
          <Porc V="046,07"/>
          <Pregunta V="007"/>
        </lin>
      </Detalle_Opcion>
    </lin>
  </Detalle_Circunscripcion>
</Boletin>
</Boletin_Consolidado>