<Boletin_Consolidado><Boletin>
  <Numero V="0008"/>
  <Boletin_Departamental V="0012"/>
  <Tipo_Boletin V="DEPARTAMENTAL"/>
  <Desc_Corporacion V="CONSULTA POPULAR"/>
  <Departamento V="13"/>
  <Desc_Departamento V="CORDOBA"/>
  <Municipio V="004"/>
  <Desc_Municipio V="AYAPEL"/>
  <Dia V="21"/>
  <Mes V="8"/>
  <Anio V="2018"/>
  <Hora V="14"/>
  <Minuto V="15"/>
  <Mesas_Instaladas V="93"/>
  <Mesas_Informadas V="93"/>
  <Porc_Mesas_Informadas V="100,00"/>
  <Potencial_Sufragantes V="32664"/>
  <Detalle_Circunscripcion>
    <lin>
      <Circunscripcion V="0"/>
      <Desc_Circunscripcion V="NACIONAL"/>
      <Detalle_Pregunta>
        <lin>
          <Pregunta V="001"/>
          <Total_Sufragantes V="32664"/>
          <Porc_Sufragantes V="100,00"/>
          <Abstencion V="0"/>
          <Porc_Abstencion V="000,00"/>
          <Votos_Validos V="17173"/>
          <Porc_Votos_Validos V="052,57"/>
          <Votos_No_Marcados V="6782"/>
          <Porc_Votos_No_Marcados V="020,76"/>
          <Votos_Nulos V="8709"/>
          <Porc_Votos_Nulos V="026,66"/>
        </lin>
        <lin>
          <Pregunta V="002"/>
          <Total_Sufragantes V="32664"/>
          <Porc_Sufragantes V="100,00"/>
          <Abstencion V="0"/>
          <Porc_Abstencion V="000,00"/>
          <Votos_Validos V="16704"/>
          <Porc_Votos_Validos V="051,13"/>
          <Votos_No_Marcados V="8973"/>
          <Porc_Votos_No_Marcados V="027,47"/>
          <Votos_Nulos V="6987"/>
          <Porc_Votos_Nulos V="021,39"/>
        </lin>
        <lin>
          <Pregunta V="003"/>
          <Total_Sufragantes V="32664"/>
          <Porc_Sufragantes V="100,00"/>
          <Abstencion V="0"/>
          <Porc_Abstencion V="000,00"/>
          <Votos_Validos V="15902"/>
          <Porc_Votos_Validos V="048,68"/>
          <Votos_No_Marcados V="8921"/>
          <Porc_Votos_No_Marcados V="027,31"/>
          <Votos_Nulos V="7841"/>
          <Porc_Votos_Nulos V="024,00"/>
        </lin>
        <lin>
          <Pregunta V="004"/>
          <Total_Sufragantes V="32664"/>
          <Porc_Sufragantes V="100,00"/>
          <Abstencion V="0"/>
          <Porc_Abstencion V="000,00"/>
          <Votos_Validos V="16088"/>
          <Porc_Votos_Validos V="049,25"/>
          <Votos_No_Marcados V="8039"/>
          <Porc_Votos_No_Marcados V="024,61"/>
          <Votos_Nulos V="8537"/>
          <Porc_Votos_Nulos V="026,13"/>
        </lin>
        <lin>
          <Pregunta V="005"/>
          <Total_Sufragantes V="32664"/>
          <Porc_Sufragantes V="100,00"/>
          <Abstencion V="0"/>
          <Porc_Abstencion V="000,00"/>
          <Votos_Validos V="16748"/>
          <Porc_Votos_Validos V="051,27"/>
          <Votos_No_Marcados V="7848"/>
          <Porc_Votos_No_Marcados V="024,02"/>
          <Votos_Nulos V="8068"/>
          <Porc_Votos_Nulos V="024,69"/>
        </lin>
        <lin>
          <Pregunta V="006"/>
          <Total_Sufragantes V="32664"/>
          <Porc_Sufragantes V="100,00"/>
          <Abstencion V="0"/>
          <Porc_Abstencion V="000,00"/>
          <Votos_Validos V="16786"/>
          <Porc_Votos_Validos V="051,38"/>
          <Votos_No_Marcados V="7392"/>
          <Porc_Votos_No_Marcados V="022,63"/>
          <Votos_Nulos V="8486"/>
          <Porc_Votos_Nulos V="025,97"/>
        </lin>
        <lin>
          <Pregunta V="007"/>
          <Total_Sufragantes V="32664"/>
          <Porc_Sufragantes V="100,00"/>
          <Abstencion V="0"/>
          <Porc_Abstencion V="000,00"/>
          <Votos_Validos V="17727"/>
          <Porc_Votos_Validos V="054,27"/>
          <Votos_No_Marcados V="7444"/>
          <Porc_Votos_No_Marcados V="022,78"/>
          <Votos_Nulos V="7493"/>
          <Porc_Votos_Nulos V="022,93"/>
        </lin>
      </Detalle_Pregunta>
      <Detalle_Opcion>
        <lin>
          <Opcion V="001"/>
          <Votos V="8681"/>
          <Porc V="050,55"/>
          <Pregunta V="001"/>
        </lin>
        <lin>
          <Opcion V="002"/>
          <Votos V="8492"/>
          <Porc V="049,44"/>
          <Pregunta V="001"/>
        </lin>
        <lin>
          <Opcion V="001"/>
          <Votos V="8637"/>
          <Porc V="051,70"/>
          <Pregunta V="002"/>
        </lin>
        <lin>
          <Opcion V="002"/>
          <Votos V="8067"/>
          <Porc V="048,29"/>
          <Pregunta V="002"/>
        </lin>
        <lin>
          <Opcion V="001"/>
          <Votos V="7260"/>
          <Porc V="045,65"/>
          <Pregunta V="003"/>
        </lin>
        <lin>
          <Opcion V="002"/>
          <Votos V="8642"/>
          <Porc V="054,34"/>
          <Pregunta V="003"/>
        </lin>
        <lin>
          <Opcion V="001"/>
          <Votos V="9091"/>
          <Porc V="056,50"/>
          <Pregunta V="004"/>
        </lin>
        <lin>
          <Opcion V="002"/>
          <Votos V="6997"/>
          <Porc V="043,49"/>
          <Pregunta V="004"/>
        </lin>
        <lin>
          <Opcion V="001"/>
          <Votos V="8121"/>
          <Porc V="048,48"/>
          <Pregunta V="005"/>
        </lin>
        <lin>
          <Opcion V="002"/>
          <Votos V="8627"/>
          <Porc V="051,51"/>
          <Pregunta V="005"/>
        </lin>
        <lin>
          <Opcion V="001"/>
          <Votos V="8326"/>
          <Porc V="049,60"/>
          <Pregunta V="006"/>
        </lin>
        <lin>
          <Opcion V="002"/>
          <Votos V="8460"/>
          <Porc V="050,39"/>
          <Pregunta V="006"/>
        </lin>
        <lin>
          <Opcion V="001"/>
          <Votos V="10214"/>
          <Porc V="057,61"/>
          <Pregunta V="007"/>
        </lin>
        <lin>
          <Opcion V="002"/>
          <Votos V="7513"/>
          <Porc V="042,38"/>
          <Pregunta V="007"/>
        </lin>
      </Detalle_Opcion>
    </lin>
  </Detalle_Circunscripcion>
</Boletin>
</Boletin_Consolidado>