<Boletin_Consolidado><Boletin>
  <Numero V="0008"/>
  <Boletin_Departamental V="0012"/>
  <Tipo_Boletin V="DEPARTAMENTAL"/>
  <Desc_Corporacion V="CONSULTA POPULAR"/>
  <Departamento V="15"/>
  <Desc_Departamento V="CUNDINAMARCA"/>
  <Municipio V="019"/>
  <Desc_Municipio V="BELTRAN"/>
  <Dia V="21"/>
  <Mes V="8"/>
  <Anio V="2018"/>
  <Hora V="14"/>
  <Minuto V="15"/>
  <Mesas_Instaladas V="7"/>
  <Mesas_Informadas V="7"/>
  <Porc_Mesas_Informadas V="100,00"/>
  <Potencial_Sufragantes V="2116"/>
  <Detalle_Circunscripcion>
    <lin>
      <Circunscripcion V="0"/>
      <Desc_Circunscripcion V="NACIONAL"/>
      <Detalle_Pregunta>
        <lin>
          <Pregunta V="001"/>
          <Total_Sufragantes V="2116"/>
          <Porc_Sufragantes V="100,00"/>
          <Abstencion V="0"/>
          <Porc_Abstencion V="000,00"/>
          <Votos_Validos V="1059"/>
          <Porc_Votos_Validos V="050,04"/>
          <Votos_No_Marcados V="521"/>
          <Porc_Votos_No_Marcados V="024,62"/>
          <Votos_Nulos V="536"/>
          <Porc_Votos_Nulos V="025,33"/>
        </lin>
        <lin>
          <Pregunta V="002"/>
          <Total_Sufragantes V="2116"/>
          <Porc_Sufragantes V="100,00"/>
          <Abstencion V="0"/>
          <Porc_Abstencion V="000,00"/>
          <Votos_Validos V="787"/>
          <Porc_Votos_Validos V="037,19"/>
          <Votos_No_Marcados V="619"/>
          <Porc_Votos_No_Marcados V="029,25"/>
          <Votos_Nulos V="710"/>
          <Porc_Votos_Nulos V="033,55"/>
        </lin>
        <lin>
          <Pregunta V="003"/>
          <Total_Sufragantes V="2116"/>
          <Porc_Sufragantes V="100,00"/>
          <Abstencion V="0"/>
          <Porc_Abstencion V="000,00"/>
          <Votos_Validos V="1133"/>
          <Porc_Votos_Validos V="053,54"/>
          <Votos_No_Marcados V="496"/>
          <Porc_Votos_No_Marcados V="023,44"/>
          <Votos_Nulos V="487"/>
          <Porc_Votos_Nulos V="023,01"/>
        </lin>
        <lin>
          <Pregunta V="004"/>
          <Total_Sufragantes V="2116"/>
          <Porc_Sufragantes V="100,00"/>
          <Abstencion V="0"/>
          <Porc_Abstencion V="000,00"/>
          <Votos_Validos V="1030"/>
          <Porc_Votos_Validos V="048,67"/>
          <Votos_No_Marcados V="449"/>
          <Porc_Votos_No_Marcados V="021,21"/>
          <Votos_Nulos V="637"/>
          <Porc_Votos_Nulos V="030,10"/>
        </lin>
        <lin>
          <Pregunta V="005"/>
          <Total_Sufragantes V="2116"/>
          <Porc_Sufragantes V="100,00"/>
          <Abstencion V="0"/>
          <Porc_Abstencion V="000,00"/>
          <Votos_Validos V="1123"/>
          <Porc_Votos_Validos V="053,07"/>
          <Votos_No_Marcados V="581"/>
          <Porc_Votos_No_Marcados V="027,45"/>
          <Votos_Nulos V="412"/>
          <Porc_Votos_Nulos V="019,47"/>
        </lin>
        <lin>
          <Pregunta V="006"/>
          <Total_Sufragantes V="2116"/>
          <Porc_Sufragantes V="100,00"/>
          <Abstencion V="0"/>
          <Porc_Abstencion V="000,00"/>
          <Votos_Validos V="1186"/>
          <Porc_Votos_Validos V="056,04"/>
          <Votos_No_Marcados V="566"/>
          <Porc_Votos_No_Marcados V="026,74"/>
          <Votos_Nulos V="364"/>
          <Porc_Votos_Nulos V="017,20"/>
        </lin>
        <lin>
          <Pregunta V="007"/>
          <Total_Sufragantes V="2116"/>
          <Porc_Sufragantes V="100,00"/>
          <Abstencion V="0"/>
          <Porc_Abstencion V="000,00"/>
          <Votos_Validos V="1032"/>
          <Porc_Votos_Validos V="048,77"/>
          <Votos_No_Marcados V="564"/>
          <Porc_Votos_No_Marcados V="026,65"/>
          <Votos_Nulos V="520"/>
          <Porc_Votos_Nulos V="024,57"/>
        </lin>
      </Detalle_Pregunta>
      <Detalle_Opcion>
        <lin>
          <Opcion V="001"/>
          <Votos V="429"/>
          <Porc V="040,50"/>
          <Pregunta V="001"/>
        </lin>
        <lin>
          <Opcion V="002"/>
          <Votos V="630"/>
          <Porc V="059,49"/>
          <Pregunta V="001"/>
        </lin>
        <lin>
          <Opcion V="001"/>
          <Votos V="380"/>
          <Porc V="048,28"/>
          <Pregunta V="002"/>
        </lin>
        <lin>
          <Opcion V="002"/>
          <Votos V="407"/>
          <Porc V="051,71"/>
          <Pregunta V="002"/>
        </lin>
        <lin>
          <Opcion V="001"/>
          <Votos V="677"/>
          <Porc V="059,75"/>
          <Pregunta V="003"/>
        </lin>
        <lin>
          <Opcion V="002"/>
          <Votos V="456"/>
          <Porc V="040,24"/>
          <Pregunta V="003"/>
        </lin>
        <lin>
          <Opcion V="001"/>
          <Votos V="502"/>
          <Porc V="048,73"/>
          <Pregunta V="004"/>
        </lin>
        <lin>
          <Opcion V="002"/>
          <Votos V="528"/>
          <Porc V="051,26"/>
          <Pregunta V="004"/>
        </lin>
        <lin>
          <Opcion V="001"/>
          <Votos V="343"/>
          <Porc V="030,54"/>
          <Pregunta V="005"/>
        </lin>
        <lin>
          <Opcion V="002"/>
          <Votos V="780"/>
          <Porc V="069,45"/>
          <Pregunta V="005"/>
        </lin>
        <lin>
          <Opcion V="001"/>
          <Votos V="632"/>
          <Porc V="053,28"/>
          <Pregunta V="006"/>
        </lin>
        <lin>
          <Opcion V="002"/>
          <Votos V="554"/>
          <Porc V="046,71"/>
          <Pregunta V="006"/>
        </lin>
        <lin>
          <Opcion V="001"/>
          <Votos V="692"/>
          <Porc V="067,05"/>
          <Pregunta V="007"/>
        </lin>
        <lin>
          <Opcion V="002"/>
          <Votos V="340"/>
          <Porc V="032,94"/>
          <Pregunta V="007"/>
        </lin>
      </Detalle_Opcion>
    </lin>
  </Detalle_Circunscripcion>
</Boletin>
</Boletin_Consolidado>