<Boletin_Consolidado><Boletin>
  <Numero V="0008"/>
  <Boletin_Departamental V="0012"/>
  <Tipo_Boletin V="DEPARTAMENTAL"/>
  <Desc_Corporacion V="CONSULTA POPULAR"/>
  <Departamento V="09"/>
  <Desc_Departamento V="CALDAS"/>
  <Municipio V="034"/>
  <Desc_Municipio V="CHINCHINA"/>
  <Dia V="21"/>
  <Mes V="8"/>
  <Anio V="2018"/>
  <Hora V="14"/>
  <Minuto V="15"/>
  <Mesas_Instaladas V="108"/>
  <Mesas_Informadas V="108"/>
  <Porc_Mesas_Informadas V="100,00"/>
  <Potencial_Sufragantes V="44955"/>
  <Detalle_Circunscripcion>
    <lin>
      <Circunscripcion V="0"/>
      <Desc_Circunscripcion V="NACIONAL"/>
      <Detalle_Pregunta>
        <lin>
          <Pregunta V="001"/>
          <Total_Sufragantes V="44955"/>
          <Porc_Sufragantes V="100,00"/>
          <Abstencion V="0"/>
          <Porc_Abstencion V="000,00"/>
          <Votos_Validos V="22821"/>
          <Porc_Votos_Validos V="050,76"/>
          <Votos_No_Marcados V="10578"/>
          <Porc_Votos_No_Marcados V="023,53"/>
          <Votos_Nulos V="11556"/>
          <Porc_Votos_Nulos V="025,70"/>
        </lin>
        <lin>
          <Pregunta V="002"/>
          <Total_Sufragantes V="44955"/>
          <Porc_Sufragantes V="100,00"/>
          <Abstencion V="0"/>
          <Porc_Abstencion V="000,00"/>
          <Votos_Validos V="21190"/>
          <Porc_Votos_Validos V="047,13"/>
          <Votos_No_Marcados V="12556"/>
          <Porc_Votos_No_Marcados V="027,93"/>
          <Votos_Nulos V="11209"/>
          <Porc_Votos_Nulos V="024,93"/>
        </lin>
        <lin>
          <Pregunta V="003"/>
          <Total_Sufragantes V="44955"/>
          <Porc_Sufragantes V="100,00"/>
          <Abstencion V="0"/>
          <Porc_Abstencion V="000,00"/>
          <Votos_Validos V="22412"/>
          <Porc_Votos_Validos V="049,85"/>
          <Votos_No_Marcados V="10946"/>
          <Porc_Votos_No_Marcados V="024,34"/>
          <Votos_Nulos V="11597"/>
          <Porc_Votos_Nulos V="025,79"/>
        </lin>
        <lin>
          <Pregunta V="004"/>
          <Total_Sufragantes V="44955"/>
          <Porc_Sufragantes V="100,00"/>
          <Abstencion V="0"/>
          <Porc_Abstencion V="000,00"/>
          <Votos_Validos V="22717"/>
          <Porc_Votos_Validos V="050,53"/>
          <Votos_No_Marcados V="10587"/>
          <Porc_Votos_No_Marcados V="023,55"/>
          <Votos_Nulos V="11651"/>
          <Porc_Votos_Nulos V="025,91"/>
        </lin>
        <lin>
          <Pregunta V="005"/>
          <Total_Sufragantes V="44955"/>
          <Porc_Sufragantes V="100,00"/>
          <Abstencion V="0"/>
          <Porc_Abstencion V="000,00"/>
          <Votos_Validos V="23004"/>
          <Porc_Votos_Validos V="051,17"/>
          <Votos_No_Marcados V="11626"/>
          <Porc_Votos_No_Marcados V="025,86"/>
          <Votos_Nulos V="10325"/>
          <Porc_Votos_Nulos V="022,96"/>
        </lin>
        <lin>
          <Pregunta V="006"/>
          <Total_Sufragantes V="44955"/>
          <Porc_Sufragantes V="100,00"/>
          <Abstencion V="0"/>
          <Porc_Abstencion V="000,00"/>
          <Votos_Validos V="21883"/>
          <Porc_Votos_Validos V="048,67"/>
          <Votos_No_Marcados V="10247"/>
          <Porc_Votos_No_Marcados V="022,79"/>
          <Votos_Nulos V="12825"/>
          <Porc_Votos_Nulos V="028,52"/>
        </lin>
        <lin>
          <Pregunta V="007"/>
          <Total_Sufragantes V="44955"/>
          <Porc_Sufragantes V="100,00"/>
          <Abstencion V="0"/>
          <Porc_Abstencion V="000,00"/>
          <Votos_Validos V="21407"/>
          <Porc_Votos_Validos V="047,61"/>
          <Votos_No_Marcados V="11359"/>
          <Porc_Votos_No_Marcados V="025,26"/>
          <Votos_Nulos V="12189"/>
          <Porc_Votos_Nulos V="027,11"/>
        </lin>
      </Detalle_Pregunta>
      <Detalle_Opcion>
        <lin>
          <Opcion V="001"/>
          <Votos V="11392"/>
          <Porc V="049,91"/>
          <Pregunta V="001"/>
        </lin>
        <lin>
          <Opcion V="002"/>
          <Votos V="11429"/>
          <Porc V="050,08"/>
          <Pregunta V="001"/>
        </lin>
        <lin>
          <Opcion V="001"/>
          <Votos V="10165"/>
          <Porc V="047,97"/>
          <Pregunta V="002"/>
        </lin>
        <lin>
          <Opcion V="002"/>
          <Votos V="11025"/>
          <Porc V="052,02"/>
          <Pregunta V="002"/>
        </lin>
        <lin>
          <Opcion V="001"/>
          <Votos V="11496"/>
          <Porc V="051,29"/>
          <Pregunta V="003"/>
        </lin>
        <lin>
          <Opcion V="002"/>
          <Votos V="10916"/>
          <Porc V="048,70"/>
          <Pregunta V="003"/>
        </lin>
        <lin>
          <Opcion V="001"/>
          <Votos V="11508"/>
          <Porc V="050,65"/>
          <Pregunta V="004"/>
        </lin>
        <lin>
          <Opcion V="002"/>
          <Votos V="11209"/>
          <Porc V="049,34"/>
          <Pregunta V="004"/>
        </lin>
        <lin>
          <Opcion V="001"/>
          <Votos V="11424"/>
          <Porc V="049,66"/>
          <Pregunta V="005"/>
        </lin>
        <lin>
          <Opcion V="002"/>
          <Votos V="11580"/>
          <Porc V="050,33"/>
          <Pregunta V="005"/>
        </lin>
        <lin>
          <Opcion V="001"/>
          <Votos V="10916"/>
          <Porc V="049,88"/>
          <Pregunta V="006"/>
        </lin>
        <lin>
          <Opcion V="002"/>
          <Votos V="10967"/>
          <Porc V="050,11"/>
          <Pregunta V="006"/>
        </lin>
        <lin>
          <Opcion V="001"/>
          <Votos V="11634"/>
          <Porc V="054,34"/>
          <Pregunta V="007"/>
        </lin>
        <lin>
          <Opcion V="002"/>
          <Votos V="9773"/>
          <Porc V="045,65"/>
          <Pregunta V="007"/>
        </lin>
      </Detalle_Opcion>
    </lin>
  </Detalle_Circunscripcion>
</Boletin>
</Boletin_Consolidado>