<Boletin_Consolidado><Boletin>
  <Numero V="0008"/>
  <Boletin_Departamental V="0012"/>
  <Tipo_Boletin V="DEPARTAMENTAL"/>
  <Desc_Corporacion V="CONSULTA POPULAR"/>
  <Departamento V="01"/>
  <Desc_Departamento V="ANTIOQUIA"/>
  <Municipio V="040"/>
  <Desc_Municipio V="ARMENIA"/>
  <Dia V="21"/>
  <Mes V="8"/>
  <Anio V="2018"/>
  <Hora V="14"/>
  <Minuto V="15"/>
  <Mesas_Instaladas V="13"/>
  <Mesas_Informadas V="13"/>
  <Porc_Mesas_Informadas V="100,00"/>
  <Potencial_Sufragantes V="4701"/>
  <Detalle_Circunscripcion>
    <lin>
      <Circunscripcion V="0"/>
      <Desc_Circunscripcion V="NACIONAL"/>
      <Detalle_Pregunta>
        <lin>
          <Pregunta V="001"/>
          <Total_Sufragantes V="4701"/>
          <Porc_Sufragantes V="100,00"/>
          <Abstencion V="0"/>
          <Porc_Abstencion V="000,00"/>
          <Votos_Validos V="2375"/>
          <Porc_Votos_Validos V="050,52"/>
          <Votos_No_Marcados V="1100"/>
          <Porc_Votos_No_Marcados V="023,39"/>
          <Votos_Nulos V="1226"/>
          <Porc_Votos_Nulos V="026,07"/>
        </lin>
        <lin>
          <Pregunta V="002"/>
          <Total_Sufragantes V="4701"/>
          <Porc_Sufragantes V="100,00"/>
          <Abstencion V="0"/>
          <Porc_Abstencion V="000,00"/>
          <Votos_Validos V="2160"/>
          <Porc_Votos_Validos V="045,94"/>
          <Votos_No_Marcados V="828"/>
          <Porc_Votos_No_Marcados V="017,61"/>
          <Votos_Nulos V="1713"/>
          <Porc_Votos_Nulos V="036,43"/>
        </lin>
        <lin>
          <Pregunta V="003"/>
          <Total_Sufragantes V="4701"/>
          <Porc_Sufragantes V="100,00"/>
          <Abstencion V="0"/>
          <Porc_Abstencion V="000,00"/>
          <Votos_Validos V="2875"/>
          <Porc_Votos_Validos V="061,15"/>
          <Votos_No_Marcados V="903"/>
          <Porc_Votos_No_Marcados V="019,20"/>
          <Votos_Nulos V="923"/>
          <Porc_Votos_Nulos V="019,63"/>
        </lin>
        <lin>
          <Pregunta V="004"/>
          <Total_Sufragantes V="4701"/>
          <Porc_Sufragantes V="100,00"/>
          <Abstencion V="0"/>
          <Porc_Abstencion V="000,00"/>
          <Votos_Validos V="2266"/>
          <Porc_Votos_Validos V="048,20"/>
          <Votos_No_Marcados V="976"/>
          <Porc_Votos_No_Marcados V="020,76"/>
          <Votos_Nulos V="1459"/>
          <Porc_Votos_Nulos V="031,03"/>
        </lin>
        <lin>
          <Pregunta V="005"/>
          <Total_Sufragantes V="4701"/>
          <Porc_Sufragantes V="100,00"/>
          <Abstencion V="0"/>
          <Porc_Abstencion V="000,00"/>
          <Votos_Validos V="2272"/>
          <Porc_Votos_Validos V="048,33"/>
          <Votos_No_Marcados V="1108"/>
          <Porc_Votos_No_Marcados V="023,56"/>
          <Votos_Nulos V="1321"/>
          <Porc_Votos_Nulos V="028,10"/>
        </lin>
        <lin>
          <Pregunta V="006"/>
          <Total_Sufragantes V="4701"/>
          <Porc_Sufragantes V="100,00"/>
          <Abstencion V="0"/>
          <Porc_Abstencion V="000,00"/>
          <Votos_Validos V="2313"/>
          <Porc_Votos_Validos V="049,20"/>
          <Votos_No_Marcados V="1134"/>
          <Porc_Votos_No_Marcados V="024,12"/>
          <Votos_Nulos V="1254"/>
          <Porc_Votos_Nulos V="026,67"/>
        </lin>
        <lin>
          <Pregunta V="007"/>
          <Total_Sufragantes V="4701"/>
          <Porc_Sufragantes V="100,00"/>
          <Abstencion V="0"/>
          <Porc_Abstencion V="000,00"/>
          <Votos_Validos V="1983"/>
          <Porc_Votos_Validos V="042,18"/>
          <Votos_No_Marcados V="1380"/>
          <Porc_Votos_No_Marcados V="029,35"/>
          <Votos_Nulos V="1338"/>
          <Porc_Votos_Nulos V="028,46"/>
        </lin>
      </Detalle_Pregunta>
      <Detalle_Opcion>
        <lin>
          <Opcion V="001"/>
          <Votos V="1225"/>
          <Porc V="051,57"/>
          <Pregunta V="001"/>
        </lin>
        <lin>
          <Opcion V="002"/>
          <Votos V="1150"/>
          <Porc V="048,42"/>
          <Pregunta V="001"/>
        </lin>
        <lin>
          <Opcion V="001"/>
          <Votos V="1146"/>
          <Porc V="053,05"/>
          <Pregunta V="002"/>
        </lin>
        <lin>
          <Opcion V="002"/>
          <Votos V="1014"/>
          <Porc V="046,94"/>
          <Pregunta V="002"/>
        </lin>
        <lin>
          <Opcion V="001"/>
          <Votos V="1583"/>
          <Porc V="055,06"/>
          <Pregunta V="003"/>
        </lin>
        <lin>
          <Opcion V="002"/>
          <Votos V="1292"/>
          <Porc V="044,93"/>
          <Pregunta V="003"/>
        </lin>
        <lin>
          <Opcion V="001"/>
          <Votos V="1075"/>
          <Porc V="047,44"/>
          <Pregunta V="004"/>
        </lin>
        <lin>
          <Opcion V="002"/>
          <Votos V="1191"/>
          <Porc V="052,55"/>
          <Pregunta V="004"/>
        </lin>
        <lin>
          <Opcion V="001"/>
          <Votos V="1111"/>
          <Porc V="048,89"/>
          <Pregunta V="005"/>
        </lin>
        <lin>
          <Opcion V="002"/>
          <Votos V="1161"/>
          <Porc V="051,10"/>
          <Pregunta V="005"/>
        </lin>
        <lin>
          <Opcion V="001"/>
          <Votos V="1273"/>
          <Porc V="055,03"/>
          <Pregunta V="006"/>
        </lin>
        <lin>
          <Opcion V="002"/>
          <Votos V="1040"/>
          <Porc V="044,96"/>
          <Pregunta V="006"/>
        </lin>
        <lin>
          <Opcion V="001"/>
          <Votos V="757"/>
          <Porc V="038,17"/>
          <Pregunta V="007"/>
        </lin>
        <lin>
          <Opcion V="002"/>
          <Votos V="1226"/>
          <Porc V="061,82"/>
          <Pregunta V="007"/>
        </lin>
      </Detalle_Opcion>
    </lin>
  </Detalle_Circunscripcion>
</Boletin>
</Boletin_Consolidado>