<Boletin_Consolidado><Boletin>
  <Numero V="0008"/>
  <Boletin_Departamental V="0012"/>
  <Tipo_Boletin V="DEPARTAMENTAL"/>
  <Desc_Corporacion V="CONSULTA POPULAR"/>
  <Departamento V="11"/>
  <Desc_Departamento V="CAUCA"/>
  <Municipio V="094"/>
  <Desc_Municipio V="TORIBIO"/>
  <Dia V="21"/>
  <Mes V="8"/>
  <Anio V="2018"/>
  <Hora V="14"/>
  <Minuto V="15"/>
  <Mesas_Instaladas V="52"/>
  <Mesas_Informadas V="52"/>
  <Porc_Mesas_Informadas V="100,00"/>
  <Potencial_Sufragantes V="17745"/>
  <Detalle_Circunscripcion>
    <lin>
      <Circunscripcion V="0"/>
      <Desc_Circunscripcion V="NACIONAL"/>
      <Detalle_Pregunta>
        <lin>
          <Pregunta V="001"/>
          <Total_Sufragantes V="17745"/>
          <Porc_Sufragantes V="100,00"/>
          <Abstencion V="0"/>
          <Porc_Abstencion V="000,00"/>
          <Votos_Validos V="8701"/>
          <Porc_Votos_Validos V="049,03"/>
          <Votos_No_Marcados V="5044"/>
          <Porc_Votos_No_Marcados V="028,42"/>
          <Votos_Nulos V="4000"/>
          <Porc_Votos_Nulos V="022,54"/>
        </lin>
        <lin>
          <Pregunta V="002"/>
          <Total_Sufragantes V="17745"/>
          <Porc_Sufragantes V="100,00"/>
          <Abstencion V="0"/>
          <Porc_Abstencion V="000,00"/>
          <Votos_Validos V="9926"/>
          <Porc_Votos_Validos V="055,93"/>
          <Votos_No_Marcados V="4003"/>
          <Porc_Votos_No_Marcados V="022,55"/>
          <Votos_Nulos V="3816"/>
          <Porc_Votos_Nulos V="021,50"/>
        </lin>
        <lin>
          <Pregunta V="003"/>
          <Total_Sufragantes V="17745"/>
          <Porc_Sufragantes V="100,00"/>
          <Abstencion V="0"/>
          <Porc_Abstencion V="000,00"/>
          <Votos_Validos V="9965"/>
          <Porc_Votos_Validos V="056,15"/>
          <Votos_No_Marcados V="3549"/>
          <Porc_Votos_No_Marcados V="020,00"/>
          <Votos_Nulos V="4231"/>
          <Porc_Votos_Nulos V="023,84"/>
        </lin>
        <lin>
          <Pregunta V="004"/>
          <Total_Sufragantes V="17745"/>
          <Porc_Sufragantes V="100,00"/>
          <Abstencion V="0"/>
          <Porc_Abstencion V="000,00"/>
          <Votos_Validos V="9421"/>
          <Porc_Votos_Validos V="053,09"/>
          <Votos_No_Marcados V="4544"/>
          <Porc_Votos_No_Marcados V="025,60"/>
          <Votos_Nulos V="3780"/>
          <Porc_Votos_Nulos V="021,30"/>
        </lin>
        <lin>
          <Pregunta V="005"/>
          <Total_Sufragantes V="17745"/>
          <Porc_Sufragantes V="100,00"/>
          <Abstencion V="0"/>
          <Porc_Abstencion V="000,00"/>
          <Votos_Validos V="9396"/>
          <Porc_Votos_Validos V="052,95"/>
          <Votos_No_Marcados V="4203"/>
          <Porc_Votos_No_Marcados V="023,68"/>
          <Votos_Nulos V="4146"/>
          <Porc_Votos_Nulos V="023,36"/>
        </lin>
        <lin>
          <Pregunta V="006"/>
          <Total_Sufragantes V="17745"/>
          <Porc_Sufragantes V="100,00"/>
          <Abstencion V="0"/>
          <Porc_Abstencion V="000,00"/>
          <Votos_Validos V="8575"/>
          <Porc_Votos_Validos V="048,32"/>
          <Votos_No_Marcados V="4870"/>
          <Porc_Votos_No_Marcados V="027,44"/>
          <Votos_Nulos V="4300"/>
          <Porc_Votos_Nulos V="024,23"/>
        </lin>
        <lin>
          <Pregunta V="007"/>
          <Total_Sufragantes V="17745"/>
          <Porc_Sufragantes V="100,00"/>
          <Abstencion V="0"/>
          <Porc_Abstencion V="000,00"/>
          <Votos_Validos V="9353"/>
          <Porc_Votos_Validos V="052,70"/>
          <Votos_No_Marcados V="3628"/>
          <Porc_Votos_No_Marcados V="020,44"/>
          <Votos_Nulos V="4764"/>
          <Porc_Votos_Nulos V="026,84"/>
        </lin>
      </Detalle_Pregunta>
      <Detalle_Opcion>
        <lin>
          <Opcion V="001"/>
          <Votos V="3738"/>
          <Porc V="042,96"/>
          <Pregunta V="001"/>
        </lin>
        <lin>
          <Opcion V="002"/>
          <Votos V="4963"/>
          <Porc V="057,03"/>
          <Pregunta V="001"/>
        </lin>
        <lin>
          <Opcion V="001"/>
          <Votos V="5039"/>
          <Porc V="050,76"/>
          <Pregunta V="002"/>
        </lin>
        <lin>
          <Opcion V="002"/>
          <Votos V="4887"/>
          <Porc V="049,23"/>
          <Pregunta V="002"/>
        </lin>
        <lin>
          <Opcion V="001"/>
          <Votos V="5526"/>
          <Porc V="055,45"/>
          <Pregunta V="003"/>
        </lin>
        <lin>
          <Opcion V="002"/>
          <Votos V="4439"/>
          <Porc V="044,54"/>
          <Pregunta V="003"/>
        </lin>
        <lin>
          <Opcion V="001"/>
          <Votos V="5031"/>
          <Porc V="053,40"/>
          <Pregunta V="004"/>
        </lin>
        <lin>
          <Opcion V="002"/>
          <Votos V="4390"/>
          <Porc V="046,59"/>
          <Pregunta V="004"/>
        </lin>
        <lin>
          <Opcion V="001"/>
          <Votos V="5147"/>
          <Porc V="054,77"/>
          <Pregunta V="005"/>
        </lin>
        <lin>
          <Opcion V="002"/>
          <Votos V="4249"/>
          <Porc V="045,22"/>
          <Pregunta V="005"/>
        </lin>
        <lin>
          <Opcion V="001"/>
          <Votos V="4730"/>
          <Porc V="055,16"/>
          <Pregunta V="006"/>
        </lin>
        <lin>
          <Opcion V="002"/>
          <Votos V="3845"/>
          <Porc V="044,83"/>
          <Pregunta V="006"/>
        </lin>
        <lin>
          <Opcion V="001"/>
          <Votos V="4903"/>
          <Porc V="052,42"/>
          <Pregunta V="007"/>
        </lin>
        <lin>
          <Opcion V="002"/>
          <Votos V="4450"/>
          <Porc V="047,57"/>
          <Pregunta V="007"/>
        </lin>
      </Detalle_Opcion>
    </lin>
  </Detalle_Circunscripcion>
</Boletin>
</Boletin_Consolidado>