<Boletin_Consolidado><Boletin>
  <Numero V="0008"/>
  <Boletin_Departamental V="0012"/>
  <Tipo_Boletin V="DEPARTAMENTAL"/>
  <Desc_Corporacion V="CONSULTA POPULAR"/>
  <Departamento V="07"/>
  <Desc_Departamento V="BOYACA"/>
  <Municipio V="013"/>
  <Desc_Municipio V="BELEN"/>
  <Dia V="21"/>
  <Mes V="8"/>
  <Anio V="2018"/>
  <Hora V="14"/>
  <Minuto V="15"/>
  <Mesas_Instaladas V="18"/>
  <Mesas_Informadas V="18"/>
  <Porc_Mesas_Informadas V="100,00"/>
  <Potencial_Sufragantes V="6663"/>
  <Detalle_Circunscripcion>
    <lin>
      <Circunscripcion V="0"/>
      <Desc_Circunscripcion V="NACIONAL"/>
      <Detalle_Pregunta>
        <lin>
          <Pregunta V="001"/>
          <Total_Sufragantes V="6663"/>
          <Porc_Sufragantes V="100,00"/>
          <Abstencion V="0"/>
          <Porc_Abstencion V="000,00"/>
          <Votos_Validos V="3360"/>
          <Porc_Votos_Validos V="050,42"/>
          <Votos_No_Marcados V="1794"/>
          <Porc_Votos_No_Marcados V="026,92"/>
          <Votos_Nulos V="1509"/>
          <Porc_Votos_Nulos V="022,64"/>
        </lin>
        <lin>
          <Pregunta V="002"/>
          <Total_Sufragantes V="6663"/>
          <Porc_Sufragantes V="100,00"/>
          <Abstencion V="0"/>
          <Porc_Abstencion V="000,00"/>
          <Votos_Validos V="3305"/>
          <Porc_Votos_Validos V="049,60"/>
          <Votos_No_Marcados V="1931"/>
          <Porc_Votos_No_Marcados V="028,98"/>
          <Votos_Nulos V="1427"/>
          <Porc_Votos_Nulos V="021,41"/>
        </lin>
        <lin>
          <Pregunta V="003"/>
          <Total_Sufragantes V="6663"/>
          <Porc_Sufragantes V="100,00"/>
          <Abstencion V="0"/>
          <Porc_Abstencion V="000,00"/>
          <Votos_Validos V="3201"/>
          <Porc_Votos_Validos V="048,04"/>
          <Votos_No_Marcados V="1720"/>
          <Porc_Votos_No_Marcados V="025,81"/>
          <Votos_Nulos V="1742"/>
          <Porc_Votos_Nulos V="026,14"/>
        </lin>
        <lin>
          <Pregunta V="004"/>
          <Total_Sufragantes V="6663"/>
          <Porc_Sufragantes V="100,00"/>
          <Abstencion V="0"/>
          <Porc_Abstencion V="000,00"/>
          <Votos_Validos V="3604"/>
          <Porc_Votos_Validos V="054,08"/>
          <Votos_No_Marcados V="1462"/>
          <Porc_Votos_No_Marcados V="021,94"/>
          <Votos_Nulos V="1597"/>
          <Porc_Votos_Nulos V="023,96"/>
        </lin>
        <lin>
          <Pregunta V="005"/>
          <Total_Sufragantes V="6663"/>
          <Porc_Sufragantes V="100,00"/>
          <Abstencion V="0"/>
          <Porc_Abstencion V="000,00"/>
          <Votos_Validos V="3794"/>
          <Porc_Votos_Validos V="056,94"/>
          <Votos_No_Marcados V="1443"/>
          <Porc_Votos_No_Marcados V="021,65"/>
          <Votos_Nulos V="1426"/>
          <Porc_Votos_Nulos V="021,40"/>
        </lin>
        <lin>
          <Pregunta V="006"/>
          <Total_Sufragantes V="6663"/>
          <Porc_Sufragantes V="100,00"/>
          <Abstencion V="0"/>
          <Porc_Abstencion V="000,00"/>
          <Votos_Validos V="3117"/>
          <Porc_Votos_Validos V="046,78"/>
          <Votos_No_Marcados V="1803"/>
          <Porc_Votos_No_Marcados V="027,05"/>
          <Votos_Nulos V="1743"/>
          <Porc_Votos_Nulos V="026,15"/>
        </lin>
        <lin>
          <Pregunta V="007"/>
          <Total_Sufragantes V="6663"/>
          <Porc_Sufragantes V="100,00"/>
          <Abstencion V="0"/>
          <Porc_Abstencion V="000,00"/>
          <Votos_Validos V="3841"/>
          <Porc_Votos_Validos V="057,64"/>
          <Votos_No_Marcados V="973"/>
          <Porc_Votos_No_Marcados V="014,60"/>
          <Votos_Nulos V="1849"/>
          <Porc_Votos_Nulos V="027,75"/>
        </lin>
      </Detalle_Pregunta>
      <Detalle_Opcion>
        <lin>
          <Opcion V="001"/>
          <Votos V="1381"/>
          <Porc V="041,10"/>
          <Pregunta V="001"/>
        </lin>
        <lin>
          <Opcion V="002"/>
          <Votos V="1979"/>
          <Porc V="058,89"/>
          <Pregunta V="001"/>
        </lin>
        <lin>
          <Opcion V="001"/>
          <Votos V="1520"/>
          <Porc V="045,99"/>
          <Pregunta V="002"/>
        </lin>
        <lin>
          <Opcion V="002"/>
          <Votos V="1785"/>
          <Porc V="054,00"/>
          <Pregunta V="002"/>
        </lin>
        <lin>
          <Opcion V="001"/>
          <Votos V="1644"/>
          <Porc V="051,35"/>
          <Pregunta V="003"/>
        </lin>
        <lin>
          <Opcion V="002"/>
          <Votos V="1557"/>
          <Porc V="048,64"/>
          <Pregunta V="003"/>
        </lin>
        <lin>
          <Opcion V="001"/>
          <Votos V="1667"/>
          <Porc V="046,25"/>
          <Pregunta V="004"/>
        </lin>
        <lin>
          <Opcion V="002"/>
          <Votos V="1937"/>
          <Porc V="053,74"/>
          <Pregunta V="004"/>
        </lin>
        <lin>
          <Opcion V="001"/>
          <Votos V="1778"/>
          <Porc V="046,86"/>
          <Pregunta V="005"/>
        </lin>
        <lin>
          <Opcion V="002"/>
          <Votos V="2016"/>
          <Porc V="053,13"/>
          <Pregunta V="005"/>
        </lin>
        <lin>
          <Opcion V="001"/>
          <Votos V="1313"/>
          <Porc V="042,12"/>
          <Pregunta V="006"/>
        </lin>
        <lin>
          <Opcion V="002"/>
          <Votos V="1804"/>
          <Porc V="057,87"/>
          <Pregunta V="006"/>
        </lin>
        <lin>
          <Opcion V="001"/>
          <Votos V="1959"/>
          <Porc V="051,00"/>
          <Pregunta V="007"/>
        </lin>
        <lin>
          <Opcion V="002"/>
          <Votos V="1882"/>
          <Porc V="048,99"/>
          <Pregunta V="007"/>
        </lin>
      </Detalle_Opcion>
    </lin>
  </Detalle_Circunscripcion>
</Boletin>
</Boletin_Consolidado>