<Boletin_Consolidado><Boletin>
  <Numero V="0008"/>
  <Boletin_Departamental V="0012"/>
  <Tipo_Boletin V="DEPARTAMENTAL"/>
  <Desc_Corporacion V="CONSULTA POPULAR"/>
  <Departamento V="13"/>
  <Desc_Departamento V="CORDOBA"/>
  <Municipio V="032"/>
  <Desc_Municipio V="PUERTO LIBERTADOR"/>
  <Dia V="21"/>
  <Mes V="8"/>
  <Anio V="2018"/>
  <Hora V="14"/>
  <Minuto V="15"/>
  <Mesas_Instaladas V="76"/>
  <Mesas_Informadas V="76"/>
  <Porc_Mesas_Informadas V="100,00"/>
  <Potencial_Sufragantes V="26648"/>
  <Detalle_Circunscripcion>
    <lin>
      <Circunscripcion V="0"/>
      <Desc_Circunscripcion V="NACIONAL"/>
      <Detalle_Pregunta>
        <lin>
          <Pregunta V="001"/>
          <Total_Sufragantes V="26648"/>
          <Porc_Sufragantes V="100,00"/>
          <Abstencion V="0"/>
          <Porc_Abstencion V="000,00"/>
          <Votos_Validos V="13716"/>
          <Porc_Votos_Validos V="051,47"/>
          <Votos_No_Marcados V="6107"/>
          <Porc_Votos_No_Marcados V="022,91"/>
          <Votos_Nulos V="6825"/>
          <Porc_Votos_Nulos V="025,61"/>
        </lin>
        <lin>
          <Pregunta V="002"/>
          <Total_Sufragantes V="26648"/>
          <Porc_Sufragantes V="100,00"/>
          <Abstencion V="0"/>
          <Porc_Abstencion V="000,00"/>
          <Votos_Validos V="14022"/>
          <Porc_Votos_Validos V="052,61"/>
          <Votos_No_Marcados V="6452"/>
          <Porc_Votos_No_Marcados V="024,21"/>
          <Votos_Nulos V="6174"/>
          <Porc_Votos_Nulos V="023,16"/>
        </lin>
        <lin>
          <Pregunta V="003"/>
          <Total_Sufragantes V="26648"/>
          <Porc_Sufragantes V="100,00"/>
          <Abstencion V="0"/>
          <Porc_Abstencion V="000,00"/>
          <Votos_Validos V="13486"/>
          <Porc_Votos_Validos V="050,60"/>
          <Votos_No_Marcados V="7428"/>
          <Porc_Votos_No_Marcados V="027,87"/>
          <Votos_Nulos V="5734"/>
          <Porc_Votos_Nulos V="021,51"/>
        </lin>
        <lin>
          <Pregunta V="004"/>
          <Total_Sufragantes V="26648"/>
          <Porc_Sufragantes V="100,00"/>
          <Abstencion V="0"/>
          <Porc_Abstencion V="000,00"/>
          <Votos_Validos V="13262"/>
          <Porc_Votos_Validos V="049,76"/>
          <Votos_No_Marcados V="6614"/>
          <Porc_Votos_No_Marcados V="024,81"/>
          <Votos_Nulos V="6772"/>
          <Porc_Votos_Nulos V="025,41"/>
        </lin>
        <lin>
          <Pregunta V="005"/>
          <Total_Sufragantes V="26648"/>
          <Porc_Sufragantes V="100,00"/>
          <Abstencion V="0"/>
          <Porc_Abstencion V="000,00"/>
          <Votos_Validos V="13721"/>
          <Porc_Votos_Validos V="051,48"/>
          <Votos_No_Marcados V="6937"/>
          <Porc_Votos_No_Marcados V="026,03"/>
          <Votos_Nulos V="5990"/>
          <Porc_Votos_Nulos V="022,47"/>
        </lin>
        <lin>
          <Pregunta V="006"/>
          <Total_Sufragantes V="26648"/>
          <Porc_Sufragantes V="100,00"/>
          <Abstencion V="0"/>
          <Porc_Abstencion V="000,00"/>
          <Votos_Validos V="12653"/>
          <Porc_Votos_Validos V="047,48"/>
          <Votos_No_Marcados V="7773"/>
          <Porc_Votos_No_Marcados V="029,16"/>
          <Votos_Nulos V="6222"/>
          <Porc_Votos_Nulos V="023,34"/>
        </lin>
        <lin>
          <Pregunta V="007"/>
          <Total_Sufragantes V="26648"/>
          <Porc_Sufragantes V="100,00"/>
          <Abstencion V="0"/>
          <Porc_Abstencion V="000,00"/>
          <Votos_Validos V="13673"/>
          <Porc_Votos_Validos V="051,30"/>
          <Votos_No_Marcados V="6696"/>
          <Porc_Votos_No_Marcados V="025,12"/>
          <Votos_Nulos V="6279"/>
          <Porc_Votos_Nulos V="023,56"/>
        </lin>
      </Detalle_Pregunta>
      <Detalle_Opcion>
        <lin>
          <Opcion V="001"/>
          <Votos V="6133"/>
          <Porc V="044,71"/>
          <Pregunta V="001"/>
        </lin>
        <lin>
          <Opcion V="002"/>
          <Votos V="7583"/>
          <Porc V="055,28"/>
          <Pregunta V="001"/>
        </lin>
        <lin>
          <Opcion V="001"/>
          <Votos V="6770"/>
          <Porc V="048,28"/>
          <Pregunta V="002"/>
        </lin>
        <lin>
          <Opcion V="002"/>
          <Votos V="7252"/>
          <Porc V="051,71"/>
          <Pregunta V="002"/>
        </lin>
        <lin>
          <Opcion V="001"/>
          <Votos V="6424"/>
          <Porc V="047,63"/>
          <Pregunta V="003"/>
        </lin>
        <lin>
          <Opcion V="002"/>
          <Votos V="7062"/>
          <Porc V="052,36"/>
          <Pregunta V="003"/>
        </lin>
        <lin>
          <Opcion V="001"/>
          <Votos V="6376"/>
          <Porc V="048,07"/>
          <Pregunta V="004"/>
        </lin>
        <lin>
          <Opcion V="002"/>
          <Votos V="6886"/>
          <Porc V="051,92"/>
          <Pregunta V="004"/>
        </lin>
        <lin>
          <Opcion V="001"/>
          <Votos V="7210"/>
          <Porc V="052,54"/>
          <Pregunta V="005"/>
        </lin>
        <lin>
          <Opcion V="002"/>
          <Votos V="6511"/>
          <Porc V="047,45"/>
          <Pregunta V="005"/>
        </lin>
        <lin>
          <Opcion V="001"/>
          <Votos V="6346"/>
          <Porc V="050,15"/>
          <Pregunta V="006"/>
        </lin>
        <lin>
          <Opcion V="002"/>
          <Votos V="6307"/>
          <Porc V="049,84"/>
          <Pregunta V="006"/>
        </lin>
        <lin>
          <Opcion V="001"/>
          <Votos V="6574"/>
          <Porc V="048,08"/>
          <Pregunta V="007"/>
        </lin>
        <lin>
          <Opcion V="002"/>
          <Votos V="7099"/>
          <Porc V="051,91"/>
          <Pregunta V="007"/>
        </lin>
      </Detalle_Opcion>
    </lin>
  </Detalle_Circunscripcion>
</Boletin>
</Boletin_Consolidado>