<Boletin_Consolidado><Boletin>
  <Numero V="0008"/>
  <Boletin_Departamental V="0012"/>
  <Tipo_Boletin V="DEPARTAMENTAL"/>
  <Desc_Corporacion V="CONSULTA POPULAR"/>
  <Departamento V="12"/>
  <Desc_Departamento V="CESAR"/>
  <Municipio V="001"/>
  <Desc_Municipio V="VALLEDUPAR"/>
  <Dia V="21"/>
  <Mes V="8"/>
  <Anio V="2018"/>
  <Hora V="14"/>
  <Minuto V="15"/>
  <Mesas_Instaladas V="765"/>
  <Mesas_Informadas V="765"/>
  <Porc_Mesas_Informadas V="100,00"/>
  <Potencial_Sufragantes V="293557"/>
  <Detalle_Circunscripcion>
    <lin>
      <Circunscripcion V="0"/>
      <Desc_Circunscripcion V="NACIONAL"/>
      <Detalle_Pregunta>
        <lin>
          <Pregunta V="001"/>
          <Total_Sufragantes V="293557"/>
          <Porc_Sufragantes V="100,00"/>
          <Abstencion V="0"/>
          <Porc_Abstencion V="000,00"/>
          <Votos_Validos V="142346"/>
          <Porc_Votos_Validos V="048,49"/>
          <Votos_No_Marcados V="75681"/>
          <Porc_Votos_No_Marcados V="025,78"/>
          <Votos_Nulos V="75530"/>
          <Porc_Votos_Nulos V="025,72"/>
        </lin>
        <lin>
          <Pregunta V="002"/>
          <Total_Sufragantes V="293557"/>
          <Porc_Sufragantes V="100,00"/>
          <Abstencion V="0"/>
          <Porc_Abstencion V="000,00"/>
          <Votos_Validos V="147138"/>
          <Porc_Votos_Validos V="050,12"/>
          <Votos_No_Marcados V="71594"/>
          <Porc_Votos_No_Marcados V="024,38"/>
          <Votos_Nulos V="74825"/>
          <Porc_Votos_Nulos V="025,48"/>
        </lin>
        <lin>
          <Pregunta V="003"/>
          <Total_Sufragantes V="293557"/>
          <Porc_Sufragantes V="100,00"/>
          <Abstencion V="0"/>
          <Porc_Abstencion V="000,00"/>
          <Votos_Validos V="144094"/>
          <Porc_Votos_Validos V="049,08"/>
          <Votos_No_Marcados V="73079"/>
          <Porc_Votos_No_Marcados V="024,89"/>
          <Votos_Nulos V="76384"/>
          <Porc_Votos_Nulos V="026,02"/>
        </lin>
        <lin>
          <Pregunta V="004"/>
          <Total_Sufragantes V="293557"/>
          <Porc_Sufragantes V="100,00"/>
          <Abstencion V="0"/>
          <Porc_Abstencion V="000,00"/>
          <Votos_Validos V="149883"/>
          <Porc_Votos_Validos V="051,05"/>
          <Votos_No_Marcados V="71614"/>
          <Porc_Votos_No_Marcados V="024,39"/>
          <Votos_Nulos V="72060"/>
          <Porc_Votos_Nulos V="024,54"/>
        </lin>
        <lin>
          <Pregunta V="005"/>
          <Total_Sufragantes V="293557"/>
          <Porc_Sufragantes V="100,00"/>
          <Abstencion V="0"/>
          <Porc_Abstencion V="000,00"/>
          <Votos_Validos V="148811"/>
          <Porc_Votos_Validos V="050,69"/>
          <Votos_No_Marcados V="73335"/>
          <Porc_Votos_No_Marcados V="024,98"/>
          <Votos_Nulos V="71411"/>
          <Porc_Votos_Nulos V="024,32"/>
        </lin>
        <lin>
          <Pregunta V="006"/>
          <Total_Sufragantes V="293557"/>
          <Porc_Sufragantes V="100,00"/>
          <Abstencion V="0"/>
          <Porc_Abstencion V="000,00"/>
          <Votos_Validos V="147416"/>
          <Porc_Votos_Validos V="050,21"/>
          <Votos_No_Marcados V="71297"/>
          <Porc_Votos_No_Marcados V="024,28"/>
          <Votos_Nulos V="74844"/>
          <Porc_Votos_Nulos V="025,49"/>
        </lin>
        <lin>
          <Pregunta V="007"/>
          <Total_Sufragantes V="293557"/>
          <Porc_Sufragantes V="100,00"/>
          <Abstencion V="0"/>
          <Porc_Abstencion V="000,00"/>
          <Votos_Validos V="145876"/>
          <Porc_Votos_Validos V="049,69"/>
          <Votos_No_Marcados V="75674"/>
          <Porc_Votos_No_Marcados V="025,77"/>
          <Votos_Nulos V="72007"/>
          <Porc_Votos_Nulos V="024,52"/>
        </lin>
      </Detalle_Pregunta>
      <Detalle_Opcion>
        <lin>
          <Opcion V="001"/>
          <Votos V="70036"/>
          <Porc V="049,20"/>
          <Pregunta V="001"/>
        </lin>
        <lin>
          <Opcion V="002"/>
          <Votos V="72310"/>
          <Porc V="050,79"/>
          <Pregunta V="001"/>
        </lin>
        <lin>
          <Opcion V="001"/>
          <Votos V="73010"/>
          <Porc V="049,62"/>
          <Pregunta V="002"/>
        </lin>
        <lin>
          <Opcion V="002"/>
          <Votos V="74128"/>
          <Porc V="050,37"/>
          <Pregunta V="002"/>
        </lin>
        <lin>
          <Opcion V="001"/>
          <Votos V="70610"/>
          <Porc V="049,00"/>
          <Pregunta V="003"/>
        </lin>
        <lin>
          <Opcion V="002"/>
          <Votos V="73484"/>
          <Porc V="050,99"/>
          <Pregunta V="003"/>
        </lin>
        <lin>
          <Opcion V="001"/>
          <Votos V="74833"/>
          <Porc V="049,92"/>
          <Pregunta V="004"/>
        </lin>
        <lin>
          <Opcion V="002"/>
          <Votos V="75050"/>
          <Porc V="050,07"/>
          <Pregunta V="004"/>
        </lin>
        <lin>
          <Opcion V="001"/>
          <Votos V="76055"/>
          <Porc V="051,10"/>
          <Pregunta V="005"/>
        </lin>
        <lin>
          <Opcion V="002"/>
          <Votos V="72756"/>
          <Porc V="048,89"/>
          <Pregunta V="005"/>
        </lin>
        <lin>
          <Opcion V="001"/>
          <Votos V="73553"/>
          <Porc V="049,89"/>
          <Pregunta V="006"/>
        </lin>
        <lin>
          <Opcion V="002"/>
          <Votos V="73863"/>
          <Porc V="050,10"/>
          <Pregunta V="006"/>
        </lin>
        <lin>
          <Opcion V="001"/>
          <Votos V="73460"/>
          <Porc V="050,35"/>
          <Pregunta V="007"/>
        </lin>
        <lin>
          <Opcion V="002"/>
          <Votos V="72416"/>
          <Porc V="049,64"/>
          <Pregunta V="007"/>
        </lin>
      </Detalle_Opcion>
    </lin>
  </Detalle_Circunscripcion>
</Boletin>
</Boletin_Consolidado>