<Boletin_Consolidado><Boletin>
  <Numero V="0008"/>
  <Boletin_Departamental V="0012"/>
  <Tipo_Boletin V="DEPARTAMENTAL"/>
  <Desc_Corporacion V="CONSULTA POPULAR"/>
  <Departamento V="13"/>
  <Desc_Departamento V="CORDOBA"/>
  <Municipio V="043"/>
  <Desc_Municipio V="SAN ANTERO"/>
  <Dia V="21"/>
  <Mes V="8"/>
  <Anio V="2018"/>
  <Hora V="14"/>
  <Minuto V="15"/>
  <Mesas_Instaladas V="61"/>
  <Mesas_Informadas V="61"/>
  <Porc_Mesas_Informadas V="100,00"/>
  <Potencial_Sufragantes V="21734"/>
  <Detalle_Circunscripcion>
    <lin>
      <Circunscripcion V="0"/>
      <Desc_Circunscripcion V="NACIONAL"/>
      <Detalle_Pregunta>
        <lin>
          <Pregunta V="001"/>
          <Total_Sufragantes V="21734"/>
          <Porc_Sufragantes V="100,00"/>
          <Abstencion V="0"/>
          <Porc_Abstencion V="000,00"/>
          <Votos_Validos V="11544"/>
          <Porc_Votos_Validos V="053,11"/>
          <Votos_No_Marcados V="4879"/>
          <Porc_Votos_No_Marcados V="022,44"/>
          <Votos_Nulos V="5311"/>
          <Porc_Votos_Nulos V="024,43"/>
        </lin>
        <lin>
          <Pregunta V="002"/>
          <Total_Sufragantes V="21734"/>
          <Porc_Sufragantes V="100,00"/>
          <Abstencion V="0"/>
          <Porc_Abstencion V="000,00"/>
          <Votos_Validos V="10917"/>
          <Porc_Votos_Validos V="050,23"/>
          <Votos_No_Marcados V="4933"/>
          <Porc_Votos_No_Marcados V="022,69"/>
          <Votos_Nulos V="5884"/>
          <Porc_Votos_Nulos V="027,07"/>
        </lin>
        <lin>
          <Pregunta V="003"/>
          <Total_Sufragantes V="21734"/>
          <Porc_Sufragantes V="100,00"/>
          <Abstencion V="0"/>
          <Porc_Abstencion V="000,00"/>
          <Votos_Validos V="9923"/>
          <Porc_Votos_Validos V="045,65"/>
          <Votos_No_Marcados V="5521"/>
          <Porc_Votos_No_Marcados V="025,40"/>
          <Votos_Nulos V="6290"/>
          <Porc_Votos_Nulos V="028,94"/>
        </lin>
        <lin>
          <Pregunta V="004"/>
          <Total_Sufragantes V="21734"/>
          <Porc_Sufragantes V="100,00"/>
          <Abstencion V="0"/>
          <Porc_Abstencion V="000,00"/>
          <Votos_Validos V="10533"/>
          <Porc_Votos_Validos V="048,46"/>
          <Votos_No_Marcados V="5383"/>
          <Porc_Votos_No_Marcados V="024,76"/>
          <Votos_Nulos V="5818"/>
          <Porc_Votos_Nulos V="026,76"/>
        </lin>
        <lin>
          <Pregunta V="005"/>
          <Total_Sufragantes V="21734"/>
          <Porc_Sufragantes V="100,00"/>
          <Abstencion V="0"/>
          <Porc_Abstencion V="000,00"/>
          <Votos_Validos V="11436"/>
          <Porc_Votos_Validos V="052,61"/>
          <Votos_No_Marcados V="5161"/>
          <Porc_Votos_No_Marcados V="023,74"/>
          <Votos_Nulos V="5137"/>
          <Porc_Votos_Nulos V="023,63"/>
        </lin>
        <lin>
          <Pregunta V="006"/>
          <Total_Sufragantes V="21734"/>
          <Porc_Sufragantes V="100,00"/>
          <Abstencion V="0"/>
          <Porc_Abstencion V="000,00"/>
          <Votos_Validos V="9599"/>
          <Porc_Votos_Validos V="044,16"/>
          <Votos_No_Marcados V="6026"/>
          <Porc_Votos_No_Marcados V="027,72"/>
          <Votos_Nulos V="6109"/>
          <Porc_Votos_Nulos V="028,10"/>
        </lin>
        <lin>
          <Pregunta V="007"/>
          <Total_Sufragantes V="21734"/>
          <Porc_Sufragantes V="100,00"/>
          <Abstencion V="0"/>
          <Porc_Abstencion V="000,00"/>
          <Votos_Validos V="10269"/>
          <Porc_Votos_Validos V="047,24"/>
          <Votos_No_Marcados V="6104"/>
          <Porc_Votos_No_Marcados V="028,08"/>
          <Votos_Nulos V="5361"/>
          <Porc_Votos_Nulos V="024,66"/>
        </lin>
      </Detalle_Pregunta>
      <Detalle_Opcion>
        <lin>
          <Opcion V="001"/>
          <Votos V="5605"/>
          <Porc V="048,55"/>
          <Pregunta V="001"/>
        </lin>
        <lin>
          <Opcion V="002"/>
          <Votos V="5939"/>
          <Porc V="051,44"/>
          <Pregunta V="001"/>
        </lin>
        <lin>
          <Opcion V="001"/>
          <Votos V="5019"/>
          <Porc V="045,97"/>
          <Pregunta V="002"/>
        </lin>
        <lin>
          <Opcion V="002"/>
          <Votos V="5898"/>
          <Porc V="054,02"/>
          <Pregunta V="002"/>
        </lin>
        <lin>
          <Opcion V="001"/>
          <Votos V="5590"/>
          <Porc V="056,33"/>
          <Pregunta V="003"/>
        </lin>
        <lin>
          <Opcion V="002"/>
          <Votos V="4333"/>
          <Porc V="043,66"/>
          <Pregunta V="003"/>
        </lin>
        <lin>
          <Opcion V="001"/>
          <Votos V="5650"/>
          <Porc V="053,64"/>
          <Pregunta V="004"/>
        </lin>
        <lin>
          <Opcion V="002"/>
          <Votos V="4883"/>
          <Porc V="046,35"/>
          <Pregunta V="004"/>
        </lin>
        <lin>
          <Opcion V="001"/>
          <Votos V="5524"/>
          <Porc V="048,30"/>
          <Pregunta V="005"/>
        </lin>
        <lin>
          <Opcion V="002"/>
          <Votos V="5912"/>
          <Porc V="051,69"/>
          <Pregunta V="005"/>
        </lin>
        <lin>
          <Opcion V="001"/>
          <Votos V="5335"/>
          <Porc V="055,57"/>
          <Pregunta V="006"/>
        </lin>
        <lin>
          <Opcion V="002"/>
          <Votos V="4264"/>
          <Porc V="044,42"/>
          <Pregunta V="006"/>
        </lin>
        <lin>
          <Opcion V="001"/>
          <Votos V="4857"/>
          <Porc V="047,29"/>
          <Pregunta V="007"/>
        </lin>
        <lin>
          <Opcion V="002"/>
          <Votos V="5412"/>
          <Porc V="052,70"/>
          <Pregunta V="007"/>
        </lin>
      </Detalle_Opcion>
    </lin>
  </Detalle_Circunscripcion>
</Boletin>
</Boletin_Consolidado>