<Boletin_Consolidado><Boletin>
  <Numero V="0008"/>
  <Boletin_Departamental V="0012"/>
  <Tipo_Boletin V="DEPARTAMENTAL"/>
  <Desc_Corporacion V="CONSULTA POPULAR"/>
  <Departamento V="01"/>
  <Desc_Departamento V="ANTIOQUIA"/>
  <Municipio V="230"/>
  <Desc_Municipio V="SAN JOSE DE LA MONTAÑA"/>
  <Dia V="21"/>
  <Mes V="8"/>
  <Anio V="2018"/>
  <Hora V="14"/>
  <Minuto V="15"/>
  <Mesas_Instaladas V="9"/>
  <Mesas_Informadas V="9"/>
  <Porc_Mesas_Informadas V="100,00"/>
  <Potencial_Sufragantes V="3143"/>
  <Detalle_Circunscripcion>
    <lin>
      <Circunscripcion V="0"/>
      <Desc_Circunscripcion V="NACIONAL"/>
      <Detalle_Pregunta>
        <lin>
          <Pregunta V="001"/>
          <Total_Sufragantes V="3143"/>
          <Porc_Sufragantes V="100,00"/>
          <Abstencion V="0"/>
          <Porc_Abstencion V="000,00"/>
          <Votos_Validos V="1519"/>
          <Porc_Votos_Validos V="048,32"/>
          <Votos_No_Marcados V="836"/>
          <Porc_Votos_No_Marcados V="026,59"/>
          <Votos_Nulos V="788"/>
          <Porc_Votos_Nulos V="025,07"/>
        </lin>
        <lin>
          <Pregunta V="002"/>
          <Total_Sufragantes V="3143"/>
          <Porc_Sufragantes V="100,00"/>
          <Abstencion V="0"/>
          <Porc_Abstencion V="000,00"/>
          <Votos_Validos V="1612"/>
          <Porc_Votos_Validos V="051,28"/>
          <Votos_No_Marcados V="724"/>
          <Porc_Votos_No_Marcados V="023,03"/>
          <Votos_Nulos V="807"/>
          <Porc_Votos_Nulos V="025,67"/>
        </lin>
        <lin>
          <Pregunta V="003"/>
          <Total_Sufragantes V="3143"/>
          <Porc_Sufragantes V="100,00"/>
          <Abstencion V="0"/>
          <Porc_Abstencion V="000,00"/>
          <Votos_Validos V="1383"/>
          <Porc_Votos_Validos V="044,00"/>
          <Votos_No_Marcados V="853"/>
          <Porc_Votos_No_Marcados V="027,13"/>
          <Votos_Nulos V="907"/>
          <Porc_Votos_Nulos V="028,85"/>
        </lin>
        <lin>
          <Pregunta V="004"/>
          <Total_Sufragantes V="3143"/>
          <Porc_Sufragantes V="100,00"/>
          <Abstencion V="0"/>
          <Porc_Abstencion V="000,00"/>
          <Votos_Validos V="1671"/>
          <Porc_Votos_Validos V="053,16"/>
          <Votos_No_Marcados V="615"/>
          <Porc_Votos_No_Marcados V="019,56"/>
          <Votos_Nulos V="857"/>
          <Porc_Votos_Nulos V="027,26"/>
        </lin>
        <lin>
          <Pregunta V="005"/>
          <Total_Sufragantes V="3143"/>
          <Porc_Sufragantes V="100,00"/>
          <Abstencion V="0"/>
          <Porc_Abstencion V="000,00"/>
          <Votos_Validos V="1474"/>
          <Porc_Votos_Validos V="046,89"/>
          <Votos_No_Marcados V="1208"/>
          <Porc_Votos_No_Marcados V="038,43"/>
          <Votos_Nulos V="461"/>
          <Porc_Votos_Nulos V="014,66"/>
        </lin>
        <lin>
          <Pregunta V="006"/>
          <Total_Sufragantes V="3143"/>
          <Porc_Sufragantes V="100,00"/>
          <Abstencion V="0"/>
          <Porc_Abstencion V="000,00"/>
          <Votos_Validos V="1475"/>
          <Porc_Votos_Validos V="046,92"/>
          <Votos_No_Marcados V="951"/>
          <Porc_Votos_No_Marcados V="030,25"/>
          <Votos_Nulos V="717"/>
          <Porc_Votos_Nulos V="022,81"/>
        </lin>
        <lin>
          <Pregunta V="007"/>
          <Total_Sufragantes V="3143"/>
          <Porc_Sufragantes V="100,00"/>
          <Abstencion V="0"/>
          <Porc_Abstencion V="000,00"/>
          <Votos_Validos V="1137"/>
          <Porc_Votos_Validos V="036,17"/>
          <Votos_No_Marcados V="761"/>
          <Porc_Votos_No_Marcados V="024,21"/>
          <Votos_Nulos V="1245"/>
          <Porc_Votos_Nulos V="039,61"/>
        </lin>
      </Detalle_Pregunta>
      <Detalle_Opcion>
        <lin>
          <Opcion V="001"/>
          <Votos V="614"/>
          <Porc V="040,42"/>
          <Pregunta V="001"/>
        </lin>
        <lin>
          <Opcion V="002"/>
          <Votos V="905"/>
          <Porc V="059,57"/>
          <Pregunta V="001"/>
        </lin>
        <lin>
          <Opcion V="001"/>
          <Votos V="685"/>
          <Porc V="042,49"/>
          <Pregunta V="002"/>
        </lin>
        <lin>
          <Opcion V="002"/>
          <Votos V="927"/>
          <Porc V="057,50"/>
          <Pregunta V="002"/>
        </lin>
        <lin>
          <Opcion V="001"/>
          <Votos V="864"/>
          <Porc V="062,47"/>
          <Pregunta V="003"/>
        </lin>
        <lin>
          <Opcion V="002"/>
          <Votos V="519"/>
          <Porc V="037,52"/>
          <Pregunta V="003"/>
        </lin>
        <lin>
          <Opcion V="001"/>
          <Votos V="809"/>
          <Porc V="048,41"/>
          <Pregunta V="004"/>
        </lin>
        <lin>
          <Opcion V="002"/>
          <Votos V="862"/>
          <Porc V="051,58"/>
          <Pregunta V="004"/>
        </lin>
        <lin>
          <Opcion V="001"/>
          <Votos V="690"/>
          <Porc V="046,81"/>
          <Pregunta V="005"/>
        </lin>
        <lin>
          <Opcion V="002"/>
          <Votos V="784"/>
          <Porc V="053,18"/>
          <Pregunta V="005"/>
        </lin>
        <lin>
          <Opcion V="001"/>
          <Votos V="887"/>
          <Porc V="060,13"/>
          <Pregunta V="006"/>
        </lin>
        <lin>
          <Opcion V="002"/>
          <Votos V="588"/>
          <Porc V="039,86"/>
          <Pregunta V="006"/>
        </lin>
        <lin>
          <Opcion V="001"/>
          <Votos V="503"/>
          <Porc V="044,23"/>
          <Pregunta V="007"/>
        </lin>
        <lin>
          <Opcion V="002"/>
          <Votos V="634"/>
          <Porc V="055,76"/>
          <Pregunta V="007"/>
        </lin>
      </Detalle_Opcion>
    </lin>
  </Detalle_Circunscripcion>
</Boletin>
</Boletin_Consolidado>