<Boletin_Consolidado><Boletin>
  <Numero V="0008"/>
  <Boletin_Departamental V="0012"/>
  <Tipo_Boletin V="DEPARTAMENTAL"/>
  <Desc_Corporacion V="CONSULTA POPULAR"/>
  <Departamento V="01"/>
  <Desc_Departamento V="ANTIOQUIA"/>
  <Municipio V="016"/>
  <Desc_Municipio V="AMALFI"/>
  <Dia V="21"/>
  <Mes V="8"/>
  <Anio V="2018"/>
  <Hora V="14"/>
  <Minuto V="15"/>
  <Mesas_Instaladas V="47"/>
  <Mesas_Informadas V="47"/>
  <Porc_Mesas_Informadas V="100,00"/>
  <Potencial_Sufragantes V="17287"/>
  <Detalle_Circunscripcion>
    <lin>
      <Circunscripcion V="0"/>
      <Desc_Circunscripcion V="NACIONAL"/>
      <Detalle_Pregunta>
        <lin>
          <Pregunta V="001"/>
          <Total_Sufragantes V="17287"/>
          <Porc_Sufragantes V="100,00"/>
          <Abstencion V="0"/>
          <Porc_Abstencion V="000,00"/>
          <Votos_Validos V="8661"/>
          <Porc_Votos_Validos V="050,10"/>
          <Votos_No_Marcados V="3869"/>
          <Porc_Votos_No_Marcados V="022,38"/>
          <Votos_Nulos V="4757"/>
          <Porc_Votos_Nulos V="027,51"/>
        </lin>
        <lin>
          <Pregunta V="002"/>
          <Total_Sufragantes V="17287"/>
          <Porc_Sufragantes V="100,00"/>
          <Abstencion V="0"/>
          <Porc_Abstencion V="000,00"/>
          <Votos_Validos V="9104"/>
          <Porc_Votos_Validos V="052,66"/>
          <Votos_No_Marcados V="3581"/>
          <Porc_Votos_No_Marcados V="020,71"/>
          <Votos_Nulos V="4602"/>
          <Porc_Votos_Nulos V="026,62"/>
        </lin>
        <lin>
          <Pregunta V="003"/>
          <Total_Sufragantes V="17287"/>
          <Porc_Sufragantes V="100,00"/>
          <Abstencion V="0"/>
          <Porc_Abstencion V="000,00"/>
          <Votos_Validos V="8900"/>
          <Porc_Votos_Validos V="051,48"/>
          <Votos_No_Marcados V="3833"/>
          <Porc_Votos_No_Marcados V="022,17"/>
          <Votos_Nulos V="4554"/>
          <Porc_Votos_Nulos V="026,34"/>
        </lin>
        <lin>
          <Pregunta V="004"/>
          <Total_Sufragantes V="17287"/>
          <Porc_Sufragantes V="100,00"/>
          <Abstencion V="0"/>
          <Porc_Abstencion V="000,00"/>
          <Votos_Validos V="8257"/>
          <Porc_Votos_Validos V="047,76"/>
          <Votos_No_Marcados V="4913"/>
          <Porc_Votos_No_Marcados V="028,42"/>
          <Votos_Nulos V="4117"/>
          <Porc_Votos_Nulos V="023,81"/>
        </lin>
        <lin>
          <Pregunta V="005"/>
          <Total_Sufragantes V="17287"/>
          <Porc_Sufragantes V="100,00"/>
          <Abstencion V="0"/>
          <Porc_Abstencion V="000,00"/>
          <Votos_Validos V="8888"/>
          <Porc_Votos_Validos V="051,41"/>
          <Votos_No_Marcados V="4195"/>
          <Porc_Votos_No_Marcados V="024,26"/>
          <Votos_Nulos V="4204"/>
          <Porc_Votos_Nulos V="024,31"/>
        </lin>
        <lin>
          <Pregunta V="006"/>
          <Total_Sufragantes V="17287"/>
          <Porc_Sufragantes V="100,00"/>
          <Abstencion V="0"/>
          <Porc_Abstencion V="000,00"/>
          <Votos_Validos V="8691"/>
          <Porc_Votos_Validos V="050,27"/>
          <Votos_No_Marcados V="4392"/>
          <Porc_Votos_No_Marcados V="025,40"/>
          <Votos_Nulos V="4204"/>
          <Porc_Votos_Nulos V="024,31"/>
        </lin>
        <lin>
          <Pregunta V="007"/>
          <Total_Sufragantes V="17287"/>
          <Porc_Sufragantes V="100,00"/>
          <Abstencion V="0"/>
          <Porc_Abstencion V="000,00"/>
          <Votos_Validos V="9054"/>
          <Porc_Votos_Validos V="052,37"/>
          <Votos_No_Marcados V="3972"/>
          <Porc_Votos_No_Marcados V="022,97"/>
          <Votos_Nulos V="4261"/>
          <Porc_Votos_Nulos V="024,64"/>
        </lin>
      </Detalle_Pregunta>
      <Detalle_Opcion>
        <lin>
          <Opcion V="001"/>
          <Votos V="4445"/>
          <Porc V="051,32"/>
          <Pregunta V="001"/>
        </lin>
        <lin>
          <Opcion V="002"/>
          <Votos V="4216"/>
          <Porc V="048,67"/>
          <Pregunta V="001"/>
        </lin>
        <lin>
          <Opcion V="001"/>
          <Votos V="4832"/>
          <Porc V="053,07"/>
          <Pregunta V="002"/>
        </lin>
        <lin>
          <Opcion V="002"/>
          <Votos V="4272"/>
          <Porc V="046,92"/>
          <Pregunta V="002"/>
        </lin>
        <lin>
          <Opcion V="001"/>
          <Votos V="4296"/>
          <Porc V="048,26"/>
          <Pregunta V="003"/>
        </lin>
        <lin>
          <Opcion V="002"/>
          <Votos V="4604"/>
          <Porc V="051,73"/>
          <Pregunta V="003"/>
        </lin>
        <lin>
          <Opcion V="001"/>
          <Votos V="4831"/>
          <Porc V="058,50"/>
          <Pregunta V="004"/>
        </lin>
        <lin>
          <Opcion V="002"/>
          <Votos V="3426"/>
          <Porc V="041,49"/>
          <Pregunta V="004"/>
        </lin>
        <lin>
          <Opcion V="001"/>
          <Votos V="4600"/>
          <Porc V="051,75"/>
          <Pregunta V="005"/>
        </lin>
        <lin>
          <Opcion V="002"/>
          <Votos V="4288"/>
          <Porc V="048,24"/>
          <Pregunta V="005"/>
        </lin>
        <lin>
          <Opcion V="001"/>
          <Votos V="4195"/>
          <Porc V="048,26"/>
          <Pregunta V="006"/>
        </lin>
        <lin>
          <Opcion V="002"/>
          <Votos V="4496"/>
          <Porc V="051,73"/>
          <Pregunta V="006"/>
        </lin>
        <lin>
          <Opcion V="001"/>
          <Votos V="4384"/>
          <Porc V="048,42"/>
          <Pregunta V="007"/>
        </lin>
        <lin>
          <Opcion V="002"/>
          <Votos V="4670"/>
          <Porc V="051,57"/>
          <Pregunta V="007"/>
        </lin>
      </Detalle_Opcion>
    </lin>
  </Detalle_Circunscripcion>
</Boletin>
</Boletin_Consolidado>