<Boletin_Consolidado><Boletin>
  <Numero V="0008"/>
  <Boletin_Departamental V="0012"/>
  <Tipo_Boletin V="DEPARTAMENTAL"/>
  <Desc_Corporacion V="CONSULTA POPULAR"/>
  <Departamento V="01"/>
  <Desc_Departamento V="ANTIOQUIA"/>
  <Municipio V="268"/>
  <Desc_Municipio V="TAMESIS"/>
  <Dia V="21"/>
  <Mes V="8"/>
  <Anio V="2018"/>
  <Hora V="14"/>
  <Minuto V="15"/>
  <Mesas_Instaladas V="40"/>
  <Mesas_Informadas V="40"/>
  <Porc_Mesas_Informadas V="100,00"/>
  <Potencial_Sufragantes V="14485"/>
  <Detalle_Circunscripcion>
    <lin>
      <Circunscripcion V="0"/>
      <Desc_Circunscripcion V="NACIONAL"/>
      <Detalle_Pregunta>
        <lin>
          <Pregunta V="001"/>
          <Total_Sufragantes V="14485"/>
          <Porc_Sufragantes V="100,00"/>
          <Abstencion V="0"/>
          <Porc_Abstencion V="000,00"/>
          <Votos_Validos V="6908"/>
          <Porc_Votos_Validos V="047,69"/>
          <Votos_No_Marcados V="3637"/>
          <Porc_Votos_No_Marcados V="025,10"/>
          <Votos_Nulos V="3940"/>
          <Porc_Votos_Nulos V="027,20"/>
        </lin>
        <lin>
          <Pregunta V="002"/>
          <Total_Sufragantes V="14485"/>
          <Porc_Sufragantes V="100,00"/>
          <Abstencion V="0"/>
          <Porc_Abstencion V="000,00"/>
          <Votos_Validos V="7198"/>
          <Porc_Votos_Validos V="049,69"/>
          <Votos_No_Marcados V="3912"/>
          <Porc_Votos_No_Marcados V="027,00"/>
          <Votos_Nulos V="3375"/>
          <Porc_Votos_Nulos V="023,29"/>
        </lin>
        <lin>
          <Pregunta V="003"/>
          <Total_Sufragantes V="14485"/>
          <Porc_Sufragantes V="100,00"/>
          <Abstencion V="0"/>
          <Porc_Abstencion V="000,00"/>
          <Votos_Validos V="7517"/>
          <Porc_Votos_Validos V="051,89"/>
          <Votos_No_Marcados V="3718"/>
          <Porc_Votos_No_Marcados V="025,66"/>
          <Votos_Nulos V="3250"/>
          <Porc_Votos_Nulos V="022,43"/>
        </lin>
        <lin>
          <Pregunta V="004"/>
          <Total_Sufragantes V="14485"/>
          <Porc_Sufragantes V="100,00"/>
          <Abstencion V="0"/>
          <Porc_Abstencion V="000,00"/>
          <Votos_Validos V="6960"/>
          <Porc_Votos_Validos V="048,04"/>
          <Votos_No_Marcados V="3776"/>
          <Porc_Votos_No_Marcados V="026,06"/>
          <Votos_Nulos V="3749"/>
          <Porc_Votos_Nulos V="025,88"/>
        </lin>
        <lin>
          <Pregunta V="005"/>
          <Total_Sufragantes V="14485"/>
          <Porc_Sufragantes V="100,00"/>
          <Abstencion V="0"/>
          <Porc_Abstencion V="000,00"/>
          <Votos_Validos V="7033"/>
          <Porc_Votos_Validos V="048,55"/>
          <Votos_No_Marcados V="4263"/>
          <Porc_Votos_No_Marcados V="029,43"/>
          <Votos_Nulos V="3189"/>
          <Porc_Votos_Nulos V="022,01"/>
        </lin>
        <lin>
          <Pregunta V="006"/>
          <Total_Sufragantes V="14485"/>
          <Porc_Sufragantes V="100,00"/>
          <Abstencion V="0"/>
          <Porc_Abstencion V="000,00"/>
          <Votos_Validos V="6942"/>
          <Porc_Votos_Validos V="047,92"/>
          <Votos_No_Marcados V="3113"/>
          <Porc_Votos_No_Marcados V="021,49"/>
          <Votos_Nulos V="4430"/>
          <Porc_Votos_Nulos V="030,58"/>
        </lin>
        <lin>
          <Pregunta V="007"/>
          <Total_Sufragantes V="14485"/>
          <Porc_Sufragantes V="100,00"/>
          <Abstencion V="0"/>
          <Porc_Abstencion V="000,00"/>
          <Votos_Validos V="6580"/>
          <Porc_Votos_Validos V="045,42"/>
          <Votos_No_Marcados V="4352"/>
          <Porc_Votos_No_Marcados V="030,04"/>
          <Votos_Nulos V="3553"/>
          <Porc_Votos_Nulos V="024,52"/>
        </lin>
      </Detalle_Pregunta>
      <Detalle_Opcion>
        <lin>
          <Opcion V="001"/>
          <Votos V="3428"/>
          <Porc V="049,62"/>
          <Pregunta V="001"/>
        </lin>
        <lin>
          <Opcion V="002"/>
          <Votos V="3480"/>
          <Porc V="050,37"/>
          <Pregunta V="001"/>
        </lin>
        <lin>
          <Opcion V="001"/>
          <Votos V="3668"/>
          <Porc V="050,95"/>
          <Pregunta V="002"/>
        </lin>
        <lin>
          <Opcion V="002"/>
          <Votos V="3530"/>
          <Porc V="049,04"/>
          <Pregunta V="002"/>
        </lin>
        <lin>
          <Opcion V="001"/>
          <Votos V="3407"/>
          <Porc V="045,32"/>
          <Pregunta V="003"/>
        </lin>
        <lin>
          <Opcion V="002"/>
          <Votos V="4110"/>
          <Porc V="054,67"/>
          <Pregunta V="003"/>
        </lin>
        <lin>
          <Opcion V="001"/>
          <Votos V="3156"/>
          <Porc V="045,34"/>
          <Pregunta V="004"/>
        </lin>
        <lin>
          <Opcion V="002"/>
          <Votos V="3804"/>
          <Porc V="054,65"/>
          <Pregunta V="004"/>
        </lin>
        <lin>
          <Opcion V="001"/>
          <Votos V="3142"/>
          <Porc V="044,67"/>
          <Pregunta V="005"/>
        </lin>
        <lin>
          <Opcion V="002"/>
          <Votos V="3891"/>
          <Porc V="055,32"/>
          <Pregunta V="005"/>
        </lin>
        <lin>
          <Opcion V="001"/>
          <Votos V="3700"/>
          <Porc V="053,29"/>
          <Pregunta V="006"/>
        </lin>
        <lin>
          <Opcion V="002"/>
          <Votos V="3242"/>
          <Porc V="046,70"/>
          <Pregunta V="006"/>
        </lin>
        <lin>
          <Opcion V="001"/>
          <Votos V="3490"/>
          <Porc V="053,03"/>
          <Pregunta V="007"/>
        </lin>
        <lin>
          <Opcion V="002"/>
          <Votos V="3090"/>
          <Porc V="046,96"/>
          <Pregunta V="007"/>
        </lin>
      </Detalle_Opcion>
    </lin>
  </Detalle_Circunscripcion>
</Boletin>
</Boletin_Consolidado>