<Boletin_Consolidado><Boletin>
  <Numero V="0008"/>
  <Boletin_Departamental V="0010"/>
  <Tipo_Boletin V="DEPARTAMENTAL"/>
  <Desc_Corporacion V="CONSULTA POPULAR"/>
  <Departamento V="07"/>
  <Desc_Departamento V="BOYACA"/>
  <Municipio V="103"/>
  <Desc_Municipio V="GUACAMAYAS"/>
  <Dia V="21"/>
  <Mes V="8"/>
  <Anio V="2018"/>
  <Hora V="14"/>
  <Minuto V="15"/>
  <Mesas_Instaladas V="5"/>
  <Mesas_Informadas V="5"/>
  <Porc_Mesas_Informadas V="100,00"/>
  <Potencial_Sufragantes V="1611"/>
  <Detalle_Circunscripcion>
    <lin>
      <Circunscripcion V="0"/>
      <Desc_Circunscripcion V="NACIONAL"/>
      <Detalle_Pregunta>
        <lin>
          <Pregunta V="001"/>
          <Total_Sufragantes V="1611"/>
          <Porc_Sufragantes V="100,00"/>
          <Abstencion V="0"/>
          <Porc_Abstencion V="000,00"/>
          <Votos_Validos V="1050"/>
          <Porc_Votos_Validos V="065,17"/>
          <Votos_No_Marcados V="343"/>
          <Porc_Votos_No_Marcados V="021,29"/>
          <Votos_Nulos V="218"/>
          <Porc_Votos_Nulos V="013,53"/>
        </lin>
        <lin>
          <Pregunta V="002"/>
          <Total_Sufragantes V="1611"/>
          <Porc_Sufragantes V="100,00"/>
          <Abstencion V="0"/>
          <Porc_Abstencion V="000,00"/>
          <Votos_Validos V="717"/>
          <Porc_Votos_Validos V="044,50"/>
          <Votos_No_Marcados V="299"/>
          <Porc_Votos_No_Marcados V="018,55"/>
          <Votos_Nulos V="595"/>
          <Porc_Votos_Nulos V="036,93"/>
        </lin>
        <lin>
          <Pregunta V="003"/>
          <Total_Sufragantes V="1611"/>
          <Porc_Sufragantes V="100,00"/>
          <Abstencion V="0"/>
          <Porc_Abstencion V="000,00"/>
          <Votos_Validos V="763"/>
          <Porc_Votos_Validos V="047,36"/>
          <Votos_No_Marcados V="489"/>
          <Porc_Votos_No_Marcados V="030,35"/>
          <Votos_Nulos V="359"/>
          <Porc_Votos_Nulos V="022,28"/>
        </lin>
        <lin>
          <Pregunta V="004"/>
          <Total_Sufragantes V="1611"/>
          <Porc_Sufragantes V="100,00"/>
          <Abstencion V="0"/>
          <Porc_Abstencion V="000,00"/>
          <Votos_Validos V="972"/>
          <Porc_Votos_Validos V="060,33"/>
          <Votos_No_Marcados V="340"/>
          <Porc_Votos_No_Marcados V="021,10"/>
          <Votos_Nulos V="299"/>
          <Porc_Votos_Nulos V="018,55"/>
        </lin>
        <lin>
          <Pregunta V="005"/>
          <Total_Sufragantes V="1611"/>
          <Porc_Sufragantes V="100,00"/>
          <Abstencion V="0"/>
          <Porc_Abstencion V="000,00"/>
          <Votos_Validos V="1082"/>
          <Porc_Votos_Validos V="067,16"/>
          <Votos_No_Marcados V="189"/>
          <Porc_Votos_No_Marcados V="011,73"/>
          <Votos_Nulos V="340"/>
          <Porc_Votos_Nulos V="021,10"/>
        </lin>
        <lin>
          <Pregunta V="006"/>
          <Total_Sufragantes V="1611"/>
          <Porc_Sufragantes V="100,00"/>
          <Abstencion V="0"/>
          <Porc_Abstencion V="000,00"/>
          <Votos_Validos V="923"/>
          <Porc_Votos_Validos V="057,29"/>
          <Votos_No_Marcados V="290"/>
          <Porc_Votos_No_Marcados V="018,00"/>
          <Votos_Nulos V="398"/>
          <Porc_Votos_Nulos V="024,70"/>
        </lin>
        <lin>
          <Pregunta V="007"/>
          <Total_Sufragantes V="1611"/>
          <Porc_Sufragantes V="100,00"/>
          <Abstencion V="0"/>
          <Porc_Abstencion V="000,00"/>
          <Votos_Validos V="780"/>
          <Porc_Votos_Validos V="048,41"/>
          <Votos_No_Marcados V="278"/>
          <Porc_Votos_No_Marcados V="017,25"/>
          <Votos_Nulos V="553"/>
          <Porc_Votos_Nulos V="034,32"/>
        </lin>
      </Detalle_Pregunta>
      <Detalle_Opcion>
        <lin>
          <Opcion V="001"/>
          <Votos V="611"/>
          <Porc V="058,19"/>
          <Pregunta V="001"/>
        </lin>
        <lin>
          <Opcion V="002"/>
          <Votos V="439"/>
          <Porc V="041,80"/>
          <Pregunta V="001"/>
        </lin>
        <lin>
          <Opcion V="001"/>
          <Votos V="359"/>
          <Porc V="050,06"/>
          <Pregunta V="002"/>
        </lin>
        <lin>
          <Opcion V="002"/>
          <Votos V="358"/>
          <Porc V="049,93"/>
          <Pregunta V="002"/>
        </lin>
        <lin>
          <Opcion V="001"/>
          <Votos V="331"/>
          <Porc V="043,38"/>
          <Pregunta V="003"/>
        </lin>
        <lin>
          <Opcion V="002"/>
          <Votos V="432"/>
          <Porc V="056,61"/>
          <Pregunta V="003"/>
        </lin>
        <lin>
          <Opcion V="001"/>
          <Votos V="328"/>
          <Porc V="033,74"/>
          <Pregunta V="004"/>
        </lin>
        <lin>
          <Opcion V="002"/>
          <Votos V="644"/>
          <Porc V="066,25"/>
          <Pregunta V="004"/>
        </lin>
        <lin>
          <Opcion V="001"/>
          <Votos V="666"/>
          <Porc V="061,55"/>
          <Pregunta V="005"/>
        </lin>
        <lin>
          <Opcion V="002"/>
          <Votos V="416"/>
          <Porc V="038,44"/>
          <Pregunta V="005"/>
        </lin>
        <lin>
          <Opcion V="001"/>
          <Votos V="298"/>
          <Porc V="032,28"/>
          <Pregunta V="006"/>
        </lin>
        <lin>
          <Opcion V="002"/>
          <Votos V="625"/>
          <Porc V="067,71"/>
          <Pregunta V="006"/>
        </lin>
        <lin>
          <Opcion V="001"/>
          <Votos V="326"/>
          <Porc V="041,79"/>
          <Pregunta V="007"/>
        </lin>
        <lin>
          <Opcion V="002"/>
          <Votos V="454"/>
          <Porc V="058,20"/>
          <Pregunta V="007"/>
        </lin>
      </Detalle_Opcion>
    </lin>
  </Detalle_Circunscripcion>
</Boletin>
</Boletin_Consolidado>