<Boletin_Consolidado><Boletin>
  <Numero V="0008"/>
  <Boletin_Departamental V="0012"/>
  <Tipo_Boletin V="DEPARTAMENTAL"/>
  <Desc_Corporacion V="CONSULTA POPULAR"/>
  <Departamento V="01"/>
  <Desc_Departamento V="ANTIOQUIA"/>
  <Municipio V="202"/>
  <Desc_Municipio V="PUEBLORRICO"/>
  <Dia V="21"/>
  <Mes V="8"/>
  <Anio V="2018"/>
  <Hora V="14"/>
  <Minuto V="15"/>
  <Mesas_Instaladas V="19"/>
  <Mesas_Informadas V="19"/>
  <Porc_Mesas_Informadas V="100,00"/>
  <Potencial_Sufragantes V="7124"/>
  <Detalle_Circunscripcion>
    <lin>
      <Circunscripcion V="0"/>
      <Desc_Circunscripcion V="NACIONAL"/>
      <Detalle_Pregunta>
        <lin>
          <Pregunta V="001"/>
          <Total_Sufragantes V="7124"/>
          <Porc_Sufragantes V="100,00"/>
          <Abstencion V="0"/>
          <Porc_Abstencion V="000,00"/>
          <Votos_Validos V="3105"/>
          <Porc_Votos_Validos V="043,58"/>
          <Votos_No_Marcados V="1900"/>
          <Porc_Votos_No_Marcados V="026,67"/>
          <Votos_Nulos V="2119"/>
          <Porc_Votos_Nulos V="029,74"/>
        </lin>
        <lin>
          <Pregunta V="002"/>
          <Total_Sufragantes V="7124"/>
          <Porc_Sufragantes V="100,00"/>
          <Abstencion V="0"/>
          <Porc_Abstencion V="000,00"/>
          <Votos_Validos V="3872"/>
          <Porc_Votos_Validos V="054,35"/>
          <Votos_No_Marcados V="1957"/>
          <Porc_Votos_No_Marcados V="027,47"/>
          <Votos_Nulos V="1295"/>
          <Porc_Votos_Nulos V="018,17"/>
        </lin>
        <lin>
          <Pregunta V="003"/>
          <Total_Sufragantes V="7124"/>
          <Porc_Sufragantes V="100,00"/>
          <Abstencion V="0"/>
          <Porc_Abstencion V="000,00"/>
          <Votos_Validos V="3355"/>
          <Porc_Votos_Validos V="047,09"/>
          <Votos_No_Marcados V="1750"/>
          <Porc_Votos_No_Marcados V="024,56"/>
          <Votos_Nulos V="2019"/>
          <Porc_Votos_Nulos V="028,34"/>
        </lin>
        <lin>
          <Pregunta V="004"/>
          <Total_Sufragantes V="7124"/>
          <Porc_Sufragantes V="100,00"/>
          <Abstencion V="0"/>
          <Porc_Abstencion V="000,00"/>
          <Votos_Validos V="3437"/>
          <Porc_Votos_Validos V="048,24"/>
          <Votos_No_Marcados V="1568"/>
          <Porc_Votos_No_Marcados V="022,01"/>
          <Votos_Nulos V="2119"/>
          <Porc_Votos_Nulos V="029,74"/>
        </lin>
        <lin>
          <Pregunta V="005"/>
          <Total_Sufragantes V="7124"/>
          <Porc_Sufragantes V="100,00"/>
          <Abstencion V="0"/>
          <Porc_Abstencion V="000,00"/>
          <Votos_Validos V="4173"/>
          <Porc_Votos_Validos V="058,57"/>
          <Votos_No_Marcados V="1321"/>
          <Porc_Votos_No_Marcados V="018,54"/>
          <Votos_Nulos V="1630"/>
          <Porc_Votos_Nulos V="022,88"/>
        </lin>
        <lin>
          <Pregunta V="006"/>
          <Total_Sufragantes V="7124"/>
          <Porc_Sufragantes V="100,00"/>
          <Abstencion V="0"/>
          <Porc_Abstencion V="000,00"/>
          <Votos_Validos V="3750"/>
          <Porc_Votos_Validos V="052,63"/>
          <Votos_No_Marcados V="1863"/>
          <Porc_Votos_No_Marcados V="026,15"/>
          <Votos_Nulos V="1511"/>
          <Porc_Votos_Nulos V="021,20"/>
        </lin>
        <lin>
          <Pregunta V="007"/>
          <Total_Sufragantes V="7124"/>
          <Porc_Sufragantes V="100,00"/>
          <Abstencion V="0"/>
          <Porc_Abstencion V="000,00"/>
          <Votos_Validos V="3653"/>
          <Porc_Votos_Validos V="051,27"/>
          <Votos_No_Marcados V="1570"/>
          <Porc_Votos_No_Marcados V="022,03"/>
          <Votos_Nulos V="1901"/>
          <Porc_Votos_Nulos V="026,68"/>
        </lin>
      </Detalle_Pregunta>
      <Detalle_Opcion>
        <lin>
          <Opcion V="001"/>
          <Votos V="1499"/>
          <Porc V="048,27"/>
          <Pregunta V="001"/>
        </lin>
        <lin>
          <Opcion V="002"/>
          <Votos V="1606"/>
          <Porc V="051,72"/>
          <Pregunta V="001"/>
        </lin>
        <lin>
          <Opcion V="001"/>
          <Votos V="1947"/>
          <Porc V="050,28"/>
          <Pregunta V="002"/>
        </lin>
        <lin>
          <Opcion V="002"/>
          <Votos V="1925"/>
          <Porc V="049,71"/>
          <Pregunta V="002"/>
        </lin>
        <lin>
          <Opcion V="001"/>
          <Votos V="1677"/>
          <Porc V="049,98"/>
          <Pregunta V="003"/>
        </lin>
        <lin>
          <Opcion V="002"/>
          <Votos V="1678"/>
          <Porc V="050,01"/>
          <Pregunta V="003"/>
        </lin>
        <lin>
          <Opcion V="001"/>
          <Votos V="2067"/>
          <Porc V="060,13"/>
          <Pregunta V="004"/>
        </lin>
        <lin>
          <Opcion V="002"/>
          <Votos V="1370"/>
          <Porc V="039,86"/>
          <Pregunta V="004"/>
        </lin>
        <lin>
          <Opcion V="001"/>
          <Votos V="1583"/>
          <Porc V="037,93"/>
          <Pregunta V="005"/>
        </lin>
        <lin>
          <Opcion V="002"/>
          <Votos V="2590"/>
          <Porc V="062,06"/>
          <Pregunta V="005"/>
        </lin>
        <lin>
          <Opcion V="001"/>
          <Votos V="2037"/>
          <Porc V="054,32"/>
          <Pregunta V="006"/>
        </lin>
        <lin>
          <Opcion V="002"/>
          <Votos V="1713"/>
          <Porc V="045,68"/>
          <Pregunta V="006"/>
        </lin>
        <lin>
          <Opcion V="001"/>
          <Votos V="1847"/>
          <Porc V="050,56"/>
          <Pregunta V="007"/>
        </lin>
        <lin>
          <Opcion V="002"/>
          <Votos V="1806"/>
          <Porc V="049,43"/>
          <Pregunta V="007"/>
        </lin>
      </Detalle_Opcion>
    </lin>
  </Detalle_Circunscripcion>
</Boletin>
</Boletin_Consolidado>