<Boletin_Consolidado><Boletin>
  <Numero V="0008"/>
  <Boletin_Departamental V="0012"/>
  <Tipo_Boletin V="DEPARTAMENTAL"/>
  <Desc_Corporacion V="CONSULTA POPULAR"/>
  <Departamento V="01"/>
  <Desc_Departamento V="ANTIOQUIA"/>
  <Municipio V="223"/>
  <Desc_Municipio V="SAN ANDRES"/>
  <Dia V="21"/>
  <Mes V="8"/>
  <Anio V="2018"/>
  <Hora V="14"/>
  <Minuto V="15"/>
  <Mesas_Instaladas V="18"/>
  <Mesas_Informadas V="18"/>
  <Porc_Mesas_Informadas V="100,00"/>
  <Potencial_Sufragantes V="5295"/>
  <Detalle_Circunscripcion>
    <lin>
      <Circunscripcion V="0"/>
      <Desc_Circunscripcion V="NACIONAL"/>
      <Detalle_Pregunta>
        <lin>
          <Pregunta V="001"/>
          <Total_Sufragantes V="5295"/>
          <Porc_Sufragantes V="100,00"/>
          <Abstencion V="0"/>
          <Porc_Abstencion V="000,00"/>
          <Votos_Validos V="2471"/>
          <Porc_Votos_Validos V="046,66"/>
          <Votos_No_Marcados V="1175"/>
          <Porc_Votos_No_Marcados V="022,19"/>
          <Votos_Nulos V="1649"/>
          <Porc_Votos_Nulos V="031,14"/>
        </lin>
        <lin>
          <Pregunta V="002"/>
          <Total_Sufragantes V="5295"/>
          <Porc_Sufragantes V="100,00"/>
          <Abstencion V="0"/>
          <Porc_Abstencion V="000,00"/>
          <Votos_Validos V="2433"/>
          <Porc_Votos_Validos V="045,94"/>
          <Votos_No_Marcados V="1186"/>
          <Porc_Votos_No_Marcados V="022,39"/>
          <Votos_Nulos V="1676"/>
          <Porc_Votos_Nulos V="031,65"/>
        </lin>
        <lin>
          <Pregunta V="003"/>
          <Total_Sufragantes V="5295"/>
          <Porc_Sufragantes V="100,00"/>
          <Abstencion V="0"/>
          <Porc_Abstencion V="000,00"/>
          <Votos_Validos V="2435"/>
          <Porc_Votos_Validos V="045,98"/>
          <Votos_No_Marcados V="1419"/>
          <Porc_Votos_No_Marcados V="026,79"/>
          <Votos_Nulos V="1441"/>
          <Porc_Votos_Nulos V="027,21"/>
        </lin>
        <lin>
          <Pregunta V="004"/>
          <Total_Sufragantes V="5295"/>
          <Porc_Sufragantes V="100,00"/>
          <Abstencion V="0"/>
          <Porc_Abstencion V="000,00"/>
          <Votos_Validos V="2682"/>
          <Porc_Votos_Validos V="050,65"/>
          <Votos_No_Marcados V="1270"/>
          <Porc_Votos_No_Marcados V="023,98"/>
          <Votos_Nulos V="1343"/>
          <Porc_Votos_Nulos V="025,36"/>
        </lin>
        <lin>
          <Pregunta V="005"/>
          <Total_Sufragantes V="5295"/>
          <Porc_Sufragantes V="100,00"/>
          <Abstencion V="0"/>
          <Porc_Abstencion V="000,00"/>
          <Votos_Validos V="2490"/>
          <Porc_Votos_Validos V="047,02"/>
          <Votos_No_Marcados V="1329"/>
          <Porc_Votos_No_Marcados V="025,09"/>
          <Votos_Nulos V="1476"/>
          <Porc_Votos_Nulos V="027,87"/>
        </lin>
        <lin>
          <Pregunta V="006"/>
          <Total_Sufragantes V="5295"/>
          <Porc_Sufragantes V="100,00"/>
          <Abstencion V="0"/>
          <Porc_Abstencion V="000,00"/>
          <Votos_Validos V="2537"/>
          <Porc_Votos_Validos V="047,91"/>
          <Votos_No_Marcados V="1578"/>
          <Porc_Votos_No_Marcados V="029,80"/>
          <Votos_Nulos V="1180"/>
          <Porc_Votos_Nulos V="022,28"/>
        </lin>
        <lin>
          <Pregunta V="007"/>
          <Total_Sufragantes V="5295"/>
          <Porc_Sufragantes V="100,00"/>
          <Abstencion V="0"/>
          <Porc_Abstencion V="000,00"/>
          <Votos_Validos V="2635"/>
          <Porc_Votos_Validos V="049,76"/>
          <Votos_No_Marcados V="1131"/>
          <Porc_Votos_No_Marcados V="021,35"/>
          <Votos_Nulos V="1529"/>
          <Porc_Votos_Nulos V="028,87"/>
        </lin>
      </Detalle_Pregunta>
      <Detalle_Opcion>
        <lin>
          <Opcion V="001"/>
          <Votos V="1203"/>
          <Porc V="048,68"/>
          <Pregunta V="001"/>
        </lin>
        <lin>
          <Opcion V="002"/>
          <Votos V="1268"/>
          <Porc V="051,31"/>
          <Pregunta V="001"/>
        </lin>
        <lin>
          <Opcion V="001"/>
          <Votos V="1423"/>
          <Porc V="058,48"/>
          <Pregunta V="002"/>
        </lin>
        <lin>
          <Opcion V="002"/>
          <Votos V="1010"/>
          <Porc V="041,51"/>
          <Pregunta V="002"/>
        </lin>
        <lin>
          <Opcion V="001"/>
          <Votos V="1158"/>
          <Porc V="047,55"/>
          <Pregunta V="003"/>
        </lin>
        <lin>
          <Opcion V="002"/>
          <Votos V="1277"/>
          <Porc V="052,44"/>
          <Pregunta V="003"/>
        </lin>
        <lin>
          <Opcion V="001"/>
          <Votos V="1320"/>
          <Porc V="049,21"/>
          <Pregunta V="004"/>
        </lin>
        <lin>
          <Opcion V="002"/>
          <Votos V="1362"/>
          <Porc V="050,78"/>
          <Pregunta V="004"/>
        </lin>
        <lin>
          <Opcion V="001"/>
          <Votos V="1216"/>
          <Porc V="048,83"/>
          <Pregunta V="005"/>
        </lin>
        <lin>
          <Opcion V="002"/>
          <Votos V="1274"/>
          <Porc V="051,16"/>
          <Pregunta V="005"/>
        </lin>
        <lin>
          <Opcion V="001"/>
          <Votos V="1099"/>
          <Porc V="043,31"/>
          <Pregunta V="006"/>
        </lin>
        <lin>
          <Opcion V="002"/>
          <Votos V="1438"/>
          <Porc V="056,68"/>
          <Pregunta V="006"/>
        </lin>
        <lin>
          <Opcion V="001"/>
          <Votos V="1191"/>
          <Porc V="045,19"/>
          <Pregunta V="007"/>
        </lin>
        <lin>
          <Opcion V="002"/>
          <Votos V="1444"/>
          <Porc V="054,80"/>
          <Pregunta V="007"/>
        </lin>
      </Detalle_Opcion>
    </lin>
  </Detalle_Circunscripcion>
</Boletin>
</Boletin_Consolidado>