<Boletin_Consolidado><Boletin>
  <Numero V="0008"/>
  <Boletin_Departamental V="0012"/>
  <Tipo_Boletin V="DEPARTAMENTAL"/>
  <Desc_Corporacion V="CONSULTA POPULAR"/>
  <Departamento V="11"/>
  <Desc_Departamento V="CAUCA"/>
  <Municipio V="019"/>
  <Desc_Municipio V="CALOTO"/>
  <Dia V="21"/>
  <Mes V="8"/>
  <Anio V="2018"/>
  <Hora V="14"/>
  <Minuto V="15"/>
  <Mesas_Instaladas V="56"/>
  <Mesas_Informadas V="56"/>
  <Porc_Mesas_Informadas V="100,00"/>
  <Potencial_Sufragantes V="18500"/>
  <Detalle_Circunscripcion>
    <lin>
      <Circunscripcion V="0"/>
      <Desc_Circunscripcion V="NACIONAL"/>
      <Detalle_Pregunta>
        <lin>
          <Pregunta V="001"/>
          <Total_Sufragantes V="18500"/>
          <Porc_Sufragantes V="100,00"/>
          <Abstencion V="0"/>
          <Porc_Abstencion V="000,00"/>
          <Votos_Validos V="9610"/>
          <Porc_Votos_Validos V="051,94"/>
          <Votos_No_Marcados V="4646"/>
          <Porc_Votos_No_Marcados V="025,11"/>
          <Votos_Nulos V="4244"/>
          <Porc_Votos_Nulos V="022,94"/>
        </lin>
        <lin>
          <Pregunta V="002"/>
          <Total_Sufragantes V="18500"/>
          <Porc_Sufragantes V="100,00"/>
          <Abstencion V="0"/>
          <Porc_Abstencion V="000,00"/>
          <Votos_Validos V="9418"/>
          <Porc_Votos_Validos V="050,90"/>
          <Votos_No_Marcados V="4547"/>
          <Porc_Votos_No_Marcados V="024,57"/>
          <Votos_Nulos V="4535"/>
          <Porc_Votos_Nulos V="024,51"/>
        </lin>
        <lin>
          <Pregunta V="003"/>
          <Total_Sufragantes V="18500"/>
          <Porc_Sufragantes V="100,00"/>
          <Abstencion V="0"/>
          <Porc_Abstencion V="000,00"/>
          <Votos_Validos V="9299"/>
          <Porc_Votos_Validos V="050,26"/>
          <Votos_No_Marcados V="4362"/>
          <Porc_Votos_No_Marcados V="023,57"/>
          <Votos_Nulos V="4839"/>
          <Porc_Votos_Nulos V="026,15"/>
        </lin>
        <lin>
          <Pregunta V="004"/>
          <Total_Sufragantes V="18500"/>
          <Porc_Sufragantes V="100,00"/>
          <Abstencion V="0"/>
          <Porc_Abstencion V="000,00"/>
          <Votos_Validos V="9519"/>
          <Porc_Votos_Validos V="051,45"/>
          <Votos_No_Marcados V="4769"/>
          <Porc_Votos_No_Marcados V="025,77"/>
          <Votos_Nulos V="4212"/>
          <Porc_Votos_Nulos V="022,76"/>
        </lin>
        <lin>
          <Pregunta V="005"/>
          <Total_Sufragantes V="18500"/>
          <Porc_Sufragantes V="100,00"/>
          <Abstencion V="0"/>
          <Porc_Abstencion V="000,00"/>
          <Votos_Validos V="9347"/>
          <Porc_Votos_Validos V="050,52"/>
          <Votos_No_Marcados V="4789"/>
          <Porc_Votos_No_Marcados V="025,88"/>
          <Votos_Nulos V="4364"/>
          <Porc_Votos_Nulos V="023,58"/>
        </lin>
        <lin>
          <Pregunta V="006"/>
          <Total_Sufragantes V="18500"/>
          <Porc_Sufragantes V="100,00"/>
          <Abstencion V="0"/>
          <Porc_Abstencion V="000,00"/>
          <Votos_Validos V="9864"/>
          <Porc_Votos_Validos V="053,31"/>
          <Votos_No_Marcados V="3911"/>
          <Porc_Votos_No_Marcados V="021,14"/>
          <Votos_Nulos V="4725"/>
          <Porc_Votos_Nulos V="025,54"/>
        </lin>
        <lin>
          <Pregunta V="007"/>
          <Total_Sufragantes V="18500"/>
          <Porc_Sufragantes V="100,00"/>
          <Abstencion V="0"/>
          <Porc_Abstencion V="000,00"/>
          <Votos_Validos V="9037"/>
          <Porc_Votos_Validos V="048,84"/>
          <Votos_No_Marcados V="4706"/>
          <Porc_Votos_No_Marcados V="025,43"/>
          <Votos_Nulos V="4757"/>
          <Porc_Votos_Nulos V="025,71"/>
        </lin>
      </Detalle_Pregunta>
      <Detalle_Opcion>
        <lin>
          <Opcion V="001"/>
          <Votos V="4764"/>
          <Porc V="049,57"/>
          <Pregunta V="001"/>
        </lin>
        <lin>
          <Opcion V="002"/>
          <Votos V="4846"/>
          <Porc V="050,42"/>
          <Pregunta V="001"/>
        </lin>
        <lin>
          <Opcion V="001"/>
          <Votos V="4826"/>
          <Porc V="051,24"/>
          <Pregunta V="002"/>
        </lin>
        <lin>
          <Opcion V="002"/>
          <Votos V="4592"/>
          <Porc V="048,75"/>
          <Pregunta V="002"/>
        </lin>
        <lin>
          <Opcion V="001"/>
          <Votos V="5143"/>
          <Porc V="055,30"/>
          <Pregunta V="003"/>
        </lin>
        <lin>
          <Opcion V="002"/>
          <Votos V="4156"/>
          <Porc V="044,69"/>
          <Pregunta V="003"/>
        </lin>
        <lin>
          <Opcion V="001"/>
          <Votos V="4812"/>
          <Porc V="050,55"/>
          <Pregunta V="004"/>
        </lin>
        <lin>
          <Opcion V="002"/>
          <Votos V="4707"/>
          <Porc V="049,44"/>
          <Pregunta V="004"/>
        </lin>
        <lin>
          <Opcion V="001"/>
          <Votos V="5144"/>
          <Porc V="055,03"/>
          <Pregunta V="005"/>
        </lin>
        <lin>
          <Opcion V="002"/>
          <Votos V="4203"/>
          <Porc V="044,96"/>
          <Pregunta V="005"/>
        </lin>
        <lin>
          <Opcion V="001"/>
          <Votos V="4367"/>
          <Porc V="044,27"/>
          <Pregunta V="006"/>
        </lin>
        <lin>
          <Opcion V="002"/>
          <Votos V="5497"/>
          <Porc V="055,72"/>
          <Pregunta V="006"/>
        </lin>
        <lin>
          <Opcion V="001"/>
          <Votos V="4714"/>
          <Porc V="052,16"/>
          <Pregunta V="007"/>
        </lin>
        <lin>
          <Opcion V="002"/>
          <Votos V="4323"/>
          <Porc V="047,83"/>
          <Pregunta V="007"/>
        </lin>
      </Detalle_Opcion>
    </lin>
  </Detalle_Circunscripcion>
</Boletin>
</Boletin_Consolidado>