<Boletin_Consolidado><Boletin>
  <Numero V="0008"/>
  <Boletin_Departamental V="0012"/>
  <Tipo_Boletin V="DEPARTAMENTAL"/>
  <Desc_Corporacion V="CONSULTA POPULAR"/>
  <Departamento V="01"/>
  <Desc_Departamento V="ANTIOQUIA"/>
  <Municipio V="094"/>
  <Desc_Municipio V="COCORNA"/>
  <Dia V="21"/>
  <Mes V="8"/>
  <Anio V="2018"/>
  <Hora V="14"/>
  <Minuto V="15"/>
  <Mesas_Instaladas V="38"/>
  <Mesas_Informadas V="38"/>
  <Porc_Mesas_Informadas V="100,00"/>
  <Potencial_Sufragantes V="13308"/>
  <Detalle_Circunscripcion>
    <lin>
      <Circunscripcion V="0"/>
      <Desc_Circunscripcion V="NACIONAL"/>
      <Detalle_Pregunta>
        <lin>
          <Pregunta V="001"/>
          <Total_Sufragantes V="13308"/>
          <Porc_Sufragantes V="100,00"/>
          <Abstencion V="0"/>
          <Porc_Abstencion V="000,00"/>
          <Votos_Validos V="7090"/>
          <Porc_Votos_Validos V="053,27"/>
          <Votos_No_Marcados V="3402"/>
          <Porc_Votos_No_Marcados V="025,56"/>
          <Votos_Nulos V="2816"/>
          <Porc_Votos_Nulos V="021,16"/>
        </lin>
        <lin>
          <Pregunta V="002"/>
          <Total_Sufragantes V="13308"/>
          <Porc_Sufragantes V="100,00"/>
          <Abstencion V="0"/>
          <Porc_Abstencion V="000,00"/>
          <Votos_Validos V="6136"/>
          <Porc_Votos_Validos V="046,10"/>
          <Votos_No_Marcados V="4125"/>
          <Porc_Votos_No_Marcados V="030,99"/>
          <Votos_Nulos V="3047"/>
          <Porc_Votos_Nulos V="022,89"/>
        </lin>
        <lin>
          <Pregunta V="003"/>
          <Total_Sufragantes V="13308"/>
          <Porc_Sufragantes V="100,00"/>
          <Abstencion V="0"/>
          <Porc_Abstencion V="000,00"/>
          <Votos_Validos V="6284"/>
          <Porc_Votos_Validos V="047,21"/>
          <Votos_No_Marcados V="3473"/>
          <Porc_Votos_No_Marcados V="026,09"/>
          <Votos_Nulos V="3551"/>
          <Porc_Votos_Nulos V="026,68"/>
        </lin>
        <lin>
          <Pregunta V="004"/>
          <Total_Sufragantes V="13308"/>
          <Porc_Sufragantes V="100,00"/>
          <Abstencion V="0"/>
          <Porc_Abstencion V="000,00"/>
          <Votos_Validos V="7029"/>
          <Porc_Votos_Validos V="052,81"/>
          <Votos_No_Marcados V="3316"/>
          <Porc_Votos_No_Marcados V="024,91"/>
          <Votos_Nulos V="2963"/>
          <Porc_Votos_Nulos V="022,26"/>
        </lin>
        <lin>
          <Pregunta V="005"/>
          <Total_Sufragantes V="13308"/>
          <Porc_Sufragantes V="100,00"/>
          <Abstencion V="0"/>
          <Porc_Abstencion V="000,00"/>
          <Votos_Validos V="6300"/>
          <Porc_Votos_Validos V="047,33"/>
          <Votos_No_Marcados V="3292"/>
          <Porc_Votos_No_Marcados V="024,73"/>
          <Votos_Nulos V="3716"/>
          <Porc_Votos_Nulos V="027,92"/>
        </lin>
        <lin>
          <Pregunta V="006"/>
          <Total_Sufragantes V="13308"/>
          <Porc_Sufragantes V="100,00"/>
          <Abstencion V="0"/>
          <Porc_Abstencion V="000,00"/>
          <Votos_Validos V="5934"/>
          <Porc_Votos_Validos V="044,58"/>
          <Votos_No_Marcados V="3501"/>
          <Porc_Votos_No_Marcados V="026,30"/>
          <Votos_Nulos V="3873"/>
          <Porc_Votos_Nulos V="029,10"/>
        </lin>
        <lin>
          <Pregunta V="007"/>
          <Total_Sufragantes V="13308"/>
          <Porc_Sufragantes V="100,00"/>
          <Abstencion V="0"/>
          <Porc_Abstencion V="000,00"/>
          <Votos_Validos V="6499"/>
          <Porc_Votos_Validos V="048,83"/>
          <Votos_No_Marcados V="3779"/>
          <Porc_Votos_No_Marcados V="028,39"/>
          <Votos_Nulos V="3030"/>
          <Porc_Votos_Nulos V="022,76"/>
        </lin>
      </Detalle_Pregunta>
      <Detalle_Opcion>
        <lin>
          <Opcion V="001"/>
          <Votos V="3875"/>
          <Porc V="054,65"/>
          <Pregunta V="001"/>
        </lin>
        <lin>
          <Opcion V="002"/>
          <Votos V="3215"/>
          <Porc V="045,34"/>
          <Pregunta V="001"/>
        </lin>
        <lin>
          <Opcion V="001"/>
          <Votos V="2866"/>
          <Porc V="046,70"/>
          <Pregunta V="002"/>
        </lin>
        <lin>
          <Opcion V="002"/>
          <Votos V="3270"/>
          <Porc V="053,29"/>
          <Pregunta V="002"/>
        </lin>
        <lin>
          <Opcion V="001"/>
          <Votos V="2859"/>
          <Porc V="045,49"/>
          <Pregunta V="003"/>
        </lin>
        <lin>
          <Opcion V="002"/>
          <Votos V="3425"/>
          <Porc V="054,50"/>
          <Pregunta V="003"/>
        </lin>
        <lin>
          <Opcion V="001"/>
          <Votos V="3520"/>
          <Porc V="050,07"/>
          <Pregunta V="004"/>
        </lin>
        <lin>
          <Opcion V="002"/>
          <Votos V="3509"/>
          <Porc V="049,92"/>
          <Pregunta V="004"/>
        </lin>
        <lin>
          <Opcion V="001"/>
          <Votos V="2718"/>
          <Porc V="043,14"/>
          <Pregunta V="005"/>
        </lin>
        <lin>
          <Opcion V="002"/>
          <Votos V="3582"/>
          <Porc V="056,85"/>
          <Pregunta V="005"/>
        </lin>
        <lin>
          <Opcion V="001"/>
          <Votos V="2827"/>
          <Porc V="047,64"/>
          <Pregunta V="006"/>
        </lin>
        <lin>
          <Opcion V="002"/>
          <Votos V="3107"/>
          <Porc V="052,35"/>
          <Pregunta V="006"/>
        </lin>
        <lin>
          <Opcion V="001"/>
          <Votos V="3171"/>
          <Porc V="048,79"/>
          <Pregunta V="007"/>
        </lin>
        <lin>
          <Opcion V="002"/>
          <Votos V="3328"/>
          <Porc V="051,20"/>
          <Pregunta V="007"/>
        </lin>
      </Detalle_Opcion>
    </lin>
  </Detalle_Circunscripcion>
</Boletin>
</Boletin_Consolidado>