<Boletin_Consolidado><Boletin>
  <Numero V="0008"/>
  <Boletin_Departamental V="0011"/>
  <Tipo_Boletin V="DEPARTAMENTAL"/>
  <Desc_Corporacion V="CONSULTA POPULAR"/>
  <Departamento V="07"/>
  <Desc_Departamento V="BOYACA"/>
  <Municipio V="199"/>
  <Desc_Municipio V="PAZ DE RIO"/>
  <Dia V="21"/>
  <Mes V="8"/>
  <Anio V="2018"/>
  <Hora V="14"/>
  <Minuto V="15"/>
  <Mesas_Instaladas V="12"/>
  <Mesas_Informadas V="12"/>
  <Porc_Mesas_Informadas V="100,00"/>
  <Potencial_Sufragantes V="4243"/>
  <Detalle_Circunscripcion>
    <lin>
      <Circunscripcion V="0"/>
      <Desc_Circunscripcion V="NACIONAL"/>
      <Detalle_Pregunta>
        <lin>
          <Pregunta V="001"/>
          <Total_Sufragantes V="4243"/>
          <Porc_Sufragantes V="100,00"/>
          <Abstencion V="0"/>
          <Porc_Abstencion V="000,00"/>
          <Votos_Validos V="1959"/>
          <Porc_Votos_Validos V="046,17"/>
          <Votos_No_Marcados V="1273"/>
          <Porc_Votos_No_Marcados V="030,00"/>
          <Votos_Nulos V="1011"/>
          <Porc_Votos_Nulos V="023,82"/>
        </lin>
        <lin>
          <Pregunta V="002"/>
          <Total_Sufragantes V="4243"/>
          <Porc_Sufragantes V="100,00"/>
          <Abstencion V="0"/>
          <Porc_Abstencion V="000,00"/>
          <Votos_Validos V="2002"/>
          <Porc_Votos_Validos V="047,18"/>
          <Votos_No_Marcados V="1380"/>
          <Porc_Votos_No_Marcados V="032,52"/>
          <Votos_Nulos V="861"/>
          <Porc_Votos_Nulos V="020,29"/>
        </lin>
        <lin>
          <Pregunta V="003"/>
          <Total_Sufragantes V="4243"/>
          <Porc_Sufragantes V="100,00"/>
          <Abstencion V="0"/>
          <Porc_Abstencion V="000,00"/>
          <Votos_Validos V="2170"/>
          <Porc_Votos_Validos V="051,14"/>
          <Votos_No_Marcados V="858"/>
          <Porc_Votos_No_Marcados V="020,22"/>
          <Votos_Nulos V="1215"/>
          <Porc_Votos_Nulos V="028,63"/>
        </lin>
        <lin>
          <Pregunta V="004"/>
          <Total_Sufragantes V="4243"/>
          <Porc_Sufragantes V="100,00"/>
          <Abstencion V="0"/>
          <Porc_Abstencion V="000,00"/>
          <Votos_Validos V="2288"/>
          <Porc_Votos_Validos V="053,92"/>
          <Votos_No_Marcados V="1001"/>
          <Porc_Votos_No_Marcados V="023,59"/>
          <Votos_Nulos V="954"/>
          <Porc_Votos_Nulos V="022,48"/>
        </lin>
        <lin>
          <Pregunta V="005"/>
          <Total_Sufragantes V="4243"/>
          <Porc_Sufragantes V="100,00"/>
          <Abstencion V="0"/>
          <Porc_Abstencion V="000,00"/>
          <Votos_Validos V="2076"/>
          <Porc_Votos_Validos V="048,92"/>
          <Votos_No_Marcados V="1302"/>
          <Porc_Votos_No_Marcados V="030,68"/>
          <Votos_Nulos V="865"/>
          <Porc_Votos_Nulos V="020,38"/>
        </lin>
        <lin>
          <Pregunta V="006"/>
          <Total_Sufragantes V="4243"/>
          <Porc_Sufragantes V="100,00"/>
          <Abstencion V="0"/>
          <Porc_Abstencion V="000,00"/>
          <Votos_Validos V="2662"/>
          <Porc_Votos_Validos V="062,73"/>
          <Votos_No_Marcados V="692"/>
          <Porc_Votos_No_Marcados V="016,30"/>
          <Votos_Nulos V="889"/>
          <Porc_Votos_Nulos V="020,95"/>
        </lin>
        <lin>
          <Pregunta V="007"/>
          <Total_Sufragantes V="4243"/>
          <Porc_Sufragantes V="100,00"/>
          <Abstencion V="0"/>
          <Porc_Abstencion V="000,00"/>
          <Votos_Validos V="2189"/>
          <Porc_Votos_Validos V="051,59"/>
          <Votos_No_Marcados V="990"/>
          <Porc_Votos_No_Marcados V="023,33"/>
          <Votos_Nulos V="1064"/>
          <Porc_Votos_Nulos V="025,07"/>
        </lin>
      </Detalle_Pregunta>
      <Detalle_Opcion>
        <lin>
          <Opcion V="001"/>
          <Votos V="858"/>
          <Porc V="043,79"/>
          <Pregunta V="001"/>
        </lin>
        <lin>
          <Opcion V="002"/>
          <Votos V="1101"/>
          <Porc V="056,20"/>
          <Pregunta V="001"/>
        </lin>
        <lin>
          <Opcion V="001"/>
          <Votos V="762"/>
          <Porc V="038,06"/>
          <Pregunta V="002"/>
        </lin>
        <lin>
          <Opcion V="002"/>
          <Votos V="1240"/>
          <Porc V="061,93"/>
          <Pregunta V="002"/>
        </lin>
        <lin>
          <Opcion V="001"/>
          <Votos V="933"/>
          <Porc V="042,99"/>
          <Pregunta V="003"/>
        </lin>
        <lin>
          <Opcion V="002"/>
          <Votos V="1237"/>
          <Porc V="057,00"/>
          <Pregunta V="003"/>
        </lin>
        <lin>
          <Opcion V="001"/>
          <Votos V="1219"/>
          <Porc V="053,27"/>
          <Pregunta V="004"/>
        </lin>
        <lin>
          <Opcion V="002"/>
          <Votos V="1069"/>
          <Porc V="046,72"/>
          <Pregunta V="004"/>
        </lin>
        <lin>
          <Opcion V="001"/>
          <Votos V="786"/>
          <Porc V="037,86"/>
          <Pregunta V="005"/>
        </lin>
        <lin>
          <Opcion V="002"/>
          <Votos V="1290"/>
          <Porc V="062,13"/>
          <Pregunta V="005"/>
        </lin>
        <lin>
          <Opcion V="001"/>
          <Votos V="1188"/>
          <Porc V="044,62"/>
          <Pregunta V="006"/>
        </lin>
        <lin>
          <Opcion V="002"/>
          <Votos V="1474"/>
          <Porc V="055,37"/>
          <Pregunta V="006"/>
        </lin>
        <lin>
          <Opcion V="001"/>
          <Votos V="1001"/>
          <Porc V="045,72"/>
          <Pregunta V="007"/>
        </lin>
        <lin>
          <Opcion V="002"/>
          <Votos V="1188"/>
          <Porc V="054,27"/>
          <Pregunta V="007"/>
        </lin>
      </Detalle_Opcion>
    </lin>
  </Detalle_Circunscripcion>
</Boletin>
</Boletin_Consolidado>