<Boletin_Consolidado><Boletin>
  <Numero V="0008"/>
  <Boletin_Departamental V="0012"/>
  <Tipo_Boletin V="DEPARTAMENTAL"/>
  <Desc_Corporacion V="CONSULTA POPULAR"/>
  <Departamento V="07"/>
  <Desc_Departamento V="BOYACA"/>
  <Municipio V="163"/>
  <Desc_Municipio V="MUZO"/>
  <Dia V="21"/>
  <Mes V="8"/>
  <Anio V="2018"/>
  <Hora V="14"/>
  <Minuto V="15"/>
  <Mesas_Instaladas V="20"/>
  <Mesas_Informadas V="20"/>
  <Porc_Mesas_Informadas V="100,00"/>
  <Potencial_Sufragantes V="7435"/>
  <Detalle_Circunscripcion>
    <lin>
      <Circunscripcion V="0"/>
      <Desc_Circunscripcion V="NACIONAL"/>
      <Detalle_Pregunta>
        <lin>
          <Pregunta V="001"/>
          <Total_Sufragantes V="7435"/>
          <Porc_Sufragantes V="100,00"/>
          <Abstencion V="0"/>
          <Porc_Abstencion V="000,00"/>
          <Votos_Validos V="3436"/>
          <Porc_Votos_Validos V="046,21"/>
          <Votos_No_Marcados V="2045"/>
          <Porc_Votos_No_Marcados V="027,50"/>
          <Votos_Nulos V="1954"/>
          <Porc_Votos_Nulos V="026,28"/>
        </lin>
        <lin>
          <Pregunta V="002"/>
          <Total_Sufragantes V="7435"/>
          <Porc_Sufragantes V="100,00"/>
          <Abstencion V="0"/>
          <Porc_Abstencion V="000,00"/>
          <Votos_Validos V="3491"/>
          <Porc_Votos_Validos V="046,95"/>
          <Votos_No_Marcados V="1970"/>
          <Porc_Votos_No_Marcados V="026,49"/>
          <Votos_Nulos V="1974"/>
          <Porc_Votos_Nulos V="026,55"/>
        </lin>
        <lin>
          <Pregunta V="003"/>
          <Total_Sufragantes V="7435"/>
          <Porc_Sufragantes V="100,00"/>
          <Abstencion V="0"/>
          <Porc_Abstencion V="000,00"/>
          <Votos_Validos V="3755"/>
          <Porc_Votos_Validos V="050,50"/>
          <Votos_No_Marcados V="1890"/>
          <Porc_Votos_No_Marcados V="025,42"/>
          <Votos_Nulos V="1790"/>
          <Porc_Votos_Nulos V="024,07"/>
        </lin>
        <lin>
          <Pregunta V="004"/>
          <Total_Sufragantes V="7435"/>
          <Porc_Sufragantes V="100,00"/>
          <Abstencion V="0"/>
          <Porc_Abstencion V="000,00"/>
          <Votos_Validos V="3853"/>
          <Porc_Votos_Validos V="051,82"/>
          <Votos_No_Marcados V="1879"/>
          <Porc_Votos_No_Marcados V="025,27"/>
          <Votos_Nulos V="1703"/>
          <Porc_Votos_Nulos V="022,90"/>
        </lin>
        <lin>
          <Pregunta V="005"/>
          <Total_Sufragantes V="7435"/>
          <Porc_Sufragantes V="100,00"/>
          <Abstencion V="0"/>
          <Porc_Abstencion V="000,00"/>
          <Votos_Validos V="3477"/>
          <Porc_Votos_Validos V="046,76"/>
          <Votos_No_Marcados V="1909"/>
          <Porc_Votos_No_Marcados V="025,67"/>
          <Votos_Nulos V="2049"/>
          <Porc_Votos_Nulos V="027,55"/>
        </lin>
        <lin>
          <Pregunta V="006"/>
          <Total_Sufragantes V="7435"/>
          <Porc_Sufragantes V="100,00"/>
          <Abstencion V="0"/>
          <Porc_Abstencion V="000,00"/>
          <Votos_Validos V="4091"/>
          <Porc_Votos_Validos V="055,02"/>
          <Votos_No_Marcados V="1612"/>
          <Porc_Votos_No_Marcados V="021,68"/>
          <Votos_Nulos V="1732"/>
          <Porc_Votos_Nulos V="023,29"/>
        </lin>
        <lin>
          <Pregunta V="007"/>
          <Total_Sufragantes V="7435"/>
          <Porc_Sufragantes V="100,00"/>
          <Abstencion V="0"/>
          <Porc_Abstencion V="000,00"/>
          <Votos_Validos V="4197"/>
          <Porc_Votos_Validos V="056,44"/>
          <Votos_No_Marcados V="1715"/>
          <Porc_Votos_No_Marcados V="023,06"/>
          <Votos_Nulos V="1523"/>
          <Porc_Votos_Nulos V="020,48"/>
        </lin>
      </Detalle_Pregunta>
      <Detalle_Opcion>
        <lin>
          <Opcion V="001"/>
          <Votos V="1664"/>
          <Porc V="048,42"/>
          <Pregunta V="001"/>
        </lin>
        <lin>
          <Opcion V="002"/>
          <Votos V="1772"/>
          <Porc V="051,57"/>
          <Pregunta V="001"/>
        </lin>
        <lin>
          <Opcion V="001"/>
          <Votos V="1754"/>
          <Porc V="050,24"/>
          <Pregunta V="002"/>
        </lin>
        <lin>
          <Opcion V="002"/>
          <Votos V="1737"/>
          <Porc V="049,75"/>
          <Pregunta V="002"/>
        </lin>
        <lin>
          <Opcion V="001"/>
          <Votos V="2018"/>
          <Porc V="053,74"/>
          <Pregunta V="003"/>
        </lin>
        <lin>
          <Opcion V="002"/>
          <Votos V="1737"/>
          <Porc V="046,25"/>
          <Pregunta V="003"/>
        </lin>
        <lin>
          <Opcion V="001"/>
          <Votos V="2202"/>
          <Porc V="057,15"/>
          <Pregunta V="004"/>
        </lin>
        <lin>
          <Opcion V="002"/>
          <Votos V="1651"/>
          <Porc V="042,84"/>
          <Pregunta V="004"/>
        </lin>
        <lin>
          <Opcion V="001"/>
          <Votos V="1794"/>
          <Porc V="051,59"/>
          <Pregunta V="005"/>
        </lin>
        <lin>
          <Opcion V="002"/>
          <Votos V="1683"/>
          <Porc V="048,40"/>
          <Pregunta V="005"/>
        </lin>
        <lin>
          <Opcion V="001"/>
          <Votos V="1886"/>
          <Porc V="046,10"/>
          <Pregunta V="006"/>
        </lin>
        <lin>
          <Opcion V="002"/>
          <Votos V="2205"/>
          <Porc V="053,89"/>
          <Pregunta V="006"/>
        </lin>
        <lin>
          <Opcion V="001"/>
          <Votos V="2241"/>
          <Porc V="053,39"/>
          <Pregunta V="007"/>
        </lin>
        <lin>
          <Opcion V="002"/>
          <Votos V="1956"/>
          <Porc V="046,60"/>
          <Pregunta V="007"/>
        </lin>
      </Detalle_Opcion>
    </lin>
  </Detalle_Circunscripcion>
</Boletin>
</Boletin_Consolidado>