<Boletin_Consolidado><Boletin>
  <Numero V="0008"/>
  <Boletin_Departamental V="0012"/>
  <Tipo_Boletin V="DEPARTAMENTAL"/>
  <Desc_Corporacion V="CONSULTA POPULAR"/>
  <Departamento V="05"/>
  <Desc_Departamento V="BOLIVAR"/>
  <Municipio V="028"/>
  <Desc_Municipio V="MAGANGUE"/>
  <Dia V="21"/>
  <Mes V="8"/>
  <Anio V="2018"/>
  <Hora V="14"/>
  <Minuto V="15"/>
  <Mesas_Instaladas V="263"/>
  <Mesas_Informadas V="263"/>
  <Porc_Mesas_Informadas V="100,00"/>
  <Potencial_Sufragantes V="94552"/>
  <Detalle_Circunscripcion>
    <lin>
      <Circunscripcion V="0"/>
      <Desc_Circunscripcion V="NACIONAL"/>
      <Detalle_Pregunta>
        <lin>
          <Pregunta V="001"/>
          <Total_Sufragantes V="94552"/>
          <Porc_Sufragantes V="100,00"/>
          <Abstencion V="0"/>
          <Porc_Abstencion V="000,00"/>
          <Votos_Validos V="47400"/>
          <Porc_Votos_Validos V="050,13"/>
          <Votos_No_Marcados V="23395"/>
          <Porc_Votos_No_Marcados V="024,74"/>
          <Votos_Nulos V="23757"/>
          <Porc_Votos_Nulos V="025,12"/>
        </lin>
        <lin>
          <Pregunta V="002"/>
          <Total_Sufragantes V="94552"/>
          <Porc_Sufragantes V="100,00"/>
          <Abstencion V="0"/>
          <Porc_Abstencion V="000,00"/>
          <Votos_Validos V="47842"/>
          <Porc_Votos_Validos V="050,59"/>
          <Votos_No_Marcados V="22143"/>
          <Porc_Votos_No_Marcados V="023,41"/>
          <Votos_Nulos V="24567"/>
          <Porc_Votos_Nulos V="025,98"/>
        </lin>
        <lin>
          <Pregunta V="003"/>
          <Total_Sufragantes V="94552"/>
          <Porc_Sufragantes V="100,00"/>
          <Abstencion V="0"/>
          <Porc_Abstencion V="000,00"/>
          <Votos_Validos V="47136"/>
          <Porc_Votos_Validos V="049,85"/>
          <Votos_No_Marcados V="23954"/>
          <Porc_Votos_No_Marcados V="025,33"/>
          <Votos_Nulos V="23462"/>
          <Porc_Votos_Nulos V="024,81"/>
        </lin>
        <lin>
          <Pregunta V="004"/>
          <Total_Sufragantes V="94552"/>
          <Porc_Sufragantes V="100,00"/>
          <Abstencion V="0"/>
          <Porc_Abstencion V="000,00"/>
          <Votos_Validos V="45834"/>
          <Porc_Votos_Validos V="048,47"/>
          <Votos_No_Marcados V="24701"/>
          <Porc_Votos_No_Marcados V="026,12"/>
          <Votos_Nulos V="24017"/>
          <Porc_Votos_Nulos V="025,40"/>
        </lin>
        <lin>
          <Pregunta V="005"/>
          <Total_Sufragantes V="94552"/>
          <Porc_Sufragantes V="100,00"/>
          <Abstencion V="0"/>
          <Porc_Abstencion V="000,00"/>
          <Votos_Validos V="47486"/>
          <Porc_Votos_Validos V="050,22"/>
          <Votos_No_Marcados V="23392"/>
          <Porc_Votos_No_Marcados V="024,73"/>
          <Votos_Nulos V="23674"/>
          <Porc_Votos_Nulos V="025,03"/>
        </lin>
        <lin>
          <Pregunta V="006"/>
          <Total_Sufragantes V="94552"/>
          <Porc_Sufragantes V="100,00"/>
          <Abstencion V="0"/>
          <Porc_Abstencion V="000,00"/>
          <Votos_Validos V="47037"/>
          <Porc_Votos_Validos V="049,74"/>
          <Votos_No_Marcados V="25046"/>
          <Porc_Votos_No_Marcados V="026,48"/>
          <Votos_Nulos V="22469"/>
          <Porc_Votos_Nulos V="023,76"/>
        </lin>
        <lin>
          <Pregunta V="007"/>
          <Total_Sufragantes V="94552"/>
          <Porc_Sufragantes V="100,00"/>
          <Abstencion V="0"/>
          <Porc_Abstencion V="000,00"/>
          <Votos_Validos V="45507"/>
          <Porc_Votos_Validos V="048,12"/>
          <Votos_No_Marcados V="24672"/>
          <Porc_Votos_No_Marcados V="026,09"/>
          <Votos_Nulos V="24373"/>
          <Porc_Votos_Nulos V="025,77"/>
        </lin>
      </Detalle_Pregunta>
      <Detalle_Opcion>
        <lin>
          <Opcion V="001"/>
          <Votos V="23464"/>
          <Porc V="049,50"/>
          <Pregunta V="001"/>
        </lin>
        <lin>
          <Opcion V="002"/>
          <Votos V="23936"/>
          <Porc V="050,49"/>
          <Pregunta V="001"/>
        </lin>
        <lin>
          <Opcion V="001"/>
          <Votos V="23789"/>
          <Porc V="049,72"/>
          <Pregunta V="002"/>
        </lin>
        <lin>
          <Opcion V="002"/>
          <Votos V="24053"/>
          <Porc V="050,27"/>
          <Pregunta V="002"/>
        </lin>
        <lin>
          <Opcion V="001"/>
          <Votos V="23188"/>
          <Porc V="049,19"/>
          <Pregunta V="003"/>
        </lin>
        <lin>
          <Opcion V="002"/>
          <Votos V="23948"/>
          <Porc V="050,80"/>
          <Pregunta V="003"/>
        </lin>
        <lin>
          <Opcion V="001"/>
          <Votos V="22180"/>
          <Porc V="048,39"/>
          <Pregunta V="004"/>
        </lin>
        <lin>
          <Opcion V="002"/>
          <Votos V="23654"/>
          <Porc V="051,60"/>
          <Pregunta V="004"/>
        </lin>
        <lin>
          <Opcion V="001"/>
          <Votos V="23191"/>
          <Porc V="048,83"/>
          <Pregunta V="005"/>
        </lin>
        <lin>
          <Opcion V="002"/>
          <Votos V="24295"/>
          <Porc V="051,16"/>
          <Pregunta V="005"/>
        </lin>
        <lin>
          <Opcion V="001"/>
          <Votos V="24111"/>
          <Porc V="051,25"/>
          <Pregunta V="006"/>
        </lin>
        <lin>
          <Opcion V="002"/>
          <Votos V="22926"/>
          <Porc V="048,74"/>
          <Pregunta V="006"/>
        </lin>
        <lin>
          <Opcion V="001"/>
          <Votos V="22321"/>
          <Porc V="049,04"/>
          <Pregunta V="007"/>
        </lin>
        <lin>
          <Opcion V="002"/>
          <Votos V="23186"/>
          <Porc V="050,95"/>
          <Pregunta V="007"/>
        </lin>
      </Detalle_Opcion>
    </lin>
  </Detalle_Circunscripcion>
</Boletin>
</Boletin_Consolidado>