<Boletin_Consolidado><Boletin>
  <Numero V="0008"/>
  <Boletin_Departamental V="0011"/>
  <Tipo_Boletin V="DEPARTAMENTAL"/>
  <Desc_Corporacion V="CONSULTA POPULAR"/>
  <Departamento V="15"/>
  <Desc_Departamento V="CUNDINAMARCA"/>
  <Municipio V="124"/>
  <Desc_Municipio V="GUATAVITA"/>
  <Dia V="21"/>
  <Mes V="8"/>
  <Anio V="2018"/>
  <Hora V="14"/>
  <Minuto V="15"/>
  <Mesas_Instaladas V="14"/>
  <Mesas_Informadas V="14"/>
  <Porc_Mesas_Informadas V="100,00"/>
  <Potencial_Sufragantes V="5097"/>
  <Detalle_Circunscripcion>
    <lin>
      <Circunscripcion V="0"/>
      <Desc_Circunscripcion V="NACIONAL"/>
      <Detalle_Pregunta>
        <lin>
          <Pregunta V="001"/>
          <Total_Sufragantes V="5097"/>
          <Porc_Sufragantes V="100,00"/>
          <Abstencion V="0"/>
          <Porc_Abstencion V="000,00"/>
          <Votos_Validos V="2665"/>
          <Porc_Votos_Validos V="052,28"/>
          <Votos_No_Marcados V="1156"/>
          <Porc_Votos_No_Marcados V="022,68"/>
          <Votos_Nulos V="1276"/>
          <Porc_Votos_Nulos V="025,03"/>
        </lin>
        <lin>
          <Pregunta V="002"/>
          <Total_Sufragantes V="5097"/>
          <Porc_Sufragantes V="100,00"/>
          <Abstencion V="0"/>
          <Porc_Abstencion V="000,00"/>
          <Votos_Validos V="2201"/>
          <Porc_Votos_Validos V="043,18"/>
          <Votos_No_Marcados V="1617"/>
          <Porc_Votos_No_Marcados V="031,72"/>
          <Votos_Nulos V="1279"/>
          <Porc_Votos_Nulos V="025,09"/>
        </lin>
        <lin>
          <Pregunta V="003"/>
          <Total_Sufragantes V="5097"/>
          <Porc_Sufragantes V="100,00"/>
          <Abstencion V="0"/>
          <Porc_Abstencion V="000,00"/>
          <Votos_Validos V="3094"/>
          <Porc_Votos_Validos V="060,70"/>
          <Votos_No_Marcados V="1090"/>
          <Porc_Votos_No_Marcados V="021,38"/>
          <Votos_Nulos V="913"/>
          <Porc_Votos_Nulos V="017,91"/>
        </lin>
        <lin>
          <Pregunta V="004"/>
          <Total_Sufragantes V="5097"/>
          <Porc_Sufragantes V="100,00"/>
          <Abstencion V="0"/>
          <Porc_Abstencion V="000,00"/>
          <Votos_Validos V="2885"/>
          <Porc_Votos_Validos V="056,60"/>
          <Votos_No_Marcados V="997"/>
          <Porc_Votos_No_Marcados V="019,56"/>
          <Votos_Nulos V="1215"/>
          <Porc_Votos_Nulos V="023,83"/>
        </lin>
        <lin>
          <Pregunta V="005"/>
          <Total_Sufragantes V="5097"/>
          <Porc_Sufragantes V="100,00"/>
          <Abstencion V="0"/>
          <Porc_Abstencion V="000,00"/>
          <Votos_Validos V="2812"/>
          <Porc_Votos_Validos V="055,16"/>
          <Votos_No_Marcados V="1469"/>
          <Porc_Votos_No_Marcados V="028,82"/>
          <Votos_Nulos V="816"/>
          <Porc_Votos_Nulos V="016,00"/>
        </lin>
        <lin>
          <Pregunta V="006"/>
          <Total_Sufragantes V="5097"/>
          <Porc_Sufragantes V="100,00"/>
          <Abstencion V="0"/>
          <Porc_Abstencion V="000,00"/>
          <Votos_Validos V="2398"/>
          <Porc_Votos_Validos V="047,04"/>
          <Votos_No_Marcados V="1086"/>
          <Porc_Votos_No_Marcados V="021,30"/>
          <Votos_Nulos V="1613"/>
          <Porc_Votos_Nulos V="031,64"/>
        </lin>
        <lin>
          <Pregunta V="007"/>
          <Total_Sufragantes V="5097"/>
          <Porc_Sufragantes V="100,00"/>
          <Abstencion V="0"/>
          <Porc_Abstencion V="000,00"/>
          <Votos_Validos V="2892"/>
          <Porc_Votos_Validos V="056,73"/>
          <Votos_No_Marcados V="856"/>
          <Porc_Votos_No_Marcados V="016,79"/>
          <Votos_Nulos V="1349"/>
          <Porc_Votos_Nulos V="026,46"/>
        </lin>
      </Detalle_Pregunta>
      <Detalle_Opcion>
        <lin>
          <Opcion V="001"/>
          <Votos V="1312"/>
          <Porc V="049,23"/>
          <Pregunta V="001"/>
        </lin>
        <lin>
          <Opcion V="002"/>
          <Votos V="1353"/>
          <Porc V="050,76"/>
          <Pregunta V="001"/>
        </lin>
        <lin>
          <Opcion V="001"/>
          <Votos V="1072"/>
          <Porc V="048,70"/>
          <Pregunta V="002"/>
        </lin>
        <lin>
          <Opcion V="002"/>
          <Votos V="1129"/>
          <Porc V="051,29"/>
          <Pregunta V="002"/>
        </lin>
        <lin>
          <Opcion V="001"/>
          <Votos V="1291"/>
          <Porc V="041,72"/>
          <Pregunta V="003"/>
        </lin>
        <lin>
          <Opcion V="002"/>
          <Votos V="1803"/>
          <Porc V="058,27"/>
          <Pregunta V="003"/>
        </lin>
        <lin>
          <Opcion V="001"/>
          <Votos V="1702"/>
          <Porc V="058,99"/>
          <Pregunta V="004"/>
        </lin>
        <lin>
          <Opcion V="002"/>
          <Votos V="1183"/>
          <Porc V="041,00"/>
          <Pregunta V="004"/>
        </lin>
        <lin>
          <Opcion V="001"/>
          <Votos V="1708"/>
          <Porc V="060,73"/>
          <Pregunta V="005"/>
        </lin>
        <lin>
          <Opcion V="002"/>
          <Votos V="1104"/>
          <Porc V="039,26"/>
          <Pregunta V="005"/>
        </lin>
        <lin>
          <Opcion V="001"/>
          <Votos V="1195"/>
          <Porc V="049,83"/>
          <Pregunta V="006"/>
        </lin>
        <lin>
          <Opcion V="002"/>
          <Votos V="1203"/>
          <Porc V="050,16"/>
          <Pregunta V="006"/>
        </lin>
        <lin>
          <Opcion V="001"/>
          <Votos V="1896"/>
          <Porc V="065,56"/>
          <Pregunta V="007"/>
        </lin>
        <lin>
          <Opcion V="002"/>
          <Votos V="996"/>
          <Porc V="034,43"/>
          <Pregunta V="007"/>
        </lin>
      </Detalle_Opcion>
    </lin>
  </Detalle_Circunscripcion>
</Boletin>
</Boletin_Consolidado>