<Boletin_Consolidado><Boletin>
  <Numero V="0008"/>
  <Boletin_Departamental V="0012"/>
  <Tipo_Boletin V="DEPARTAMENTAL"/>
  <Desc_Corporacion V="CONSULTA POPULAR"/>
  <Departamento V="07"/>
  <Desc_Departamento V="BOYACA"/>
  <Municipio V="281"/>
  <Desc_Municipio V="SORA"/>
  <Dia V="21"/>
  <Mes V="8"/>
  <Anio V="2018"/>
  <Hora V="14"/>
  <Minuto V="15"/>
  <Mesas_Instaladas V="7"/>
  <Mesas_Informadas V="7"/>
  <Porc_Mesas_Informadas V="100,00"/>
  <Potencial_Sufragantes V="2621"/>
  <Detalle_Circunscripcion>
    <lin>
      <Circunscripcion V="0"/>
      <Desc_Circunscripcion V="NACIONAL"/>
      <Detalle_Pregunta>
        <lin>
          <Pregunta V="001"/>
          <Total_Sufragantes V="2621"/>
          <Porc_Sufragantes V="100,00"/>
          <Abstencion V="0"/>
          <Porc_Abstencion V="000,00"/>
          <Votos_Validos V="1372"/>
          <Porc_Votos_Validos V="052,34"/>
          <Votos_No_Marcados V="731"/>
          <Porc_Votos_No_Marcados V="027,89"/>
          <Votos_Nulos V="518"/>
          <Porc_Votos_Nulos V="019,76"/>
        </lin>
        <lin>
          <Pregunta V="002"/>
          <Total_Sufragantes V="2621"/>
          <Porc_Sufragantes V="100,00"/>
          <Abstencion V="0"/>
          <Porc_Abstencion V="000,00"/>
          <Votos_Validos V="1341"/>
          <Porc_Votos_Validos V="051,16"/>
          <Votos_No_Marcados V="755"/>
          <Porc_Votos_No_Marcados V="028,80"/>
          <Votos_Nulos V="525"/>
          <Porc_Votos_Nulos V="020,03"/>
        </lin>
        <lin>
          <Pregunta V="003"/>
          <Total_Sufragantes V="2621"/>
          <Porc_Sufragantes V="100,00"/>
          <Abstencion V="0"/>
          <Porc_Abstencion V="000,00"/>
          <Votos_Validos V="1105"/>
          <Porc_Votos_Validos V="042,15"/>
          <Votos_No_Marcados V="562"/>
          <Porc_Votos_No_Marcados V="021,44"/>
          <Votos_Nulos V="954"/>
          <Porc_Votos_Nulos V="036,39"/>
        </lin>
        <lin>
          <Pregunta V="004"/>
          <Total_Sufragantes V="2621"/>
          <Porc_Sufragantes V="100,00"/>
          <Abstencion V="0"/>
          <Porc_Abstencion V="000,00"/>
          <Votos_Validos V="1082"/>
          <Porc_Votos_Validos V="041,28"/>
          <Votos_No_Marcados V="640"/>
          <Porc_Votos_No_Marcados V="024,41"/>
          <Votos_Nulos V="899"/>
          <Porc_Votos_Nulos V="034,29"/>
        </lin>
        <lin>
          <Pregunta V="005"/>
          <Total_Sufragantes V="2621"/>
          <Porc_Sufragantes V="100,00"/>
          <Abstencion V="0"/>
          <Porc_Abstencion V="000,00"/>
          <Votos_Validos V="1533"/>
          <Porc_Votos_Validos V="058,48"/>
          <Votos_No_Marcados V="498"/>
          <Porc_Votos_No_Marcados V="019,00"/>
          <Votos_Nulos V="590"/>
          <Porc_Votos_Nulos V="022,51"/>
        </lin>
        <lin>
          <Pregunta V="006"/>
          <Total_Sufragantes V="2621"/>
          <Porc_Sufragantes V="100,00"/>
          <Abstencion V="0"/>
          <Porc_Abstencion V="000,00"/>
          <Votos_Validos V="1273"/>
          <Porc_Votos_Validos V="048,56"/>
          <Votos_No_Marcados V="902"/>
          <Porc_Votos_No_Marcados V="034,41"/>
          <Votos_Nulos V="446"/>
          <Porc_Votos_Nulos V="017,01"/>
        </lin>
        <lin>
          <Pregunta V="007"/>
          <Total_Sufragantes V="2621"/>
          <Porc_Sufragantes V="100,00"/>
          <Abstencion V="0"/>
          <Porc_Abstencion V="000,00"/>
          <Votos_Validos V="1550"/>
          <Porc_Votos_Validos V="059,13"/>
          <Votos_No_Marcados V="537"/>
          <Porc_Votos_No_Marcados V="020,48"/>
          <Votos_Nulos V="534"/>
          <Porc_Votos_Nulos V="020,37"/>
        </lin>
      </Detalle_Pregunta>
      <Detalle_Opcion>
        <lin>
          <Opcion V="001"/>
          <Votos V="629"/>
          <Porc V="045,84"/>
          <Pregunta V="001"/>
        </lin>
        <lin>
          <Opcion V="002"/>
          <Votos V="743"/>
          <Porc V="054,15"/>
          <Pregunta V="001"/>
        </lin>
        <lin>
          <Opcion V="001"/>
          <Votos V="561"/>
          <Porc V="041,83"/>
          <Pregunta V="002"/>
        </lin>
        <lin>
          <Opcion V="002"/>
          <Votos V="780"/>
          <Porc V="058,16"/>
          <Pregunta V="002"/>
        </lin>
        <lin>
          <Opcion V="001"/>
          <Votos V="345"/>
          <Porc V="031,22"/>
          <Pregunta V="003"/>
        </lin>
        <lin>
          <Opcion V="002"/>
          <Votos V="760"/>
          <Porc V="068,77"/>
          <Pregunta V="003"/>
        </lin>
        <lin>
          <Opcion V="001"/>
          <Votos V="541"/>
          <Porc V="050,00"/>
          <Pregunta V="004"/>
        </lin>
        <lin>
          <Opcion V="002"/>
          <Votos V="541"/>
          <Porc V="050,00"/>
          <Pregunta V="004"/>
        </lin>
        <lin>
          <Opcion V="001"/>
          <Votos V="534"/>
          <Porc V="034,83"/>
          <Pregunta V="005"/>
        </lin>
        <lin>
          <Opcion V="002"/>
          <Votos V="999"/>
          <Porc V="065,16"/>
          <Pregunta V="005"/>
        </lin>
        <lin>
          <Opcion V="001"/>
          <Votos V="778"/>
          <Porc V="061,11"/>
          <Pregunta V="006"/>
        </lin>
        <lin>
          <Opcion V="002"/>
          <Votos V="495"/>
          <Porc V="038,88"/>
          <Pregunta V="006"/>
        </lin>
        <lin>
          <Opcion V="001"/>
          <Votos V="727"/>
          <Porc V="046,90"/>
          <Pregunta V="007"/>
        </lin>
        <lin>
          <Opcion V="002"/>
          <Votos V="823"/>
          <Porc V="053,09"/>
          <Pregunta V="007"/>
        </lin>
      </Detalle_Opcion>
    </lin>
  </Detalle_Circunscripcion>
</Boletin>
</Boletin_Consolidado>