<Boletin_Consolidado><Boletin>
  <Numero V="0008"/>
  <Boletin_Departamental V="0012"/>
  <Tipo_Boletin V="DEPARTAMENTAL"/>
  <Desc_Corporacion V="CONSULTA POPULAR"/>
  <Departamento V="01"/>
  <Desc_Departamento V="ANTIOQUIA"/>
  <Municipio V="058"/>
  <Desc_Municipio V="BOLIVAR"/>
  <Dia V="21"/>
  <Mes V="8"/>
  <Anio V="2018"/>
  <Hora V="14"/>
  <Minuto V="15"/>
  <Mesas_Instaladas V="66"/>
  <Mesas_Informadas V="66"/>
  <Porc_Mesas_Informadas V="100,00"/>
  <Potencial_Sufragantes V="23901"/>
  <Detalle_Circunscripcion>
    <lin>
      <Circunscripcion V="0"/>
      <Desc_Circunscripcion V="NACIONAL"/>
      <Detalle_Pregunta>
        <lin>
          <Pregunta V="001"/>
          <Total_Sufragantes V="23901"/>
          <Porc_Sufragantes V="100,00"/>
          <Abstencion V="0"/>
          <Porc_Abstencion V="000,00"/>
          <Votos_Validos V="11966"/>
          <Porc_Votos_Validos V="050,06"/>
          <Votos_No_Marcados V="6006"/>
          <Porc_Votos_No_Marcados V="025,12"/>
          <Votos_Nulos V="5929"/>
          <Porc_Votos_Nulos V="024,80"/>
        </lin>
        <lin>
          <Pregunta V="002"/>
          <Total_Sufragantes V="23901"/>
          <Porc_Sufragantes V="100,00"/>
          <Abstencion V="0"/>
          <Porc_Abstencion V="000,00"/>
          <Votos_Validos V="10890"/>
          <Porc_Votos_Validos V="045,56"/>
          <Votos_No_Marcados V="6141"/>
          <Porc_Votos_No_Marcados V="025,69"/>
          <Votos_Nulos V="6870"/>
          <Porc_Votos_Nulos V="028,74"/>
        </lin>
        <lin>
          <Pregunta V="003"/>
          <Total_Sufragantes V="23901"/>
          <Porc_Sufragantes V="100,00"/>
          <Abstencion V="0"/>
          <Porc_Abstencion V="000,00"/>
          <Votos_Validos V="12393"/>
          <Porc_Votos_Validos V="051,85"/>
          <Votos_No_Marcados V="6158"/>
          <Porc_Votos_No_Marcados V="025,76"/>
          <Votos_Nulos V="5350"/>
          <Porc_Votos_Nulos V="022,38"/>
        </lin>
        <lin>
          <Pregunta V="004"/>
          <Total_Sufragantes V="23901"/>
          <Porc_Sufragantes V="100,00"/>
          <Abstencion V="0"/>
          <Porc_Abstencion V="000,00"/>
          <Votos_Validos V="11772"/>
          <Porc_Votos_Validos V="049,25"/>
          <Votos_No_Marcados V="5662"/>
          <Porc_Votos_No_Marcados V="023,68"/>
          <Votos_Nulos V="6467"/>
          <Porc_Votos_Nulos V="027,05"/>
        </lin>
        <lin>
          <Pregunta V="005"/>
          <Total_Sufragantes V="23901"/>
          <Porc_Sufragantes V="100,00"/>
          <Abstencion V="0"/>
          <Porc_Abstencion V="000,00"/>
          <Votos_Validos V="10974"/>
          <Porc_Votos_Validos V="045,91"/>
          <Votos_No_Marcados V="6965"/>
          <Porc_Votos_No_Marcados V="029,14"/>
          <Votos_Nulos V="5962"/>
          <Porc_Votos_Nulos V="024,94"/>
        </lin>
        <lin>
          <Pregunta V="006"/>
          <Total_Sufragantes V="23901"/>
          <Porc_Sufragantes V="100,00"/>
          <Abstencion V="0"/>
          <Porc_Abstencion V="000,00"/>
          <Votos_Validos V="11116"/>
          <Porc_Votos_Validos V="046,50"/>
          <Votos_No_Marcados V="6835"/>
          <Porc_Votos_No_Marcados V="028,59"/>
          <Votos_Nulos V="5950"/>
          <Porc_Votos_Nulos V="024,89"/>
        </lin>
        <lin>
          <Pregunta V="007"/>
          <Total_Sufragantes V="23901"/>
          <Porc_Sufragantes V="100,00"/>
          <Abstencion V="0"/>
          <Porc_Abstencion V="000,00"/>
          <Votos_Validos V="11947"/>
          <Porc_Votos_Validos V="049,98"/>
          <Votos_No_Marcados V="6183"/>
          <Porc_Votos_No_Marcados V="025,86"/>
          <Votos_Nulos V="5771"/>
          <Porc_Votos_Nulos V="024,14"/>
        </lin>
      </Detalle_Pregunta>
      <Detalle_Opcion>
        <lin>
          <Opcion V="001"/>
          <Votos V="6846"/>
          <Porc V="057,21"/>
          <Pregunta V="001"/>
        </lin>
        <lin>
          <Opcion V="002"/>
          <Votos V="5120"/>
          <Porc V="042,78"/>
          <Pregunta V="001"/>
        </lin>
        <lin>
          <Opcion V="001"/>
          <Votos V="6161"/>
          <Porc V="056,57"/>
          <Pregunta V="002"/>
        </lin>
        <lin>
          <Opcion V="002"/>
          <Votos V="4729"/>
          <Porc V="043,42"/>
          <Pregunta V="002"/>
        </lin>
        <lin>
          <Opcion V="001"/>
          <Votos V="6321"/>
          <Porc V="051,00"/>
          <Pregunta V="003"/>
        </lin>
        <lin>
          <Opcion V="002"/>
          <Votos V="6072"/>
          <Porc V="048,99"/>
          <Pregunta V="003"/>
        </lin>
        <lin>
          <Opcion V="001"/>
          <Votos V="6053"/>
          <Porc V="051,41"/>
          <Pregunta V="004"/>
        </lin>
        <lin>
          <Opcion V="002"/>
          <Votos V="5719"/>
          <Porc V="048,58"/>
          <Pregunta V="004"/>
        </lin>
        <lin>
          <Opcion V="001"/>
          <Votos V="5448"/>
          <Porc V="049,64"/>
          <Pregunta V="005"/>
        </lin>
        <lin>
          <Opcion V="002"/>
          <Votos V="5526"/>
          <Porc V="050,35"/>
          <Pregunta V="005"/>
        </lin>
        <lin>
          <Opcion V="001"/>
          <Votos V="5359"/>
          <Porc V="048,20"/>
          <Pregunta V="006"/>
        </lin>
        <lin>
          <Opcion V="002"/>
          <Votos V="5757"/>
          <Porc V="051,79"/>
          <Pregunta V="006"/>
        </lin>
        <lin>
          <Opcion V="001"/>
          <Votos V="6536"/>
          <Porc V="054,70"/>
          <Pregunta V="007"/>
        </lin>
        <lin>
          <Opcion V="002"/>
          <Votos V="5411"/>
          <Porc V="045,29"/>
          <Pregunta V="007"/>
        </lin>
      </Detalle_Opcion>
    </lin>
  </Detalle_Circunscripcion>
</Boletin>
</Boletin_Consolidado>