<Boletin_Consolidado><Boletin>
  <Numero V="0008"/>
  <Boletin_Departamental V="0012"/>
  <Tipo_Boletin V="DEPARTAMENTAL"/>
  <Desc_Corporacion V="CONSULTA POPULAR"/>
  <Departamento V="07"/>
  <Desc_Departamento V="BOYACA"/>
  <Municipio V="161"/>
  <Desc_Municipio V="MOTAVITA"/>
  <Dia V="21"/>
  <Mes V="8"/>
  <Anio V="2018"/>
  <Hora V="14"/>
  <Minuto V="15"/>
  <Mesas_Instaladas V="14"/>
  <Mesas_Informadas V="14"/>
  <Porc_Mesas_Informadas V="100,00"/>
  <Potencial_Sufragantes V="5250"/>
  <Detalle_Circunscripcion>
    <lin>
      <Circunscripcion V="0"/>
      <Desc_Circunscripcion V="NACIONAL"/>
      <Detalle_Pregunta>
        <lin>
          <Pregunta V="001"/>
          <Total_Sufragantes V="5250"/>
          <Porc_Sufragantes V="100,00"/>
          <Abstencion V="0"/>
          <Porc_Abstencion V="000,00"/>
          <Votos_Validos V="2320"/>
          <Porc_Votos_Validos V="044,19"/>
          <Votos_No_Marcados V="1231"/>
          <Porc_Votos_No_Marcados V="023,44"/>
          <Votos_Nulos V="1699"/>
          <Porc_Votos_Nulos V="032,36"/>
        </lin>
        <lin>
          <Pregunta V="002"/>
          <Total_Sufragantes V="5250"/>
          <Porc_Sufragantes V="100,00"/>
          <Abstencion V="0"/>
          <Porc_Abstencion V="000,00"/>
          <Votos_Validos V="2206"/>
          <Porc_Votos_Validos V="042,01"/>
          <Votos_No_Marcados V="1420"/>
          <Porc_Votos_No_Marcados V="027,04"/>
          <Votos_Nulos V="1624"/>
          <Porc_Votos_Nulos V="030,93"/>
        </lin>
        <lin>
          <Pregunta V="003"/>
          <Total_Sufragantes V="5250"/>
          <Porc_Sufragantes V="100,00"/>
          <Abstencion V="0"/>
          <Porc_Abstencion V="000,00"/>
          <Votos_Validos V="2518"/>
          <Porc_Votos_Validos V="047,96"/>
          <Votos_No_Marcados V="1458"/>
          <Porc_Votos_No_Marcados V="027,77"/>
          <Votos_Nulos V="1274"/>
          <Porc_Votos_Nulos V="024,26"/>
        </lin>
        <lin>
          <Pregunta V="004"/>
          <Total_Sufragantes V="5250"/>
          <Porc_Sufragantes V="100,00"/>
          <Abstencion V="0"/>
          <Porc_Abstencion V="000,00"/>
          <Votos_Validos V="2604"/>
          <Porc_Votos_Validos V="049,60"/>
          <Votos_No_Marcados V="1569"/>
          <Porc_Votos_No_Marcados V="029,88"/>
          <Votos_Nulos V="1077"/>
          <Porc_Votos_Nulos V="020,51"/>
        </lin>
        <lin>
          <Pregunta V="005"/>
          <Total_Sufragantes V="5250"/>
          <Porc_Sufragantes V="100,00"/>
          <Abstencion V="0"/>
          <Porc_Abstencion V="000,00"/>
          <Votos_Validos V="2869"/>
          <Porc_Votos_Validos V="054,64"/>
          <Votos_No_Marcados V="998"/>
          <Porc_Votos_No_Marcados V="019,00"/>
          <Votos_Nulos V="1383"/>
          <Porc_Votos_Nulos V="026,34"/>
        </lin>
        <lin>
          <Pregunta V="006"/>
          <Total_Sufragantes V="5250"/>
          <Porc_Sufragantes V="100,00"/>
          <Abstencion V="0"/>
          <Porc_Abstencion V="000,00"/>
          <Votos_Validos V="2353"/>
          <Porc_Votos_Validos V="044,81"/>
          <Votos_No_Marcados V="1238"/>
          <Porc_Votos_No_Marcados V="023,58"/>
          <Votos_Nulos V="1659"/>
          <Porc_Votos_Nulos V="031,60"/>
        </lin>
        <lin>
          <Pregunta V="007"/>
          <Total_Sufragantes V="5250"/>
          <Porc_Sufragantes V="100,00"/>
          <Abstencion V="0"/>
          <Porc_Abstencion V="000,00"/>
          <Votos_Validos V="2886"/>
          <Porc_Votos_Validos V="054,97"/>
          <Votos_No_Marcados V="1384"/>
          <Porc_Votos_No_Marcados V="026,36"/>
          <Votos_Nulos V="980"/>
          <Porc_Votos_Nulos V="018,66"/>
        </lin>
      </Detalle_Pregunta>
      <Detalle_Opcion>
        <lin>
          <Opcion V="001"/>
          <Votos V="960"/>
          <Porc V="041,37"/>
          <Pregunta V="001"/>
        </lin>
        <lin>
          <Opcion V="002"/>
          <Votos V="1360"/>
          <Porc V="058,62"/>
          <Pregunta V="001"/>
        </lin>
        <lin>
          <Opcion V="001"/>
          <Votos V="852"/>
          <Porc V="038,62"/>
          <Pregunta V="002"/>
        </lin>
        <lin>
          <Opcion V="002"/>
          <Votos V="1354"/>
          <Porc V="061,37"/>
          <Pregunta V="002"/>
        </lin>
        <lin>
          <Opcion V="001"/>
          <Votos V="1633"/>
          <Porc V="064,85"/>
          <Pregunta V="003"/>
        </lin>
        <lin>
          <Opcion V="002"/>
          <Votos V="885"/>
          <Porc V="035,14"/>
          <Pregunta V="003"/>
        </lin>
        <lin>
          <Opcion V="001"/>
          <Votos V="1432"/>
          <Porc V="054,99"/>
          <Pregunta V="004"/>
        </lin>
        <lin>
          <Opcion V="002"/>
          <Votos V="1172"/>
          <Porc V="045,00"/>
          <Pregunta V="004"/>
        </lin>
        <lin>
          <Opcion V="001"/>
          <Votos V="1568"/>
          <Porc V="054,65"/>
          <Pregunta V="005"/>
        </lin>
        <lin>
          <Opcion V="002"/>
          <Votos V="1301"/>
          <Porc V="045,34"/>
          <Pregunta V="005"/>
        </lin>
        <lin>
          <Opcion V="001"/>
          <Votos V="1166"/>
          <Porc V="049,55"/>
          <Pregunta V="006"/>
        </lin>
        <lin>
          <Opcion V="002"/>
          <Votos V="1187"/>
          <Porc V="050,44"/>
          <Pregunta V="006"/>
        </lin>
        <lin>
          <Opcion V="001"/>
          <Votos V="1119"/>
          <Porc V="038,77"/>
          <Pregunta V="007"/>
        </lin>
        <lin>
          <Opcion V="002"/>
          <Votos V="1767"/>
          <Porc V="061,22"/>
          <Pregunta V="007"/>
        </lin>
      </Detalle_Opcion>
    </lin>
  </Detalle_Circunscripcion>
</Boletin>
</Boletin_Consolidado>