<Boletin_Consolidado><Boletin>
  <Numero V="0008"/>
  <Boletin_Departamental V="0012"/>
  <Tipo_Boletin V="DEPARTAMENTAL"/>
  <Desc_Corporacion V="CONSULTA POPULAR"/>
  <Departamento V="07"/>
  <Desc_Departamento V="BOYACA"/>
  <Municipio V="283"/>
  <Desc_Municipio V="SOTAQUIRA"/>
  <Dia V="21"/>
  <Mes V="8"/>
  <Anio V="2018"/>
  <Hora V="14"/>
  <Minuto V="15"/>
  <Mesas_Instaladas V="15"/>
  <Mesas_Informadas V="15"/>
  <Porc_Mesas_Informadas V="100,00"/>
  <Potencial_Sufragantes V="5521"/>
  <Detalle_Circunscripcion>
    <lin>
      <Circunscripcion V="0"/>
      <Desc_Circunscripcion V="NACIONAL"/>
      <Detalle_Pregunta>
        <lin>
          <Pregunta V="001"/>
          <Total_Sufragantes V="5521"/>
          <Porc_Sufragantes V="100,00"/>
          <Abstencion V="0"/>
          <Porc_Abstencion V="000,00"/>
          <Votos_Validos V="3187"/>
          <Porc_Votos_Validos V="057,72"/>
          <Votos_No_Marcados V="1278"/>
          <Porc_Votos_No_Marcados V="023,14"/>
          <Votos_Nulos V="1056"/>
          <Porc_Votos_Nulos V="019,12"/>
        </lin>
        <lin>
          <Pregunta V="002"/>
          <Total_Sufragantes V="5521"/>
          <Porc_Sufragantes V="100,00"/>
          <Abstencion V="0"/>
          <Porc_Abstencion V="000,00"/>
          <Votos_Validos V="3088"/>
          <Porc_Votos_Validos V="055,93"/>
          <Votos_No_Marcados V="1218"/>
          <Porc_Votos_No_Marcados V="022,06"/>
          <Votos_Nulos V="1215"/>
          <Porc_Votos_Nulos V="022,00"/>
        </lin>
        <lin>
          <Pregunta V="003"/>
          <Total_Sufragantes V="5521"/>
          <Porc_Sufragantes V="100,00"/>
          <Abstencion V="0"/>
          <Porc_Abstencion V="000,00"/>
          <Votos_Validos V="2657"/>
          <Porc_Votos_Validos V="048,12"/>
          <Votos_No_Marcados V="1294"/>
          <Porc_Votos_No_Marcados V="023,43"/>
          <Votos_Nulos V="1570"/>
          <Porc_Votos_Nulos V="028,43"/>
        </lin>
        <lin>
          <Pregunta V="004"/>
          <Total_Sufragantes V="5521"/>
          <Porc_Sufragantes V="100,00"/>
          <Abstencion V="0"/>
          <Porc_Abstencion V="000,00"/>
          <Votos_Validos V="2371"/>
          <Porc_Votos_Validos V="042,94"/>
          <Votos_No_Marcados V="1294"/>
          <Porc_Votos_No_Marcados V="023,43"/>
          <Votos_Nulos V="1856"/>
          <Porc_Votos_Nulos V="033,61"/>
        </lin>
        <lin>
          <Pregunta V="005"/>
          <Total_Sufragantes V="5521"/>
          <Porc_Sufragantes V="100,00"/>
          <Abstencion V="0"/>
          <Porc_Abstencion V="000,00"/>
          <Votos_Validos V="3328"/>
          <Porc_Votos_Validos V="060,27"/>
          <Votos_No_Marcados V="1077"/>
          <Porc_Votos_No_Marcados V="019,50"/>
          <Votos_Nulos V="1116"/>
          <Porc_Votos_Nulos V="020,21"/>
        </lin>
        <lin>
          <Pregunta V="006"/>
          <Total_Sufragantes V="5521"/>
          <Porc_Sufragantes V="100,00"/>
          <Abstencion V="0"/>
          <Porc_Abstencion V="000,00"/>
          <Votos_Validos V="2321"/>
          <Porc_Votos_Validos V="042,03"/>
          <Votos_No_Marcados V="1768"/>
          <Porc_Votos_No_Marcados V="032,02"/>
          <Votos_Nulos V="1432"/>
          <Porc_Votos_Nulos V="025,93"/>
        </lin>
        <lin>
          <Pregunta V="007"/>
          <Total_Sufragantes V="5521"/>
          <Porc_Sufragantes V="100,00"/>
          <Abstencion V="0"/>
          <Porc_Abstencion V="000,00"/>
          <Votos_Validos V="2924"/>
          <Porc_Votos_Validos V="052,96"/>
          <Votos_No_Marcados V="1026"/>
          <Porc_Votos_No_Marcados V="018,58"/>
          <Votos_Nulos V="1571"/>
          <Porc_Votos_Nulos V="028,45"/>
        </lin>
      </Detalle_Pregunta>
      <Detalle_Opcion>
        <lin>
          <Opcion V="001"/>
          <Votos V="1482"/>
          <Porc V="046,50"/>
          <Pregunta V="001"/>
        </lin>
        <lin>
          <Opcion V="002"/>
          <Votos V="1705"/>
          <Porc V="053,49"/>
          <Pregunta V="001"/>
        </lin>
        <lin>
          <Opcion V="001"/>
          <Votos V="1472"/>
          <Porc V="047,66"/>
          <Pregunta V="002"/>
        </lin>
        <lin>
          <Opcion V="002"/>
          <Votos V="1616"/>
          <Porc V="052,33"/>
          <Pregunta V="002"/>
        </lin>
        <lin>
          <Opcion V="001"/>
          <Votos V="1467"/>
          <Porc V="055,21"/>
          <Pregunta V="003"/>
        </lin>
        <lin>
          <Opcion V="002"/>
          <Votos V="1190"/>
          <Porc V="044,78"/>
          <Pregunta V="003"/>
        </lin>
        <lin>
          <Opcion V="001"/>
          <Votos V="1242"/>
          <Porc V="052,38"/>
          <Pregunta V="004"/>
        </lin>
        <lin>
          <Opcion V="002"/>
          <Votos V="1129"/>
          <Porc V="047,61"/>
          <Pregunta V="004"/>
        </lin>
        <lin>
          <Opcion V="001"/>
          <Votos V="1559"/>
          <Porc V="046,84"/>
          <Pregunta V="005"/>
        </lin>
        <lin>
          <Opcion V="002"/>
          <Votos V="1769"/>
          <Porc V="053,15"/>
          <Pregunta V="005"/>
        </lin>
        <lin>
          <Opcion V="001"/>
          <Votos V="1029"/>
          <Porc V="044,33"/>
          <Pregunta V="006"/>
        </lin>
        <lin>
          <Opcion V="002"/>
          <Votos V="1292"/>
          <Porc V="055,66"/>
          <Pregunta V="006"/>
        </lin>
        <lin>
          <Opcion V="001"/>
          <Votos V="1456"/>
          <Porc V="049,79"/>
          <Pregunta V="007"/>
        </lin>
        <lin>
          <Opcion V="002"/>
          <Votos V="1468"/>
          <Porc V="050,20"/>
          <Pregunta V="007"/>
        </lin>
      </Detalle_Opcion>
    </lin>
  </Detalle_Circunscripcion>
</Boletin>
</Boletin_Consolidado>