<Boletin_Consolidado><Boletin>
  <Numero V="0008"/>
  <Boletin_Departamental V="0012"/>
  <Tipo_Boletin V="DEPARTAMENTAL"/>
  <Desc_Corporacion V="CONSULTA POPULAR"/>
  <Departamento V="15"/>
  <Desc_Departamento V="CUNDINAMARCA"/>
  <Municipio V="118"/>
  <Desc_Municipio V="GUASCA"/>
  <Dia V="21"/>
  <Mes V="8"/>
  <Anio V="2018"/>
  <Hora V="14"/>
  <Minuto V="15"/>
  <Mesas_Instaladas V="29"/>
  <Mesas_Informadas V="29"/>
  <Porc_Mesas_Informadas V="100,00"/>
  <Potencial_Sufragantes V="10895"/>
  <Detalle_Circunscripcion>
    <lin>
      <Circunscripcion V="0"/>
      <Desc_Circunscripcion V="NACIONAL"/>
      <Detalle_Pregunta>
        <lin>
          <Pregunta V="001"/>
          <Total_Sufragantes V="10895"/>
          <Porc_Sufragantes V="100,00"/>
          <Abstencion V="0"/>
          <Porc_Abstencion V="000,00"/>
          <Votos_Validos V="5344"/>
          <Porc_Votos_Validos V="049,05"/>
          <Votos_No_Marcados V="2828"/>
          <Porc_Votos_No_Marcados V="025,95"/>
          <Votos_Nulos V="2723"/>
          <Porc_Votos_Nulos V="024,99"/>
        </lin>
        <lin>
          <Pregunta V="002"/>
          <Total_Sufragantes V="10895"/>
          <Porc_Sufragantes V="100,00"/>
          <Abstencion V="0"/>
          <Porc_Abstencion V="000,00"/>
          <Votos_Validos V="5483"/>
          <Porc_Votos_Validos V="050,32"/>
          <Votos_No_Marcados V="2434"/>
          <Porc_Votos_No_Marcados V="022,34"/>
          <Votos_Nulos V="2978"/>
          <Porc_Votos_Nulos V="027,33"/>
        </lin>
        <lin>
          <Pregunta V="003"/>
          <Total_Sufragantes V="10895"/>
          <Porc_Sufragantes V="100,00"/>
          <Abstencion V="0"/>
          <Porc_Abstencion V="000,00"/>
          <Votos_Validos V="5449"/>
          <Porc_Votos_Validos V="050,01"/>
          <Votos_No_Marcados V="3153"/>
          <Porc_Votos_No_Marcados V="028,93"/>
          <Votos_Nulos V="2293"/>
          <Porc_Votos_Nulos V="021,04"/>
        </lin>
        <lin>
          <Pregunta V="004"/>
          <Total_Sufragantes V="10895"/>
          <Porc_Sufragantes V="100,00"/>
          <Abstencion V="0"/>
          <Porc_Abstencion V="000,00"/>
          <Votos_Validos V="5636"/>
          <Porc_Votos_Validos V="051,73"/>
          <Votos_No_Marcados V="3177"/>
          <Porc_Votos_No_Marcados V="029,16"/>
          <Votos_Nulos V="2082"/>
          <Porc_Votos_Nulos V="019,10"/>
        </lin>
        <lin>
          <Pregunta V="005"/>
          <Total_Sufragantes V="10895"/>
          <Porc_Sufragantes V="100,00"/>
          <Abstencion V="0"/>
          <Porc_Abstencion V="000,00"/>
          <Votos_Validos V="4834"/>
          <Porc_Votos_Validos V="044,36"/>
          <Votos_No_Marcados V="2812"/>
          <Porc_Votos_No_Marcados V="025,81"/>
          <Votos_Nulos V="3249"/>
          <Porc_Votos_Nulos V="029,82"/>
        </lin>
        <lin>
          <Pregunta V="006"/>
          <Total_Sufragantes V="10895"/>
          <Porc_Sufragantes V="100,00"/>
          <Abstencion V="0"/>
          <Porc_Abstencion V="000,00"/>
          <Votos_Validos V="5248"/>
          <Porc_Votos_Validos V="048,16"/>
          <Votos_No_Marcados V="2946"/>
          <Porc_Votos_No_Marcados V="027,03"/>
          <Votos_Nulos V="2701"/>
          <Porc_Votos_Nulos V="024,79"/>
        </lin>
        <lin>
          <Pregunta V="007"/>
          <Total_Sufragantes V="10895"/>
          <Porc_Sufragantes V="100,00"/>
          <Abstencion V="0"/>
          <Porc_Abstencion V="000,00"/>
          <Votos_Validos V="5291"/>
          <Porc_Votos_Validos V="048,56"/>
          <Votos_No_Marcados V="3262"/>
          <Porc_Votos_No_Marcados V="029,94"/>
          <Votos_Nulos V="2342"/>
          <Porc_Votos_Nulos V="021,49"/>
        </lin>
      </Detalle_Pregunta>
      <Detalle_Opcion>
        <lin>
          <Opcion V="001"/>
          <Votos V="2610"/>
          <Porc V="048,83"/>
          <Pregunta V="001"/>
        </lin>
        <lin>
          <Opcion V="002"/>
          <Votos V="2734"/>
          <Porc V="051,16"/>
          <Pregunta V="001"/>
        </lin>
        <lin>
          <Opcion V="001"/>
          <Votos V="2497"/>
          <Porc V="045,54"/>
          <Pregunta V="002"/>
        </lin>
        <lin>
          <Opcion V="002"/>
          <Votos V="2986"/>
          <Porc V="054,45"/>
          <Pregunta V="002"/>
        </lin>
        <lin>
          <Opcion V="001"/>
          <Votos V="2737"/>
          <Porc V="050,22"/>
          <Pregunta V="003"/>
        </lin>
        <lin>
          <Opcion V="002"/>
          <Votos V="2712"/>
          <Porc V="049,77"/>
          <Pregunta V="003"/>
        </lin>
        <lin>
          <Opcion V="001"/>
          <Votos V="3004"/>
          <Porc V="053,30"/>
          <Pregunta V="004"/>
        </lin>
        <lin>
          <Opcion V="002"/>
          <Votos V="2632"/>
          <Porc V="046,69"/>
          <Pregunta V="004"/>
        </lin>
        <lin>
          <Opcion V="001"/>
          <Votos V="2918"/>
          <Porc V="060,36"/>
          <Pregunta V="005"/>
        </lin>
        <lin>
          <Opcion V="002"/>
          <Votos V="1916"/>
          <Porc V="039,63"/>
          <Pregunta V="005"/>
        </lin>
        <lin>
          <Opcion V="001"/>
          <Votos V="2581"/>
          <Porc V="049,18"/>
          <Pregunta V="006"/>
        </lin>
        <lin>
          <Opcion V="002"/>
          <Votos V="2667"/>
          <Porc V="050,81"/>
          <Pregunta V="006"/>
        </lin>
        <lin>
          <Opcion V="001"/>
          <Votos V="2611"/>
          <Porc V="049,34"/>
          <Pregunta V="007"/>
        </lin>
        <lin>
          <Opcion V="002"/>
          <Votos V="2680"/>
          <Porc V="050,65"/>
          <Pregunta V="007"/>
        </lin>
      </Detalle_Opcion>
    </lin>
  </Detalle_Circunscripcion>
</Boletin>
</Boletin_Consolidado>