<Boletin_Consolidado><Boletin>
  <Numero V="0008"/>
  <Boletin_Departamental V="0011"/>
  <Tipo_Boletin V="DEPARTAMENTAL"/>
  <Desc_Corporacion V="CONSULTA POPULAR"/>
  <Departamento V="07"/>
  <Desc_Departamento V="BOYACA"/>
  <Municipio V="325"/>
  <Desc_Municipio V="TURMEQUE"/>
  <Dia V="21"/>
  <Mes V="8"/>
  <Anio V="2018"/>
  <Hora V="14"/>
  <Minuto V="15"/>
  <Mesas_Instaladas V="15"/>
  <Mesas_Informadas V="15"/>
  <Porc_Mesas_Informadas V="100,00"/>
  <Potencial_Sufragantes V="5628"/>
  <Detalle_Circunscripcion>
    <lin>
      <Circunscripcion V="0"/>
      <Desc_Circunscripcion V="NACIONAL"/>
      <Detalle_Pregunta>
        <lin>
          <Pregunta V="001"/>
          <Total_Sufragantes V="5628"/>
          <Porc_Sufragantes V="100,00"/>
          <Abstencion V="0"/>
          <Porc_Abstencion V="000,00"/>
          <Votos_Validos V="3007"/>
          <Porc_Votos_Validos V="053,42"/>
          <Votos_No_Marcados V="1379"/>
          <Porc_Votos_No_Marcados V="024,50"/>
          <Votos_Nulos V="1242"/>
          <Porc_Votos_Nulos V="022,06"/>
        </lin>
        <lin>
          <Pregunta V="002"/>
          <Total_Sufragantes V="5628"/>
          <Porc_Sufragantes V="100,00"/>
          <Abstencion V="0"/>
          <Porc_Abstencion V="000,00"/>
          <Votos_Validos V="2524"/>
          <Porc_Votos_Validos V="044,84"/>
          <Votos_No_Marcados V="1731"/>
          <Porc_Votos_No_Marcados V="030,75"/>
          <Votos_Nulos V="1373"/>
          <Porc_Votos_Nulos V="024,39"/>
        </lin>
        <lin>
          <Pregunta V="003"/>
          <Total_Sufragantes V="5628"/>
          <Porc_Sufragantes V="100,00"/>
          <Abstencion V="0"/>
          <Porc_Abstencion V="000,00"/>
          <Votos_Validos V="1860"/>
          <Porc_Votos_Validos V="033,04"/>
          <Votos_No_Marcados V="1751"/>
          <Porc_Votos_No_Marcados V="031,11"/>
          <Votos_Nulos V="2017"/>
          <Porc_Votos_Nulos V="035,83"/>
        </lin>
        <lin>
          <Pregunta V="004"/>
          <Total_Sufragantes V="5628"/>
          <Porc_Sufragantes V="100,00"/>
          <Abstencion V="0"/>
          <Porc_Abstencion V="000,00"/>
          <Votos_Validos V="3160"/>
          <Porc_Votos_Validos V="056,14"/>
          <Votos_No_Marcados V="1169"/>
          <Porc_Votos_No_Marcados V="020,77"/>
          <Votos_Nulos V="1299"/>
          <Porc_Votos_Nulos V="023,08"/>
        </lin>
        <lin>
          <Pregunta V="005"/>
          <Total_Sufragantes V="5628"/>
          <Porc_Sufragantes V="100,00"/>
          <Abstencion V="0"/>
          <Porc_Abstencion V="000,00"/>
          <Votos_Validos V="2884"/>
          <Porc_Votos_Validos V="051,24"/>
          <Votos_No_Marcados V="1257"/>
          <Porc_Votos_No_Marcados V="022,33"/>
          <Votos_Nulos V="1487"/>
          <Porc_Votos_Nulos V="026,42"/>
        </lin>
        <lin>
          <Pregunta V="006"/>
          <Total_Sufragantes V="5628"/>
          <Porc_Sufragantes V="100,00"/>
          <Abstencion V="0"/>
          <Porc_Abstencion V="000,00"/>
          <Votos_Validos V="2701"/>
          <Porc_Votos_Validos V="047,99"/>
          <Votos_No_Marcados V="1411"/>
          <Porc_Votos_No_Marcados V="025,07"/>
          <Votos_Nulos V="1516"/>
          <Porc_Votos_Nulos V="026,93"/>
        </lin>
        <lin>
          <Pregunta V="007"/>
          <Total_Sufragantes V="5628"/>
          <Porc_Sufragantes V="100,00"/>
          <Abstencion V="0"/>
          <Porc_Abstencion V="000,00"/>
          <Votos_Validos V="2864"/>
          <Porc_Votos_Validos V="050,88"/>
          <Votos_No_Marcados V="1565"/>
          <Porc_Votos_No_Marcados V="027,80"/>
          <Votos_Nulos V="1199"/>
          <Porc_Votos_Nulos V="021,30"/>
        </lin>
      </Detalle_Pregunta>
      <Detalle_Opcion>
        <lin>
          <Opcion V="001"/>
          <Votos V="1760"/>
          <Porc V="058,53"/>
          <Pregunta V="001"/>
        </lin>
        <lin>
          <Opcion V="002"/>
          <Votos V="1247"/>
          <Porc V="041,46"/>
          <Pregunta V="001"/>
        </lin>
        <lin>
          <Opcion V="001"/>
          <Votos V="1164"/>
          <Porc V="046,11"/>
          <Pregunta V="002"/>
        </lin>
        <lin>
          <Opcion V="002"/>
          <Votos V="1360"/>
          <Porc V="053,88"/>
          <Pregunta V="002"/>
        </lin>
        <lin>
          <Opcion V="001"/>
          <Votos V="1117"/>
          <Porc V="060,05"/>
          <Pregunta V="003"/>
        </lin>
        <lin>
          <Opcion V="002"/>
          <Votos V="743"/>
          <Porc V="039,94"/>
          <Pregunta V="003"/>
        </lin>
        <lin>
          <Opcion V="001"/>
          <Votos V="1568"/>
          <Porc V="049,62"/>
          <Pregunta V="004"/>
        </lin>
        <lin>
          <Opcion V="002"/>
          <Votos V="1592"/>
          <Porc V="050,37"/>
          <Pregunta V="004"/>
        </lin>
        <lin>
          <Opcion V="001"/>
          <Votos V="1211"/>
          <Porc V="041,99"/>
          <Pregunta V="005"/>
        </lin>
        <lin>
          <Opcion V="002"/>
          <Votos V="1673"/>
          <Porc V="058,00"/>
          <Pregunta V="005"/>
        </lin>
        <lin>
          <Opcion V="001"/>
          <Votos V="1515"/>
          <Porc V="056,09"/>
          <Pregunta V="006"/>
        </lin>
        <lin>
          <Opcion V="002"/>
          <Votos V="1186"/>
          <Porc V="043,90"/>
          <Pregunta V="006"/>
        </lin>
        <lin>
          <Opcion V="001"/>
          <Votos V="1624"/>
          <Porc V="056,70"/>
          <Pregunta V="007"/>
        </lin>
        <lin>
          <Opcion V="002"/>
          <Votos V="1240"/>
          <Porc V="043,29"/>
          <Pregunta V="007"/>
        </lin>
      </Detalle_Opcion>
    </lin>
  </Detalle_Circunscripcion>
</Boletin>
</Boletin_Consolidado>