<Boletin_Consolidado><Boletin>
  <Numero V="0008"/>
  <Boletin_Departamental V="0012"/>
  <Tipo_Boletin V="DEPARTAMENTAL"/>
  <Desc_Corporacion V="CONSULTA POPULAR"/>
  <Departamento V="07"/>
  <Desc_Departamento V="BOYACA"/>
  <Municipio V="179"/>
  <Desc_Municipio V="PAEZ"/>
  <Dia V="21"/>
  <Mes V="8"/>
  <Anio V="2018"/>
  <Hora V="14"/>
  <Minuto V="15"/>
  <Mesas_Instaladas V="8"/>
  <Mesas_Informadas V="8"/>
  <Porc_Mesas_Informadas V="100,00"/>
  <Potencial_Sufragantes V="2400"/>
  <Detalle_Circunscripcion>
    <lin>
      <Circunscripcion V="0"/>
      <Desc_Circunscripcion V="NACIONAL"/>
      <Detalle_Pregunta>
        <lin>
          <Pregunta V="001"/>
          <Total_Sufragantes V="2400"/>
          <Porc_Sufragantes V="100,00"/>
          <Abstencion V="0"/>
          <Porc_Abstencion V="000,00"/>
          <Votos_Validos V="1493"/>
          <Porc_Votos_Validos V="062,20"/>
          <Votos_No_Marcados V="491"/>
          <Porc_Votos_No_Marcados V="020,45"/>
          <Votos_Nulos V="416"/>
          <Porc_Votos_Nulos V="017,33"/>
        </lin>
        <lin>
          <Pregunta V="002"/>
          <Total_Sufragantes V="2400"/>
          <Porc_Sufragantes V="100,00"/>
          <Abstencion V="0"/>
          <Porc_Abstencion V="000,00"/>
          <Votos_Validos V="1345"/>
          <Porc_Votos_Validos V="056,04"/>
          <Votos_No_Marcados V="359"/>
          <Porc_Votos_No_Marcados V="014,95"/>
          <Votos_Nulos V="696"/>
          <Porc_Votos_Nulos V="029,00"/>
        </lin>
        <lin>
          <Pregunta V="003"/>
          <Total_Sufragantes V="2400"/>
          <Porc_Sufragantes V="100,00"/>
          <Abstencion V="0"/>
          <Porc_Abstencion V="000,00"/>
          <Votos_Validos V="1279"/>
          <Porc_Votos_Validos V="053,29"/>
          <Votos_No_Marcados V="528"/>
          <Porc_Votos_No_Marcados V="022,00"/>
          <Votos_Nulos V="593"/>
          <Porc_Votos_Nulos V="024,70"/>
        </lin>
        <lin>
          <Pregunta V="004"/>
          <Total_Sufragantes V="2400"/>
          <Porc_Sufragantes V="100,00"/>
          <Abstencion V="0"/>
          <Porc_Abstencion V="000,00"/>
          <Votos_Validos V="1314"/>
          <Porc_Votos_Validos V="054,75"/>
          <Votos_No_Marcados V="608"/>
          <Porc_Votos_No_Marcados V="025,33"/>
          <Votos_Nulos V="478"/>
          <Porc_Votos_Nulos V="019,91"/>
        </lin>
        <lin>
          <Pregunta V="005"/>
          <Total_Sufragantes V="2400"/>
          <Porc_Sufragantes V="100,00"/>
          <Abstencion V="0"/>
          <Porc_Abstencion V="000,00"/>
          <Votos_Validos V="1353"/>
          <Porc_Votos_Validos V="056,37"/>
          <Votos_No_Marcados V="395"/>
          <Porc_Votos_No_Marcados V="016,45"/>
          <Votos_Nulos V="652"/>
          <Porc_Votos_Nulos V="027,16"/>
        </lin>
        <lin>
          <Pregunta V="006"/>
          <Total_Sufragantes V="2400"/>
          <Porc_Sufragantes V="100,00"/>
          <Abstencion V="0"/>
          <Porc_Abstencion V="000,00"/>
          <Votos_Validos V="1072"/>
          <Porc_Votos_Validos V="044,66"/>
          <Votos_No_Marcados V="495"/>
          <Porc_Votos_No_Marcados V="020,62"/>
          <Votos_Nulos V="833"/>
          <Porc_Votos_Nulos V="034,70"/>
        </lin>
        <lin>
          <Pregunta V="007"/>
          <Total_Sufragantes V="2400"/>
          <Porc_Sufragantes V="100,00"/>
          <Abstencion V="0"/>
          <Porc_Abstencion V="000,00"/>
          <Votos_Validos V="1338"/>
          <Porc_Votos_Validos V="055,75"/>
          <Votos_No_Marcados V="524"/>
          <Porc_Votos_No_Marcados V="021,83"/>
          <Votos_Nulos V="538"/>
          <Porc_Votos_Nulos V="022,41"/>
        </lin>
      </Detalle_Pregunta>
      <Detalle_Opcion>
        <lin>
          <Opcion V="001"/>
          <Votos V="1069"/>
          <Porc V="071,60"/>
          <Pregunta V="001"/>
        </lin>
        <lin>
          <Opcion V="002"/>
          <Votos V="424"/>
          <Porc V="028,39"/>
          <Pregunta V="001"/>
        </lin>
        <lin>
          <Opcion V="001"/>
          <Votos V="574"/>
          <Porc V="042,67"/>
          <Pregunta V="002"/>
        </lin>
        <lin>
          <Opcion V="002"/>
          <Votos V="771"/>
          <Porc V="057,32"/>
          <Pregunta V="002"/>
        </lin>
        <lin>
          <Opcion V="001"/>
          <Votos V="605"/>
          <Porc V="047,30"/>
          <Pregunta V="003"/>
        </lin>
        <lin>
          <Opcion V="002"/>
          <Votos V="674"/>
          <Porc V="052,69"/>
          <Pregunta V="003"/>
        </lin>
        <lin>
          <Opcion V="001"/>
          <Votos V="414"/>
          <Porc V="031,50"/>
          <Pregunta V="004"/>
        </lin>
        <lin>
          <Opcion V="002"/>
          <Votos V="900"/>
          <Porc V="068,49"/>
          <Pregunta V="004"/>
        </lin>
        <lin>
          <Opcion V="001"/>
          <Votos V="891"/>
          <Porc V="065,85"/>
          <Pregunta V="005"/>
        </lin>
        <lin>
          <Opcion V="002"/>
          <Votos V="462"/>
          <Porc V="034,14"/>
          <Pregunta V="005"/>
        </lin>
        <lin>
          <Opcion V="001"/>
          <Votos V="494"/>
          <Porc V="046,08"/>
          <Pregunta V="006"/>
        </lin>
        <lin>
          <Opcion V="002"/>
          <Votos V="578"/>
          <Porc V="053,91"/>
          <Pregunta V="006"/>
        </lin>
        <lin>
          <Opcion V="001"/>
          <Votos V="670"/>
          <Porc V="050,07"/>
          <Pregunta V="007"/>
        </lin>
        <lin>
          <Opcion V="002"/>
          <Votos V="668"/>
          <Porc V="049,92"/>
          <Pregunta V="007"/>
        </lin>
      </Detalle_Opcion>
    </lin>
  </Detalle_Circunscripcion>
</Boletin>
</Boletin_Consolidado>