<Boletin_Consolidado><Boletin>
  <Numero V="0008"/>
  <Boletin_Departamental V="0011"/>
  <Tipo_Boletin V="DEPARTAMENTAL"/>
  <Desc_Corporacion V="CONSULTA POPULAR"/>
  <Departamento V="01"/>
  <Desc_Departamento V="ANTIOQUIA"/>
  <Municipio V="076"/>
  <Desc_Municipio V="CAÑASGORDAS"/>
  <Dia V="21"/>
  <Mes V="8"/>
  <Anio V="2018"/>
  <Hora V="14"/>
  <Minuto V="15"/>
  <Mesas_Instaladas V="37"/>
  <Mesas_Informadas V="37"/>
  <Porc_Mesas_Informadas V="100,00"/>
  <Potencial_Sufragantes V="13497"/>
  <Detalle_Circunscripcion>
    <lin>
      <Circunscripcion V="0"/>
      <Desc_Circunscripcion V="NACIONAL"/>
      <Detalle_Pregunta>
        <lin>
          <Pregunta V="001"/>
          <Total_Sufragantes V="13497"/>
          <Porc_Sufragantes V="100,00"/>
          <Abstencion V="0"/>
          <Porc_Abstencion V="000,00"/>
          <Votos_Validos V="7342"/>
          <Porc_Votos_Validos V="054,39"/>
          <Votos_No_Marcados V="2922"/>
          <Porc_Votos_No_Marcados V="021,64"/>
          <Votos_Nulos V="3233"/>
          <Porc_Votos_Nulos V="023,95"/>
        </lin>
        <lin>
          <Pregunta V="002"/>
          <Total_Sufragantes V="13497"/>
          <Porc_Sufragantes V="100,00"/>
          <Abstencion V="0"/>
          <Porc_Abstencion V="000,00"/>
          <Votos_Validos V="6929"/>
          <Porc_Votos_Validos V="051,33"/>
          <Votos_No_Marcados V="3050"/>
          <Porc_Votos_No_Marcados V="022,59"/>
          <Votos_Nulos V="3518"/>
          <Porc_Votos_Nulos V="026,06"/>
        </lin>
        <lin>
          <Pregunta V="003"/>
          <Total_Sufragantes V="13497"/>
          <Porc_Sufragantes V="100,00"/>
          <Abstencion V="0"/>
          <Porc_Abstencion V="000,00"/>
          <Votos_Validos V="6161"/>
          <Porc_Votos_Validos V="045,64"/>
          <Votos_No_Marcados V="3274"/>
          <Porc_Votos_No_Marcados V="024,25"/>
          <Votos_Nulos V="4062"/>
          <Porc_Votos_Nulos V="030,09"/>
        </lin>
        <lin>
          <Pregunta V="004"/>
          <Total_Sufragantes V="13497"/>
          <Porc_Sufragantes V="100,00"/>
          <Abstencion V="0"/>
          <Porc_Abstencion V="000,00"/>
          <Votos_Validos V="6627"/>
          <Porc_Votos_Validos V="049,09"/>
          <Votos_No_Marcados V="4013"/>
          <Porc_Votos_No_Marcados V="029,73"/>
          <Votos_Nulos V="2857"/>
          <Porc_Votos_Nulos V="021,16"/>
        </lin>
        <lin>
          <Pregunta V="005"/>
          <Total_Sufragantes V="13497"/>
          <Porc_Sufragantes V="100,00"/>
          <Abstencion V="0"/>
          <Porc_Abstencion V="000,00"/>
          <Votos_Validos V="6034"/>
          <Porc_Votos_Validos V="044,70"/>
          <Votos_No_Marcados V="3723"/>
          <Porc_Votos_No_Marcados V="027,58"/>
          <Votos_Nulos V="3740"/>
          <Porc_Votos_Nulos V="027,70"/>
        </lin>
        <lin>
          <Pregunta V="006"/>
          <Total_Sufragantes V="13497"/>
          <Porc_Sufragantes V="100,00"/>
          <Abstencion V="0"/>
          <Porc_Abstencion V="000,00"/>
          <Votos_Validos V="6730"/>
          <Porc_Votos_Validos V="049,86"/>
          <Votos_No_Marcados V="2924"/>
          <Porc_Votos_No_Marcados V="021,66"/>
          <Votos_Nulos V="3843"/>
          <Porc_Votos_Nulos V="028,47"/>
        </lin>
        <lin>
          <Pregunta V="007"/>
          <Total_Sufragantes V="13497"/>
          <Porc_Sufragantes V="100,00"/>
          <Abstencion V="0"/>
          <Porc_Abstencion V="000,00"/>
          <Votos_Validos V="6881"/>
          <Porc_Votos_Validos V="050,98"/>
          <Votos_No_Marcados V="3118"/>
          <Porc_Votos_No_Marcados V="023,10"/>
          <Votos_Nulos V="3498"/>
          <Porc_Votos_Nulos V="025,91"/>
        </lin>
      </Detalle_Pregunta>
      <Detalle_Opcion>
        <lin>
          <Opcion V="001"/>
          <Votos V="3351"/>
          <Porc V="045,64"/>
          <Pregunta V="001"/>
        </lin>
        <lin>
          <Opcion V="002"/>
          <Votos V="3991"/>
          <Porc V="054,35"/>
          <Pregunta V="001"/>
        </lin>
        <lin>
          <Opcion V="001"/>
          <Votos V="3522"/>
          <Porc V="050,82"/>
          <Pregunta V="002"/>
        </lin>
        <lin>
          <Opcion V="002"/>
          <Votos V="3407"/>
          <Porc V="049,17"/>
          <Pregunta V="002"/>
        </lin>
        <lin>
          <Opcion V="001"/>
          <Votos V="2504"/>
          <Porc V="040,64"/>
          <Pregunta V="003"/>
        </lin>
        <lin>
          <Opcion V="002"/>
          <Votos V="3657"/>
          <Porc V="059,35"/>
          <Pregunta V="003"/>
        </lin>
        <lin>
          <Opcion V="001"/>
          <Votos V="2892"/>
          <Porc V="043,63"/>
          <Pregunta V="004"/>
        </lin>
        <lin>
          <Opcion V="002"/>
          <Votos V="3735"/>
          <Porc V="056,36"/>
          <Pregunta V="004"/>
        </lin>
        <lin>
          <Opcion V="001"/>
          <Votos V="2649"/>
          <Porc V="043,90"/>
          <Pregunta V="005"/>
        </lin>
        <lin>
          <Opcion V="002"/>
          <Votos V="3385"/>
          <Porc V="056,09"/>
          <Pregunta V="005"/>
        </lin>
        <lin>
          <Opcion V="001"/>
          <Votos V="3447"/>
          <Porc V="051,21"/>
          <Pregunta V="006"/>
        </lin>
        <lin>
          <Opcion V="002"/>
          <Votos V="3283"/>
          <Porc V="048,78"/>
          <Pregunta V="006"/>
        </lin>
        <lin>
          <Opcion V="001"/>
          <Votos V="3292"/>
          <Porc V="047,84"/>
          <Pregunta V="007"/>
        </lin>
        <lin>
          <Opcion V="002"/>
          <Votos V="3589"/>
          <Porc V="052,15"/>
          <Pregunta V="007"/>
        </lin>
      </Detalle_Opcion>
    </lin>
  </Detalle_Circunscripcion>
</Boletin>
</Boletin_Consolidado>