<Boletin_Consolidado><Boletin>
  <Numero V="0008"/>
  <Boletin_Departamental V="0011"/>
  <Tipo_Boletin V="DEPARTAMENTAL"/>
  <Desc_Corporacion V="CONSULTA POPULAR"/>
  <Departamento V="01"/>
  <Desc_Departamento V="ANTIOQUIA"/>
  <Municipio V="277"/>
  <Desc_Municipio V="TOLEDO"/>
  <Dia V="21"/>
  <Mes V="8"/>
  <Anio V="2018"/>
  <Hora V="14"/>
  <Minuto V="15"/>
  <Mesas_Instaladas V="13"/>
  <Mesas_Informadas V="13"/>
  <Porc_Mesas_Informadas V="100,00"/>
  <Potencial_Sufragantes V="4520"/>
  <Detalle_Circunscripcion>
    <lin>
      <Circunscripcion V="0"/>
      <Desc_Circunscripcion V="NACIONAL"/>
      <Detalle_Pregunta>
        <lin>
          <Pregunta V="001"/>
          <Total_Sufragantes V="4520"/>
          <Porc_Sufragantes V="100,00"/>
          <Abstencion V="0"/>
          <Porc_Abstencion V="000,00"/>
          <Votos_Validos V="2407"/>
          <Porc_Votos_Validos V="053,25"/>
          <Votos_No_Marcados V="1017"/>
          <Porc_Votos_No_Marcados V="022,50"/>
          <Votos_Nulos V="1096"/>
          <Porc_Votos_Nulos V="024,24"/>
        </lin>
        <lin>
          <Pregunta V="002"/>
          <Total_Sufragantes V="4520"/>
          <Porc_Sufragantes V="100,00"/>
          <Abstencion V="0"/>
          <Porc_Abstencion V="000,00"/>
          <Votos_Validos V="2072"/>
          <Porc_Votos_Validos V="045,84"/>
          <Votos_No_Marcados V="845"/>
          <Porc_Votos_No_Marcados V="018,69"/>
          <Votos_Nulos V="1603"/>
          <Porc_Votos_Nulos V="035,46"/>
        </lin>
        <lin>
          <Pregunta V="003"/>
          <Total_Sufragantes V="4520"/>
          <Porc_Sufragantes V="100,00"/>
          <Abstencion V="0"/>
          <Porc_Abstencion V="000,00"/>
          <Votos_Validos V="2334"/>
          <Porc_Votos_Validos V="051,63"/>
          <Votos_No_Marcados V="1164"/>
          <Porc_Votos_No_Marcados V="025,75"/>
          <Votos_Nulos V="1022"/>
          <Porc_Votos_Nulos V="022,61"/>
        </lin>
        <lin>
          <Pregunta V="004"/>
          <Total_Sufragantes V="4520"/>
          <Porc_Sufragantes V="100,00"/>
          <Abstencion V="0"/>
          <Porc_Abstencion V="000,00"/>
          <Votos_Validos V="2482"/>
          <Porc_Votos_Validos V="054,91"/>
          <Votos_No_Marcados V="1202"/>
          <Porc_Votos_No_Marcados V="026,59"/>
          <Votos_Nulos V="836"/>
          <Porc_Votos_Nulos V="018,49"/>
        </lin>
        <lin>
          <Pregunta V="005"/>
          <Total_Sufragantes V="4520"/>
          <Porc_Sufragantes V="100,00"/>
          <Abstencion V="0"/>
          <Porc_Abstencion V="000,00"/>
          <Votos_Validos V="2414"/>
          <Porc_Votos_Validos V="053,40"/>
          <Votos_No_Marcados V="1047"/>
          <Porc_Votos_No_Marcados V="023,16"/>
          <Votos_Nulos V="1059"/>
          <Porc_Votos_Nulos V="023,42"/>
        </lin>
        <lin>
          <Pregunta V="006"/>
          <Total_Sufragantes V="4520"/>
          <Porc_Sufragantes V="100,00"/>
          <Abstencion V="0"/>
          <Porc_Abstencion V="000,00"/>
          <Votos_Validos V="2077"/>
          <Porc_Votos_Validos V="045,95"/>
          <Votos_No_Marcados V="1317"/>
          <Porc_Votos_No_Marcados V="029,13"/>
          <Votos_Nulos V="1126"/>
          <Porc_Votos_Nulos V="024,91"/>
        </lin>
        <lin>
          <Pregunta V="007"/>
          <Total_Sufragantes V="4520"/>
          <Porc_Sufragantes V="100,00"/>
          <Abstencion V="0"/>
          <Porc_Abstencion V="000,00"/>
          <Votos_Validos V="2141"/>
          <Porc_Votos_Validos V="047,36"/>
          <Votos_No_Marcados V="1403"/>
          <Porc_Votos_No_Marcados V="031,03"/>
          <Votos_Nulos V="976"/>
          <Porc_Votos_Nulos V="021,59"/>
        </lin>
      </Detalle_Pregunta>
      <Detalle_Opcion>
        <lin>
          <Opcion V="001"/>
          <Votos V="1244"/>
          <Porc V="051,68"/>
          <Pregunta V="001"/>
        </lin>
        <lin>
          <Opcion V="002"/>
          <Votos V="1163"/>
          <Porc V="048,31"/>
          <Pregunta V="001"/>
        </lin>
        <lin>
          <Opcion V="001"/>
          <Votos V="1140"/>
          <Porc V="055,01"/>
          <Pregunta V="002"/>
        </lin>
        <lin>
          <Opcion V="002"/>
          <Votos V="932"/>
          <Porc V="044,98"/>
          <Pregunta V="002"/>
        </lin>
        <lin>
          <Opcion V="001"/>
          <Votos V="1100"/>
          <Porc V="047,12"/>
          <Pregunta V="003"/>
        </lin>
        <lin>
          <Opcion V="002"/>
          <Votos V="1234"/>
          <Porc V="052,87"/>
          <Pregunta V="003"/>
        </lin>
        <lin>
          <Opcion V="001"/>
          <Votos V="1296"/>
          <Porc V="052,21"/>
          <Pregunta V="004"/>
        </lin>
        <lin>
          <Opcion V="002"/>
          <Votos V="1186"/>
          <Porc V="047,78"/>
          <Pregunta V="004"/>
        </lin>
        <lin>
          <Opcion V="001"/>
          <Votos V="1363"/>
          <Porc V="056,46"/>
          <Pregunta V="005"/>
        </lin>
        <lin>
          <Opcion V="002"/>
          <Votos V="1051"/>
          <Porc V="043,53"/>
          <Pregunta V="005"/>
        </lin>
        <lin>
          <Opcion V="001"/>
          <Votos V="1214"/>
          <Porc V="058,44"/>
          <Pregunta V="006"/>
        </lin>
        <lin>
          <Opcion V="002"/>
          <Votos V="863"/>
          <Porc V="041,55"/>
          <Pregunta V="006"/>
        </lin>
        <lin>
          <Opcion V="001"/>
          <Votos V="1038"/>
          <Porc V="048,48"/>
          <Pregunta V="007"/>
        </lin>
        <lin>
          <Opcion V="002"/>
          <Votos V="1103"/>
          <Porc V="051,51"/>
          <Pregunta V="007"/>
        </lin>
      </Detalle_Opcion>
    </lin>
  </Detalle_Circunscripcion>
</Boletin>
</Boletin_Consolidado>