<Boletin_Consolidado><Boletin>
  <Numero V="0008"/>
  <Boletin_Departamental V="0008"/>
  <Tipo_Boletin V="NACIONAL"/>
  <Desc_Corporacion V="CONSULTA POPULAR"/>
  <Departamento V="00"/>
  <Desc_Departamento V="NO APLICA"/>
  <Municipio V="000"/>
  <Desc_Municipio V="NO APLICA"/>
  <Dia V="21"/>
  <Mes V="8"/>
  <Anio V="2018"/>
  <Hora V="14"/>
  <Minuto V="15"/>
  <Mesas_Instaladas V="97810"/>
  <Mesas_Informadas V="97810"/>
  <Porc_Mesas_Informadas V="100,00"/>
  <Potencial_Sufragantes V="36421026"/>
  <Detalle_Circunscripcion>
    <lin>
      <Circunscripcion V="0"/>
      <Desc_Circunscripcion V="NACIONAL"/>
      <Detalle_Pregunta>
        <lin>
          <Pregunta V="001"/>
          <Total_Sufragantes V="36421026"/>
          <Porc_Sufragantes V="100,00"/>
          <Abstencion V="0"/>
          <Porc_Abstencion V="000,00"/>
          <Votos_Validos V="18207378"/>
          <Porc_Votos_Validos V="049,99"/>
          <Votos_No_Marcados V="9100543"/>
          <Porc_Votos_No_Marcados V="024,98"/>
          <Votos_Nulos V="9113105"/>
          <Porc_Votos_Nulos V="025,02"/>
        </lin>
        <lin>
          <Pregunta V="002"/>
          <Total_Sufragantes V="36421026"/>
          <Porc_Sufragantes V="100,00"/>
          <Abstencion V="0"/>
          <Porc_Abstencion V="000,00"/>
          <Votos_Validos V="18196339"/>
          <Porc_Votos_Validos V="049,96"/>
          <Votos_No_Marcados V="9125682"/>
          <Porc_Votos_No_Marcados V="025,05"/>
          <Votos_Nulos V="9099005"/>
          <Porc_Votos_Nulos V="024,98"/>
        </lin>
        <lin>
          <Pregunta V="003"/>
          <Total_Sufragantes V="36421026"/>
          <Porc_Sufragantes V="100,00"/>
          <Abstencion V="0"/>
          <Porc_Abstencion V="000,00"/>
          <Votos_Validos V="18187068"/>
          <Porc_Votos_Validos V="049,93"/>
          <Votos_No_Marcados V="9085141"/>
          <Porc_Votos_No_Marcados V="024,94"/>
          <Votos_Nulos V="9148817"/>
          <Porc_Votos_Nulos V="025,11"/>
        </lin>
        <lin>
          <Pregunta V="004"/>
          <Total_Sufragantes V="36421026"/>
          <Porc_Sufragantes V="100,00"/>
          <Abstencion V="0"/>
          <Porc_Abstencion V="000,00"/>
          <Votos_Validos V="18167348"/>
          <Porc_Votos_Validos V="049,88"/>
          <Votos_No_Marcados V="9131640"/>
          <Porc_Votos_No_Marcados V="025,07"/>
          <Votos_Nulos V="9122038"/>
          <Porc_Votos_Nulos V="025,04"/>
        </lin>
        <lin>
          <Pregunta V="005"/>
          <Total_Sufragantes V="36421026"/>
          <Porc_Sufragantes V="100,00"/>
          <Abstencion V="0"/>
          <Porc_Abstencion V="000,00"/>
          <Votos_Validos V="18243543"/>
          <Porc_Votos_Validos V="050,09"/>
          <Votos_No_Marcados V="9106205"/>
          <Porc_Votos_No_Marcados V="025,00"/>
          <Votos_Nulos V="9071278"/>
          <Porc_Votos_Nulos V="024,90"/>
        </lin>
        <lin>
          <Pregunta V="006"/>
          <Total_Sufragantes V="36421026"/>
          <Porc_Sufragantes V="100,00"/>
          <Abstencion V="0"/>
          <Porc_Abstencion V="000,00"/>
          <Votos_Validos V="18182358"/>
          <Porc_Votos_Validos V="049,92"/>
          <Votos_No_Marcados V="9116076"/>
          <Porc_Votos_No_Marcados V="025,02"/>
          <Votos_Nulos V="9122592"/>
          <Porc_Votos_Nulos V="025,04"/>
        </lin>
        <lin>
          <Pregunta V="007"/>
          <Total_Sufragantes V="36421026"/>
          <Porc_Sufragantes V="100,00"/>
          <Abstencion V="0"/>
          <Porc_Abstencion V="000,00"/>
          <Votos_Validos V="18196469"/>
          <Porc_Votos_Validos V="049,96"/>
          <Votos_No_Marcados V="9110384"/>
          <Porc_Votos_No_Marcados V="025,01"/>
          <Votos_Nulos V="9114173"/>
          <Porc_Votos_Nulos V="025,02"/>
        </lin>
      </Detalle_Pregunta>
      <Detalle_Opcion>
        <lin>
          <Opcion V="001"/>
          <Votos V="9090151"/>
          <Porc V="049,92"/>
          <Pregunta V="001"/>
        </lin>
        <lin>
          <Opcion V="002"/>
          <Votos V="9117227"/>
          <Porc V="050,07"/>
          <Pregunta V="001"/>
        </lin>
        <lin>
          <Opcion V="001"/>
          <Votos V="9089385"/>
          <Porc V="049,95"/>
          <Pregunta V="002"/>
        </lin>
        <lin>
          <Opcion V="002"/>
          <Votos V="9106954"/>
          <Porc V="050,04"/>
          <Pregunta V="002"/>
        </lin>
        <lin>
          <Opcion V="001"/>
          <Votos V="9086227"/>
          <Porc V="049,95"/>
          <Pregunta V="003"/>
        </lin>
        <lin>
          <Opcion V="002"/>
          <Votos V="9100841"/>
          <Porc V="050,04"/>
          <Pregunta V="003"/>
        </lin>
        <lin>
          <Opcion V="001"/>
          <Votos V="9082160"/>
          <Porc V="049,99"/>
          <Pregunta V="004"/>
        </lin>
        <lin>
          <Opcion V="002"/>
          <Votos V="9085188"/>
          <Porc V="050,00"/>
          <Pregunta V="004"/>
        </lin>
        <lin>
          <Opcion V="001"/>
          <Votos V="9091436"/>
          <Porc V="049,83"/>
          <Pregunta V="005"/>
        </lin>
        <lin>
          <Opcion V="002"/>
          <Votos V="9152107"/>
          <Porc V="050,16"/>
          <Pregunta V="005"/>
        </lin>
        <lin>
          <Opcion V="001"/>
          <Votos V="9100558"/>
          <Porc V="050,05"/>
          <Pregunta V="006"/>
        </lin>
        <lin>
          <Opcion V="002"/>
          <Votos V="9081800"/>
          <Porc V="049,94"/>
          <Pregunta V="006"/>
        </lin>
        <lin>
          <Opcion V="001"/>
          <Votos V="9110842"/>
          <Porc V="050,06"/>
          <Pregunta V="007"/>
        </lin>
        <lin>
          <Opcion V="002"/>
          <Votos V="9085627"/>
          <Porc V="049,93"/>
          <Pregunta V="007"/>
        </lin>
      </Detalle_Opcion>
    </lin>
  </Detalle_Circunscripcion>
</Boletin>
</Boletin_Consolidado>