<Boletin_Consolidado><Boletin>
  <Numero V="0008"/>
  <Boletin_Departamental V="0012"/>
  <Tipo_Boletin V="DEPARTAMENTAL"/>
  <Desc_Corporacion V="CONSULTA POPULAR"/>
  <Departamento V="11"/>
  <Desc_Departamento V="CAUCA"/>
  <Municipio V="000"/>
  <Desc_Municipio V="NO APLICA"/>
  <Dia V="21"/>
  <Mes V="8"/>
  <Anio V="2018"/>
  <Hora V="14"/>
  <Minuto V="15"/>
  <Mesas_Instaladas V="2800"/>
  <Mesas_Informadas V="2800"/>
  <Porc_Mesas_Informadas V="100,00"/>
  <Potencial_Sufragantes V="958860"/>
  <Detalle_Circunscripcion>
    <lin>
      <Circunscripcion V="0"/>
      <Desc_Circunscripcion V="NACIONAL"/>
      <Detalle_Pregunta>
        <lin>
          <Pregunta V="001"/>
          <Total_Sufragantes V="958860"/>
          <Porc_Sufragantes V="100,00"/>
          <Abstencion V="0"/>
          <Porc_Abstencion V="000,00"/>
          <Votos_Validos V="476858"/>
          <Porc_Votos_Validos V="049,73"/>
          <Votos_No_Marcados V="243265"/>
          <Porc_Votos_No_Marcados V="025,37"/>
          <Votos_Nulos V="238737"/>
          <Porc_Votos_Nulos V="024,89"/>
        </lin>
        <lin>
          <Pregunta V="002"/>
          <Total_Sufragantes V="958860"/>
          <Porc_Sufragantes V="100,00"/>
          <Abstencion V="0"/>
          <Porc_Abstencion V="000,00"/>
          <Votos_Validos V="480230"/>
          <Porc_Votos_Validos V="050,08"/>
          <Votos_No_Marcados V="238541"/>
          <Porc_Votos_No_Marcados V="024,87"/>
          <Votos_Nulos V="240089"/>
          <Porc_Votos_Nulos V="025,03"/>
        </lin>
        <lin>
          <Pregunta V="003"/>
          <Total_Sufragantes V="958860"/>
          <Porc_Sufragantes V="100,00"/>
          <Abstencion V="0"/>
          <Porc_Abstencion V="000,00"/>
          <Votos_Validos V="482713"/>
          <Porc_Votos_Validos V="050,34"/>
          <Votos_No_Marcados V="237017"/>
          <Porc_Votos_No_Marcados V="024,71"/>
          <Votos_Nulos V="239130"/>
          <Porc_Votos_Nulos V="024,93"/>
        </lin>
        <lin>
          <Pregunta V="004"/>
          <Total_Sufragantes V="958860"/>
          <Porc_Sufragantes V="100,00"/>
          <Abstencion V="0"/>
          <Porc_Abstencion V="000,00"/>
          <Votos_Validos V="475015"/>
          <Porc_Votos_Validos V="049,53"/>
          <Votos_No_Marcados V="246155"/>
          <Porc_Votos_No_Marcados V="025,67"/>
          <Votos_Nulos V="237690"/>
          <Porc_Votos_Nulos V="024,78"/>
        </lin>
        <lin>
          <Pregunta V="005"/>
          <Total_Sufragantes V="958860"/>
          <Porc_Sufragantes V="100,00"/>
          <Abstencion V="0"/>
          <Porc_Abstencion V="000,00"/>
          <Votos_Validos V="481169"/>
          <Porc_Votos_Validos V="050,18"/>
          <Votos_No_Marcados V="239369"/>
          <Porc_Votos_No_Marcados V="024,96"/>
          <Votos_Nulos V="238322"/>
          <Porc_Votos_Nulos V="024,85"/>
        </lin>
        <lin>
          <Pregunta V="006"/>
          <Total_Sufragantes V="958860"/>
          <Porc_Sufragantes V="100,00"/>
          <Abstencion V="0"/>
          <Porc_Abstencion V="000,00"/>
          <Votos_Validos V="477936"/>
          <Porc_Votos_Validos V="049,84"/>
          <Votos_No_Marcados V="236657"/>
          <Porc_Votos_No_Marcados V="024,68"/>
          <Votos_Nulos V="244267"/>
          <Porc_Votos_Nulos V="025,47"/>
        </lin>
        <lin>
          <Pregunta V="007"/>
          <Total_Sufragantes V="958860"/>
          <Porc_Sufragantes V="100,00"/>
          <Abstencion V="0"/>
          <Porc_Abstencion V="000,00"/>
          <Votos_Validos V="479220"/>
          <Porc_Votos_Validos V="049,97"/>
          <Votos_No_Marcados V="232553"/>
          <Porc_Votos_No_Marcados V="024,25"/>
          <Votos_Nulos V="247087"/>
          <Porc_Votos_Nulos V="025,76"/>
        </lin>
      </Detalle_Pregunta>
      <Detalle_Opcion>
        <lin>
          <Opcion V="001"/>
          <Votos V="238690"/>
          <Porc V="050,05"/>
          <Pregunta V="001"/>
        </lin>
        <lin>
          <Opcion V="002"/>
          <Votos V="238168"/>
          <Porc V="049,94"/>
          <Pregunta V="001"/>
        </lin>
        <lin>
          <Opcion V="001"/>
          <Votos V="235568"/>
          <Porc V="049,05"/>
          <Pregunta V="002"/>
        </lin>
        <lin>
          <Opcion V="002"/>
          <Votos V="244662"/>
          <Porc V="050,94"/>
          <Pregunta V="002"/>
        </lin>
        <lin>
          <Opcion V="001"/>
          <Votos V="239265"/>
          <Porc V="049,56"/>
          <Pregunta V="003"/>
        </lin>
        <lin>
          <Opcion V="002"/>
          <Votos V="243448"/>
          <Porc V="050,43"/>
          <Pregunta V="003"/>
        </lin>
        <lin>
          <Opcion V="001"/>
          <Votos V="240187"/>
          <Porc V="050,56"/>
          <Pregunta V="004"/>
        </lin>
        <lin>
          <Opcion V="002"/>
          <Votos V="234828"/>
          <Porc V="049,43"/>
          <Pregunta V="004"/>
        </lin>
        <lin>
          <Opcion V="001"/>
          <Votos V="245598"/>
          <Porc V="051,04"/>
          <Pregunta V="005"/>
        </lin>
        <lin>
          <Opcion V="002"/>
          <Votos V="235571"/>
          <Porc V="048,95"/>
          <Pregunta V="005"/>
        </lin>
        <lin>
          <Opcion V="001"/>
          <Votos V="240941"/>
          <Porc V="050,41"/>
          <Pregunta V="006"/>
        </lin>
        <lin>
          <Opcion V="002"/>
          <Votos V="236995"/>
          <Porc V="049,58"/>
          <Pregunta V="006"/>
        </lin>
        <lin>
          <Opcion V="001"/>
          <Votos V="239873"/>
          <Porc V="050,05"/>
          <Pregunta V="007"/>
        </lin>
        <lin>
          <Opcion V="002"/>
          <Votos V="239347"/>
          <Porc V="049,94"/>
          <Pregunta V="007"/>
        </lin>
      </Detalle_Opcion>
    </lin>
  </Detalle_Circunscripcion>
</Boletin>
</Boletin_Consolidado>