<Boletin_Consolidado><Boletin>
  <Numero V="0008"/>
  <Boletin_Departamental V="0012"/>
  <Tipo_Boletin V="DEPARTAMENTAL"/>
  <Desc_Corporacion V="CONSULTA POPULAR"/>
  <Departamento V="07"/>
  <Desc_Departamento V="BOYACA"/>
  <Municipio V="235"/>
  <Desc_Municipio V="SAMACA"/>
  <Dia V="21"/>
  <Mes V="8"/>
  <Anio V="2018"/>
  <Hora V="14"/>
  <Minuto V="15"/>
  <Mesas_Instaladas V="38"/>
  <Mesas_Informadas V="38"/>
  <Porc_Mesas_Informadas V="100,00"/>
  <Potencial_Sufragantes V="13981"/>
  <Detalle_Circunscripcion>
    <lin>
      <Circunscripcion V="0"/>
      <Desc_Circunscripcion V="NACIONAL"/>
      <Detalle_Pregunta>
        <lin>
          <Pregunta V="001"/>
          <Total_Sufragantes V="13981"/>
          <Porc_Sufragantes V="100,00"/>
          <Abstencion V="0"/>
          <Porc_Abstencion V="000,00"/>
          <Votos_Validos V="5837"/>
          <Porc_Votos_Validos V="041,74"/>
          <Votos_No_Marcados V="4156"/>
          <Porc_Votos_No_Marcados V="029,72"/>
          <Votos_Nulos V="3988"/>
          <Porc_Votos_Nulos V="028,52"/>
        </lin>
        <lin>
          <Pregunta V="002"/>
          <Total_Sufragantes V="13981"/>
          <Porc_Sufragantes V="100,00"/>
          <Abstencion V="0"/>
          <Porc_Abstencion V="000,00"/>
          <Votos_Validos V="7350"/>
          <Porc_Votos_Validos V="052,57"/>
          <Votos_No_Marcados V="3310"/>
          <Porc_Votos_No_Marcados V="023,67"/>
          <Votos_Nulos V="3321"/>
          <Porc_Votos_Nulos V="023,75"/>
        </lin>
        <lin>
          <Pregunta V="003"/>
          <Total_Sufragantes V="13981"/>
          <Porc_Sufragantes V="100,00"/>
          <Abstencion V="0"/>
          <Porc_Abstencion V="000,00"/>
          <Votos_Validos V="6665"/>
          <Porc_Votos_Validos V="047,67"/>
          <Votos_No_Marcados V="3493"/>
          <Porc_Votos_No_Marcados V="024,98"/>
          <Votos_Nulos V="3823"/>
          <Porc_Votos_Nulos V="027,34"/>
        </lin>
        <lin>
          <Pregunta V="004"/>
          <Total_Sufragantes V="13981"/>
          <Porc_Sufragantes V="100,00"/>
          <Abstencion V="0"/>
          <Porc_Abstencion V="000,00"/>
          <Votos_Validos V="6984"/>
          <Porc_Votos_Validos V="049,95"/>
          <Votos_No_Marcados V="3308"/>
          <Porc_Votos_No_Marcados V="023,66"/>
          <Votos_Nulos V="3689"/>
          <Porc_Votos_Nulos V="026,38"/>
        </lin>
        <lin>
          <Pregunta V="005"/>
          <Total_Sufragantes V="13981"/>
          <Porc_Sufragantes V="100,00"/>
          <Abstencion V="0"/>
          <Porc_Abstencion V="000,00"/>
          <Votos_Validos V="7634"/>
          <Porc_Votos_Validos V="054,60"/>
          <Votos_No_Marcados V="3848"/>
          <Porc_Votos_No_Marcados V="027,52"/>
          <Votos_Nulos V="2499"/>
          <Porc_Votos_Nulos V="017,87"/>
        </lin>
        <lin>
          <Pregunta V="006"/>
          <Total_Sufragantes V="13981"/>
          <Porc_Sufragantes V="100,00"/>
          <Abstencion V="0"/>
          <Porc_Abstencion V="000,00"/>
          <Votos_Validos V="6302"/>
          <Porc_Votos_Validos V="045,07"/>
          <Votos_No_Marcados V="3896"/>
          <Porc_Votos_No_Marcados V="027,86"/>
          <Votos_Nulos V="3783"/>
          <Porc_Votos_Nulos V="027,05"/>
        </lin>
        <lin>
          <Pregunta V="007"/>
          <Total_Sufragantes V="13981"/>
          <Porc_Sufragantes V="100,00"/>
          <Abstencion V="0"/>
          <Porc_Abstencion V="000,00"/>
          <Votos_Validos V="6927"/>
          <Porc_Votos_Validos V="049,54"/>
          <Votos_No_Marcados V="3255"/>
          <Porc_Votos_No_Marcados V="023,28"/>
          <Votos_Nulos V="3799"/>
          <Porc_Votos_Nulos V="027,17"/>
        </lin>
      </Detalle_Pregunta>
      <Detalle_Opcion>
        <lin>
          <Opcion V="001"/>
          <Votos V="2872"/>
          <Porc V="049,20"/>
          <Pregunta V="001"/>
        </lin>
        <lin>
          <Opcion V="002"/>
          <Votos V="2965"/>
          <Porc V="050,79"/>
          <Pregunta V="001"/>
        </lin>
        <lin>
          <Opcion V="001"/>
          <Votos V="3332"/>
          <Porc V="045,33"/>
          <Pregunta V="002"/>
        </lin>
        <lin>
          <Opcion V="002"/>
          <Votos V="4018"/>
          <Porc V="054,66"/>
          <Pregunta V="002"/>
        </lin>
        <lin>
          <Opcion V="001"/>
          <Votos V="3659"/>
          <Porc V="054,89"/>
          <Pregunta V="003"/>
        </lin>
        <lin>
          <Opcion V="002"/>
          <Votos V="3006"/>
          <Porc V="045,10"/>
          <Pregunta V="003"/>
        </lin>
        <lin>
          <Opcion V="001"/>
          <Votos V="3558"/>
          <Porc V="050,94"/>
          <Pregunta V="004"/>
        </lin>
        <lin>
          <Opcion V="002"/>
          <Votos V="3426"/>
          <Porc V="049,05"/>
          <Pregunta V="004"/>
        </lin>
        <lin>
          <Opcion V="001"/>
          <Votos V="3677"/>
          <Porc V="048,16"/>
          <Pregunta V="005"/>
        </lin>
        <lin>
          <Opcion V="002"/>
          <Votos V="3957"/>
          <Porc V="051,83"/>
          <Pregunta V="005"/>
        </lin>
        <lin>
          <Opcion V="001"/>
          <Votos V="3129"/>
          <Porc V="049,65"/>
          <Pregunta V="006"/>
        </lin>
        <lin>
          <Opcion V="002"/>
          <Votos V="3173"/>
          <Porc V="050,34"/>
          <Pregunta V="006"/>
        </lin>
        <lin>
          <Opcion V="001"/>
          <Votos V="3024"/>
          <Porc V="043,65"/>
          <Pregunta V="007"/>
        </lin>
        <lin>
          <Opcion V="002"/>
          <Votos V="3903"/>
          <Porc V="056,34"/>
          <Pregunta V="007"/>
        </lin>
      </Detalle_Opcion>
    </lin>
  </Detalle_Circunscripcion>
</Boletin>
</Boletin_Consolidado>