<Boletin_Consolidado><Boletin>
  <Numero V="0008"/>
  <Boletin_Departamental V="0011"/>
  <Tipo_Boletin V="DEPARTAMENTAL"/>
  <Desc_Corporacion V="CONSULTA POPULAR"/>
  <Departamento V="05"/>
  <Desc_Departamento V="BOLIVAR"/>
  <Municipio V="010"/>
  <Desc_Municipio V="BARRANCO DE LOBA"/>
  <Dia V="21"/>
  <Mes V="8"/>
  <Anio V="2018"/>
  <Hora V="14"/>
  <Minuto V="15"/>
  <Mesas_Instaladas V="34"/>
  <Mesas_Informadas V="34"/>
  <Porc_Mesas_Informadas V="100,00"/>
  <Potencial_Sufragantes V="11326"/>
  <Detalle_Circunscripcion>
    <lin>
      <Circunscripcion V="0"/>
      <Desc_Circunscripcion V="NACIONAL"/>
      <Detalle_Pregunta>
        <lin>
          <Pregunta V="001"/>
          <Total_Sufragantes V="11326"/>
          <Porc_Sufragantes V="100,00"/>
          <Abstencion V="0"/>
          <Porc_Abstencion V="000,00"/>
          <Votos_Validos V="4736"/>
          <Porc_Votos_Validos V="041,81"/>
          <Votos_No_Marcados V="3599"/>
          <Porc_Votos_No_Marcados V="031,77"/>
          <Votos_Nulos V="2991"/>
          <Porc_Votos_Nulos V="026,40"/>
        </lin>
        <lin>
          <Pregunta V="002"/>
          <Total_Sufragantes V="11326"/>
          <Porc_Sufragantes V="100,00"/>
          <Abstencion V="0"/>
          <Porc_Abstencion V="000,00"/>
          <Votos_Validos V="5107"/>
          <Porc_Votos_Validos V="045,09"/>
          <Votos_No_Marcados V="3216"/>
          <Porc_Votos_No_Marcados V="028,39"/>
          <Votos_Nulos V="3003"/>
          <Porc_Votos_Nulos V="026,51"/>
        </lin>
        <lin>
          <Pregunta V="003"/>
          <Total_Sufragantes V="11326"/>
          <Porc_Sufragantes V="100,00"/>
          <Abstencion V="0"/>
          <Porc_Abstencion V="000,00"/>
          <Votos_Validos V="5494"/>
          <Porc_Votos_Validos V="048,50"/>
          <Votos_No_Marcados V="3060"/>
          <Porc_Votos_No_Marcados V="027,01"/>
          <Votos_Nulos V="2772"/>
          <Porc_Votos_Nulos V="024,47"/>
        </lin>
        <lin>
          <Pregunta V="004"/>
          <Total_Sufragantes V="11326"/>
          <Porc_Sufragantes V="100,00"/>
          <Abstencion V="0"/>
          <Porc_Abstencion V="000,00"/>
          <Votos_Validos V="5522"/>
          <Porc_Votos_Validos V="048,75"/>
          <Votos_No_Marcados V="3171"/>
          <Porc_Votos_No_Marcados V="027,99"/>
          <Votos_Nulos V="2633"/>
          <Porc_Votos_Nulos V="023,24"/>
        </lin>
        <lin>
          <Pregunta V="005"/>
          <Total_Sufragantes V="11326"/>
          <Porc_Sufragantes V="100,00"/>
          <Abstencion V="0"/>
          <Porc_Abstencion V="000,00"/>
          <Votos_Validos V="5739"/>
          <Porc_Votos_Validos V="050,67"/>
          <Votos_No_Marcados V="2950"/>
          <Porc_Votos_No_Marcados V="026,04"/>
          <Votos_Nulos V="2637"/>
          <Porc_Votos_Nulos V="023,28"/>
        </lin>
        <lin>
          <Pregunta V="006"/>
          <Total_Sufragantes V="11326"/>
          <Porc_Sufragantes V="100,00"/>
          <Abstencion V="0"/>
          <Porc_Abstencion V="000,00"/>
          <Votos_Validos V="5173"/>
          <Porc_Votos_Validos V="045,67"/>
          <Votos_No_Marcados V="2807"/>
          <Porc_Votos_No_Marcados V="024,78"/>
          <Votos_Nulos V="3346"/>
          <Porc_Votos_Nulos V="029,54"/>
        </lin>
        <lin>
          <Pregunta V="007"/>
          <Total_Sufragantes V="11326"/>
          <Porc_Sufragantes V="100,00"/>
          <Abstencion V="0"/>
          <Porc_Abstencion V="000,00"/>
          <Votos_Validos V="6036"/>
          <Porc_Votos_Validos V="053,29"/>
          <Votos_No_Marcados V="2531"/>
          <Porc_Votos_No_Marcados V="022,34"/>
          <Votos_Nulos V="2759"/>
          <Porc_Votos_Nulos V="024,35"/>
        </lin>
      </Detalle_Pregunta>
      <Detalle_Opcion>
        <lin>
          <Opcion V="001"/>
          <Votos V="2366"/>
          <Porc V="049,95"/>
          <Pregunta V="001"/>
        </lin>
        <lin>
          <Opcion V="002"/>
          <Votos V="2370"/>
          <Porc V="050,04"/>
          <Pregunta V="001"/>
        </lin>
        <lin>
          <Opcion V="001"/>
          <Votos V="2299"/>
          <Porc V="045,01"/>
          <Pregunta V="002"/>
        </lin>
        <lin>
          <Opcion V="002"/>
          <Votos V="2808"/>
          <Porc V="054,98"/>
          <Pregunta V="002"/>
        </lin>
        <lin>
          <Opcion V="001"/>
          <Votos V="2641"/>
          <Porc V="048,07"/>
          <Pregunta V="003"/>
        </lin>
        <lin>
          <Opcion V="002"/>
          <Votos V="2853"/>
          <Porc V="051,92"/>
          <Pregunta V="003"/>
        </lin>
        <lin>
          <Opcion V="001"/>
          <Votos V="2440"/>
          <Porc V="044,18"/>
          <Pregunta V="004"/>
        </lin>
        <lin>
          <Opcion V="002"/>
          <Votos V="3082"/>
          <Porc V="055,81"/>
          <Pregunta V="004"/>
        </lin>
        <lin>
          <Opcion V="001"/>
          <Votos V="2507"/>
          <Porc V="043,68"/>
          <Pregunta V="005"/>
        </lin>
        <lin>
          <Opcion V="002"/>
          <Votos V="3232"/>
          <Porc V="056,31"/>
          <Pregunta V="005"/>
        </lin>
        <lin>
          <Opcion V="001"/>
          <Votos V="2505"/>
          <Porc V="048,42"/>
          <Pregunta V="006"/>
        </lin>
        <lin>
          <Opcion V="002"/>
          <Votos V="2668"/>
          <Porc V="051,57"/>
          <Pregunta V="006"/>
        </lin>
        <lin>
          <Opcion V="001"/>
          <Votos V="3051"/>
          <Porc V="050,54"/>
          <Pregunta V="007"/>
        </lin>
        <lin>
          <Opcion V="002"/>
          <Votos V="2985"/>
          <Porc V="049,45"/>
          <Pregunta V="007"/>
        </lin>
      </Detalle_Opcion>
    </lin>
  </Detalle_Circunscripcion>
</Boletin>
</Boletin_Consolidado>