<Boletin_Consolidado><Boletin>
  <Numero V="0008"/>
  <Boletin_Departamental V="0012"/>
  <Tipo_Boletin V="DEPARTAMENTAL"/>
  <Desc_Corporacion V="CONSULTA POPULAR"/>
  <Departamento V="01"/>
  <Desc_Departamento V="ANTIOQUIA"/>
  <Municipio V="291"/>
  <Desc_Municipio V="VIGIA DEL FUERTE"/>
  <Dia V="21"/>
  <Mes V="8"/>
  <Anio V="2018"/>
  <Hora V="14"/>
  <Minuto V="15"/>
  <Mesas_Instaladas V="20"/>
  <Mesas_Informadas V="20"/>
  <Porc_Mesas_Informadas V="100,00"/>
  <Potencial_Sufragantes V="6085"/>
  <Detalle_Circunscripcion>
    <lin>
      <Circunscripcion V="0"/>
      <Desc_Circunscripcion V="NACIONAL"/>
      <Detalle_Pregunta>
        <lin>
          <Pregunta V="001"/>
          <Total_Sufragantes V="6085"/>
          <Porc_Sufragantes V="100,00"/>
          <Abstencion V="0"/>
          <Porc_Abstencion V="000,00"/>
          <Votos_Validos V="3344"/>
          <Porc_Votos_Validos V="054,95"/>
          <Votos_No_Marcados V="1323"/>
          <Porc_Votos_No_Marcados V="021,74"/>
          <Votos_Nulos V="1418"/>
          <Porc_Votos_Nulos V="023,30"/>
        </lin>
        <lin>
          <Pregunta V="002"/>
          <Total_Sufragantes V="6085"/>
          <Porc_Sufragantes V="100,00"/>
          <Abstencion V="0"/>
          <Porc_Abstencion V="000,00"/>
          <Votos_Validos V="2716"/>
          <Porc_Votos_Validos V="044,63"/>
          <Votos_No_Marcados V="1186"/>
          <Porc_Votos_No_Marcados V="019,49"/>
          <Votos_Nulos V="2183"/>
          <Porc_Votos_Nulos V="035,87"/>
        </lin>
        <lin>
          <Pregunta V="003"/>
          <Total_Sufragantes V="6085"/>
          <Porc_Sufragantes V="100,00"/>
          <Abstencion V="0"/>
          <Porc_Abstencion V="000,00"/>
          <Votos_Validos V="3129"/>
          <Porc_Votos_Validos V="051,42"/>
          <Votos_No_Marcados V="1495"/>
          <Porc_Votos_No_Marcados V="024,56"/>
          <Votos_Nulos V="1461"/>
          <Porc_Votos_Nulos V="024,00"/>
        </lin>
        <lin>
          <Pregunta V="004"/>
          <Total_Sufragantes V="6085"/>
          <Porc_Sufragantes V="100,00"/>
          <Abstencion V="0"/>
          <Porc_Abstencion V="000,00"/>
          <Votos_Validos V="3268"/>
          <Porc_Votos_Validos V="053,70"/>
          <Votos_No_Marcados V="1200"/>
          <Porc_Votos_No_Marcados V="019,72"/>
          <Votos_Nulos V="1617"/>
          <Porc_Votos_Nulos V="026,57"/>
        </lin>
        <lin>
          <Pregunta V="005"/>
          <Total_Sufragantes V="6085"/>
          <Porc_Sufragantes V="100,00"/>
          <Abstencion V="0"/>
          <Porc_Abstencion V="000,00"/>
          <Votos_Validos V="3406"/>
          <Porc_Votos_Validos V="055,97"/>
          <Votos_No_Marcados V="1226"/>
          <Porc_Votos_No_Marcados V="020,14"/>
          <Votos_Nulos V="1453"/>
          <Porc_Votos_Nulos V="023,87"/>
        </lin>
        <lin>
          <Pregunta V="006"/>
          <Total_Sufragantes V="6085"/>
          <Porc_Sufragantes V="100,00"/>
          <Abstencion V="0"/>
          <Porc_Abstencion V="000,00"/>
          <Votos_Validos V="2811"/>
          <Porc_Votos_Validos V="046,19"/>
          <Votos_No_Marcados V="1590"/>
          <Porc_Votos_No_Marcados V="026,12"/>
          <Votos_Nulos V="1684"/>
          <Porc_Votos_Nulos V="027,67"/>
        </lin>
        <lin>
          <Pregunta V="007"/>
          <Total_Sufragantes V="6085"/>
          <Porc_Sufragantes V="100,00"/>
          <Abstencion V="0"/>
          <Porc_Abstencion V="000,00"/>
          <Votos_Validos V="3023"/>
          <Porc_Votos_Validos V="049,67"/>
          <Votos_No_Marcados V="1749"/>
          <Porc_Votos_No_Marcados V="028,74"/>
          <Votos_Nulos V="1313"/>
          <Porc_Votos_Nulos V="021,57"/>
        </lin>
      </Detalle_Pregunta>
      <Detalle_Opcion>
        <lin>
          <Opcion V="001"/>
          <Votos V="1474"/>
          <Porc V="044,07"/>
          <Pregunta V="001"/>
        </lin>
        <lin>
          <Opcion V="002"/>
          <Votos V="1870"/>
          <Porc V="055,92"/>
          <Pregunta V="001"/>
        </lin>
        <lin>
          <Opcion V="001"/>
          <Votos V="1219"/>
          <Porc V="044,88"/>
          <Pregunta V="002"/>
        </lin>
        <lin>
          <Opcion V="002"/>
          <Votos V="1497"/>
          <Porc V="055,11"/>
          <Pregunta V="002"/>
        </lin>
        <lin>
          <Opcion V="001"/>
          <Votos V="1666"/>
          <Porc V="053,24"/>
          <Pregunta V="003"/>
        </lin>
        <lin>
          <Opcion V="002"/>
          <Votos V="1463"/>
          <Porc V="046,75"/>
          <Pregunta V="003"/>
        </lin>
        <lin>
          <Opcion V="001"/>
          <Votos V="2053"/>
          <Porc V="062,82"/>
          <Pregunta V="004"/>
        </lin>
        <lin>
          <Opcion V="002"/>
          <Votos V="1215"/>
          <Porc V="037,17"/>
          <Pregunta V="004"/>
        </lin>
        <lin>
          <Opcion V="001"/>
          <Votos V="1503"/>
          <Porc V="044,12"/>
          <Pregunta V="005"/>
        </lin>
        <lin>
          <Opcion V="002"/>
          <Votos V="1903"/>
          <Porc V="055,87"/>
          <Pregunta V="005"/>
        </lin>
        <lin>
          <Opcion V="001"/>
          <Votos V="1541"/>
          <Porc V="054,82"/>
          <Pregunta V="006"/>
        </lin>
        <lin>
          <Opcion V="002"/>
          <Votos V="1270"/>
          <Porc V="045,17"/>
          <Pregunta V="006"/>
        </lin>
        <lin>
          <Opcion V="001"/>
          <Votos V="1673"/>
          <Porc V="055,34"/>
          <Pregunta V="007"/>
        </lin>
        <lin>
          <Opcion V="002"/>
          <Votos V="1350"/>
          <Porc V="044,65"/>
          <Pregunta V="007"/>
        </lin>
      </Detalle_Opcion>
    </lin>
  </Detalle_Circunscripcion>
</Boletin>
</Boletin_Consolidado>