<Boletin_Consolidado><Boletin>
  <Numero V="0008"/>
  <Boletin_Departamental V="0012"/>
  <Tipo_Boletin V="DEPARTAMENTAL"/>
  <Desc_Corporacion V="CONSULTA POPULAR"/>
  <Departamento V="13"/>
  <Desc_Departamento V="CORDOBA"/>
  <Municipio V="016"/>
  <Desc_Municipio V="CHIMA"/>
  <Dia V="21"/>
  <Mes V="8"/>
  <Anio V="2018"/>
  <Hora V="14"/>
  <Minuto V="15"/>
  <Mesas_Instaladas V="37"/>
  <Mesas_Informadas V="37"/>
  <Porc_Mesas_Informadas V="100,00"/>
  <Potencial_Sufragantes V="13161"/>
  <Detalle_Circunscripcion>
    <lin>
      <Circunscripcion V="0"/>
      <Desc_Circunscripcion V="NACIONAL"/>
      <Detalle_Pregunta>
        <lin>
          <Pregunta V="001"/>
          <Total_Sufragantes V="13161"/>
          <Porc_Sufragantes V="100,00"/>
          <Abstencion V="0"/>
          <Porc_Abstencion V="000,00"/>
          <Votos_Validos V="7031"/>
          <Porc_Votos_Validos V="053,42"/>
          <Votos_No_Marcados V="2883"/>
          <Porc_Votos_No_Marcados V="021,90"/>
          <Votos_Nulos V="3247"/>
          <Porc_Votos_Nulos V="024,67"/>
        </lin>
        <lin>
          <Pregunta V="002"/>
          <Total_Sufragantes V="13161"/>
          <Porc_Sufragantes V="100,00"/>
          <Abstencion V="0"/>
          <Porc_Abstencion V="000,00"/>
          <Votos_Validos V="6039"/>
          <Porc_Votos_Validos V="045,88"/>
          <Votos_No_Marcados V="3504"/>
          <Porc_Votos_No_Marcados V="026,62"/>
          <Votos_Nulos V="3618"/>
          <Porc_Votos_Nulos V="027,49"/>
        </lin>
        <lin>
          <Pregunta V="003"/>
          <Total_Sufragantes V="13161"/>
          <Porc_Sufragantes V="100,00"/>
          <Abstencion V="0"/>
          <Porc_Abstencion V="000,00"/>
          <Votos_Validos V="6360"/>
          <Porc_Votos_Validos V="048,32"/>
          <Votos_No_Marcados V="3062"/>
          <Porc_Votos_No_Marcados V="023,26"/>
          <Votos_Nulos V="3739"/>
          <Porc_Votos_Nulos V="028,40"/>
        </lin>
        <lin>
          <Pregunta V="004"/>
          <Total_Sufragantes V="13161"/>
          <Porc_Sufragantes V="100,00"/>
          <Abstencion V="0"/>
          <Porc_Abstencion V="000,00"/>
          <Votos_Validos V="6019"/>
          <Porc_Votos_Validos V="045,73"/>
          <Votos_No_Marcados V="3516"/>
          <Porc_Votos_No_Marcados V="026,71"/>
          <Votos_Nulos V="3626"/>
          <Porc_Votos_Nulos V="027,55"/>
        </lin>
        <lin>
          <Pregunta V="005"/>
          <Total_Sufragantes V="13161"/>
          <Porc_Sufragantes V="100,00"/>
          <Abstencion V="0"/>
          <Porc_Abstencion V="000,00"/>
          <Votos_Validos V="6669"/>
          <Porc_Votos_Validos V="050,67"/>
          <Votos_No_Marcados V="3669"/>
          <Porc_Votos_No_Marcados V="027,87"/>
          <Votos_Nulos V="2823"/>
          <Porc_Votos_Nulos V="021,44"/>
        </lin>
        <lin>
          <Pregunta V="006"/>
          <Total_Sufragantes V="13161"/>
          <Porc_Sufragantes V="100,00"/>
          <Abstencion V="0"/>
          <Porc_Abstencion V="000,00"/>
          <Votos_Validos V="6781"/>
          <Porc_Votos_Validos V="051,52"/>
          <Votos_No_Marcados V="3291"/>
          <Porc_Votos_No_Marcados V="025,00"/>
          <Votos_Nulos V="3089"/>
          <Porc_Votos_Nulos V="023,47"/>
        </lin>
        <lin>
          <Pregunta V="007"/>
          <Total_Sufragantes V="13161"/>
          <Porc_Sufragantes V="100,00"/>
          <Abstencion V="0"/>
          <Porc_Abstencion V="000,00"/>
          <Votos_Validos V="7116"/>
          <Porc_Votos_Validos V="054,06"/>
          <Votos_No_Marcados V="2576"/>
          <Porc_Votos_No_Marcados V="019,57"/>
          <Votos_Nulos V="3469"/>
          <Porc_Votos_Nulos V="026,35"/>
        </lin>
      </Detalle_Pregunta>
      <Detalle_Opcion>
        <lin>
          <Opcion V="001"/>
          <Votos V="3199"/>
          <Porc V="045,49"/>
          <Pregunta V="001"/>
        </lin>
        <lin>
          <Opcion V="002"/>
          <Votos V="3832"/>
          <Porc V="054,50"/>
          <Pregunta V="001"/>
        </lin>
        <lin>
          <Opcion V="001"/>
          <Votos V="3348"/>
          <Porc V="055,43"/>
          <Pregunta V="002"/>
        </lin>
        <lin>
          <Opcion V="002"/>
          <Votos V="2691"/>
          <Porc V="044,56"/>
          <Pregunta V="002"/>
        </lin>
        <lin>
          <Opcion V="001"/>
          <Votos V="3587"/>
          <Porc V="056,39"/>
          <Pregunta V="003"/>
        </lin>
        <lin>
          <Opcion V="002"/>
          <Votos V="2773"/>
          <Porc V="043,60"/>
          <Pregunta V="003"/>
        </lin>
        <lin>
          <Opcion V="001"/>
          <Votos V="3017"/>
          <Porc V="050,12"/>
          <Pregunta V="004"/>
        </lin>
        <lin>
          <Opcion V="002"/>
          <Votos V="3002"/>
          <Porc V="049,87"/>
          <Pregunta V="004"/>
        </lin>
        <lin>
          <Opcion V="001"/>
          <Votos V="3350"/>
          <Porc V="050,23"/>
          <Pregunta V="005"/>
        </lin>
        <lin>
          <Opcion V="002"/>
          <Votos V="3319"/>
          <Porc V="049,76"/>
          <Pregunta V="005"/>
        </lin>
        <lin>
          <Opcion V="001"/>
          <Votos V="3437"/>
          <Porc V="050,68"/>
          <Pregunta V="006"/>
        </lin>
        <lin>
          <Opcion V="002"/>
          <Votos V="3344"/>
          <Porc V="049,31"/>
          <Pregunta V="006"/>
        </lin>
        <lin>
          <Opcion V="001"/>
          <Votos V="2797"/>
          <Porc V="039,30"/>
          <Pregunta V="007"/>
        </lin>
        <lin>
          <Opcion V="002"/>
          <Votos V="4319"/>
          <Porc V="060,69"/>
          <Pregunta V="007"/>
        </lin>
      </Detalle_Opcion>
    </lin>
  </Detalle_Circunscripcion>
</Boletin>
</Boletin_Consolidado>