<Boletin_Consolidado><Boletin>
  <Numero V="0008"/>
  <Boletin_Departamental V="0012"/>
  <Tipo_Boletin V="DEPARTAMENTAL"/>
  <Desc_Corporacion V="CONSULTA POPULAR"/>
  <Departamento V="13"/>
  <Desc_Departamento V="CORDOBA"/>
  <Municipio V="034"/>
  <Desc_Municipio V="PURISIMA"/>
  <Dia V="21"/>
  <Mes V="8"/>
  <Anio V="2018"/>
  <Hora V="14"/>
  <Minuto V="15"/>
  <Mesas_Instaladas V="39"/>
  <Mesas_Informadas V="39"/>
  <Porc_Mesas_Informadas V="100,00"/>
  <Potencial_Sufragantes V="13747"/>
  <Detalle_Circunscripcion>
    <lin>
      <Circunscripcion V="0"/>
      <Desc_Circunscripcion V="NACIONAL"/>
      <Detalle_Pregunta>
        <lin>
          <Pregunta V="001"/>
          <Total_Sufragantes V="13747"/>
          <Porc_Sufragantes V="100,00"/>
          <Abstencion V="0"/>
          <Porc_Abstencion V="000,00"/>
          <Votos_Validos V="7158"/>
          <Porc_Votos_Validos V="052,06"/>
          <Votos_No_Marcados V="2851"/>
          <Porc_Votos_No_Marcados V="020,73"/>
          <Votos_Nulos V="3738"/>
          <Porc_Votos_Nulos V="027,19"/>
        </lin>
        <lin>
          <Pregunta V="002"/>
          <Total_Sufragantes V="13747"/>
          <Porc_Sufragantes V="100,00"/>
          <Abstencion V="0"/>
          <Porc_Abstencion V="000,00"/>
          <Votos_Validos V="6636"/>
          <Porc_Votos_Validos V="048,27"/>
          <Votos_No_Marcados V="3623"/>
          <Porc_Votos_No_Marcados V="026,35"/>
          <Votos_Nulos V="3488"/>
          <Porc_Votos_Nulos V="025,37"/>
        </lin>
        <lin>
          <Pregunta V="003"/>
          <Total_Sufragantes V="13747"/>
          <Porc_Sufragantes V="100,00"/>
          <Abstencion V="0"/>
          <Porc_Abstencion V="000,00"/>
          <Votos_Validos V="7596"/>
          <Porc_Votos_Validos V="055,25"/>
          <Votos_No_Marcados V="2363"/>
          <Porc_Votos_No_Marcados V="017,18"/>
          <Votos_Nulos V="3788"/>
          <Porc_Votos_Nulos V="027,55"/>
        </lin>
        <lin>
          <Pregunta V="004"/>
          <Total_Sufragantes V="13747"/>
          <Porc_Sufragantes V="100,00"/>
          <Abstencion V="0"/>
          <Porc_Abstencion V="000,00"/>
          <Votos_Validos V="7118"/>
          <Porc_Votos_Validos V="051,77"/>
          <Votos_No_Marcados V="2929"/>
          <Porc_Votos_No_Marcados V="021,30"/>
          <Votos_Nulos V="3700"/>
          <Porc_Votos_Nulos V="026,91"/>
        </lin>
        <lin>
          <Pregunta V="005"/>
          <Total_Sufragantes V="13747"/>
          <Porc_Sufragantes V="100,00"/>
          <Abstencion V="0"/>
          <Porc_Abstencion V="000,00"/>
          <Votos_Validos V="7141"/>
          <Porc_Votos_Validos V="051,94"/>
          <Votos_No_Marcados V="3193"/>
          <Porc_Votos_No_Marcados V="023,22"/>
          <Votos_Nulos V="3413"/>
          <Porc_Votos_Nulos V="024,82"/>
        </lin>
        <lin>
          <Pregunta V="006"/>
          <Total_Sufragantes V="13747"/>
          <Porc_Sufragantes V="100,00"/>
          <Abstencion V="0"/>
          <Porc_Abstencion V="000,00"/>
          <Votos_Validos V="6518"/>
          <Porc_Votos_Validos V="047,41"/>
          <Votos_No_Marcados V="3884"/>
          <Porc_Votos_No_Marcados V="028,25"/>
          <Votos_Nulos V="3345"/>
          <Porc_Votos_Nulos V="024,33"/>
        </lin>
        <lin>
          <Pregunta V="007"/>
          <Total_Sufragantes V="13747"/>
          <Porc_Sufragantes V="100,00"/>
          <Abstencion V="0"/>
          <Porc_Abstencion V="000,00"/>
          <Votos_Validos V="6798"/>
          <Porc_Votos_Validos V="049,45"/>
          <Votos_No_Marcados V="3453"/>
          <Porc_Votos_No_Marcados V="025,11"/>
          <Votos_Nulos V="3496"/>
          <Porc_Votos_Nulos V="025,43"/>
        </lin>
      </Detalle_Pregunta>
      <Detalle_Opcion>
        <lin>
          <Opcion V="001"/>
          <Votos V="3083"/>
          <Porc V="043,07"/>
          <Pregunta V="001"/>
        </lin>
        <lin>
          <Opcion V="002"/>
          <Votos V="4075"/>
          <Porc V="056,92"/>
          <Pregunta V="001"/>
        </lin>
        <lin>
          <Opcion V="001"/>
          <Votos V="3353"/>
          <Porc V="050,52"/>
          <Pregunta V="002"/>
        </lin>
        <lin>
          <Opcion V="002"/>
          <Votos V="3283"/>
          <Porc V="049,47"/>
          <Pregunta V="002"/>
        </lin>
        <lin>
          <Opcion V="001"/>
          <Votos V="3610"/>
          <Porc V="047,52"/>
          <Pregunta V="003"/>
        </lin>
        <lin>
          <Opcion V="002"/>
          <Votos V="3986"/>
          <Porc V="052,47"/>
          <Pregunta V="003"/>
        </lin>
        <lin>
          <Opcion V="001"/>
          <Votos V="3828"/>
          <Porc V="053,77"/>
          <Pregunta V="004"/>
        </lin>
        <lin>
          <Opcion V="002"/>
          <Votos V="3290"/>
          <Porc V="046,22"/>
          <Pregunta V="004"/>
        </lin>
        <lin>
          <Opcion V="001"/>
          <Votos V="3574"/>
          <Porc V="050,04"/>
          <Pregunta V="005"/>
        </lin>
        <lin>
          <Opcion V="002"/>
          <Votos V="3567"/>
          <Porc V="049,95"/>
          <Pregunta V="005"/>
        </lin>
        <lin>
          <Opcion V="001"/>
          <Votos V="3019"/>
          <Porc V="046,31"/>
          <Pregunta V="006"/>
        </lin>
        <lin>
          <Opcion V="002"/>
          <Votos V="3499"/>
          <Porc V="053,68"/>
          <Pregunta V="006"/>
        </lin>
        <lin>
          <Opcion V="001"/>
          <Votos V="3172"/>
          <Porc V="046,66"/>
          <Pregunta V="007"/>
        </lin>
        <lin>
          <Opcion V="002"/>
          <Votos V="3626"/>
          <Porc V="053,33"/>
          <Pregunta V="007"/>
        </lin>
      </Detalle_Opcion>
    </lin>
  </Detalle_Circunscripcion>
</Boletin>
</Boletin_Consolidado>