<Boletin_Consolidado><Boletin>
  <Numero V="0008"/>
  <Boletin_Departamental V="0012"/>
  <Tipo_Boletin V="DEPARTAMENTAL"/>
  <Desc_Corporacion V="CONSULTA POPULAR"/>
  <Departamento V="15"/>
  <Desc_Departamento V="CUNDINAMARCA"/>
  <Municipio V="025"/>
  <Desc_Municipio V="BOJACA"/>
  <Dia V="21"/>
  <Mes V="8"/>
  <Anio V="2018"/>
  <Hora V="14"/>
  <Minuto V="15"/>
  <Mesas_Instaladas V="17"/>
  <Mesas_Informadas V="17"/>
  <Porc_Mesas_Informadas V="100,00"/>
  <Potencial_Sufragantes V="6273"/>
  <Detalle_Circunscripcion>
    <lin>
      <Circunscripcion V="0"/>
      <Desc_Circunscripcion V="NACIONAL"/>
      <Detalle_Pregunta>
        <lin>
          <Pregunta V="001"/>
          <Total_Sufragantes V="6273"/>
          <Porc_Sufragantes V="100,00"/>
          <Abstencion V="0"/>
          <Porc_Abstencion V="000,00"/>
          <Votos_Validos V="2904"/>
          <Porc_Votos_Validos V="046,29"/>
          <Votos_No_Marcados V="1701"/>
          <Porc_Votos_No_Marcados V="027,11"/>
          <Votos_Nulos V="1668"/>
          <Porc_Votos_Nulos V="026,59"/>
        </lin>
        <lin>
          <Pregunta V="002"/>
          <Total_Sufragantes V="6273"/>
          <Porc_Sufragantes V="100,00"/>
          <Abstencion V="0"/>
          <Porc_Abstencion V="000,00"/>
          <Votos_Validos V="3120"/>
          <Porc_Votos_Validos V="049,73"/>
          <Votos_No_Marcados V="1640"/>
          <Porc_Votos_No_Marcados V="026,14"/>
          <Votos_Nulos V="1513"/>
          <Porc_Votos_Nulos V="024,11"/>
        </lin>
        <lin>
          <Pregunta V="003"/>
          <Total_Sufragantes V="6273"/>
          <Porc_Sufragantes V="100,00"/>
          <Abstencion V="0"/>
          <Porc_Abstencion V="000,00"/>
          <Votos_Validos V="3110"/>
          <Porc_Votos_Validos V="049,57"/>
          <Votos_No_Marcados V="1833"/>
          <Porc_Votos_No_Marcados V="029,22"/>
          <Votos_Nulos V="1330"/>
          <Porc_Votos_Nulos V="021,20"/>
        </lin>
        <lin>
          <Pregunta V="004"/>
          <Total_Sufragantes V="6273"/>
          <Porc_Sufragantes V="100,00"/>
          <Abstencion V="0"/>
          <Porc_Abstencion V="000,00"/>
          <Votos_Validos V="3312"/>
          <Porc_Votos_Validos V="052,79"/>
          <Votos_No_Marcados V="1701"/>
          <Porc_Votos_No_Marcados V="027,11"/>
          <Votos_Nulos V="1260"/>
          <Porc_Votos_Nulos V="020,08"/>
        </lin>
        <lin>
          <Pregunta V="005"/>
          <Total_Sufragantes V="6273"/>
          <Porc_Sufragantes V="100,00"/>
          <Abstencion V="0"/>
          <Porc_Abstencion V="000,00"/>
          <Votos_Validos V="3194"/>
          <Porc_Votos_Validos V="050,91"/>
          <Votos_No_Marcados V="1691"/>
          <Porc_Votos_No_Marcados V="026,95"/>
          <Votos_Nulos V="1388"/>
          <Porc_Votos_Nulos V="022,12"/>
        </lin>
        <lin>
          <Pregunta V="006"/>
          <Total_Sufragantes V="6273"/>
          <Porc_Sufragantes V="100,00"/>
          <Abstencion V="0"/>
          <Porc_Abstencion V="000,00"/>
          <Votos_Validos V="3282"/>
          <Porc_Votos_Validos V="052,31"/>
          <Votos_No_Marcados V="1536"/>
          <Porc_Votos_No_Marcados V="024,48"/>
          <Votos_Nulos V="1455"/>
          <Porc_Votos_Nulos V="023,19"/>
        </lin>
        <lin>
          <Pregunta V="007"/>
          <Total_Sufragantes V="6273"/>
          <Porc_Sufragantes V="100,00"/>
          <Abstencion V="0"/>
          <Porc_Abstencion V="000,00"/>
          <Votos_Validos V="3538"/>
          <Porc_Votos_Validos V="056,40"/>
          <Votos_No_Marcados V="1728"/>
          <Porc_Votos_No_Marcados V="027,54"/>
          <Votos_Nulos V="1007"/>
          <Porc_Votos_Nulos V="016,05"/>
        </lin>
      </Detalle_Pregunta>
      <Detalle_Opcion>
        <lin>
          <Opcion V="001"/>
          <Votos V="1411"/>
          <Porc V="048,58"/>
          <Pregunta V="001"/>
        </lin>
        <lin>
          <Opcion V="002"/>
          <Votos V="1493"/>
          <Porc V="051,41"/>
          <Pregunta V="001"/>
        </lin>
        <lin>
          <Opcion V="001"/>
          <Votos V="1552"/>
          <Porc V="049,74"/>
          <Pregunta V="002"/>
        </lin>
        <lin>
          <Opcion V="002"/>
          <Votos V="1568"/>
          <Porc V="050,25"/>
          <Pregunta V="002"/>
        </lin>
        <lin>
          <Opcion V="001"/>
          <Votos V="1773"/>
          <Porc V="057,00"/>
          <Pregunta V="003"/>
        </lin>
        <lin>
          <Opcion V="002"/>
          <Votos V="1337"/>
          <Porc V="042,99"/>
          <Pregunta V="003"/>
        </lin>
        <lin>
          <Opcion V="001"/>
          <Votos V="1472"/>
          <Porc V="044,44"/>
          <Pregunta V="004"/>
        </lin>
        <lin>
          <Opcion V="002"/>
          <Votos V="1840"/>
          <Porc V="055,55"/>
          <Pregunta V="004"/>
        </lin>
        <lin>
          <Opcion V="001"/>
          <Votos V="1550"/>
          <Porc V="048,52"/>
          <Pregunta V="005"/>
        </lin>
        <lin>
          <Opcion V="002"/>
          <Votos V="1644"/>
          <Porc V="051,47"/>
          <Pregunta V="005"/>
        </lin>
        <lin>
          <Opcion V="001"/>
          <Votos V="1559"/>
          <Porc V="047,50"/>
          <Pregunta V="006"/>
        </lin>
        <lin>
          <Opcion V="002"/>
          <Votos V="1723"/>
          <Porc V="052,49"/>
          <Pregunta V="006"/>
        </lin>
        <lin>
          <Opcion V="001"/>
          <Votos V="1589"/>
          <Porc V="044,91"/>
          <Pregunta V="007"/>
        </lin>
        <lin>
          <Opcion V="002"/>
          <Votos V="1949"/>
          <Porc V="055,08"/>
          <Pregunta V="007"/>
        </lin>
      </Detalle_Opcion>
    </lin>
  </Detalle_Circunscripcion>
</Boletin>
</Boletin_Consolidado>