<Boletin_Consolidado><Boletin>
  <Numero V="0008"/>
  <Boletin_Departamental V="0012"/>
  <Tipo_Boletin V="DEPARTAMENTAL"/>
  <Desc_Corporacion V="CONSULTA POPULAR"/>
  <Departamento V="01"/>
  <Desc_Departamento V="ANTIOQUIA"/>
  <Municipio V="106"/>
  <Desc_Municipio V="CHIGORODO"/>
  <Dia V="21"/>
  <Mes V="8"/>
  <Anio V="2018"/>
  <Hora V="14"/>
  <Minuto V="15"/>
  <Mesas_Instaladas V="106"/>
  <Mesas_Informadas V="106"/>
  <Porc_Mesas_Informadas V="100,00"/>
  <Potencial_Sufragantes V="46365"/>
  <Detalle_Circunscripcion>
    <lin>
      <Circunscripcion V="0"/>
      <Desc_Circunscripcion V="NACIONAL"/>
      <Detalle_Pregunta>
        <lin>
          <Pregunta V="001"/>
          <Total_Sufragantes V="46365"/>
          <Porc_Sufragantes V="100,00"/>
          <Abstencion V="0"/>
          <Porc_Abstencion V="000,00"/>
          <Votos_Validos V="24617"/>
          <Porc_Votos_Validos V="053,09"/>
          <Votos_No_Marcados V="10352"/>
          <Porc_Votos_No_Marcados V="022,32"/>
          <Votos_Nulos V="11396"/>
          <Porc_Votos_Nulos V="024,57"/>
        </lin>
        <lin>
          <Pregunta V="002"/>
          <Total_Sufragantes V="46365"/>
          <Porc_Sufragantes V="100,00"/>
          <Abstencion V="0"/>
          <Porc_Abstencion V="000,00"/>
          <Votos_Validos V="23186"/>
          <Porc_Votos_Validos V="050,00"/>
          <Votos_No_Marcados V="11524"/>
          <Porc_Votos_No_Marcados V="024,85"/>
          <Votos_Nulos V="11655"/>
          <Porc_Votos_Nulos V="025,13"/>
        </lin>
        <lin>
          <Pregunta V="003"/>
          <Total_Sufragantes V="46365"/>
          <Porc_Sufragantes V="100,00"/>
          <Abstencion V="0"/>
          <Porc_Abstencion V="000,00"/>
          <Votos_Validos V="21961"/>
          <Porc_Votos_Validos V="047,36"/>
          <Votos_No_Marcados V="11806"/>
          <Porc_Votos_No_Marcados V="025,46"/>
          <Votos_Nulos V="12598"/>
          <Porc_Votos_Nulos V="027,17"/>
        </lin>
        <lin>
          <Pregunta V="004"/>
          <Total_Sufragantes V="46365"/>
          <Porc_Sufragantes V="100,00"/>
          <Abstencion V="0"/>
          <Porc_Abstencion V="000,00"/>
          <Votos_Validos V="23737"/>
          <Porc_Votos_Validos V="051,19"/>
          <Votos_No_Marcados V="12107"/>
          <Porc_Votos_No_Marcados V="026,11"/>
          <Votos_Nulos V="10521"/>
          <Porc_Votos_Nulos V="022,69"/>
        </lin>
        <lin>
          <Pregunta V="005"/>
          <Total_Sufragantes V="46365"/>
          <Porc_Sufragantes V="100,00"/>
          <Abstencion V="0"/>
          <Porc_Abstencion V="000,00"/>
          <Votos_Validos V="23568"/>
          <Porc_Votos_Validos V="050,83"/>
          <Votos_No_Marcados V="11065"/>
          <Porc_Votos_No_Marcados V="023,86"/>
          <Votos_Nulos V="11732"/>
          <Porc_Votos_Nulos V="025,30"/>
        </lin>
        <lin>
          <Pregunta V="006"/>
          <Total_Sufragantes V="46365"/>
          <Porc_Sufragantes V="100,00"/>
          <Abstencion V="0"/>
          <Porc_Abstencion V="000,00"/>
          <Votos_Validos V="22248"/>
          <Porc_Votos_Validos V="047,98"/>
          <Votos_No_Marcados V="12738"/>
          <Porc_Votos_No_Marcados V="027,47"/>
          <Votos_Nulos V="11379"/>
          <Porc_Votos_Nulos V="024,54"/>
        </lin>
        <lin>
          <Pregunta V="007"/>
          <Total_Sufragantes V="46365"/>
          <Porc_Sufragantes V="100,00"/>
          <Abstencion V="0"/>
          <Porc_Abstencion V="000,00"/>
          <Votos_Validos V="24918"/>
          <Porc_Votos_Validos V="053,74"/>
          <Votos_No_Marcados V="10640"/>
          <Porc_Votos_No_Marcados V="022,94"/>
          <Votos_Nulos V="10807"/>
          <Porc_Votos_Nulos V="023,30"/>
        </lin>
      </Detalle_Pregunta>
      <Detalle_Opcion>
        <lin>
          <Opcion V="001"/>
          <Votos V="13095"/>
          <Porc V="053,19"/>
          <Pregunta V="001"/>
        </lin>
        <lin>
          <Opcion V="002"/>
          <Votos V="11522"/>
          <Porc V="046,80"/>
          <Pregunta V="001"/>
        </lin>
        <lin>
          <Opcion V="001"/>
          <Votos V="11421"/>
          <Porc V="049,25"/>
          <Pregunta V="002"/>
        </lin>
        <lin>
          <Opcion V="002"/>
          <Votos V="11765"/>
          <Porc V="050,74"/>
          <Pregunta V="002"/>
        </lin>
        <lin>
          <Opcion V="001"/>
          <Votos V="10584"/>
          <Porc V="048,19"/>
          <Pregunta V="003"/>
        </lin>
        <lin>
          <Opcion V="002"/>
          <Votos V="11377"/>
          <Porc V="051,80"/>
          <Pregunta V="003"/>
        </lin>
        <lin>
          <Opcion V="001"/>
          <Votos V="11418"/>
          <Porc V="048,10"/>
          <Pregunta V="004"/>
        </lin>
        <lin>
          <Opcion V="002"/>
          <Votos V="12319"/>
          <Porc V="051,89"/>
          <Pregunta V="004"/>
        </lin>
        <lin>
          <Opcion V="001"/>
          <Votos V="9903"/>
          <Porc V="042,01"/>
          <Pregunta V="005"/>
        </lin>
        <lin>
          <Opcion V="002"/>
          <Votos V="13665"/>
          <Porc V="057,98"/>
          <Pregunta V="005"/>
        </lin>
        <lin>
          <Opcion V="001"/>
          <Votos V="11837"/>
          <Porc V="053,20"/>
          <Pregunta V="006"/>
        </lin>
        <lin>
          <Opcion V="002"/>
          <Votos V="10411"/>
          <Porc V="046,79"/>
          <Pregunta V="006"/>
        </lin>
        <lin>
          <Opcion V="001"/>
          <Votos V="14377"/>
          <Porc V="057,69"/>
          <Pregunta V="007"/>
        </lin>
        <lin>
          <Opcion V="002"/>
          <Votos V="10541"/>
          <Porc V="042,30"/>
          <Pregunta V="007"/>
        </lin>
      </Detalle_Opcion>
    </lin>
  </Detalle_Circunscripcion>
</Boletin>
</Boletin_Consolidado>