<Boletin_Consolidado><Boletin>
  <Numero V="0008"/>
  <Boletin_Departamental V="0012"/>
  <Tipo_Boletin V="DEPARTAMENTAL"/>
  <Desc_Corporacion V="CONSULTA POPULAR"/>
  <Departamento V="15"/>
  <Desc_Departamento V="CUNDINAMARCA"/>
  <Municipio V="049"/>
  <Desc_Municipio V="CUCUNUBA"/>
  <Dia V="21"/>
  <Mes V="8"/>
  <Anio V="2018"/>
  <Hora V="14"/>
  <Minuto V="15"/>
  <Mesas_Instaladas V="14"/>
  <Mesas_Informadas V="14"/>
  <Porc_Mesas_Informadas V="100,00"/>
  <Potencial_Sufragantes V="4701"/>
  <Detalle_Circunscripcion>
    <lin>
      <Circunscripcion V="0"/>
      <Desc_Circunscripcion V="NACIONAL"/>
      <Detalle_Pregunta>
        <lin>
          <Pregunta V="001"/>
          <Total_Sufragantes V="4701"/>
          <Porc_Sufragantes V="100,00"/>
          <Abstencion V="0"/>
          <Porc_Abstencion V="000,00"/>
          <Votos_Validos V="2256"/>
          <Porc_Votos_Validos V="047,98"/>
          <Votos_No_Marcados V="999"/>
          <Porc_Votos_No_Marcados V="021,25"/>
          <Votos_Nulos V="1446"/>
          <Porc_Votos_Nulos V="030,75"/>
        </lin>
        <lin>
          <Pregunta V="002"/>
          <Total_Sufragantes V="4701"/>
          <Porc_Sufragantes V="100,00"/>
          <Abstencion V="0"/>
          <Porc_Abstencion V="000,00"/>
          <Votos_Validos V="2265"/>
          <Porc_Votos_Validos V="048,18"/>
          <Votos_No_Marcados V="1046"/>
          <Porc_Votos_No_Marcados V="022,25"/>
          <Votos_Nulos V="1390"/>
          <Porc_Votos_Nulos V="029,56"/>
        </lin>
        <lin>
          <Pregunta V="003"/>
          <Total_Sufragantes V="4701"/>
          <Porc_Sufragantes V="100,00"/>
          <Abstencion V="0"/>
          <Porc_Abstencion V="000,00"/>
          <Votos_Validos V="2611"/>
          <Porc_Votos_Validos V="055,54"/>
          <Votos_No_Marcados V="981"/>
          <Porc_Votos_No_Marcados V="020,86"/>
          <Votos_Nulos V="1109"/>
          <Porc_Votos_Nulos V="023,59"/>
        </lin>
        <lin>
          <Pregunta V="004"/>
          <Total_Sufragantes V="4701"/>
          <Porc_Sufragantes V="100,00"/>
          <Abstencion V="0"/>
          <Porc_Abstencion V="000,00"/>
          <Votos_Validos V="2347"/>
          <Porc_Votos_Validos V="049,92"/>
          <Votos_No_Marcados V="1489"/>
          <Porc_Votos_No_Marcados V="031,67"/>
          <Votos_Nulos V="865"/>
          <Porc_Votos_Nulos V="018,40"/>
        </lin>
        <lin>
          <Pregunta V="005"/>
          <Total_Sufragantes V="4701"/>
          <Porc_Sufragantes V="100,00"/>
          <Abstencion V="0"/>
          <Porc_Abstencion V="000,00"/>
          <Votos_Validos V="2283"/>
          <Porc_Votos_Validos V="048,56"/>
          <Votos_No_Marcados V="901"/>
          <Porc_Votos_No_Marcados V="019,16"/>
          <Votos_Nulos V="1517"/>
          <Porc_Votos_Nulos V="032,26"/>
        </lin>
        <lin>
          <Pregunta V="006"/>
          <Total_Sufragantes V="4701"/>
          <Porc_Sufragantes V="100,00"/>
          <Abstencion V="0"/>
          <Porc_Abstencion V="000,00"/>
          <Votos_Validos V="2258"/>
          <Porc_Votos_Validos V="048,03"/>
          <Votos_No_Marcados V="1021"/>
          <Porc_Votos_No_Marcados V="021,71"/>
          <Votos_Nulos V="1422"/>
          <Porc_Votos_Nulos V="030,24"/>
        </lin>
        <lin>
          <Pregunta V="007"/>
          <Total_Sufragantes V="4701"/>
          <Porc_Sufragantes V="100,00"/>
          <Abstencion V="0"/>
          <Porc_Abstencion V="000,00"/>
          <Votos_Validos V="2637"/>
          <Porc_Votos_Validos V="056,09"/>
          <Votos_No_Marcados V="988"/>
          <Porc_Votos_No_Marcados V="021,01"/>
          <Votos_Nulos V="1076"/>
          <Porc_Votos_Nulos V="022,88"/>
        </lin>
      </Detalle_Pregunta>
      <Detalle_Opcion>
        <lin>
          <Opcion V="001"/>
          <Votos V="983"/>
          <Porc V="043,57"/>
          <Pregunta V="001"/>
        </lin>
        <lin>
          <Opcion V="002"/>
          <Votos V="1273"/>
          <Porc V="056,42"/>
          <Pregunta V="001"/>
        </lin>
        <lin>
          <Opcion V="001"/>
          <Votos V="1033"/>
          <Porc V="045,60"/>
          <Pregunta V="002"/>
        </lin>
        <lin>
          <Opcion V="002"/>
          <Votos V="1232"/>
          <Porc V="054,39"/>
          <Pregunta V="002"/>
        </lin>
        <lin>
          <Opcion V="001"/>
          <Votos V="1448"/>
          <Porc V="055,45"/>
          <Pregunta V="003"/>
        </lin>
        <lin>
          <Opcion V="002"/>
          <Votos V="1163"/>
          <Porc V="044,54"/>
          <Pregunta V="003"/>
        </lin>
        <lin>
          <Opcion V="001"/>
          <Votos V="1276"/>
          <Porc V="054,36"/>
          <Pregunta V="004"/>
        </lin>
        <lin>
          <Opcion V="002"/>
          <Votos V="1071"/>
          <Porc V="045,63"/>
          <Pregunta V="004"/>
        </lin>
        <lin>
          <Opcion V="001"/>
          <Votos V="1424"/>
          <Porc V="062,37"/>
          <Pregunta V="005"/>
        </lin>
        <lin>
          <Opcion V="002"/>
          <Votos V="859"/>
          <Porc V="037,62"/>
          <Pregunta V="005"/>
        </lin>
        <lin>
          <Opcion V="001"/>
          <Votos V="1154"/>
          <Porc V="051,10"/>
          <Pregunta V="006"/>
        </lin>
        <lin>
          <Opcion V="002"/>
          <Votos V="1104"/>
          <Porc V="048,89"/>
          <Pregunta V="006"/>
        </lin>
        <lin>
          <Opcion V="001"/>
          <Votos V="1130"/>
          <Porc V="042,85"/>
          <Pregunta V="007"/>
        </lin>
        <lin>
          <Opcion V="002"/>
          <Votos V="1507"/>
          <Porc V="057,14"/>
          <Pregunta V="007"/>
        </lin>
      </Detalle_Opcion>
    </lin>
  </Detalle_Circunscripcion>
</Boletin>
</Boletin_Consolidado>