<Boletin_Consolidado><Boletin>
  <Numero V="0008"/>
  <Boletin_Departamental V="0012"/>
  <Tipo_Boletin V="DEPARTAMENTAL"/>
  <Desc_Corporacion V="CONSULTA POPULAR"/>
  <Departamento V="13"/>
  <Desc_Departamento V="CORDOBA"/>
  <Municipio V="027"/>
  <Desc_Municipio V="MOÑITOS"/>
  <Dia V="21"/>
  <Mes V="8"/>
  <Anio V="2018"/>
  <Hora V="14"/>
  <Minuto V="15"/>
  <Mesas_Instaladas V="53"/>
  <Mesas_Informadas V="53"/>
  <Porc_Mesas_Informadas V="100,00"/>
  <Potencial_Sufragantes V="18567"/>
  <Detalle_Circunscripcion>
    <lin>
      <Circunscripcion V="0"/>
      <Desc_Circunscripcion V="NACIONAL"/>
      <Detalle_Pregunta>
        <lin>
          <Pregunta V="001"/>
          <Total_Sufragantes V="18567"/>
          <Porc_Sufragantes V="100,00"/>
          <Abstencion V="0"/>
          <Porc_Abstencion V="000,00"/>
          <Votos_Validos V="8878"/>
          <Porc_Votos_Validos V="047,81"/>
          <Votos_No_Marcados V="4388"/>
          <Porc_Votos_No_Marcados V="023,63"/>
          <Votos_Nulos V="5301"/>
          <Porc_Votos_Nulos V="028,55"/>
        </lin>
        <lin>
          <Pregunta V="002"/>
          <Total_Sufragantes V="18567"/>
          <Porc_Sufragantes V="100,00"/>
          <Abstencion V="0"/>
          <Porc_Abstencion V="000,00"/>
          <Votos_Validos V="9569"/>
          <Porc_Votos_Validos V="051,53"/>
          <Votos_No_Marcados V="4080"/>
          <Porc_Votos_No_Marcados V="021,97"/>
          <Votos_Nulos V="4918"/>
          <Porc_Votos_Nulos V="026,48"/>
        </lin>
        <lin>
          <Pregunta V="003"/>
          <Total_Sufragantes V="18567"/>
          <Porc_Sufragantes V="100,00"/>
          <Abstencion V="0"/>
          <Porc_Abstencion V="000,00"/>
          <Votos_Validos V="9359"/>
          <Porc_Votos_Validos V="050,40"/>
          <Votos_No_Marcados V="4753"/>
          <Porc_Votos_No_Marcados V="025,59"/>
          <Votos_Nulos V="4455"/>
          <Porc_Votos_Nulos V="023,99"/>
        </lin>
        <lin>
          <Pregunta V="004"/>
          <Total_Sufragantes V="18567"/>
          <Porc_Sufragantes V="100,00"/>
          <Abstencion V="0"/>
          <Porc_Abstencion V="000,00"/>
          <Votos_Validos V="9827"/>
          <Porc_Votos_Validos V="052,92"/>
          <Votos_No_Marcados V="4342"/>
          <Porc_Votos_No_Marcados V="023,38"/>
          <Votos_Nulos V="4398"/>
          <Porc_Votos_Nulos V="023,68"/>
        </lin>
        <lin>
          <Pregunta V="005"/>
          <Total_Sufragantes V="18567"/>
          <Porc_Sufragantes V="100,00"/>
          <Abstencion V="0"/>
          <Porc_Abstencion V="000,00"/>
          <Votos_Validos V="9623"/>
          <Porc_Votos_Validos V="051,82"/>
          <Votos_No_Marcados V="5021"/>
          <Porc_Votos_No_Marcados V="027,04"/>
          <Votos_Nulos V="3923"/>
          <Porc_Votos_Nulos V="021,12"/>
        </lin>
        <lin>
          <Pregunta V="006"/>
          <Total_Sufragantes V="18567"/>
          <Porc_Sufragantes V="100,00"/>
          <Abstencion V="0"/>
          <Porc_Abstencion V="000,00"/>
          <Votos_Validos V="8342"/>
          <Porc_Votos_Validos V="044,92"/>
          <Votos_No_Marcados V="5955"/>
          <Porc_Votos_No_Marcados V="032,07"/>
          <Votos_Nulos V="4270"/>
          <Porc_Votos_Nulos V="022,99"/>
        </lin>
        <lin>
          <Pregunta V="007"/>
          <Total_Sufragantes V="18567"/>
          <Porc_Sufragantes V="100,00"/>
          <Abstencion V="0"/>
          <Porc_Abstencion V="000,00"/>
          <Votos_Validos V="9433"/>
          <Porc_Votos_Validos V="050,80"/>
          <Votos_No_Marcados V="4410"/>
          <Porc_Votos_No_Marcados V="023,75"/>
          <Votos_Nulos V="4724"/>
          <Porc_Votos_Nulos V="025,44"/>
        </lin>
      </Detalle_Pregunta>
      <Detalle_Opcion>
        <lin>
          <Opcion V="001"/>
          <Votos V="4269"/>
          <Porc V="048,08"/>
          <Pregunta V="001"/>
        </lin>
        <lin>
          <Opcion V="002"/>
          <Votos V="4609"/>
          <Porc V="051,91"/>
          <Pregunta V="001"/>
        </lin>
        <lin>
          <Opcion V="001"/>
          <Votos V="5261"/>
          <Porc V="054,97"/>
          <Pregunta V="002"/>
        </lin>
        <lin>
          <Opcion V="002"/>
          <Votos V="4308"/>
          <Porc V="045,02"/>
          <Pregunta V="002"/>
        </lin>
        <lin>
          <Opcion V="001"/>
          <Votos V="4665"/>
          <Porc V="049,84"/>
          <Pregunta V="003"/>
        </lin>
        <lin>
          <Opcion V="002"/>
          <Votos V="4694"/>
          <Porc V="050,15"/>
          <Pregunta V="003"/>
        </lin>
        <lin>
          <Opcion V="001"/>
          <Votos V="5195"/>
          <Porc V="052,86"/>
          <Pregunta V="004"/>
        </lin>
        <lin>
          <Opcion V="002"/>
          <Votos V="4632"/>
          <Porc V="047,13"/>
          <Pregunta V="004"/>
        </lin>
        <lin>
          <Opcion V="001"/>
          <Votos V="4677"/>
          <Porc V="048,60"/>
          <Pregunta V="005"/>
        </lin>
        <lin>
          <Opcion V="002"/>
          <Votos V="4946"/>
          <Porc V="051,39"/>
          <Pregunta V="005"/>
        </lin>
        <lin>
          <Opcion V="001"/>
          <Votos V="3953"/>
          <Porc V="047,38"/>
          <Pregunta V="006"/>
        </lin>
        <lin>
          <Opcion V="002"/>
          <Votos V="4389"/>
          <Porc V="052,61"/>
          <Pregunta V="006"/>
        </lin>
        <lin>
          <Opcion V="001"/>
          <Votos V="5009"/>
          <Porc V="053,10"/>
          <Pregunta V="007"/>
        </lin>
        <lin>
          <Opcion V="002"/>
          <Votos V="4424"/>
          <Porc V="046,89"/>
          <Pregunta V="007"/>
        </lin>
      </Detalle_Opcion>
    </lin>
  </Detalle_Circunscripcion>
</Boletin>
</Boletin_Consolidado>