<Boletin_Consolidado><Boletin>
  <Numero V="0008"/>
  <Boletin_Departamental V="0012"/>
  <Tipo_Boletin V="DEPARTAMENTAL"/>
  <Desc_Corporacion V="CONSULTA POPULAR"/>
  <Departamento V="01"/>
  <Desc_Departamento V="ANTIOQUIA"/>
  <Municipio V="270"/>
  <Desc_Municipio V="TARAZA"/>
  <Dia V="21"/>
  <Mes V="8"/>
  <Anio V="2018"/>
  <Hora V="14"/>
  <Minuto V="15"/>
  <Mesas_Instaladas V="72"/>
  <Mesas_Informadas V="72"/>
  <Porc_Mesas_Informadas V="100,00"/>
  <Potencial_Sufragantes V="25982"/>
  <Detalle_Circunscripcion>
    <lin>
      <Circunscripcion V="0"/>
      <Desc_Circunscripcion V="NACIONAL"/>
      <Detalle_Pregunta>
        <lin>
          <Pregunta V="001"/>
          <Total_Sufragantes V="25982"/>
          <Porc_Sufragantes V="100,00"/>
          <Abstencion V="0"/>
          <Porc_Abstencion V="000,00"/>
          <Votos_Validos V="13872"/>
          <Porc_Votos_Validos V="053,39"/>
          <Votos_No_Marcados V="5691"/>
          <Porc_Votos_No_Marcados V="021,90"/>
          <Votos_Nulos V="6419"/>
          <Porc_Votos_Nulos V="024,70"/>
        </lin>
        <lin>
          <Pregunta V="002"/>
          <Total_Sufragantes V="25982"/>
          <Porc_Sufragantes V="100,00"/>
          <Abstencion V="0"/>
          <Porc_Abstencion V="000,00"/>
          <Votos_Validos V="13323"/>
          <Porc_Votos_Validos V="051,27"/>
          <Votos_No_Marcados V="5513"/>
          <Porc_Votos_No_Marcados V="021,21"/>
          <Votos_Nulos V="7146"/>
          <Porc_Votos_Nulos V="027,50"/>
        </lin>
        <lin>
          <Pregunta V="003"/>
          <Total_Sufragantes V="25982"/>
          <Porc_Sufragantes V="100,00"/>
          <Abstencion V="0"/>
          <Porc_Abstencion V="000,00"/>
          <Votos_Validos V="12764"/>
          <Porc_Votos_Validos V="049,12"/>
          <Votos_No_Marcados V="7082"/>
          <Porc_Votos_No_Marcados V="027,25"/>
          <Votos_Nulos V="6136"/>
          <Porc_Votos_Nulos V="023,61"/>
        </lin>
        <lin>
          <Pregunta V="004"/>
          <Total_Sufragantes V="25982"/>
          <Porc_Sufragantes V="100,00"/>
          <Abstencion V="0"/>
          <Porc_Abstencion V="000,00"/>
          <Votos_Validos V="12759"/>
          <Porc_Votos_Validos V="049,10"/>
          <Votos_No_Marcados V="6516"/>
          <Porc_Votos_No_Marcados V="025,07"/>
          <Votos_Nulos V="6707"/>
          <Porc_Votos_Nulos V="025,81"/>
        </lin>
        <lin>
          <Pregunta V="005"/>
          <Total_Sufragantes V="25982"/>
          <Porc_Sufragantes V="100,00"/>
          <Abstencion V="0"/>
          <Porc_Abstencion V="000,00"/>
          <Votos_Validos V="13758"/>
          <Porc_Votos_Validos V="052,95"/>
          <Votos_No_Marcados V="5844"/>
          <Porc_Votos_No_Marcados V="022,49"/>
          <Votos_Nulos V="6380"/>
          <Porc_Votos_Nulos V="024,55"/>
        </lin>
        <lin>
          <Pregunta V="006"/>
          <Total_Sufragantes V="25982"/>
          <Porc_Sufragantes V="100,00"/>
          <Abstencion V="0"/>
          <Porc_Abstencion V="000,00"/>
          <Votos_Validos V="13133"/>
          <Porc_Votos_Validos V="050,54"/>
          <Votos_No_Marcados V="6062"/>
          <Porc_Votos_No_Marcados V="023,33"/>
          <Votos_Nulos V="6787"/>
          <Porc_Votos_Nulos V="026,12"/>
        </lin>
        <lin>
          <Pregunta V="007"/>
          <Total_Sufragantes V="25982"/>
          <Porc_Sufragantes V="100,00"/>
          <Abstencion V="0"/>
          <Porc_Abstencion V="000,00"/>
          <Votos_Validos V="13194"/>
          <Porc_Votos_Validos V="050,78"/>
          <Votos_No_Marcados V="6356"/>
          <Porc_Votos_No_Marcados V="024,46"/>
          <Votos_Nulos V="6432"/>
          <Porc_Votos_Nulos V="024,75"/>
        </lin>
      </Detalle_Pregunta>
      <Detalle_Opcion>
        <lin>
          <Opcion V="001"/>
          <Votos V="7281"/>
          <Porc V="052,48"/>
          <Pregunta V="001"/>
        </lin>
        <lin>
          <Opcion V="002"/>
          <Votos V="6591"/>
          <Porc V="047,51"/>
          <Pregunta V="001"/>
        </lin>
        <lin>
          <Opcion V="001"/>
          <Votos V="6817"/>
          <Porc V="051,16"/>
          <Pregunta V="002"/>
        </lin>
        <lin>
          <Opcion V="002"/>
          <Votos V="6506"/>
          <Porc V="048,83"/>
          <Pregunta V="002"/>
        </lin>
        <lin>
          <Opcion V="001"/>
          <Votos V="6252"/>
          <Porc V="048,98"/>
          <Pregunta V="003"/>
        </lin>
        <lin>
          <Opcion V="002"/>
          <Votos V="6512"/>
          <Porc V="051,01"/>
          <Pregunta V="003"/>
        </lin>
        <lin>
          <Opcion V="001"/>
          <Votos V="6305"/>
          <Porc V="049,41"/>
          <Pregunta V="004"/>
        </lin>
        <lin>
          <Opcion V="002"/>
          <Votos V="6454"/>
          <Porc V="050,58"/>
          <Pregunta V="004"/>
        </lin>
        <lin>
          <Opcion V="001"/>
          <Votos V="7283"/>
          <Porc V="052,93"/>
          <Pregunta V="005"/>
        </lin>
        <lin>
          <Opcion V="002"/>
          <Votos V="6475"/>
          <Porc V="047,06"/>
          <Pregunta V="005"/>
        </lin>
        <lin>
          <Opcion V="001"/>
          <Votos V="6378"/>
          <Porc V="048,56"/>
          <Pregunta V="006"/>
        </lin>
        <lin>
          <Opcion V="002"/>
          <Votos V="6755"/>
          <Porc V="051,43"/>
          <Pregunta V="006"/>
        </lin>
        <lin>
          <Opcion V="001"/>
          <Votos V="6974"/>
          <Porc V="052,85"/>
          <Pregunta V="007"/>
        </lin>
        <lin>
          <Opcion V="002"/>
          <Votos V="6220"/>
          <Porc V="047,14"/>
          <Pregunta V="007"/>
        </lin>
      </Detalle_Opcion>
    </lin>
  </Detalle_Circunscripcion>
</Boletin>
</Boletin_Consolidado>