<Boletin_Consolidado><Boletin>
  <Numero V="0008"/>
  <Boletin_Departamental V="0012"/>
  <Tipo_Boletin V="DEPARTAMENTAL"/>
  <Desc_Corporacion V="CONSULTA POPULAR"/>
  <Departamento V="13"/>
  <Desc_Departamento V="CORDOBA"/>
  <Municipio V="028"/>
  <Desc_Municipio V="PLANETA RICA"/>
  <Dia V="21"/>
  <Mes V="8"/>
  <Anio V="2018"/>
  <Hora V="14"/>
  <Minuto V="15"/>
  <Mesas_Instaladas V="132"/>
  <Mesas_Informadas V="132"/>
  <Porc_Mesas_Informadas V="100,00"/>
  <Potencial_Sufragantes V="53582"/>
  <Detalle_Circunscripcion>
    <lin>
      <Circunscripcion V="0"/>
      <Desc_Circunscripcion V="NACIONAL"/>
      <Detalle_Pregunta>
        <lin>
          <Pregunta V="001"/>
          <Total_Sufragantes V="53582"/>
          <Porc_Sufragantes V="100,00"/>
          <Abstencion V="0"/>
          <Porc_Abstencion V="000,00"/>
          <Votos_Validos V="25655"/>
          <Porc_Votos_Validos V="047,87"/>
          <Votos_No_Marcados V="13624"/>
          <Porc_Votos_No_Marcados V="025,42"/>
          <Votos_Nulos V="14303"/>
          <Porc_Votos_Nulos V="026,69"/>
        </lin>
        <lin>
          <Pregunta V="002"/>
          <Total_Sufragantes V="53582"/>
          <Porc_Sufragantes V="100,00"/>
          <Abstencion V="0"/>
          <Porc_Abstencion V="000,00"/>
          <Votos_Validos V="27999"/>
          <Porc_Votos_Validos V="052,25"/>
          <Votos_No_Marcados V="11461"/>
          <Porc_Votos_No_Marcados V="021,38"/>
          <Votos_Nulos V="14122"/>
          <Porc_Votos_Nulos V="026,35"/>
        </lin>
        <lin>
          <Pregunta V="003"/>
          <Total_Sufragantes V="53582"/>
          <Porc_Sufragantes V="100,00"/>
          <Abstencion V="0"/>
          <Porc_Abstencion V="000,00"/>
          <Votos_Validos V="26120"/>
          <Porc_Votos_Validos V="048,74"/>
          <Votos_No_Marcados V="14318"/>
          <Porc_Votos_No_Marcados V="026,72"/>
          <Votos_Nulos V="13144"/>
          <Porc_Votos_Nulos V="024,53"/>
        </lin>
        <lin>
          <Pregunta V="004"/>
          <Total_Sufragantes V="53582"/>
          <Porc_Sufragantes V="100,00"/>
          <Abstencion V="0"/>
          <Porc_Abstencion V="000,00"/>
          <Votos_Validos V="27204"/>
          <Porc_Votos_Validos V="050,77"/>
          <Votos_No_Marcados V="13702"/>
          <Porc_Votos_No_Marcados V="025,57"/>
          <Votos_Nulos V="12676"/>
          <Porc_Votos_Nulos V="023,65"/>
        </lin>
        <lin>
          <Pregunta V="005"/>
          <Total_Sufragantes V="53582"/>
          <Porc_Sufragantes V="100,00"/>
          <Abstencion V="0"/>
          <Porc_Abstencion V="000,00"/>
          <Votos_Validos V="26200"/>
          <Porc_Votos_Validos V="048,89"/>
          <Votos_No_Marcados V="12768"/>
          <Porc_Votos_No_Marcados V="023,82"/>
          <Votos_Nulos V="14614"/>
          <Porc_Votos_Nulos V="027,27"/>
        </lin>
        <lin>
          <Pregunta V="006"/>
          <Total_Sufragantes V="53582"/>
          <Porc_Sufragantes V="100,00"/>
          <Abstencion V="0"/>
          <Porc_Abstencion V="000,00"/>
          <Votos_Validos V="27622"/>
          <Porc_Votos_Validos V="051,55"/>
          <Votos_No_Marcados V="14924"/>
          <Porc_Votos_No_Marcados V="027,85"/>
          <Votos_Nulos V="11036"/>
          <Porc_Votos_Nulos V="020,59"/>
        </lin>
        <lin>
          <Pregunta V="007"/>
          <Total_Sufragantes V="53582"/>
          <Porc_Sufragantes V="100,00"/>
          <Abstencion V="0"/>
          <Porc_Abstencion V="000,00"/>
          <Votos_Validos V="26900"/>
          <Porc_Votos_Validos V="050,20"/>
          <Votos_No_Marcados V="13229"/>
          <Porc_Votos_No_Marcados V="024,68"/>
          <Votos_Nulos V="13453"/>
          <Porc_Votos_Nulos V="025,10"/>
        </lin>
      </Detalle_Pregunta>
      <Detalle_Opcion>
        <lin>
          <Opcion V="001"/>
          <Votos V="11916"/>
          <Porc V="046,44"/>
          <Pregunta V="001"/>
        </lin>
        <lin>
          <Opcion V="002"/>
          <Votos V="13739"/>
          <Porc V="053,55"/>
          <Pregunta V="001"/>
        </lin>
        <lin>
          <Opcion V="001"/>
          <Votos V="14525"/>
          <Porc V="051,87"/>
          <Pregunta V="002"/>
        </lin>
        <lin>
          <Opcion V="002"/>
          <Votos V="13474"/>
          <Porc V="048,12"/>
          <Pregunta V="002"/>
        </lin>
        <lin>
          <Opcion V="001"/>
          <Votos V="13598"/>
          <Porc V="052,05"/>
          <Pregunta V="003"/>
        </lin>
        <lin>
          <Opcion V="002"/>
          <Votos V="12522"/>
          <Porc V="047,94"/>
          <Pregunta V="003"/>
        </lin>
        <lin>
          <Opcion V="001"/>
          <Votos V="14167"/>
          <Porc V="052,07"/>
          <Pregunta V="004"/>
        </lin>
        <lin>
          <Opcion V="002"/>
          <Votos V="13037"/>
          <Porc V="047,92"/>
          <Pregunta V="004"/>
        </lin>
        <lin>
          <Opcion V="001"/>
          <Votos V="12268"/>
          <Porc V="046,82"/>
          <Pregunta V="005"/>
        </lin>
        <lin>
          <Opcion V="002"/>
          <Votos V="13932"/>
          <Porc V="053,17"/>
          <Pregunta V="005"/>
        </lin>
        <lin>
          <Opcion V="001"/>
          <Votos V="12875"/>
          <Porc V="046,61"/>
          <Pregunta V="006"/>
        </lin>
        <lin>
          <Opcion V="002"/>
          <Votos V="14747"/>
          <Porc V="053,38"/>
          <Pregunta V="006"/>
        </lin>
        <lin>
          <Opcion V="001"/>
          <Votos V="13306"/>
          <Porc V="049,46"/>
          <Pregunta V="007"/>
        </lin>
        <lin>
          <Opcion V="002"/>
          <Votos V="13594"/>
          <Porc V="050,53"/>
          <Pregunta V="007"/>
        </lin>
      </Detalle_Opcion>
    </lin>
  </Detalle_Circunscripcion>
</Boletin>
</Boletin_Consolidado>