<Boletin_Consolidado><Boletin>
  <Numero V="0008"/>
  <Boletin_Departamental V="0011"/>
  <Tipo_Boletin V="DEPARTAMENTAL"/>
  <Desc_Corporacion V="CONSULTA POPULAR"/>
  <Departamento V="15"/>
  <Desc_Departamento V="CUNDINAMARCA"/>
  <Municipio V="046"/>
  <Desc_Municipio V="COTA"/>
  <Dia V="21"/>
  <Mes V="8"/>
  <Anio V="2018"/>
  <Hora V="14"/>
  <Minuto V="15"/>
  <Mesas_Instaladas V="69"/>
  <Mesas_Informadas V="69"/>
  <Porc_Mesas_Informadas V="100,00"/>
  <Potencial_Sufragantes V="25534"/>
  <Detalle_Circunscripcion>
    <lin>
      <Circunscripcion V="0"/>
      <Desc_Circunscripcion V="NACIONAL"/>
      <Detalle_Pregunta>
        <lin>
          <Pregunta V="001"/>
          <Total_Sufragantes V="25534"/>
          <Porc_Sufragantes V="100,00"/>
          <Abstencion V="0"/>
          <Porc_Abstencion V="000,00"/>
          <Votos_Validos V="12717"/>
          <Porc_Votos_Validos V="049,80"/>
          <Votos_No_Marcados V="6453"/>
          <Porc_Votos_No_Marcados V="025,27"/>
          <Votos_Nulos V="6364"/>
          <Porc_Votos_Nulos V="024,92"/>
        </lin>
        <lin>
          <Pregunta V="002"/>
          <Total_Sufragantes V="25534"/>
          <Porc_Sufragantes V="100,00"/>
          <Abstencion V="0"/>
          <Porc_Abstencion V="000,00"/>
          <Votos_Validos V="12653"/>
          <Porc_Votos_Validos V="049,55"/>
          <Votos_No_Marcados V="7191"/>
          <Porc_Votos_No_Marcados V="028,16"/>
          <Votos_Nulos V="5690"/>
          <Porc_Votos_Nulos V="022,28"/>
        </lin>
        <lin>
          <Pregunta V="003"/>
          <Total_Sufragantes V="25534"/>
          <Porc_Sufragantes V="100,00"/>
          <Abstencion V="0"/>
          <Porc_Abstencion V="000,00"/>
          <Votos_Validos V="13227"/>
          <Porc_Votos_Validos V="051,80"/>
          <Votos_No_Marcados V="5531"/>
          <Porc_Votos_No_Marcados V="021,66"/>
          <Votos_Nulos V="6776"/>
          <Porc_Votos_Nulos V="026,53"/>
        </lin>
        <lin>
          <Pregunta V="004"/>
          <Total_Sufragantes V="25534"/>
          <Porc_Sufragantes V="100,00"/>
          <Abstencion V="0"/>
          <Porc_Abstencion V="000,00"/>
          <Votos_Validos V="13255"/>
          <Porc_Votos_Validos V="051,91"/>
          <Votos_No_Marcados V="6126"/>
          <Porc_Votos_No_Marcados V="023,99"/>
          <Votos_Nulos V="6153"/>
          <Porc_Votos_Nulos V="024,09"/>
        </lin>
        <lin>
          <Pregunta V="005"/>
          <Total_Sufragantes V="25534"/>
          <Porc_Sufragantes V="100,00"/>
          <Abstencion V="0"/>
          <Porc_Abstencion V="000,00"/>
          <Votos_Validos V="12653"/>
          <Porc_Votos_Validos V="049,55"/>
          <Votos_No_Marcados V="6278"/>
          <Porc_Votos_No_Marcados V="024,58"/>
          <Votos_Nulos V="6603"/>
          <Porc_Votos_Nulos V="025,85"/>
        </lin>
        <lin>
          <Pregunta V="006"/>
          <Total_Sufragantes V="25534"/>
          <Porc_Sufragantes V="100,00"/>
          <Abstencion V="0"/>
          <Porc_Abstencion V="000,00"/>
          <Votos_Validos V="11597"/>
          <Porc_Votos_Validos V="045,41"/>
          <Votos_No_Marcados V="6586"/>
          <Porc_Votos_No_Marcados V="025,79"/>
          <Votos_Nulos V="7351"/>
          <Porc_Votos_Nulos V="028,78"/>
        </lin>
        <lin>
          <Pregunta V="007"/>
          <Total_Sufragantes V="25534"/>
          <Porc_Sufragantes V="100,00"/>
          <Abstencion V="0"/>
          <Porc_Abstencion V="000,00"/>
          <Votos_Validos V="13124"/>
          <Porc_Votos_Validos V="051,39"/>
          <Votos_No_Marcados V="6340"/>
          <Porc_Votos_No_Marcados V="024,82"/>
          <Votos_Nulos V="6070"/>
          <Porc_Votos_Nulos V="023,77"/>
        </lin>
      </Detalle_Pregunta>
      <Detalle_Opcion>
        <lin>
          <Opcion V="001"/>
          <Votos V="6053"/>
          <Porc V="047,59"/>
          <Pregunta V="001"/>
        </lin>
        <lin>
          <Opcion V="002"/>
          <Votos V="6664"/>
          <Porc V="052,40"/>
          <Pregunta V="001"/>
        </lin>
        <lin>
          <Opcion V="001"/>
          <Votos V="5407"/>
          <Porc V="042,73"/>
          <Pregunta V="002"/>
        </lin>
        <lin>
          <Opcion V="002"/>
          <Votos V="7246"/>
          <Porc V="057,26"/>
          <Pregunta V="002"/>
        </lin>
        <lin>
          <Opcion V="001"/>
          <Votos V="7226"/>
          <Porc V="054,63"/>
          <Pregunta V="003"/>
        </lin>
        <lin>
          <Opcion V="002"/>
          <Votos V="6001"/>
          <Porc V="045,36"/>
          <Pregunta V="003"/>
        </lin>
        <lin>
          <Opcion V="001"/>
          <Votos V="6649"/>
          <Porc V="050,16"/>
          <Pregunta V="004"/>
        </lin>
        <lin>
          <Opcion V="002"/>
          <Votos V="6606"/>
          <Porc V="049,83"/>
          <Pregunta V="004"/>
        </lin>
        <lin>
          <Opcion V="001"/>
          <Votos V="6278"/>
          <Porc V="049,61"/>
          <Pregunta V="005"/>
        </lin>
        <lin>
          <Opcion V="002"/>
          <Votos V="6375"/>
          <Porc V="050,38"/>
          <Pregunta V="005"/>
        </lin>
        <lin>
          <Opcion V="001"/>
          <Votos V="5837"/>
          <Porc V="050,33"/>
          <Pregunta V="006"/>
        </lin>
        <lin>
          <Opcion V="002"/>
          <Votos V="5760"/>
          <Porc V="049,66"/>
          <Pregunta V="006"/>
        </lin>
        <lin>
          <Opcion V="001"/>
          <Votos V="7189"/>
          <Porc V="054,77"/>
          <Pregunta V="007"/>
        </lin>
        <lin>
          <Opcion V="002"/>
          <Votos V="5935"/>
          <Porc V="045,22"/>
          <Pregunta V="007"/>
        </lin>
      </Detalle_Opcion>
    </lin>
  </Detalle_Circunscripcion>
</Boletin>
</Boletin_Consolidado>