<Boletin_Consolidado><Boletin>
  <Numero V="0008"/>
  <Boletin_Departamental V="0011"/>
  <Tipo_Boletin V="DEPARTAMENTAL"/>
  <Desc_Corporacion V="CONSULTA POPULAR"/>
  <Departamento V="11"/>
  <Desc_Departamento V="CAUCA"/>
  <Municipio V="006"/>
  <Desc_Municipio V="BALBOA"/>
  <Dia V="21"/>
  <Mes V="8"/>
  <Anio V="2018"/>
  <Hora V="14"/>
  <Minuto V="15"/>
  <Mesas_Instaladas V="44"/>
  <Mesas_Informadas V="44"/>
  <Porc_Mesas_Informadas V="100,00"/>
  <Potencial_Sufragantes V="15842"/>
  <Detalle_Circunscripcion>
    <lin>
      <Circunscripcion V="0"/>
      <Desc_Circunscripcion V="NACIONAL"/>
      <Detalle_Pregunta>
        <lin>
          <Pregunta V="001"/>
          <Total_Sufragantes V="15842"/>
          <Porc_Sufragantes V="100,00"/>
          <Abstencion V="0"/>
          <Porc_Abstencion V="000,00"/>
          <Votos_Validos V="7636"/>
          <Porc_Votos_Validos V="048,20"/>
          <Votos_No_Marcados V="4714"/>
          <Porc_Votos_No_Marcados V="029,75"/>
          <Votos_Nulos V="3492"/>
          <Porc_Votos_Nulos V="022,04"/>
        </lin>
        <lin>
          <Pregunta V="002"/>
          <Total_Sufragantes V="15842"/>
          <Porc_Sufragantes V="100,00"/>
          <Abstencion V="0"/>
          <Porc_Abstencion V="000,00"/>
          <Votos_Validos V="8102"/>
          <Porc_Votos_Validos V="051,14"/>
          <Votos_No_Marcados V="3747"/>
          <Porc_Votos_No_Marcados V="023,65"/>
          <Votos_Nulos V="3993"/>
          <Porc_Votos_Nulos V="025,20"/>
        </lin>
        <lin>
          <Pregunta V="003"/>
          <Total_Sufragantes V="15842"/>
          <Porc_Sufragantes V="100,00"/>
          <Abstencion V="0"/>
          <Porc_Abstencion V="000,00"/>
          <Votos_Validos V="7820"/>
          <Porc_Votos_Validos V="049,36"/>
          <Votos_No_Marcados V="4013"/>
          <Porc_Votos_No_Marcados V="025,33"/>
          <Votos_Nulos V="4009"/>
          <Porc_Votos_Nulos V="025,30"/>
        </lin>
        <lin>
          <Pregunta V="004"/>
          <Total_Sufragantes V="15842"/>
          <Porc_Sufragantes V="100,00"/>
          <Abstencion V="0"/>
          <Porc_Abstencion V="000,00"/>
          <Votos_Validos V="7571"/>
          <Porc_Votos_Validos V="047,79"/>
          <Votos_No_Marcados V="3637"/>
          <Porc_Votos_No_Marcados V="022,95"/>
          <Votos_Nulos V="4634"/>
          <Porc_Votos_Nulos V="029,25"/>
        </lin>
        <lin>
          <Pregunta V="005"/>
          <Total_Sufragantes V="15842"/>
          <Porc_Sufragantes V="100,00"/>
          <Abstencion V="0"/>
          <Porc_Abstencion V="000,00"/>
          <Votos_Validos V="8244"/>
          <Porc_Votos_Validos V="052,03"/>
          <Votos_No_Marcados V="4262"/>
          <Porc_Votos_No_Marcados V="026,90"/>
          <Votos_Nulos V="3336"/>
          <Porc_Votos_Nulos V="021,05"/>
        </lin>
        <lin>
          <Pregunta V="006"/>
          <Total_Sufragantes V="15842"/>
          <Porc_Sufragantes V="100,00"/>
          <Abstencion V="0"/>
          <Porc_Abstencion V="000,00"/>
          <Votos_Validos V="7794"/>
          <Porc_Votos_Validos V="049,19"/>
          <Votos_No_Marcados V="3943"/>
          <Porc_Votos_No_Marcados V="024,88"/>
          <Votos_Nulos V="4105"/>
          <Porc_Votos_Nulos V="025,91"/>
        </lin>
        <lin>
          <Pregunta V="007"/>
          <Total_Sufragantes V="15842"/>
          <Porc_Sufragantes V="100,00"/>
          <Abstencion V="0"/>
          <Porc_Abstencion V="000,00"/>
          <Votos_Validos V="7981"/>
          <Porc_Votos_Validos V="050,37"/>
          <Votos_No_Marcados V="3829"/>
          <Porc_Votos_No_Marcados V="024,16"/>
          <Votos_Nulos V="4032"/>
          <Porc_Votos_Nulos V="025,45"/>
        </lin>
      </Detalle_Pregunta>
      <Detalle_Opcion>
        <lin>
          <Opcion V="001"/>
          <Votos V="4178"/>
          <Porc V="054,71"/>
          <Pregunta V="001"/>
        </lin>
        <lin>
          <Opcion V="002"/>
          <Votos V="3458"/>
          <Porc V="045,28"/>
          <Pregunta V="001"/>
        </lin>
        <lin>
          <Opcion V="001"/>
          <Votos V="4108"/>
          <Porc V="050,70"/>
          <Pregunta V="002"/>
        </lin>
        <lin>
          <Opcion V="002"/>
          <Votos V="3994"/>
          <Porc V="049,29"/>
          <Pregunta V="002"/>
        </lin>
        <lin>
          <Opcion V="001"/>
          <Votos V="4109"/>
          <Porc V="052,54"/>
          <Pregunta V="003"/>
        </lin>
        <lin>
          <Opcion V="002"/>
          <Votos V="3711"/>
          <Porc V="047,45"/>
          <Pregunta V="003"/>
        </lin>
        <lin>
          <Opcion V="001"/>
          <Votos V="3706"/>
          <Porc V="048,94"/>
          <Pregunta V="004"/>
        </lin>
        <lin>
          <Opcion V="002"/>
          <Votos V="3865"/>
          <Porc V="051,05"/>
          <Pregunta V="004"/>
        </lin>
        <lin>
          <Opcion V="001"/>
          <Votos V="4391"/>
          <Porc V="053,26"/>
          <Pregunta V="005"/>
        </lin>
        <lin>
          <Opcion V="002"/>
          <Votos V="3853"/>
          <Porc V="046,73"/>
          <Pregunta V="005"/>
        </lin>
        <lin>
          <Opcion V="001"/>
          <Votos V="3879"/>
          <Porc V="049,76"/>
          <Pregunta V="006"/>
        </lin>
        <lin>
          <Opcion V="002"/>
          <Votos V="3915"/>
          <Porc V="050,23"/>
          <Pregunta V="006"/>
        </lin>
        <lin>
          <Opcion V="001"/>
          <Votos V="4110"/>
          <Porc V="051,49"/>
          <Pregunta V="007"/>
        </lin>
        <lin>
          <Opcion V="002"/>
          <Votos V="3871"/>
          <Porc V="048,50"/>
          <Pregunta V="007"/>
        </lin>
      </Detalle_Opcion>
    </lin>
  </Detalle_Circunscripcion>
</Boletin>
</Boletin_Consolidado>