<Boletin_Consolidado><Boletin>
  <Numero V="0008"/>
  <Boletin_Departamental V="0012"/>
  <Tipo_Boletin V="DEPARTAMENTAL"/>
  <Desc_Corporacion V="CONSULTA POPULAR"/>
  <Departamento V="01"/>
  <Desc_Departamento V="ANTIOQUIA"/>
  <Municipio V="227"/>
  <Desc_Municipio V="SAN FRANCISCO"/>
  <Dia V="21"/>
  <Mes V="8"/>
  <Anio V="2018"/>
  <Hora V="14"/>
  <Minuto V="15"/>
  <Mesas_Instaladas V="17"/>
  <Mesas_Informadas V="17"/>
  <Porc_Mesas_Informadas V="100,00"/>
  <Potencial_Sufragantes V="6201"/>
  <Detalle_Circunscripcion>
    <lin>
      <Circunscripcion V="0"/>
      <Desc_Circunscripcion V="NACIONAL"/>
      <Detalle_Pregunta>
        <lin>
          <Pregunta V="001"/>
          <Total_Sufragantes V="6201"/>
          <Porc_Sufragantes V="100,00"/>
          <Abstencion V="0"/>
          <Porc_Abstencion V="000,00"/>
          <Votos_Validos V="3134"/>
          <Porc_Votos_Validos V="050,54"/>
          <Votos_No_Marcados V="1633"/>
          <Porc_Votos_No_Marcados V="026,33"/>
          <Votos_Nulos V="1434"/>
          <Porc_Votos_Nulos V="023,12"/>
        </lin>
        <lin>
          <Pregunta V="002"/>
          <Total_Sufragantes V="6201"/>
          <Porc_Sufragantes V="100,00"/>
          <Abstencion V="0"/>
          <Porc_Abstencion V="000,00"/>
          <Votos_Validos V="3107"/>
          <Porc_Votos_Validos V="050,10"/>
          <Votos_No_Marcados V="1818"/>
          <Porc_Votos_No_Marcados V="029,31"/>
          <Votos_Nulos V="1276"/>
          <Porc_Votos_Nulos V="020,57"/>
        </lin>
        <lin>
          <Pregunta V="003"/>
          <Total_Sufragantes V="6201"/>
          <Porc_Sufragantes V="100,00"/>
          <Abstencion V="0"/>
          <Porc_Abstencion V="000,00"/>
          <Votos_Validos V="3241"/>
          <Porc_Votos_Validos V="052,26"/>
          <Votos_No_Marcados V="1274"/>
          <Porc_Votos_No_Marcados V="020,54"/>
          <Votos_Nulos V="1686"/>
          <Porc_Votos_Nulos V="027,18"/>
        </lin>
        <lin>
          <Pregunta V="004"/>
          <Total_Sufragantes V="6201"/>
          <Porc_Sufragantes V="100,00"/>
          <Abstencion V="0"/>
          <Porc_Abstencion V="000,00"/>
          <Votos_Validos V="3286"/>
          <Porc_Votos_Validos V="052,99"/>
          <Votos_No_Marcados V="1184"/>
          <Porc_Votos_No_Marcados V="019,09"/>
          <Votos_Nulos V="1731"/>
          <Porc_Votos_Nulos V="027,91"/>
        </lin>
        <lin>
          <Pregunta V="005"/>
          <Total_Sufragantes V="6201"/>
          <Porc_Sufragantes V="100,00"/>
          <Abstencion V="0"/>
          <Porc_Abstencion V="000,00"/>
          <Votos_Validos V="2939"/>
          <Porc_Votos_Validos V="047,39"/>
          <Votos_No_Marcados V="1493"/>
          <Porc_Votos_No_Marcados V="024,07"/>
          <Votos_Nulos V="1769"/>
          <Porc_Votos_Nulos V="028,52"/>
        </lin>
        <lin>
          <Pregunta V="006"/>
          <Total_Sufragantes V="6201"/>
          <Porc_Sufragantes V="100,00"/>
          <Abstencion V="0"/>
          <Porc_Abstencion V="000,00"/>
          <Votos_Validos V="3240"/>
          <Porc_Votos_Validos V="052,24"/>
          <Votos_No_Marcados V="1357"/>
          <Porc_Votos_No_Marcados V="021,88"/>
          <Votos_Nulos V="1604"/>
          <Porc_Votos_Nulos V="025,86"/>
        </lin>
        <lin>
          <Pregunta V="007"/>
          <Total_Sufragantes V="6201"/>
          <Porc_Sufragantes V="100,00"/>
          <Abstencion V="0"/>
          <Porc_Abstencion V="000,00"/>
          <Votos_Validos V="2657"/>
          <Porc_Votos_Validos V="042,84"/>
          <Votos_No_Marcados V="1874"/>
          <Porc_Votos_No_Marcados V="030,22"/>
          <Votos_Nulos V="1670"/>
          <Porc_Votos_Nulos V="026,93"/>
        </lin>
      </Detalle_Pregunta>
      <Detalle_Opcion>
        <lin>
          <Opcion V="001"/>
          <Votos V="1903"/>
          <Porc V="060,72"/>
          <Pregunta V="001"/>
        </lin>
        <lin>
          <Opcion V="002"/>
          <Votos V="1231"/>
          <Porc V="039,27"/>
          <Pregunta V="001"/>
        </lin>
        <lin>
          <Opcion V="001"/>
          <Votos V="1408"/>
          <Porc V="045,31"/>
          <Pregunta V="002"/>
        </lin>
        <lin>
          <Opcion V="002"/>
          <Votos V="1699"/>
          <Porc V="054,68"/>
          <Pregunta V="002"/>
        </lin>
        <lin>
          <Opcion V="001"/>
          <Votos V="1569"/>
          <Porc V="048,41"/>
          <Pregunta V="003"/>
        </lin>
        <lin>
          <Opcion V="002"/>
          <Votos V="1672"/>
          <Porc V="051,58"/>
          <Pregunta V="003"/>
        </lin>
        <lin>
          <Opcion V="001"/>
          <Votos V="1860"/>
          <Porc V="056,60"/>
          <Pregunta V="004"/>
        </lin>
        <lin>
          <Opcion V="002"/>
          <Votos V="1426"/>
          <Porc V="043,39"/>
          <Pregunta V="004"/>
        </lin>
        <lin>
          <Opcion V="001"/>
          <Votos V="1678"/>
          <Porc V="057,09"/>
          <Pregunta V="005"/>
        </lin>
        <lin>
          <Opcion V="002"/>
          <Votos V="1261"/>
          <Porc V="042,90"/>
          <Pregunta V="005"/>
        </lin>
        <lin>
          <Opcion V="001"/>
          <Votos V="1929"/>
          <Porc V="059,53"/>
          <Pregunta V="006"/>
        </lin>
        <lin>
          <Opcion V="002"/>
          <Votos V="1311"/>
          <Porc V="040,46"/>
          <Pregunta V="006"/>
        </lin>
        <lin>
          <Opcion V="001"/>
          <Votos V="1127"/>
          <Porc V="042,41"/>
          <Pregunta V="007"/>
        </lin>
        <lin>
          <Opcion V="002"/>
          <Votos V="1530"/>
          <Porc V="057,58"/>
          <Pregunta V="007"/>
        </lin>
      </Detalle_Opcion>
    </lin>
  </Detalle_Circunscripcion>
</Boletin>
</Boletin_Consolidado>