<Boletin_Consolidado><Boletin>
  <Numero V="0008"/>
  <Boletin_Departamental V="0012"/>
  <Tipo_Boletin V="DEPARTAMENTAL"/>
  <Desc_Corporacion V="CONSULTA POPULAR"/>
  <Departamento V="07"/>
  <Desc_Departamento V="BOYACA"/>
  <Municipio V="079"/>
  <Desc_Municipio V="DUITAMA"/>
  <Dia V="21"/>
  <Mes V="8"/>
  <Anio V="2018"/>
  <Hora V="14"/>
  <Minuto V="15"/>
  <Mesas_Instaladas V="228"/>
  <Mesas_Informadas V="228"/>
  <Porc_Mesas_Informadas V="100,00"/>
  <Potencial_Sufragantes V="86932"/>
  <Detalle_Circunscripcion>
    <lin>
      <Circunscripcion V="0"/>
      <Desc_Circunscripcion V="NACIONAL"/>
      <Detalle_Pregunta>
        <lin>
          <Pregunta V="001"/>
          <Total_Sufragantes V="86932"/>
          <Porc_Sufragantes V="100,00"/>
          <Abstencion V="0"/>
          <Porc_Abstencion V="000,00"/>
          <Votos_Validos V="43998"/>
          <Porc_Votos_Validos V="050,61"/>
          <Votos_No_Marcados V="22581"/>
          <Porc_Votos_No_Marcados V="025,97"/>
          <Votos_Nulos V="20353"/>
          <Porc_Votos_Nulos V="023,41"/>
        </lin>
        <lin>
          <Pregunta V="002"/>
          <Total_Sufragantes V="86932"/>
          <Porc_Sufragantes V="100,00"/>
          <Abstencion V="0"/>
          <Porc_Abstencion V="000,00"/>
          <Votos_Validos V="42412"/>
          <Porc_Votos_Validos V="048,78"/>
          <Votos_No_Marcados V="22650"/>
          <Porc_Votos_No_Marcados V="026,05"/>
          <Votos_Nulos V="21870"/>
          <Porc_Votos_Nulos V="025,15"/>
        </lin>
        <lin>
          <Pregunta V="003"/>
          <Total_Sufragantes V="86932"/>
          <Porc_Sufragantes V="100,00"/>
          <Abstencion V="0"/>
          <Porc_Abstencion V="000,00"/>
          <Votos_Validos V="42557"/>
          <Porc_Votos_Validos V="048,95"/>
          <Votos_No_Marcados V="21246"/>
          <Porc_Votos_No_Marcados V="024,43"/>
          <Votos_Nulos V="23129"/>
          <Porc_Votos_Nulos V="026,60"/>
        </lin>
        <lin>
          <Pregunta V="004"/>
          <Total_Sufragantes V="86932"/>
          <Porc_Sufragantes V="100,00"/>
          <Abstencion V="0"/>
          <Porc_Abstencion V="000,00"/>
          <Votos_Validos V="42610"/>
          <Porc_Votos_Validos V="049,01"/>
          <Votos_No_Marcados V="20953"/>
          <Porc_Votos_No_Marcados V="024,10"/>
          <Votos_Nulos V="23369"/>
          <Porc_Votos_Nulos V="026,88"/>
        </lin>
        <lin>
          <Pregunta V="005"/>
          <Total_Sufragantes V="86932"/>
          <Porc_Sufragantes V="100,00"/>
          <Abstencion V="0"/>
          <Porc_Abstencion V="000,00"/>
          <Votos_Validos V="43130"/>
          <Porc_Votos_Validos V="049,61"/>
          <Votos_No_Marcados V="21312"/>
          <Porc_Votos_No_Marcados V="024,51"/>
          <Votos_Nulos V="22490"/>
          <Porc_Votos_Nulos V="025,87"/>
        </lin>
        <lin>
          <Pregunta V="006"/>
          <Total_Sufragantes V="86932"/>
          <Porc_Sufragantes V="100,00"/>
          <Abstencion V="0"/>
          <Porc_Abstencion V="000,00"/>
          <Votos_Validos V="43357"/>
          <Porc_Votos_Validos V="049,87"/>
          <Votos_No_Marcados V="21260"/>
          <Porc_Votos_No_Marcados V="024,45"/>
          <Votos_Nulos V="22315"/>
          <Porc_Votos_Nulos V="025,66"/>
        </lin>
        <lin>
          <Pregunta V="007"/>
          <Total_Sufragantes V="86932"/>
          <Porc_Sufragantes V="100,00"/>
          <Abstencion V="0"/>
          <Porc_Abstencion V="000,00"/>
          <Votos_Validos V="43924"/>
          <Porc_Votos_Validos V="050,52"/>
          <Votos_No_Marcados V="22108"/>
          <Porc_Votos_No_Marcados V="025,43"/>
          <Votos_Nulos V="20900"/>
          <Porc_Votos_Nulos V="024,04"/>
        </lin>
      </Detalle_Pregunta>
      <Detalle_Opcion>
        <lin>
          <Opcion V="001"/>
          <Votos V="21656"/>
          <Porc V="049,22"/>
          <Pregunta V="001"/>
        </lin>
        <lin>
          <Opcion V="002"/>
          <Votos V="22342"/>
          <Porc V="050,77"/>
          <Pregunta V="001"/>
        </lin>
        <lin>
          <Opcion V="001"/>
          <Votos V="21047"/>
          <Porc V="049,62"/>
          <Pregunta V="002"/>
        </lin>
        <lin>
          <Opcion V="002"/>
          <Votos V="21365"/>
          <Porc V="050,37"/>
          <Pregunta V="002"/>
        </lin>
        <lin>
          <Opcion V="001"/>
          <Votos V="21005"/>
          <Porc V="049,35"/>
          <Pregunta V="003"/>
        </lin>
        <lin>
          <Opcion V="002"/>
          <Votos V="21552"/>
          <Porc V="050,64"/>
          <Pregunta V="003"/>
        </lin>
        <lin>
          <Opcion V="001"/>
          <Votos V="21786"/>
          <Porc V="051,12"/>
          <Pregunta V="004"/>
        </lin>
        <lin>
          <Opcion V="002"/>
          <Votos V="20824"/>
          <Porc V="048,87"/>
          <Pregunta V="004"/>
        </lin>
        <lin>
          <Opcion V="001"/>
          <Votos V="21984"/>
          <Porc V="050,97"/>
          <Pregunta V="005"/>
        </lin>
        <lin>
          <Opcion V="002"/>
          <Votos V="21146"/>
          <Porc V="049,02"/>
          <Pregunta V="005"/>
        </lin>
        <lin>
          <Opcion V="001"/>
          <Votos V="20791"/>
          <Porc V="047,95"/>
          <Pregunta V="006"/>
        </lin>
        <lin>
          <Opcion V="002"/>
          <Votos V="22566"/>
          <Porc V="052,04"/>
          <Pregunta V="006"/>
        </lin>
        <lin>
          <Opcion V="001"/>
          <Votos V="23340"/>
          <Porc V="053,13"/>
          <Pregunta V="007"/>
        </lin>
        <lin>
          <Opcion V="002"/>
          <Votos V="20584"/>
          <Porc V="046,86"/>
          <Pregunta V="007"/>
        </lin>
      </Detalle_Opcion>
    </lin>
  </Detalle_Circunscripcion>
</Boletin>
</Boletin_Consolidado>