<Boletin_Consolidado><Boletin>
  <Numero V="0008"/>
  <Boletin_Departamental V="0012"/>
  <Tipo_Boletin V="DEPARTAMENTAL"/>
  <Desc_Corporacion V="CONSULTA POPULAR"/>
  <Departamento V="01"/>
  <Desc_Departamento V="ANTIOQUIA"/>
  <Municipio V="140"/>
  <Desc_Municipio V="GUADALUPE"/>
  <Dia V="21"/>
  <Mes V="8"/>
  <Anio V="2018"/>
  <Hora V="14"/>
  <Minuto V="15"/>
  <Mesas_Instaladas V="18"/>
  <Mesas_Informadas V="18"/>
  <Porc_Mesas_Informadas V="100,00"/>
  <Potencial_Sufragantes V="5778"/>
  <Detalle_Circunscripcion>
    <lin>
      <Circunscripcion V="0"/>
      <Desc_Circunscripcion V="NACIONAL"/>
      <Detalle_Pregunta>
        <lin>
          <Pregunta V="001"/>
          <Total_Sufragantes V="5778"/>
          <Porc_Sufragantes V="100,00"/>
          <Abstencion V="0"/>
          <Porc_Abstencion V="000,00"/>
          <Votos_Validos V="3034"/>
          <Porc_Votos_Validos V="052,50"/>
          <Votos_No_Marcados V="1287"/>
          <Porc_Votos_No_Marcados V="022,27"/>
          <Votos_Nulos V="1457"/>
          <Porc_Votos_Nulos V="025,21"/>
        </lin>
        <lin>
          <Pregunta V="002"/>
          <Total_Sufragantes V="5778"/>
          <Porc_Sufragantes V="100,00"/>
          <Abstencion V="0"/>
          <Porc_Abstencion V="000,00"/>
          <Votos_Validos V="2772"/>
          <Porc_Votos_Validos V="047,97"/>
          <Votos_No_Marcados V="1678"/>
          <Porc_Votos_No_Marcados V="029,04"/>
          <Votos_Nulos V="1328"/>
          <Porc_Votos_Nulos V="022,98"/>
        </lin>
        <lin>
          <Pregunta V="003"/>
          <Total_Sufragantes V="5778"/>
          <Porc_Sufragantes V="100,00"/>
          <Abstencion V="0"/>
          <Porc_Abstencion V="000,00"/>
          <Votos_Validos V="3200"/>
          <Porc_Votos_Validos V="055,38"/>
          <Votos_No_Marcados V="1039"/>
          <Porc_Votos_No_Marcados V="017,98"/>
          <Votos_Nulos V="1539"/>
          <Porc_Votos_Nulos V="026,63"/>
        </lin>
        <lin>
          <Pregunta V="004"/>
          <Total_Sufragantes V="5778"/>
          <Porc_Sufragantes V="100,00"/>
          <Abstencion V="0"/>
          <Porc_Abstencion V="000,00"/>
          <Votos_Validos V="2714"/>
          <Porc_Votos_Validos V="046,97"/>
          <Votos_No_Marcados V="1499"/>
          <Porc_Votos_No_Marcados V="025,94"/>
          <Votos_Nulos V="1565"/>
          <Porc_Votos_Nulos V="027,08"/>
        </lin>
        <lin>
          <Pregunta V="005"/>
          <Total_Sufragantes V="5778"/>
          <Porc_Sufragantes V="100,00"/>
          <Abstencion V="0"/>
          <Porc_Abstencion V="000,00"/>
          <Votos_Validos V="3084"/>
          <Porc_Votos_Validos V="053,37"/>
          <Votos_No_Marcados V="1536"/>
          <Porc_Votos_No_Marcados V="026,58"/>
          <Votos_Nulos V="1158"/>
          <Porc_Votos_Nulos V="020,04"/>
        </lin>
        <lin>
          <Pregunta V="006"/>
          <Total_Sufragantes V="5778"/>
          <Porc_Sufragantes V="100,00"/>
          <Abstencion V="0"/>
          <Porc_Abstencion V="000,00"/>
          <Votos_Validos V="3023"/>
          <Porc_Votos_Validos V="052,31"/>
          <Votos_No_Marcados V="1234"/>
          <Porc_Votos_No_Marcados V="021,35"/>
          <Votos_Nulos V="1521"/>
          <Porc_Votos_Nulos V="026,32"/>
        </lin>
        <lin>
          <Pregunta V="007"/>
          <Total_Sufragantes V="5778"/>
          <Porc_Sufragantes V="100,00"/>
          <Abstencion V="0"/>
          <Porc_Abstencion V="000,00"/>
          <Votos_Validos V="2824"/>
          <Porc_Votos_Validos V="048,87"/>
          <Votos_No_Marcados V="1189"/>
          <Porc_Votos_No_Marcados V="020,57"/>
          <Votos_Nulos V="1765"/>
          <Porc_Votos_Nulos V="030,54"/>
        </lin>
      </Detalle_Pregunta>
      <Detalle_Opcion>
        <lin>
          <Opcion V="001"/>
          <Votos V="1489"/>
          <Porc V="049,07"/>
          <Pregunta V="001"/>
        </lin>
        <lin>
          <Opcion V="002"/>
          <Votos V="1545"/>
          <Porc V="050,92"/>
          <Pregunta V="001"/>
        </lin>
        <lin>
          <Opcion V="001"/>
          <Votos V="1598"/>
          <Porc V="057,64"/>
          <Pregunta V="002"/>
        </lin>
        <lin>
          <Opcion V="002"/>
          <Votos V="1174"/>
          <Porc V="042,35"/>
          <Pregunta V="002"/>
        </lin>
        <lin>
          <Opcion V="001"/>
          <Votos V="1577"/>
          <Porc V="049,28"/>
          <Pregunta V="003"/>
        </lin>
        <lin>
          <Opcion V="002"/>
          <Votos V="1623"/>
          <Porc V="050,71"/>
          <Pregunta V="003"/>
        </lin>
        <lin>
          <Opcion V="001"/>
          <Votos V="1127"/>
          <Porc V="041,52"/>
          <Pregunta V="004"/>
        </lin>
        <lin>
          <Opcion V="002"/>
          <Votos V="1587"/>
          <Porc V="058,47"/>
          <Pregunta V="004"/>
        </lin>
        <lin>
          <Opcion V="001"/>
          <Votos V="1658"/>
          <Porc V="053,76"/>
          <Pregunta V="005"/>
        </lin>
        <lin>
          <Opcion V="002"/>
          <Votos V="1426"/>
          <Porc V="046,23"/>
          <Pregunta V="005"/>
        </lin>
        <lin>
          <Opcion V="001"/>
          <Votos V="1454"/>
          <Porc V="048,09"/>
          <Pregunta V="006"/>
        </lin>
        <lin>
          <Opcion V="002"/>
          <Votos V="1569"/>
          <Porc V="051,90"/>
          <Pregunta V="006"/>
        </lin>
        <lin>
          <Opcion V="001"/>
          <Votos V="1504"/>
          <Porc V="053,25"/>
          <Pregunta V="007"/>
        </lin>
        <lin>
          <Opcion V="002"/>
          <Votos V="1320"/>
          <Porc V="046,74"/>
          <Pregunta V="007"/>
        </lin>
      </Detalle_Opcion>
    </lin>
  </Detalle_Circunscripcion>
</Boletin>
</Boletin_Consolidado>