<Boletin_Consolidado><Boletin>
  <Numero V="0008"/>
  <Boletin_Departamental V="0012"/>
  <Tipo_Boletin V="DEPARTAMENTAL"/>
  <Desc_Corporacion V="CONSULTA POPULAR"/>
  <Departamento V="12"/>
  <Desc_Departamento V="CESAR"/>
  <Municipio V="625"/>
  <Desc_Municipio V="MANAURE BALCON DEL CESAR (MANA"/>
  <Dia V="21"/>
  <Mes V="8"/>
  <Anio V="2018"/>
  <Hora V="14"/>
  <Minuto V="15"/>
  <Mesas_Instaladas V="23"/>
  <Mesas_Informadas V="23"/>
  <Porc_Mesas_Informadas V="100,00"/>
  <Potencial_Sufragantes V="7626"/>
  <Detalle_Circunscripcion>
    <lin>
      <Circunscripcion V="0"/>
      <Desc_Circunscripcion V="NACIONAL"/>
      <Detalle_Pregunta>
        <lin>
          <Pregunta V="001"/>
          <Total_Sufragantes V="7626"/>
          <Porc_Sufragantes V="100,00"/>
          <Abstencion V="0"/>
          <Porc_Abstencion V="000,00"/>
          <Votos_Validos V="3930"/>
          <Porc_Votos_Validos V="051,53"/>
          <Votos_No_Marcados V="1727"/>
          <Porc_Votos_No_Marcados V="022,64"/>
          <Votos_Nulos V="1969"/>
          <Porc_Votos_Nulos V="025,81"/>
        </lin>
        <lin>
          <Pregunta V="002"/>
          <Total_Sufragantes V="7626"/>
          <Porc_Sufragantes V="100,00"/>
          <Abstencion V="0"/>
          <Porc_Abstencion V="000,00"/>
          <Votos_Validos V="3932"/>
          <Porc_Votos_Validos V="051,56"/>
          <Votos_No_Marcados V="2105"/>
          <Porc_Votos_No_Marcados V="027,60"/>
          <Votos_Nulos V="1589"/>
          <Porc_Votos_Nulos V="020,83"/>
        </lin>
        <lin>
          <Pregunta V="003"/>
          <Total_Sufragantes V="7626"/>
          <Porc_Sufragantes V="100,00"/>
          <Abstencion V="0"/>
          <Porc_Abstencion V="000,00"/>
          <Votos_Validos V="4290"/>
          <Porc_Votos_Validos V="056,25"/>
          <Votos_No_Marcados V="1399"/>
          <Porc_Votos_No_Marcados V="018,34"/>
          <Votos_Nulos V="1937"/>
          <Porc_Votos_Nulos V="025,39"/>
        </lin>
        <lin>
          <Pregunta V="004"/>
          <Total_Sufragantes V="7626"/>
          <Porc_Sufragantes V="100,00"/>
          <Abstencion V="0"/>
          <Porc_Abstencion V="000,00"/>
          <Votos_Validos V="3797"/>
          <Porc_Votos_Validos V="049,79"/>
          <Votos_No_Marcados V="2037"/>
          <Porc_Votos_No_Marcados V="026,71"/>
          <Votos_Nulos V="1792"/>
          <Porc_Votos_Nulos V="023,49"/>
        </lin>
        <lin>
          <Pregunta V="005"/>
          <Total_Sufragantes V="7626"/>
          <Porc_Sufragantes V="100,00"/>
          <Abstencion V="0"/>
          <Porc_Abstencion V="000,00"/>
          <Votos_Validos V="3558"/>
          <Porc_Votos_Validos V="046,65"/>
          <Votos_No_Marcados V="1844"/>
          <Porc_Votos_No_Marcados V="024,18"/>
          <Votos_Nulos V="2224"/>
          <Porc_Votos_Nulos V="029,16"/>
        </lin>
        <lin>
          <Pregunta V="006"/>
          <Total_Sufragantes V="7626"/>
          <Porc_Sufragantes V="100,00"/>
          <Abstencion V="0"/>
          <Porc_Abstencion V="000,00"/>
          <Votos_Validos V="3454"/>
          <Porc_Votos_Validos V="045,29"/>
          <Votos_No_Marcados V="1658"/>
          <Porc_Votos_No_Marcados V="021,74"/>
          <Votos_Nulos V="2514"/>
          <Porc_Votos_Nulos V="032,96"/>
        </lin>
        <lin>
          <Pregunta V="007"/>
          <Total_Sufragantes V="7626"/>
          <Porc_Sufragantes V="100,00"/>
          <Abstencion V="0"/>
          <Porc_Abstencion V="000,00"/>
          <Votos_Validos V="3908"/>
          <Porc_Votos_Validos V="051,24"/>
          <Votos_No_Marcados V="1864"/>
          <Porc_Votos_No_Marcados V="024,44"/>
          <Votos_Nulos V="1854"/>
          <Porc_Votos_Nulos V="024,31"/>
        </lin>
      </Detalle_Pregunta>
      <Detalle_Opcion>
        <lin>
          <Opcion V="001"/>
          <Votos V="2344"/>
          <Porc V="059,64"/>
          <Pregunta V="001"/>
        </lin>
        <lin>
          <Opcion V="002"/>
          <Votos V="1586"/>
          <Porc V="040,35"/>
          <Pregunta V="001"/>
        </lin>
        <lin>
          <Opcion V="001"/>
          <Votos V="2295"/>
          <Porc V="058,36"/>
          <Pregunta V="002"/>
        </lin>
        <lin>
          <Opcion V="002"/>
          <Votos V="1637"/>
          <Porc V="041,63"/>
          <Pregunta V="002"/>
        </lin>
        <lin>
          <Opcion V="001"/>
          <Votos V="1794"/>
          <Porc V="041,81"/>
          <Pregunta V="003"/>
        </lin>
        <lin>
          <Opcion V="002"/>
          <Votos V="2496"/>
          <Porc V="058,18"/>
          <Pregunta V="003"/>
        </lin>
        <lin>
          <Opcion V="001"/>
          <Votos V="2085"/>
          <Porc V="054,91"/>
          <Pregunta V="004"/>
        </lin>
        <lin>
          <Opcion V="002"/>
          <Votos V="1712"/>
          <Porc V="045,08"/>
          <Pregunta V="004"/>
        </lin>
        <lin>
          <Opcion V="001"/>
          <Votos V="1667"/>
          <Porc V="046,85"/>
          <Pregunta V="005"/>
        </lin>
        <lin>
          <Opcion V="002"/>
          <Votos V="1891"/>
          <Porc V="053,14"/>
          <Pregunta V="005"/>
        </lin>
        <lin>
          <Opcion V="001"/>
          <Votos V="1949"/>
          <Porc V="056,42"/>
          <Pregunta V="006"/>
        </lin>
        <lin>
          <Opcion V="002"/>
          <Votos V="1505"/>
          <Porc V="043,57"/>
          <Pregunta V="006"/>
        </lin>
        <lin>
          <Opcion V="001"/>
          <Votos V="1930"/>
          <Porc V="049,38"/>
          <Pregunta V="007"/>
        </lin>
        <lin>
          <Opcion V="002"/>
          <Votos V="1978"/>
          <Porc V="050,61"/>
          <Pregunta V="007"/>
        </lin>
      </Detalle_Opcion>
    </lin>
  </Detalle_Circunscripcion>
</Boletin>
</Boletin_Consolidado>