<Boletin_Consolidado><Boletin>
  <Numero V="0008"/>
  <Boletin_Departamental V="0012"/>
  <Tipo_Boletin V="DEPARTAMENTAL"/>
  <Desc_Corporacion V="CONSULTA POPULAR"/>
  <Departamento V="05"/>
  <Desc_Departamento V="BOLIVAR"/>
  <Municipio V="106"/>
  <Desc_Municipio V="SOPLAVIENTO"/>
  <Dia V="21"/>
  <Mes V="8"/>
  <Anio V="2018"/>
  <Hora V="14"/>
  <Minuto V="15"/>
  <Mesas_Instaladas V="22"/>
  <Mesas_Informadas V="22"/>
  <Porc_Mesas_Informadas V="100,00"/>
  <Potencial_Sufragantes V="8307"/>
  <Detalle_Circunscripcion>
    <lin>
      <Circunscripcion V="0"/>
      <Desc_Circunscripcion V="NACIONAL"/>
      <Detalle_Pregunta>
        <lin>
          <Pregunta V="001"/>
          <Total_Sufragantes V="8307"/>
          <Porc_Sufragantes V="100,00"/>
          <Abstencion V="0"/>
          <Porc_Abstencion V="000,00"/>
          <Votos_Validos V="4141"/>
          <Porc_Votos_Validos V="049,84"/>
          <Votos_No_Marcados V="1940"/>
          <Porc_Votos_No_Marcados V="023,35"/>
          <Votos_Nulos V="2226"/>
          <Porc_Votos_Nulos V="026,79"/>
        </lin>
        <lin>
          <Pregunta V="002"/>
          <Total_Sufragantes V="8307"/>
          <Porc_Sufragantes V="100,00"/>
          <Abstencion V="0"/>
          <Porc_Abstencion V="000,00"/>
          <Votos_Validos V="4341"/>
          <Porc_Votos_Validos V="052,25"/>
          <Votos_No_Marcados V="1805"/>
          <Porc_Votos_No_Marcados V="021,72"/>
          <Votos_Nulos V="2161"/>
          <Porc_Votos_Nulos V="026,01"/>
        </lin>
        <lin>
          <Pregunta V="003"/>
          <Total_Sufragantes V="8307"/>
          <Porc_Sufragantes V="100,00"/>
          <Abstencion V="0"/>
          <Porc_Abstencion V="000,00"/>
          <Votos_Validos V="3854"/>
          <Porc_Votos_Validos V="046,39"/>
          <Votos_No_Marcados V="2448"/>
          <Porc_Votos_No_Marcados V="029,46"/>
          <Votos_Nulos V="2005"/>
          <Porc_Votos_Nulos V="024,13"/>
        </lin>
        <lin>
          <Pregunta V="004"/>
          <Total_Sufragantes V="8307"/>
          <Porc_Sufragantes V="100,00"/>
          <Abstencion V="0"/>
          <Porc_Abstencion V="000,00"/>
          <Votos_Validos V="3848"/>
          <Porc_Votos_Validos V="046,32"/>
          <Votos_No_Marcados V="1789"/>
          <Porc_Votos_No_Marcados V="021,53"/>
          <Votos_Nulos V="2670"/>
          <Porc_Votos_Nulos V="032,14"/>
        </lin>
        <lin>
          <Pregunta V="005"/>
          <Total_Sufragantes V="8307"/>
          <Porc_Sufragantes V="100,00"/>
          <Abstencion V="0"/>
          <Porc_Abstencion V="000,00"/>
          <Votos_Validos V="4403"/>
          <Porc_Votos_Validos V="053,00"/>
          <Votos_No_Marcados V="2500"/>
          <Porc_Votos_No_Marcados V="030,09"/>
          <Votos_Nulos V="1404"/>
          <Porc_Votos_Nulos V="016,90"/>
        </lin>
        <lin>
          <Pregunta V="006"/>
          <Total_Sufragantes V="8307"/>
          <Porc_Sufragantes V="100,00"/>
          <Abstencion V="0"/>
          <Porc_Abstencion V="000,00"/>
          <Votos_Validos V="3790"/>
          <Porc_Votos_Validos V="045,62"/>
          <Votos_No_Marcados V="2549"/>
          <Porc_Votos_No_Marcados V="030,68"/>
          <Votos_Nulos V="1968"/>
          <Porc_Votos_Nulos V="023,69"/>
        </lin>
        <lin>
          <Pregunta V="007"/>
          <Total_Sufragantes V="8307"/>
          <Porc_Sufragantes V="100,00"/>
          <Abstencion V="0"/>
          <Porc_Abstencion V="000,00"/>
          <Votos_Validos V="4424"/>
          <Porc_Votos_Validos V="053,25"/>
          <Votos_No_Marcados V="1594"/>
          <Porc_Votos_No_Marcados V="019,18"/>
          <Votos_Nulos V="2289"/>
          <Porc_Votos_Nulos V="027,55"/>
        </lin>
      </Detalle_Pregunta>
      <Detalle_Opcion>
        <lin>
          <Opcion V="001"/>
          <Votos V="2004"/>
          <Porc V="048,39"/>
          <Pregunta V="001"/>
        </lin>
        <lin>
          <Opcion V="002"/>
          <Votos V="2137"/>
          <Porc V="051,60"/>
          <Pregunta V="001"/>
        </lin>
        <lin>
          <Opcion V="001"/>
          <Votos V="2153"/>
          <Porc V="049,59"/>
          <Pregunta V="002"/>
        </lin>
        <lin>
          <Opcion V="002"/>
          <Votos V="2188"/>
          <Porc V="050,40"/>
          <Pregunta V="002"/>
        </lin>
        <lin>
          <Opcion V="001"/>
          <Votos V="2048"/>
          <Porc V="053,13"/>
          <Pregunta V="003"/>
        </lin>
        <lin>
          <Opcion V="002"/>
          <Votos V="1806"/>
          <Porc V="046,86"/>
          <Pregunta V="003"/>
        </lin>
        <lin>
          <Opcion V="001"/>
          <Votos V="1967"/>
          <Porc V="051,11"/>
          <Pregunta V="004"/>
        </lin>
        <lin>
          <Opcion V="002"/>
          <Votos V="1881"/>
          <Porc V="048,88"/>
          <Pregunta V="004"/>
        </lin>
        <lin>
          <Opcion V="001"/>
          <Votos V="2231"/>
          <Porc V="050,66"/>
          <Pregunta V="005"/>
        </lin>
        <lin>
          <Opcion V="002"/>
          <Votos V="2172"/>
          <Porc V="049,33"/>
          <Pregunta V="005"/>
        </lin>
        <lin>
          <Opcion V="001"/>
          <Votos V="1949"/>
          <Porc V="051,42"/>
          <Pregunta V="006"/>
        </lin>
        <lin>
          <Opcion V="002"/>
          <Votos V="1841"/>
          <Porc V="048,57"/>
          <Pregunta V="006"/>
        </lin>
        <lin>
          <Opcion V="001"/>
          <Votos V="1868"/>
          <Porc V="042,22"/>
          <Pregunta V="007"/>
        </lin>
        <lin>
          <Opcion V="002"/>
          <Votos V="2556"/>
          <Porc V="057,77"/>
          <Pregunta V="007"/>
        </lin>
      </Detalle_Opcion>
    </lin>
  </Detalle_Circunscripcion>
</Boletin>
</Boletin_Consolidado>