<Boletin_Consolidado><Boletin>
  <Numero V="0008"/>
  <Boletin_Departamental V="0011"/>
  <Tipo_Boletin V="DEPARTAMENTAL"/>
  <Desc_Corporacion V="CONSULTA POPULAR"/>
  <Departamento V="15"/>
  <Desc_Departamento V="CUNDINAMARCA"/>
  <Municipio V="022"/>
  <Desc_Municipio V="BITUIMA"/>
  <Dia V="21"/>
  <Mes V="8"/>
  <Anio V="2018"/>
  <Hora V="14"/>
  <Minuto V="15"/>
  <Mesas_Instaladas V="9"/>
  <Mesas_Informadas V="9"/>
  <Porc_Mesas_Informadas V="100,00"/>
  <Potencial_Sufragantes V="2798"/>
  <Detalle_Circunscripcion>
    <lin>
      <Circunscripcion V="0"/>
      <Desc_Circunscripcion V="NACIONAL"/>
      <Detalle_Pregunta>
        <lin>
          <Pregunta V="001"/>
          <Total_Sufragantes V="2798"/>
          <Porc_Sufragantes V="100,00"/>
          <Abstencion V="0"/>
          <Porc_Abstencion V="000,00"/>
          <Votos_Validos V="1235"/>
          <Porc_Votos_Validos V="044,13"/>
          <Votos_No_Marcados V="777"/>
          <Porc_Votos_No_Marcados V="027,76"/>
          <Votos_Nulos V="786"/>
          <Porc_Votos_Nulos V="028,09"/>
        </lin>
        <lin>
          <Pregunta V="002"/>
          <Total_Sufragantes V="2798"/>
          <Porc_Sufragantes V="100,00"/>
          <Abstencion V="0"/>
          <Porc_Abstencion V="000,00"/>
          <Votos_Validos V="1540"/>
          <Porc_Votos_Validos V="055,03"/>
          <Votos_No_Marcados V="873"/>
          <Porc_Votos_No_Marcados V="031,20"/>
          <Votos_Nulos V="385"/>
          <Porc_Votos_Nulos V="013,75"/>
        </lin>
        <lin>
          <Pregunta V="003"/>
          <Total_Sufragantes V="2798"/>
          <Porc_Sufragantes V="100,00"/>
          <Abstencion V="0"/>
          <Porc_Abstencion V="000,00"/>
          <Votos_Validos V="1320"/>
          <Porc_Votos_Validos V="047,17"/>
          <Votos_No_Marcados V="526"/>
          <Porc_Votos_No_Marcados V="018,79"/>
          <Votos_Nulos V="952"/>
          <Porc_Votos_Nulos V="034,02"/>
        </lin>
        <lin>
          <Pregunta V="004"/>
          <Total_Sufragantes V="2798"/>
          <Porc_Sufragantes V="100,00"/>
          <Abstencion V="0"/>
          <Porc_Abstencion V="000,00"/>
          <Votos_Validos V="1092"/>
          <Porc_Votos_Validos V="039,02"/>
          <Votos_No_Marcados V="814"/>
          <Porc_Votos_No_Marcados V="029,09"/>
          <Votos_Nulos V="892"/>
          <Porc_Votos_Nulos V="031,87"/>
        </lin>
        <lin>
          <Pregunta V="005"/>
          <Total_Sufragantes V="2798"/>
          <Porc_Sufragantes V="100,00"/>
          <Abstencion V="0"/>
          <Porc_Abstencion V="000,00"/>
          <Votos_Validos V="1167"/>
          <Porc_Votos_Validos V="041,70"/>
          <Votos_No_Marcados V="1027"/>
          <Porc_Votos_No_Marcados V="036,70"/>
          <Votos_Nulos V="604"/>
          <Porc_Votos_Nulos V="021,58"/>
        </lin>
        <lin>
          <Pregunta V="006"/>
          <Total_Sufragantes V="2798"/>
          <Porc_Sufragantes V="100,00"/>
          <Abstencion V="0"/>
          <Porc_Abstencion V="000,00"/>
          <Votos_Validos V="1423"/>
          <Porc_Votos_Validos V="050,85"/>
          <Votos_No_Marcados V="596"/>
          <Porc_Votos_No_Marcados V="021,30"/>
          <Votos_Nulos V="779"/>
          <Porc_Votos_Nulos V="027,84"/>
        </lin>
        <lin>
          <Pregunta V="007"/>
          <Total_Sufragantes V="2798"/>
          <Porc_Sufragantes V="100,00"/>
          <Abstencion V="0"/>
          <Porc_Abstencion V="000,00"/>
          <Votos_Validos V="1476"/>
          <Porc_Votos_Validos V="052,75"/>
          <Votos_No_Marcados V="664"/>
          <Porc_Votos_No_Marcados V="023,73"/>
          <Votos_Nulos V="658"/>
          <Porc_Votos_Nulos V="023,51"/>
        </lin>
      </Detalle_Pregunta>
      <Detalle_Opcion>
        <lin>
          <Opcion V="001"/>
          <Votos V="629"/>
          <Porc V="050,93"/>
          <Pregunta V="001"/>
        </lin>
        <lin>
          <Opcion V="002"/>
          <Votos V="606"/>
          <Porc V="049,06"/>
          <Pregunta V="001"/>
        </lin>
        <lin>
          <Opcion V="001"/>
          <Votos V="661"/>
          <Porc V="042,92"/>
          <Pregunta V="002"/>
        </lin>
        <lin>
          <Opcion V="002"/>
          <Votos V="879"/>
          <Porc V="057,07"/>
          <Pregunta V="002"/>
        </lin>
        <lin>
          <Opcion V="001"/>
          <Votos V="842"/>
          <Porc V="063,78"/>
          <Pregunta V="003"/>
        </lin>
        <lin>
          <Opcion V="002"/>
          <Votos V="478"/>
          <Porc V="036,21"/>
          <Pregunta V="003"/>
        </lin>
        <lin>
          <Opcion V="001"/>
          <Votos V="531"/>
          <Porc V="048,62"/>
          <Pregunta V="004"/>
        </lin>
        <lin>
          <Opcion V="002"/>
          <Votos V="561"/>
          <Porc V="051,37"/>
          <Pregunta V="004"/>
        </lin>
        <lin>
          <Opcion V="001"/>
          <Votos V="633"/>
          <Porc V="054,24"/>
          <Pregunta V="005"/>
        </lin>
        <lin>
          <Opcion V="002"/>
          <Votos V="534"/>
          <Porc V="045,75"/>
          <Pregunta V="005"/>
        </lin>
        <lin>
          <Opcion V="001"/>
          <Votos V="690"/>
          <Porc V="048,48"/>
          <Pregunta V="006"/>
        </lin>
        <lin>
          <Opcion V="002"/>
          <Votos V="733"/>
          <Porc V="051,51"/>
          <Pregunta V="006"/>
        </lin>
        <lin>
          <Opcion V="001"/>
          <Votos V="925"/>
          <Porc V="062,66"/>
          <Pregunta V="007"/>
        </lin>
        <lin>
          <Opcion V="002"/>
          <Votos V="551"/>
          <Porc V="037,33"/>
          <Pregunta V="007"/>
        </lin>
      </Detalle_Opcion>
    </lin>
  </Detalle_Circunscripcion>
</Boletin>
</Boletin_Consolidado>