<Boletin_Consolidado><Boletin>
  <Numero V="0008"/>
  <Boletin_Departamental V="0012"/>
  <Tipo_Boletin V="DEPARTAMENTAL"/>
  <Desc_Corporacion V="CONSULTA POPULAR"/>
  <Departamento V="09"/>
  <Desc_Departamento V="CALDAS"/>
  <Municipio V="106"/>
  <Desc_Municipio V="RISARALDA"/>
  <Dia V="21"/>
  <Mes V="8"/>
  <Anio V="2018"/>
  <Hora V="14"/>
  <Minuto V="15"/>
  <Mesas_Instaladas V="30"/>
  <Mesas_Informadas V="30"/>
  <Porc_Mesas_Informadas V="100,00"/>
  <Potencial_Sufragantes V="10580"/>
  <Detalle_Circunscripcion>
    <lin>
      <Circunscripcion V="0"/>
      <Desc_Circunscripcion V="NACIONAL"/>
      <Detalle_Pregunta>
        <lin>
          <Pregunta V="001"/>
          <Total_Sufragantes V="10580"/>
          <Porc_Sufragantes V="100,00"/>
          <Abstencion V="0"/>
          <Porc_Abstencion V="000,00"/>
          <Votos_Validos V="4801"/>
          <Porc_Votos_Validos V="045,37"/>
          <Votos_No_Marcados V="2678"/>
          <Porc_Votos_No_Marcados V="025,31"/>
          <Votos_Nulos V="3101"/>
          <Porc_Votos_Nulos V="029,31"/>
        </lin>
        <lin>
          <Pregunta V="002"/>
          <Total_Sufragantes V="10580"/>
          <Porc_Sufragantes V="100,00"/>
          <Abstencion V="0"/>
          <Porc_Abstencion V="000,00"/>
          <Votos_Validos V="5216"/>
          <Porc_Votos_Validos V="049,30"/>
          <Votos_No_Marcados V="2861"/>
          <Porc_Votos_No_Marcados V="027,04"/>
          <Votos_Nulos V="2503"/>
          <Porc_Votos_Nulos V="023,65"/>
        </lin>
        <lin>
          <Pregunta V="003"/>
          <Total_Sufragantes V="10580"/>
          <Porc_Sufragantes V="100,00"/>
          <Abstencion V="0"/>
          <Porc_Abstencion V="000,00"/>
          <Votos_Validos V="4839"/>
          <Porc_Votos_Validos V="045,73"/>
          <Votos_No_Marcados V="2760"/>
          <Porc_Votos_No_Marcados V="026,08"/>
          <Votos_Nulos V="2981"/>
          <Porc_Votos_Nulos V="028,17"/>
        </lin>
        <lin>
          <Pregunta V="004"/>
          <Total_Sufragantes V="10580"/>
          <Porc_Sufragantes V="100,00"/>
          <Abstencion V="0"/>
          <Porc_Abstencion V="000,00"/>
          <Votos_Validos V="5029"/>
          <Porc_Votos_Validos V="047,53"/>
          <Votos_No_Marcados V="2909"/>
          <Porc_Votos_No_Marcados V="027,49"/>
          <Votos_Nulos V="2642"/>
          <Porc_Votos_Nulos V="024,97"/>
        </lin>
        <lin>
          <Pregunta V="005"/>
          <Total_Sufragantes V="10580"/>
          <Porc_Sufragantes V="100,00"/>
          <Abstencion V="0"/>
          <Porc_Abstencion V="000,00"/>
          <Votos_Validos V="5584"/>
          <Porc_Votos_Validos V="052,77"/>
          <Votos_No_Marcados V="2525"/>
          <Porc_Votos_No_Marcados V="023,86"/>
          <Votos_Nulos V="2471"/>
          <Porc_Votos_Nulos V="023,35"/>
        </lin>
        <lin>
          <Pregunta V="006"/>
          <Total_Sufragantes V="10580"/>
          <Porc_Sufragantes V="100,00"/>
          <Abstencion V="0"/>
          <Porc_Abstencion V="000,00"/>
          <Votos_Validos V="4619"/>
          <Porc_Votos_Validos V="043,65"/>
          <Votos_No_Marcados V="3155"/>
          <Porc_Votos_No_Marcados V="029,82"/>
          <Votos_Nulos V="2806"/>
          <Porc_Votos_Nulos V="026,52"/>
        </lin>
        <lin>
          <Pregunta V="007"/>
          <Total_Sufragantes V="10580"/>
          <Porc_Sufragantes V="100,00"/>
          <Abstencion V="0"/>
          <Porc_Abstencion V="000,00"/>
          <Votos_Validos V="5145"/>
          <Porc_Votos_Validos V="048,62"/>
          <Votos_No_Marcados V="2378"/>
          <Porc_Votos_No_Marcados V="022,47"/>
          <Votos_Nulos V="3057"/>
          <Porc_Votos_Nulos V="028,89"/>
        </lin>
      </Detalle_Pregunta>
      <Detalle_Opcion>
        <lin>
          <Opcion V="001"/>
          <Votos V="2022"/>
          <Porc V="042,11"/>
          <Pregunta V="001"/>
        </lin>
        <lin>
          <Opcion V="002"/>
          <Votos V="2779"/>
          <Porc V="057,88"/>
          <Pregunta V="001"/>
        </lin>
        <lin>
          <Opcion V="001"/>
          <Votos V="2922"/>
          <Porc V="056,01"/>
          <Pregunta V="002"/>
        </lin>
        <lin>
          <Opcion V="002"/>
          <Votos V="2294"/>
          <Porc V="043,98"/>
          <Pregunta V="002"/>
        </lin>
        <lin>
          <Opcion V="001"/>
          <Votos V="2270"/>
          <Porc V="046,91"/>
          <Pregunta V="003"/>
        </lin>
        <lin>
          <Opcion V="002"/>
          <Votos V="2569"/>
          <Porc V="053,08"/>
          <Pregunta V="003"/>
        </lin>
        <lin>
          <Opcion V="001"/>
          <Votos V="2316"/>
          <Porc V="046,05"/>
          <Pregunta V="004"/>
        </lin>
        <lin>
          <Opcion V="002"/>
          <Votos V="2713"/>
          <Porc V="053,94"/>
          <Pregunta V="004"/>
        </lin>
        <lin>
          <Opcion V="001"/>
          <Votos V="2783"/>
          <Porc V="049,83"/>
          <Pregunta V="005"/>
        </lin>
        <lin>
          <Opcion V="002"/>
          <Votos V="2801"/>
          <Porc V="050,16"/>
          <Pregunta V="005"/>
        </lin>
        <lin>
          <Opcion V="001"/>
          <Votos V="2798"/>
          <Porc V="060,57"/>
          <Pregunta V="006"/>
        </lin>
        <lin>
          <Opcion V="002"/>
          <Votos V="1821"/>
          <Porc V="039,42"/>
          <Pregunta V="006"/>
        </lin>
        <lin>
          <Opcion V="001"/>
          <Votos V="3260"/>
          <Porc V="063,36"/>
          <Pregunta V="007"/>
        </lin>
        <lin>
          <Opcion V="002"/>
          <Votos V="1885"/>
          <Porc V="036,63"/>
          <Pregunta V="007"/>
        </lin>
      </Detalle_Opcion>
    </lin>
  </Detalle_Circunscripcion>
</Boletin>
</Boletin_Consolidado>