<Boletin_Consolidado><Boletin>
  <Numero V="0008"/>
  <Boletin_Departamental V="0012"/>
  <Tipo_Boletin V="DEPARTAMENTAL"/>
  <Desc_Corporacion V="CONSULTA POPULAR"/>
  <Departamento V="01"/>
  <Desc_Departamento V="ANTIOQUIA"/>
  <Municipio V="121"/>
  <Desc_Municipio V="ENVIGADO"/>
  <Dia V="21"/>
  <Mes V="8"/>
  <Anio V="2018"/>
  <Hora V="14"/>
  <Minuto V="15"/>
  <Mesas_Instaladas V="611"/>
  <Mesas_Informadas V="611"/>
  <Porc_Mesas_Informadas V="100,00"/>
  <Potencial_Sufragantes V="241950"/>
  <Detalle_Circunscripcion>
    <lin>
      <Circunscripcion V="0"/>
      <Desc_Circunscripcion V="NACIONAL"/>
      <Detalle_Pregunta>
        <lin>
          <Pregunta V="001"/>
          <Total_Sufragantes V="241950"/>
          <Porc_Sufragantes V="100,00"/>
          <Abstencion V="0"/>
          <Porc_Abstencion V="000,00"/>
          <Votos_Validos V="123034"/>
          <Porc_Votos_Validos V="050,85"/>
          <Votos_No_Marcados V="57906"/>
          <Porc_Votos_No_Marcados V="023,93"/>
          <Votos_Nulos V="61010"/>
          <Porc_Votos_Nulos V="025,21"/>
        </lin>
        <lin>
          <Pregunta V="002"/>
          <Total_Sufragantes V="241950"/>
          <Porc_Sufragantes V="100,00"/>
          <Abstencion V="0"/>
          <Porc_Abstencion V="000,00"/>
          <Votos_Validos V="119944"/>
          <Porc_Votos_Validos V="049,57"/>
          <Votos_No_Marcados V="62313"/>
          <Porc_Votos_No_Marcados V="025,75"/>
          <Votos_Nulos V="59693"/>
          <Porc_Votos_Nulos V="024,67"/>
        </lin>
        <lin>
          <Pregunta V="003"/>
          <Total_Sufragantes V="241950"/>
          <Porc_Sufragantes V="100,00"/>
          <Abstencion V="0"/>
          <Porc_Abstencion V="000,00"/>
          <Votos_Validos V="120131"/>
          <Porc_Votos_Validos V="049,65"/>
          <Votos_No_Marcados V="61038"/>
          <Porc_Votos_No_Marcados V="025,22"/>
          <Votos_Nulos V="60781"/>
          <Porc_Votos_Nulos V="025,12"/>
        </lin>
        <lin>
          <Pregunta V="004"/>
          <Total_Sufragantes V="241950"/>
          <Porc_Sufragantes V="100,00"/>
          <Abstencion V="0"/>
          <Porc_Abstencion V="000,00"/>
          <Votos_Validos V="122052"/>
          <Porc_Votos_Validos V="050,44"/>
          <Votos_No_Marcados V="60851"/>
          <Porc_Votos_No_Marcados V="025,15"/>
          <Votos_Nulos V="59047"/>
          <Porc_Votos_Nulos V="024,40"/>
        </lin>
        <lin>
          <Pregunta V="005"/>
          <Total_Sufragantes V="241950"/>
          <Porc_Sufragantes V="100,00"/>
          <Abstencion V="0"/>
          <Porc_Abstencion V="000,00"/>
          <Votos_Validos V="121099"/>
          <Porc_Votos_Validos V="050,05"/>
          <Votos_No_Marcados V="59363"/>
          <Porc_Votos_No_Marcados V="024,53"/>
          <Votos_Nulos V="61488"/>
          <Porc_Votos_Nulos V="025,41"/>
        </lin>
        <lin>
          <Pregunta V="006"/>
          <Total_Sufragantes V="241950"/>
          <Porc_Sufragantes V="100,00"/>
          <Abstencion V="0"/>
          <Porc_Abstencion V="000,00"/>
          <Votos_Validos V="120533"/>
          <Porc_Votos_Validos V="049,81"/>
          <Votos_No_Marcados V="59792"/>
          <Porc_Votos_No_Marcados V="024,71"/>
          <Votos_Nulos V="61625"/>
          <Porc_Votos_Nulos V="025,47"/>
        </lin>
        <lin>
          <Pregunta V="007"/>
          <Total_Sufragantes V="241950"/>
          <Porc_Sufragantes V="100,00"/>
          <Abstencion V="0"/>
          <Porc_Abstencion V="000,00"/>
          <Votos_Validos V="120354"/>
          <Porc_Votos_Validos V="049,74"/>
          <Votos_No_Marcados V="60782"/>
          <Porc_Votos_No_Marcados V="025,12"/>
          <Votos_Nulos V="60814"/>
          <Porc_Votos_Nulos V="025,13"/>
        </lin>
      </Detalle_Pregunta>
      <Detalle_Opcion>
        <lin>
          <Opcion V="001"/>
          <Votos V="60641"/>
          <Porc V="049,28"/>
          <Pregunta V="001"/>
        </lin>
        <lin>
          <Opcion V="002"/>
          <Votos V="62393"/>
          <Porc V="050,71"/>
          <Pregunta V="001"/>
        </lin>
        <lin>
          <Opcion V="001"/>
          <Votos V="60493"/>
          <Porc V="050,43"/>
          <Pregunta V="002"/>
        </lin>
        <lin>
          <Opcion V="002"/>
          <Votos V="59451"/>
          <Porc V="049,56"/>
          <Pregunta V="002"/>
        </lin>
        <lin>
          <Opcion V="001"/>
          <Votos V="61357"/>
          <Porc V="051,07"/>
          <Pregunta V="003"/>
        </lin>
        <lin>
          <Opcion V="002"/>
          <Votos V="58774"/>
          <Porc V="048,92"/>
          <Pregunta V="003"/>
        </lin>
        <lin>
          <Opcion V="001"/>
          <Votos V="59755"/>
          <Porc V="048,95"/>
          <Pregunta V="004"/>
        </lin>
        <lin>
          <Opcion V="002"/>
          <Votos V="62297"/>
          <Porc V="051,04"/>
          <Pregunta V="004"/>
        </lin>
        <lin>
          <Opcion V="001"/>
          <Votos V="60582"/>
          <Porc V="050,02"/>
          <Pregunta V="005"/>
        </lin>
        <lin>
          <Opcion V="002"/>
          <Votos V="60517"/>
          <Porc V="049,97"/>
          <Pregunta V="005"/>
        </lin>
        <lin>
          <Opcion V="001"/>
          <Votos V="59064"/>
          <Porc V="049,00"/>
          <Pregunta V="006"/>
        </lin>
        <lin>
          <Opcion V="002"/>
          <Votos V="61469"/>
          <Porc V="050,99"/>
          <Pregunta V="006"/>
        </lin>
        <lin>
          <Opcion V="001"/>
          <Votos V="61146"/>
          <Porc V="050,80"/>
          <Pregunta V="007"/>
        </lin>
        <lin>
          <Opcion V="002"/>
          <Votos V="59208"/>
          <Porc V="049,19"/>
          <Pregunta V="007"/>
        </lin>
      </Detalle_Opcion>
    </lin>
  </Detalle_Circunscripcion>
</Boletin>
</Boletin_Consolidado>