<Boletin_Consolidado><Boletin>
  <Numero V="0008"/>
  <Boletin_Departamental V="0012"/>
  <Tipo_Boletin V="DEPARTAMENTAL"/>
  <Desc_Corporacion V="CONSULTA POPULAR"/>
  <Departamento V="05"/>
  <Desc_Departamento V="BOLIVAR"/>
  <Municipio V="082"/>
  <Desc_Municipio V="SAN MARTIN DE LOBA"/>
  <Dia V="21"/>
  <Mes V="8"/>
  <Anio V="2018"/>
  <Hora V="14"/>
  <Minuto V="15"/>
  <Mesas_Instaladas V="32"/>
  <Mesas_Informadas V="32"/>
  <Porc_Mesas_Informadas V="100,00"/>
  <Potencial_Sufragantes V="11171"/>
  <Detalle_Circunscripcion>
    <lin>
      <Circunscripcion V="0"/>
      <Desc_Circunscripcion V="NACIONAL"/>
      <Detalle_Pregunta>
        <lin>
          <Pregunta V="001"/>
          <Total_Sufragantes V="11171"/>
          <Porc_Sufragantes V="100,00"/>
          <Abstencion V="0"/>
          <Porc_Abstencion V="000,00"/>
          <Votos_Validos V="6025"/>
          <Porc_Votos_Validos V="053,93"/>
          <Votos_No_Marcados V="2669"/>
          <Porc_Votos_No_Marcados V="023,89"/>
          <Votos_Nulos V="2477"/>
          <Porc_Votos_Nulos V="022,17"/>
        </lin>
        <lin>
          <Pregunta V="002"/>
          <Total_Sufragantes V="11171"/>
          <Porc_Sufragantes V="100,00"/>
          <Abstencion V="0"/>
          <Porc_Abstencion V="000,00"/>
          <Votos_Validos V="4702"/>
          <Porc_Votos_Validos V="042,09"/>
          <Votos_No_Marcados V="3067"/>
          <Porc_Votos_No_Marcados V="027,45"/>
          <Votos_Nulos V="3402"/>
          <Porc_Votos_Nulos V="030,45"/>
        </lin>
        <lin>
          <Pregunta V="003"/>
          <Total_Sufragantes V="11171"/>
          <Porc_Sufragantes V="100,00"/>
          <Abstencion V="0"/>
          <Porc_Abstencion V="000,00"/>
          <Votos_Validos V="6576"/>
          <Porc_Votos_Validos V="058,86"/>
          <Votos_No_Marcados V="2482"/>
          <Porc_Votos_No_Marcados V="022,21"/>
          <Votos_Nulos V="2113"/>
          <Porc_Votos_Nulos V="018,91"/>
        </lin>
        <lin>
          <Pregunta V="004"/>
          <Total_Sufragantes V="11171"/>
          <Porc_Sufragantes V="100,00"/>
          <Abstencion V="0"/>
          <Porc_Abstencion V="000,00"/>
          <Votos_Validos V="5480"/>
          <Porc_Votos_Validos V="049,05"/>
          <Votos_No_Marcados V="3061"/>
          <Porc_Votos_No_Marcados V="027,40"/>
          <Votos_Nulos V="2630"/>
          <Porc_Votos_Nulos V="023,54"/>
        </lin>
        <lin>
          <Pregunta V="005"/>
          <Total_Sufragantes V="11171"/>
          <Porc_Sufragantes V="100,00"/>
          <Abstencion V="0"/>
          <Porc_Abstencion V="000,00"/>
          <Votos_Validos V="5577"/>
          <Porc_Votos_Validos V="049,92"/>
          <Votos_No_Marcados V="2809"/>
          <Porc_Votos_No_Marcados V="025,14"/>
          <Votos_Nulos V="2785"/>
          <Porc_Votos_Nulos V="024,93"/>
        </lin>
        <lin>
          <Pregunta V="006"/>
          <Total_Sufragantes V="11171"/>
          <Porc_Sufragantes V="100,00"/>
          <Abstencion V="0"/>
          <Porc_Abstencion V="000,00"/>
          <Votos_Validos V="5767"/>
          <Porc_Votos_Validos V="051,62"/>
          <Votos_No_Marcados V="2571"/>
          <Porc_Votos_No_Marcados V="023,01"/>
          <Votos_Nulos V="2833"/>
          <Porc_Votos_Nulos V="025,36"/>
        </lin>
        <lin>
          <Pregunta V="007"/>
          <Total_Sufragantes V="11171"/>
          <Porc_Sufragantes V="100,00"/>
          <Abstencion V="0"/>
          <Porc_Abstencion V="000,00"/>
          <Votos_Validos V="5963"/>
          <Porc_Votos_Validos V="053,37"/>
          <Votos_No_Marcados V="2145"/>
          <Porc_Votos_No_Marcados V="019,20"/>
          <Votos_Nulos V="3063"/>
          <Porc_Votos_Nulos V="027,41"/>
        </lin>
      </Detalle_Pregunta>
      <Detalle_Opcion>
        <lin>
          <Opcion V="001"/>
          <Votos V="2517"/>
          <Porc V="041,77"/>
          <Pregunta V="001"/>
        </lin>
        <lin>
          <Opcion V="002"/>
          <Votos V="3508"/>
          <Porc V="058,22"/>
          <Pregunta V="001"/>
        </lin>
        <lin>
          <Opcion V="001"/>
          <Votos V="2514"/>
          <Porc V="053,46"/>
          <Pregunta V="002"/>
        </lin>
        <lin>
          <Opcion V="002"/>
          <Votos V="2188"/>
          <Porc V="046,53"/>
          <Pregunta V="002"/>
        </lin>
        <lin>
          <Opcion V="001"/>
          <Votos V="3912"/>
          <Porc V="059,48"/>
          <Pregunta V="003"/>
        </lin>
        <lin>
          <Opcion V="002"/>
          <Votos V="2664"/>
          <Porc V="040,51"/>
          <Pregunta V="003"/>
        </lin>
        <lin>
          <Opcion V="001"/>
          <Votos V="2784"/>
          <Porc V="050,80"/>
          <Pregunta V="004"/>
        </lin>
        <lin>
          <Opcion V="002"/>
          <Votos V="2696"/>
          <Porc V="049,19"/>
          <Pregunta V="004"/>
        </lin>
        <lin>
          <Opcion V="001"/>
          <Votos V="2211"/>
          <Porc V="039,64"/>
          <Pregunta V="005"/>
        </lin>
        <lin>
          <Opcion V="002"/>
          <Votos V="3366"/>
          <Porc V="060,35"/>
          <Pregunta V="005"/>
        </lin>
        <lin>
          <Opcion V="001"/>
          <Votos V="3073"/>
          <Porc V="053,28"/>
          <Pregunta V="006"/>
        </lin>
        <lin>
          <Opcion V="002"/>
          <Votos V="2694"/>
          <Porc V="046,71"/>
          <Pregunta V="006"/>
        </lin>
        <lin>
          <Opcion V="001"/>
          <Votos V="2843"/>
          <Porc V="047,67"/>
          <Pregunta V="007"/>
        </lin>
        <lin>
          <Opcion V="002"/>
          <Votos V="3120"/>
          <Porc V="052,32"/>
          <Pregunta V="007"/>
        </lin>
      </Detalle_Opcion>
    </lin>
  </Detalle_Circunscripcion>
</Boletin>
</Boletin_Consolidado>