<Boletin_Consolidado><Boletin>
  <Numero V="0008"/>
  <Boletin_Departamental V="0011"/>
  <Tipo_Boletin V="DEPARTAMENTAL"/>
  <Desc_Corporacion V="CONSULTA POPULAR"/>
  <Departamento V="09"/>
  <Desc_Departamento V="CALDAS"/>
  <Municipio V="120"/>
  <Desc_Municipio V="SAN JOSE"/>
  <Dia V="21"/>
  <Mes V="8"/>
  <Anio V="2018"/>
  <Hora V="14"/>
  <Minuto V="15"/>
  <Mesas_Instaladas V="14"/>
  <Mesas_Informadas V="14"/>
  <Porc_Mesas_Informadas V="100,00"/>
  <Potencial_Sufragantes V="4988"/>
  <Detalle_Circunscripcion>
    <lin>
      <Circunscripcion V="0"/>
      <Desc_Circunscripcion V="NACIONAL"/>
      <Detalle_Pregunta>
        <lin>
          <Pregunta V="001"/>
          <Total_Sufragantes V="4988"/>
          <Porc_Sufragantes V="100,00"/>
          <Abstencion V="0"/>
          <Porc_Abstencion V="000,00"/>
          <Votos_Validos V="2536"/>
          <Porc_Votos_Validos V="050,84"/>
          <Votos_No_Marcados V="1439"/>
          <Porc_Votos_No_Marcados V="028,84"/>
          <Votos_Nulos V="1013"/>
          <Porc_Votos_Nulos V="020,30"/>
        </lin>
        <lin>
          <Pregunta V="002"/>
          <Total_Sufragantes V="4988"/>
          <Porc_Sufragantes V="100,00"/>
          <Abstencion V="0"/>
          <Porc_Abstencion V="000,00"/>
          <Votos_Validos V="2536"/>
          <Porc_Votos_Validos V="050,84"/>
          <Votos_No_Marcados V="1234"/>
          <Porc_Votos_No_Marcados V="024,73"/>
          <Votos_Nulos V="1218"/>
          <Porc_Votos_Nulos V="024,41"/>
        </lin>
        <lin>
          <Pregunta V="003"/>
          <Total_Sufragantes V="4988"/>
          <Porc_Sufragantes V="100,00"/>
          <Abstencion V="0"/>
          <Porc_Abstencion V="000,00"/>
          <Votos_Validos V="2406"/>
          <Porc_Votos_Validos V="048,23"/>
          <Votos_No_Marcados V="1346"/>
          <Porc_Votos_No_Marcados V="026,98"/>
          <Votos_Nulos V="1236"/>
          <Porc_Votos_Nulos V="024,77"/>
        </lin>
        <lin>
          <Pregunta V="004"/>
          <Total_Sufragantes V="4988"/>
          <Porc_Sufragantes V="100,00"/>
          <Abstencion V="0"/>
          <Porc_Abstencion V="000,00"/>
          <Votos_Validos V="2529"/>
          <Porc_Votos_Validos V="050,70"/>
          <Votos_No_Marcados V="981"/>
          <Porc_Votos_No_Marcados V="019,66"/>
          <Votos_Nulos V="1478"/>
          <Porc_Votos_Nulos V="029,63"/>
        </lin>
        <lin>
          <Pregunta V="005"/>
          <Total_Sufragantes V="4988"/>
          <Porc_Sufragantes V="100,00"/>
          <Abstencion V="0"/>
          <Porc_Abstencion V="000,00"/>
          <Votos_Validos V="2367"/>
          <Porc_Votos_Validos V="047,45"/>
          <Votos_No_Marcados V="1072"/>
          <Porc_Votos_No_Marcados V="021,49"/>
          <Votos_Nulos V="1549"/>
          <Porc_Votos_Nulos V="031,05"/>
        </lin>
        <lin>
          <Pregunta V="006"/>
          <Total_Sufragantes V="4988"/>
          <Porc_Sufragantes V="100,00"/>
          <Abstencion V="0"/>
          <Porc_Abstencion V="000,00"/>
          <Votos_Validos V="2813"/>
          <Porc_Votos_Validos V="056,39"/>
          <Votos_No_Marcados V="1100"/>
          <Porc_Votos_No_Marcados V="022,05"/>
          <Votos_Nulos V="1075"/>
          <Porc_Votos_Nulos V="021,55"/>
        </lin>
        <lin>
          <Pregunta V="007"/>
          <Total_Sufragantes V="4988"/>
          <Porc_Sufragantes V="100,00"/>
          <Abstencion V="0"/>
          <Porc_Abstencion V="000,00"/>
          <Votos_Validos V="2267"/>
          <Porc_Votos_Validos V="045,44"/>
          <Votos_No_Marcados V="1297"/>
          <Porc_Votos_No_Marcados V="026,00"/>
          <Votos_Nulos V="1424"/>
          <Porc_Votos_Nulos V="028,54"/>
        </lin>
      </Detalle_Pregunta>
      <Detalle_Opcion>
        <lin>
          <Opcion V="001"/>
          <Votos V="1355"/>
          <Porc V="053,43"/>
          <Pregunta V="001"/>
        </lin>
        <lin>
          <Opcion V="002"/>
          <Votos V="1181"/>
          <Porc V="046,56"/>
          <Pregunta V="001"/>
        </lin>
        <lin>
          <Opcion V="001"/>
          <Votos V="1214"/>
          <Porc V="047,87"/>
          <Pregunta V="002"/>
        </lin>
        <lin>
          <Opcion V="002"/>
          <Votos V="1322"/>
          <Porc V="052,12"/>
          <Pregunta V="002"/>
        </lin>
        <lin>
          <Opcion V="001"/>
          <Votos V="1258"/>
          <Porc V="052,28"/>
          <Pregunta V="003"/>
        </lin>
        <lin>
          <Opcion V="002"/>
          <Votos V="1148"/>
          <Porc V="047,71"/>
          <Pregunta V="003"/>
        </lin>
        <lin>
          <Opcion V="001"/>
          <Votos V="1364"/>
          <Porc V="053,93"/>
          <Pregunta V="004"/>
        </lin>
        <lin>
          <Opcion V="002"/>
          <Votos V="1165"/>
          <Porc V="046,06"/>
          <Pregunta V="004"/>
        </lin>
        <lin>
          <Opcion V="001"/>
          <Votos V="1210"/>
          <Porc V="051,11"/>
          <Pregunta V="005"/>
        </lin>
        <lin>
          <Opcion V="002"/>
          <Votos V="1157"/>
          <Porc V="048,88"/>
          <Pregunta V="005"/>
        </lin>
        <lin>
          <Opcion V="001"/>
          <Votos V="1397"/>
          <Porc V="049,66"/>
          <Pregunta V="006"/>
        </lin>
        <lin>
          <Opcion V="002"/>
          <Votos V="1416"/>
          <Porc V="050,33"/>
          <Pregunta V="006"/>
        </lin>
        <lin>
          <Opcion V="001"/>
          <Votos V="1342"/>
          <Porc V="059,19"/>
          <Pregunta V="007"/>
        </lin>
        <lin>
          <Opcion V="002"/>
          <Votos V="925"/>
          <Porc V="040,80"/>
          <Pregunta V="007"/>
        </lin>
      </Detalle_Opcion>
    </lin>
  </Detalle_Circunscripcion>
</Boletin>
</Boletin_Consolidado>