<Boletin_Consolidado><Boletin>
  <Numero V="0008"/>
  <Boletin_Departamental V="0012"/>
  <Tipo_Boletin V="DEPARTAMENTAL"/>
  <Desc_Corporacion V="CONSULTA POPULAR"/>
  <Departamento V="03"/>
  <Desc_Departamento V="ATLANTICO"/>
  <Municipio V="004"/>
  <Desc_Municipio V="BARANOA"/>
  <Dia V="21"/>
  <Mes V="8"/>
  <Anio V="2018"/>
  <Hora V="14"/>
  <Minuto V="15"/>
  <Mesas_Instaladas V="127"/>
  <Mesas_Informadas V="127"/>
  <Porc_Mesas_Informadas V="100,00"/>
  <Potencial_Sufragantes V="47350"/>
  <Detalle_Circunscripcion>
    <lin>
      <Circunscripcion V="0"/>
      <Desc_Circunscripcion V="NACIONAL"/>
      <Detalle_Pregunta>
        <lin>
          <Pregunta V="001"/>
          <Total_Sufragantes V="47350"/>
          <Porc_Sufragantes V="100,00"/>
          <Abstencion V="0"/>
          <Porc_Abstencion V="000,00"/>
          <Votos_Validos V="22647"/>
          <Porc_Votos_Validos V="047,82"/>
          <Votos_No_Marcados V="11841"/>
          <Porc_Votos_No_Marcados V="025,00"/>
          <Votos_Nulos V="12862"/>
          <Porc_Votos_Nulos V="027,16"/>
        </lin>
        <lin>
          <Pregunta V="002"/>
          <Total_Sufragantes V="47350"/>
          <Porc_Sufragantes V="100,00"/>
          <Abstencion V="0"/>
          <Porc_Abstencion V="000,00"/>
          <Votos_Validos V="23346"/>
          <Porc_Votos_Validos V="049,30"/>
          <Votos_No_Marcados V="11714"/>
          <Porc_Votos_No_Marcados V="024,73"/>
          <Votos_Nulos V="12290"/>
          <Porc_Votos_Nulos V="025,95"/>
        </lin>
        <lin>
          <Pregunta V="003"/>
          <Total_Sufragantes V="47350"/>
          <Porc_Sufragantes V="100,00"/>
          <Abstencion V="0"/>
          <Porc_Abstencion V="000,00"/>
          <Votos_Validos V="24791"/>
          <Porc_Votos_Validos V="052,35"/>
          <Votos_No_Marcados V="11768"/>
          <Porc_Votos_No_Marcados V="024,85"/>
          <Votos_Nulos V="10791"/>
          <Porc_Votos_Nulos V="022,78"/>
        </lin>
        <lin>
          <Pregunta V="004"/>
          <Total_Sufragantes V="47350"/>
          <Porc_Sufragantes V="100,00"/>
          <Abstencion V="0"/>
          <Porc_Abstencion V="000,00"/>
          <Votos_Validos V="25120"/>
          <Porc_Votos_Validos V="053,05"/>
          <Votos_No_Marcados V="10274"/>
          <Porc_Votos_No_Marcados V="021,69"/>
          <Votos_Nulos V="11956"/>
          <Porc_Votos_Nulos V="025,25"/>
        </lin>
        <lin>
          <Pregunta V="005"/>
          <Total_Sufragantes V="47350"/>
          <Porc_Sufragantes V="100,00"/>
          <Abstencion V="0"/>
          <Porc_Abstencion V="000,00"/>
          <Votos_Validos V="24187"/>
          <Porc_Votos_Validos V="051,08"/>
          <Votos_No_Marcados V="11624"/>
          <Porc_Votos_No_Marcados V="024,54"/>
          <Votos_Nulos V="11539"/>
          <Porc_Votos_Nulos V="024,36"/>
        </lin>
        <lin>
          <Pregunta V="006"/>
          <Total_Sufragantes V="47350"/>
          <Porc_Sufragantes V="100,00"/>
          <Abstencion V="0"/>
          <Porc_Abstencion V="000,00"/>
          <Votos_Validos V="23257"/>
          <Porc_Votos_Validos V="049,11"/>
          <Votos_No_Marcados V="11463"/>
          <Porc_Votos_No_Marcados V="024,20"/>
          <Votos_Nulos V="12630"/>
          <Porc_Votos_Nulos V="026,67"/>
        </lin>
        <lin>
          <Pregunta V="007"/>
          <Total_Sufragantes V="47350"/>
          <Porc_Sufragantes V="100,00"/>
          <Abstencion V="0"/>
          <Porc_Abstencion V="000,00"/>
          <Votos_Validos V="22358"/>
          <Porc_Votos_Validos V="047,21"/>
          <Votos_No_Marcados V="11986"/>
          <Porc_Votos_No_Marcados V="025,31"/>
          <Votos_Nulos V="13006"/>
          <Porc_Votos_Nulos V="027,46"/>
        </lin>
      </Detalle_Pregunta>
      <Detalle_Opcion>
        <lin>
          <Opcion V="001"/>
          <Votos V="11353"/>
          <Porc V="050,13"/>
          <Pregunta V="001"/>
        </lin>
        <lin>
          <Opcion V="002"/>
          <Votos V="11294"/>
          <Porc V="049,86"/>
          <Pregunta V="001"/>
        </lin>
        <lin>
          <Opcion V="001"/>
          <Votos V="11984"/>
          <Porc V="051,33"/>
          <Pregunta V="002"/>
        </lin>
        <lin>
          <Opcion V="002"/>
          <Votos V="11362"/>
          <Porc V="048,66"/>
          <Pregunta V="002"/>
        </lin>
        <lin>
          <Opcion V="001"/>
          <Votos V="11833"/>
          <Porc V="047,73"/>
          <Pregunta V="003"/>
        </lin>
        <lin>
          <Opcion V="002"/>
          <Votos V="12958"/>
          <Porc V="052,26"/>
          <Pregunta V="003"/>
        </lin>
        <lin>
          <Opcion V="001"/>
          <Votos V="11462"/>
          <Porc V="045,62"/>
          <Pregunta V="004"/>
        </lin>
        <lin>
          <Opcion V="002"/>
          <Votos V="13658"/>
          <Porc V="054,37"/>
          <Pregunta V="004"/>
        </lin>
        <lin>
          <Opcion V="001"/>
          <Votos V="12884"/>
          <Porc V="053,26"/>
          <Pregunta V="005"/>
        </lin>
        <lin>
          <Opcion V="002"/>
          <Votos V="11303"/>
          <Porc V="046,73"/>
          <Pregunta V="005"/>
        </lin>
        <lin>
          <Opcion V="001"/>
          <Votos V="12037"/>
          <Porc V="051,75"/>
          <Pregunta V="006"/>
        </lin>
        <lin>
          <Opcion V="002"/>
          <Votos V="11220"/>
          <Porc V="048,24"/>
          <Pregunta V="006"/>
        </lin>
        <lin>
          <Opcion V="001"/>
          <Votos V="11533"/>
          <Porc V="051,58"/>
          <Pregunta V="007"/>
        </lin>
        <lin>
          <Opcion V="002"/>
          <Votos V="10825"/>
          <Porc V="048,41"/>
          <Pregunta V="007"/>
        </lin>
      </Detalle_Opcion>
    </lin>
  </Detalle_Circunscripcion>
</Boletin>
</Boletin_Consolidado>