<Boletin_Consolidado><Boletin>
  <Numero V="0008"/>
  <Boletin_Departamental V="0012"/>
  <Tipo_Boletin V="DEPARTAMENTAL"/>
  <Desc_Corporacion V="CONSULTA POPULAR"/>
  <Departamento V="07"/>
  <Desc_Departamento V="BOYACA"/>
  <Municipio V="008"/>
  <Desc_Municipio V="AQUITANIA (PUEBLOVIEJO)"/>
  <Dia V="21"/>
  <Mes V="8"/>
  <Anio V="2018"/>
  <Hora V="14"/>
  <Minuto V="15"/>
  <Mesas_Instaladas V="40"/>
  <Mesas_Informadas V="40"/>
  <Porc_Mesas_Informadas V="100,00"/>
  <Potencial_Sufragantes V="12505"/>
  <Detalle_Circunscripcion>
    <lin>
      <Circunscripcion V="0"/>
      <Desc_Circunscripcion V="NACIONAL"/>
      <Detalle_Pregunta>
        <lin>
          <Pregunta V="001"/>
          <Total_Sufragantes V="12505"/>
          <Porc_Sufragantes V="100,00"/>
          <Abstencion V="0"/>
          <Porc_Abstencion V="000,00"/>
          <Votos_Validos V="6521"/>
          <Porc_Votos_Validos V="052,14"/>
          <Votos_No_Marcados V="3218"/>
          <Porc_Votos_No_Marcados V="025,73"/>
          <Votos_Nulos V="2766"/>
          <Porc_Votos_Nulos V="022,11"/>
        </lin>
        <lin>
          <Pregunta V="002"/>
          <Total_Sufragantes V="12505"/>
          <Porc_Sufragantes V="100,00"/>
          <Abstencion V="0"/>
          <Porc_Abstencion V="000,00"/>
          <Votos_Validos V="5941"/>
          <Porc_Votos_Validos V="047,50"/>
          <Votos_No_Marcados V="3297"/>
          <Porc_Votos_No_Marcados V="026,36"/>
          <Votos_Nulos V="3267"/>
          <Porc_Votos_Nulos V="026,12"/>
        </lin>
        <lin>
          <Pregunta V="003"/>
          <Total_Sufragantes V="12505"/>
          <Porc_Sufragantes V="100,00"/>
          <Abstencion V="0"/>
          <Porc_Abstencion V="000,00"/>
          <Votos_Validos V="5964"/>
          <Porc_Votos_Validos V="047,69"/>
          <Votos_No_Marcados V="2909"/>
          <Porc_Votos_No_Marcados V="023,26"/>
          <Votos_Nulos V="3632"/>
          <Porc_Votos_Nulos V="029,04"/>
        </lin>
        <lin>
          <Pregunta V="004"/>
          <Total_Sufragantes V="12505"/>
          <Porc_Sufragantes V="100,00"/>
          <Abstencion V="0"/>
          <Porc_Abstencion V="000,00"/>
          <Votos_Validos V="5979"/>
          <Porc_Votos_Validos V="047,81"/>
          <Votos_No_Marcados V="2940"/>
          <Porc_Votos_No_Marcados V="023,51"/>
          <Votos_Nulos V="3586"/>
          <Porc_Votos_Nulos V="028,67"/>
        </lin>
        <lin>
          <Pregunta V="005"/>
          <Total_Sufragantes V="12505"/>
          <Porc_Sufragantes V="100,00"/>
          <Abstencion V="0"/>
          <Porc_Abstencion V="000,00"/>
          <Votos_Validos V="6079"/>
          <Porc_Votos_Validos V="048,61"/>
          <Votos_No_Marcados V="2721"/>
          <Porc_Votos_No_Marcados V="021,75"/>
          <Votos_Nulos V="3705"/>
          <Porc_Votos_Nulos V="029,62"/>
        </lin>
        <lin>
          <Pregunta V="006"/>
          <Total_Sufragantes V="12505"/>
          <Porc_Sufragantes V="100,00"/>
          <Abstencion V="0"/>
          <Porc_Abstencion V="000,00"/>
          <Votos_Validos V="5959"/>
          <Porc_Votos_Validos V="047,65"/>
          <Votos_No_Marcados V="3239"/>
          <Porc_Votos_No_Marcados V="025,90"/>
          <Votos_Nulos V="3307"/>
          <Porc_Votos_Nulos V="026,44"/>
        </lin>
        <lin>
          <Pregunta V="007"/>
          <Total_Sufragantes V="12505"/>
          <Porc_Sufragantes V="100,00"/>
          <Abstencion V="0"/>
          <Porc_Abstencion V="000,00"/>
          <Votos_Validos V="6391"/>
          <Porc_Votos_Validos V="051,10"/>
          <Votos_No_Marcados V="2939"/>
          <Porc_Votos_No_Marcados V="023,50"/>
          <Votos_Nulos V="3175"/>
          <Porc_Votos_Nulos V="025,38"/>
        </lin>
      </Detalle_Pregunta>
      <Detalle_Opcion>
        <lin>
          <Opcion V="001"/>
          <Votos V="3108"/>
          <Porc V="047,66"/>
          <Pregunta V="001"/>
        </lin>
        <lin>
          <Opcion V="002"/>
          <Votos V="3413"/>
          <Porc V="052,33"/>
          <Pregunta V="001"/>
        </lin>
        <lin>
          <Opcion V="001"/>
          <Votos V="2809"/>
          <Porc V="047,28"/>
          <Pregunta V="002"/>
        </lin>
        <lin>
          <Opcion V="002"/>
          <Votos V="3132"/>
          <Porc V="052,71"/>
          <Pregunta V="002"/>
        </lin>
        <lin>
          <Opcion V="001"/>
          <Votos V="3163"/>
          <Porc V="053,03"/>
          <Pregunta V="003"/>
        </lin>
        <lin>
          <Opcion V="002"/>
          <Votos V="2801"/>
          <Porc V="046,96"/>
          <Pregunta V="003"/>
        </lin>
        <lin>
          <Opcion V="001"/>
          <Votos V="2551"/>
          <Porc V="042,66"/>
          <Pregunta V="004"/>
        </lin>
        <lin>
          <Opcion V="002"/>
          <Votos V="3428"/>
          <Porc V="057,33"/>
          <Pregunta V="004"/>
        </lin>
        <lin>
          <Opcion V="001"/>
          <Votos V="3021"/>
          <Porc V="049,69"/>
          <Pregunta V="005"/>
        </lin>
        <lin>
          <Opcion V="002"/>
          <Votos V="3058"/>
          <Porc V="050,30"/>
          <Pregunta V="005"/>
        </lin>
        <lin>
          <Opcion V="001"/>
          <Votos V="2815"/>
          <Porc V="047,23"/>
          <Pregunta V="006"/>
        </lin>
        <lin>
          <Opcion V="002"/>
          <Votos V="3144"/>
          <Porc V="052,76"/>
          <Pregunta V="006"/>
        </lin>
        <lin>
          <Opcion V="001"/>
          <Votos V="3247"/>
          <Porc V="050,80"/>
          <Pregunta V="007"/>
        </lin>
        <lin>
          <Opcion V="002"/>
          <Votos V="3144"/>
          <Porc V="049,19"/>
          <Pregunta V="007"/>
        </lin>
      </Detalle_Opcion>
    </lin>
  </Detalle_Circunscripcion>
</Boletin>
</Boletin_Consolidado>