<Boletin_Consolidado><Boletin>
  <Numero V="0008"/>
  <Boletin_Departamental V="0012"/>
  <Tipo_Boletin V="DEPARTAMENTAL"/>
  <Desc_Corporacion V="CONSULTA POPULAR"/>
  <Departamento V="15"/>
  <Desc_Departamento V="CUNDINAMARCA"/>
  <Municipio V="085"/>
  <Desc_Municipio V="FOSCA"/>
  <Dia V="21"/>
  <Mes V="8"/>
  <Anio V="2018"/>
  <Hora V="14"/>
  <Minuto V="15"/>
  <Mesas_Instaladas V="16"/>
  <Mesas_Informadas V="16"/>
  <Porc_Mesas_Informadas V="100,00"/>
  <Potencial_Sufragantes V="5415"/>
  <Detalle_Circunscripcion>
    <lin>
      <Circunscripcion V="0"/>
      <Desc_Circunscripcion V="NACIONAL"/>
      <Detalle_Pregunta>
        <lin>
          <Pregunta V="001"/>
          <Total_Sufragantes V="5415"/>
          <Porc_Sufragantes V="100,00"/>
          <Abstencion V="0"/>
          <Porc_Abstencion V="000,00"/>
          <Votos_Validos V="2301"/>
          <Porc_Votos_Validos V="042,49"/>
          <Votos_No_Marcados V="1833"/>
          <Porc_Votos_No_Marcados V="033,85"/>
          <Votos_Nulos V="1281"/>
          <Porc_Votos_Nulos V="023,65"/>
        </lin>
        <lin>
          <Pregunta V="002"/>
          <Total_Sufragantes V="5415"/>
          <Porc_Sufragantes V="100,00"/>
          <Abstencion V="0"/>
          <Porc_Abstencion V="000,00"/>
          <Votos_Validos V="2659"/>
          <Porc_Votos_Validos V="049,10"/>
          <Votos_No_Marcados V="1445"/>
          <Porc_Votos_No_Marcados V="026,68"/>
          <Votos_Nulos V="1311"/>
          <Porc_Votos_Nulos V="024,21"/>
        </lin>
        <lin>
          <Pregunta V="003"/>
          <Total_Sufragantes V="5415"/>
          <Porc_Sufragantes V="100,00"/>
          <Abstencion V="0"/>
          <Porc_Abstencion V="000,00"/>
          <Votos_Validos V="2697"/>
          <Porc_Votos_Validos V="049,80"/>
          <Votos_No_Marcados V="1203"/>
          <Porc_Votos_No_Marcados V="022,21"/>
          <Votos_Nulos V="1515"/>
          <Porc_Votos_Nulos V="027,97"/>
        </lin>
        <lin>
          <Pregunta V="004"/>
          <Total_Sufragantes V="5415"/>
          <Porc_Sufragantes V="100,00"/>
          <Abstencion V="0"/>
          <Porc_Abstencion V="000,00"/>
          <Votos_Validos V="2875"/>
          <Porc_Votos_Validos V="053,09"/>
          <Votos_No_Marcados V="1028"/>
          <Porc_Votos_No_Marcados V="018,98"/>
          <Votos_Nulos V="1512"/>
          <Porc_Votos_Nulos V="027,92"/>
        </lin>
        <lin>
          <Pregunta V="005"/>
          <Total_Sufragantes V="5415"/>
          <Porc_Sufragantes V="100,00"/>
          <Abstencion V="0"/>
          <Porc_Abstencion V="000,00"/>
          <Votos_Validos V="3171"/>
          <Porc_Votos_Validos V="058,55"/>
          <Votos_No_Marcados V="1100"/>
          <Porc_Votos_No_Marcados V="020,31"/>
          <Votos_Nulos V="1144"/>
          <Porc_Votos_Nulos V="021,12"/>
        </lin>
        <lin>
          <Pregunta V="006"/>
          <Total_Sufragantes V="5415"/>
          <Porc_Sufragantes V="100,00"/>
          <Abstencion V="0"/>
          <Porc_Abstencion V="000,00"/>
          <Votos_Validos V="2648"/>
          <Porc_Votos_Validos V="048,90"/>
          <Votos_No_Marcados V="1403"/>
          <Porc_Votos_No_Marcados V="025,90"/>
          <Votos_Nulos V="1364"/>
          <Porc_Votos_Nulos V="025,18"/>
        </lin>
        <lin>
          <Pregunta V="007"/>
          <Total_Sufragantes V="5415"/>
          <Porc_Sufragantes V="100,00"/>
          <Abstencion V="0"/>
          <Porc_Abstencion V="000,00"/>
          <Votos_Validos V="2931"/>
          <Porc_Votos_Validos V="054,12"/>
          <Votos_No_Marcados V="1153"/>
          <Porc_Votos_No_Marcados V="021,29"/>
          <Votos_Nulos V="1331"/>
          <Porc_Votos_Nulos V="024,57"/>
        </lin>
      </Detalle_Pregunta>
      <Detalle_Opcion>
        <lin>
          <Opcion V="001"/>
          <Votos V="1236"/>
          <Porc V="053,71"/>
          <Pregunta V="001"/>
        </lin>
        <lin>
          <Opcion V="002"/>
          <Votos V="1065"/>
          <Porc V="046,28"/>
          <Pregunta V="001"/>
        </lin>
        <lin>
          <Opcion V="001"/>
          <Votos V="1408"/>
          <Porc V="052,95"/>
          <Pregunta V="002"/>
        </lin>
        <lin>
          <Opcion V="002"/>
          <Votos V="1251"/>
          <Porc V="047,04"/>
          <Pregunta V="002"/>
        </lin>
        <lin>
          <Opcion V="001"/>
          <Votos V="1416"/>
          <Porc V="052,50"/>
          <Pregunta V="003"/>
        </lin>
        <lin>
          <Opcion V="002"/>
          <Votos V="1281"/>
          <Porc V="047,49"/>
          <Pregunta V="003"/>
        </lin>
        <lin>
          <Opcion V="001"/>
          <Votos V="1737"/>
          <Porc V="060,41"/>
          <Pregunta V="004"/>
        </lin>
        <lin>
          <Opcion V="002"/>
          <Votos V="1138"/>
          <Porc V="039,58"/>
          <Pregunta V="004"/>
        </lin>
        <lin>
          <Opcion V="001"/>
          <Votos V="1777"/>
          <Porc V="056,03"/>
          <Pregunta V="005"/>
        </lin>
        <lin>
          <Opcion V="002"/>
          <Votos V="1394"/>
          <Porc V="043,96"/>
          <Pregunta V="005"/>
        </lin>
        <lin>
          <Opcion V="001"/>
          <Votos V="1394"/>
          <Porc V="052,64"/>
          <Pregunta V="006"/>
        </lin>
        <lin>
          <Opcion V="002"/>
          <Votos V="1254"/>
          <Porc V="047,35"/>
          <Pregunta V="006"/>
        </lin>
        <lin>
          <Opcion V="001"/>
          <Votos V="1420"/>
          <Porc V="048,44"/>
          <Pregunta V="007"/>
        </lin>
        <lin>
          <Opcion V="002"/>
          <Votos V="1511"/>
          <Porc V="051,55"/>
          <Pregunta V="007"/>
        </lin>
      </Detalle_Opcion>
    </lin>
  </Detalle_Circunscripcion>
</Boletin>
</Boletin_Consolidado>