<Boletin_Consolidado><Boletin>
  <Numero V="0008"/>
  <Boletin_Departamental V="0012"/>
  <Tipo_Boletin V="DEPARTAMENTAL"/>
  <Desc_Corporacion V="CONSULTA POPULAR"/>
  <Departamento V="07"/>
  <Desc_Departamento V="BOYACA"/>
  <Municipio V="277"/>
  <Desc_Municipio V="SOGAMOSO"/>
  <Dia V="21"/>
  <Mes V="8"/>
  <Anio V="2018"/>
  <Hora V="14"/>
  <Minuto V="15"/>
  <Mesas_Instaladas V="238"/>
  <Mesas_Informadas V="238"/>
  <Porc_Mesas_Informadas V="100,00"/>
  <Potencial_Sufragantes V="92570"/>
  <Detalle_Circunscripcion>
    <lin>
      <Circunscripcion V="0"/>
      <Desc_Circunscripcion V="NACIONAL"/>
      <Detalle_Pregunta>
        <lin>
          <Pregunta V="001"/>
          <Total_Sufragantes V="92570"/>
          <Porc_Sufragantes V="100,00"/>
          <Abstencion V="0"/>
          <Porc_Abstencion V="000,00"/>
          <Votos_Validos V="45653"/>
          <Porc_Votos_Validos V="049,31"/>
          <Votos_No_Marcados V="23699"/>
          <Porc_Votos_No_Marcados V="025,60"/>
          <Votos_Nulos V="23218"/>
          <Porc_Votos_Nulos V="025,08"/>
        </lin>
        <lin>
          <Pregunta V="002"/>
          <Total_Sufragantes V="92570"/>
          <Porc_Sufragantes V="100,00"/>
          <Abstencion V="0"/>
          <Porc_Abstencion V="000,00"/>
          <Votos_Validos V="44950"/>
          <Porc_Votos_Validos V="048,55"/>
          <Votos_No_Marcados V="23486"/>
          <Porc_Votos_No_Marcados V="025,37"/>
          <Votos_Nulos V="24134"/>
          <Porc_Votos_Nulos V="026,07"/>
        </lin>
        <lin>
          <Pregunta V="003"/>
          <Total_Sufragantes V="92570"/>
          <Porc_Sufragantes V="100,00"/>
          <Abstencion V="0"/>
          <Porc_Abstencion V="000,00"/>
          <Votos_Validos V="46735"/>
          <Porc_Votos_Validos V="050,48"/>
          <Votos_No_Marcados V="21784"/>
          <Porc_Votos_No_Marcados V="023,53"/>
          <Votos_Nulos V="24051"/>
          <Porc_Votos_Nulos V="025,98"/>
        </lin>
        <lin>
          <Pregunta V="004"/>
          <Total_Sufragantes V="92570"/>
          <Porc_Sufragantes V="100,00"/>
          <Abstencion V="0"/>
          <Porc_Abstencion V="000,00"/>
          <Votos_Validos V="46144"/>
          <Porc_Votos_Validos V="049,84"/>
          <Votos_No_Marcados V="23315"/>
          <Porc_Votos_No_Marcados V="025,18"/>
          <Votos_Nulos V="23111"/>
          <Porc_Votos_Nulos V="024,96"/>
        </lin>
        <lin>
          <Pregunta V="005"/>
          <Total_Sufragantes V="92570"/>
          <Porc_Sufragantes V="100,00"/>
          <Abstencion V="0"/>
          <Porc_Abstencion V="000,00"/>
          <Votos_Validos V="47077"/>
          <Porc_Votos_Validos V="050,85"/>
          <Votos_No_Marcados V="22972"/>
          <Porc_Votos_No_Marcados V="024,81"/>
          <Votos_Nulos V="22521"/>
          <Porc_Votos_Nulos V="024,32"/>
        </lin>
        <lin>
          <Pregunta V="006"/>
          <Total_Sufragantes V="92570"/>
          <Porc_Sufragantes V="100,00"/>
          <Abstencion V="0"/>
          <Porc_Abstencion V="000,00"/>
          <Votos_Validos V="45251"/>
          <Porc_Votos_Validos V="048,88"/>
          <Votos_No_Marcados V="22990"/>
          <Porc_Votos_No_Marcados V="024,83"/>
          <Votos_Nulos V="24329"/>
          <Porc_Votos_Nulos V="026,28"/>
        </lin>
        <lin>
          <Pregunta V="007"/>
          <Total_Sufragantes V="92570"/>
          <Porc_Sufragantes V="100,00"/>
          <Abstencion V="0"/>
          <Porc_Abstencion V="000,00"/>
          <Votos_Validos V="45709"/>
          <Porc_Votos_Validos V="049,37"/>
          <Votos_No_Marcados V="23990"/>
          <Porc_Votos_No_Marcados V="025,91"/>
          <Votos_Nulos V="22871"/>
          <Porc_Votos_Nulos V="024,70"/>
        </lin>
      </Detalle_Pregunta>
      <Detalle_Opcion>
        <lin>
          <Opcion V="001"/>
          <Votos V="21471"/>
          <Porc V="047,03"/>
          <Pregunta V="001"/>
        </lin>
        <lin>
          <Opcion V="002"/>
          <Votos V="24182"/>
          <Porc V="052,96"/>
          <Pregunta V="001"/>
        </lin>
        <lin>
          <Opcion V="001"/>
          <Votos V="20790"/>
          <Porc V="046,25"/>
          <Pregunta V="002"/>
        </lin>
        <lin>
          <Opcion V="002"/>
          <Votos V="24160"/>
          <Porc V="053,74"/>
          <Pregunta V="002"/>
        </lin>
        <lin>
          <Opcion V="001"/>
          <Votos V="25671"/>
          <Porc V="054,92"/>
          <Pregunta V="003"/>
        </lin>
        <lin>
          <Opcion V="002"/>
          <Votos V="21064"/>
          <Porc V="045,07"/>
          <Pregunta V="003"/>
        </lin>
        <lin>
          <Opcion V="001"/>
          <Votos V="22602"/>
          <Porc V="048,98"/>
          <Pregunta V="004"/>
        </lin>
        <lin>
          <Opcion V="002"/>
          <Votos V="23542"/>
          <Porc V="051,01"/>
          <Pregunta V="004"/>
        </lin>
        <lin>
          <Opcion V="001"/>
          <Votos V="23920"/>
          <Porc V="050,81"/>
          <Pregunta V="005"/>
        </lin>
        <lin>
          <Opcion V="002"/>
          <Votos V="23157"/>
          <Porc V="049,18"/>
          <Pregunta V="005"/>
        </lin>
        <lin>
          <Opcion V="001"/>
          <Votos V="24089"/>
          <Porc V="053,23"/>
          <Pregunta V="006"/>
        </lin>
        <lin>
          <Opcion V="002"/>
          <Votos V="21162"/>
          <Porc V="046,76"/>
          <Pregunta V="006"/>
        </lin>
        <lin>
          <Opcion V="001"/>
          <Votos V="22974"/>
          <Porc V="050,26"/>
          <Pregunta V="007"/>
        </lin>
        <lin>
          <Opcion V="002"/>
          <Votos V="22735"/>
          <Porc V="049,73"/>
          <Pregunta V="007"/>
        </lin>
      </Detalle_Opcion>
    </lin>
  </Detalle_Circunscripcion>
</Boletin>
</Boletin_Consolidado>