<Boletin_Consolidado><Boletin>
  <Numero V="0008"/>
  <Boletin_Departamental V="0011"/>
  <Tipo_Boletin V="DEPARTAMENTAL"/>
  <Desc_Corporacion V="CONSULTA POPULAR"/>
  <Departamento V="03"/>
  <Desc_Departamento V="ATLANTICO"/>
  <Municipio V="035"/>
  <Desc_Municipio V="PONEDERA"/>
  <Dia V="21"/>
  <Mes V="8"/>
  <Anio V="2018"/>
  <Hora V="14"/>
  <Minuto V="15"/>
  <Mesas_Instaladas V="52"/>
  <Mesas_Informadas V="52"/>
  <Porc_Mesas_Informadas V="100,00"/>
  <Potencial_Sufragantes V="18621"/>
  <Detalle_Circunscripcion>
    <lin>
      <Circunscripcion V="0"/>
      <Desc_Circunscripcion V="NACIONAL"/>
      <Detalle_Pregunta>
        <lin>
          <Pregunta V="001"/>
          <Total_Sufragantes V="18621"/>
          <Porc_Sufragantes V="100,00"/>
          <Abstencion V="0"/>
          <Porc_Abstencion V="000,00"/>
          <Votos_Validos V="9240"/>
          <Porc_Votos_Validos V="049,62"/>
          <Votos_No_Marcados V="4504"/>
          <Porc_Votos_No_Marcados V="024,18"/>
          <Votos_Nulos V="4877"/>
          <Porc_Votos_Nulos V="026,19"/>
        </lin>
        <lin>
          <Pregunta V="002"/>
          <Total_Sufragantes V="18621"/>
          <Porc_Sufragantes V="100,00"/>
          <Abstencion V="0"/>
          <Porc_Abstencion V="000,00"/>
          <Votos_Validos V="9152"/>
          <Porc_Votos_Validos V="049,14"/>
          <Votos_No_Marcados V="4905"/>
          <Porc_Votos_No_Marcados V="026,34"/>
          <Votos_Nulos V="4564"/>
          <Porc_Votos_Nulos V="024,50"/>
        </lin>
        <lin>
          <Pregunta V="003"/>
          <Total_Sufragantes V="18621"/>
          <Porc_Sufragantes V="100,00"/>
          <Abstencion V="0"/>
          <Porc_Abstencion V="000,00"/>
          <Votos_Validos V="10159"/>
          <Porc_Votos_Validos V="054,55"/>
          <Votos_No_Marcados V="4035"/>
          <Porc_Votos_No_Marcados V="021,66"/>
          <Votos_Nulos V="4427"/>
          <Porc_Votos_Nulos V="023,77"/>
        </lin>
        <lin>
          <Pregunta V="004"/>
          <Total_Sufragantes V="18621"/>
          <Porc_Sufragantes V="100,00"/>
          <Abstencion V="0"/>
          <Porc_Abstencion V="000,00"/>
          <Votos_Validos V="9464"/>
          <Porc_Votos_Validos V="050,82"/>
          <Votos_No_Marcados V="4468"/>
          <Porc_Votos_No_Marcados V="023,99"/>
          <Votos_Nulos V="4689"/>
          <Porc_Votos_Nulos V="025,18"/>
        </lin>
        <lin>
          <Pregunta V="005"/>
          <Total_Sufragantes V="18621"/>
          <Porc_Sufragantes V="100,00"/>
          <Abstencion V="0"/>
          <Porc_Abstencion V="000,00"/>
          <Votos_Validos V="8719"/>
          <Porc_Votos_Validos V="046,82"/>
          <Votos_No_Marcados V="5262"/>
          <Porc_Votos_No_Marcados V="028,25"/>
          <Votos_Nulos V="4640"/>
          <Porc_Votos_Nulos V="024,91"/>
        </lin>
        <lin>
          <Pregunta V="006"/>
          <Total_Sufragantes V="18621"/>
          <Porc_Sufragantes V="100,00"/>
          <Abstencion V="0"/>
          <Porc_Abstencion V="000,00"/>
          <Votos_Validos V="9170"/>
          <Porc_Votos_Validos V="049,24"/>
          <Votos_No_Marcados V="4420"/>
          <Porc_Votos_No_Marcados V="023,73"/>
          <Votos_Nulos V="5031"/>
          <Porc_Votos_Nulos V="027,01"/>
        </lin>
        <lin>
          <Pregunta V="007"/>
          <Total_Sufragantes V="18621"/>
          <Porc_Sufragantes V="100,00"/>
          <Abstencion V="0"/>
          <Porc_Abstencion V="000,00"/>
          <Votos_Validos V="8738"/>
          <Porc_Votos_Validos V="046,92"/>
          <Votos_No_Marcados V="5065"/>
          <Porc_Votos_No_Marcados V="027,20"/>
          <Votos_Nulos V="4818"/>
          <Porc_Votos_Nulos V="025,87"/>
        </lin>
      </Detalle_Pregunta>
      <Detalle_Opcion>
        <lin>
          <Opcion V="001"/>
          <Votos V="4519"/>
          <Porc V="048,90"/>
          <Pregunta V="001"/>
        </lin>
        <lin>
          <Opcion V="002"/>
          <Votos V="4721"/>
          <Porc V="051,09"/>
          <Pregunta V="001"/>
        </lin>
        <lin>
          <Opcion V="001"/>
          <Votos V="4799"/>
          <Porc V="052,43"/>
          <Pregunta V="002"/>
        </lin>
        <lin>
          <Opcion V="002"/>
          <Votos V="4353"/>
          <Porc V="047,56"/>
          <Pregunta V="002"/>
        </lin>
        <lin>
          <Opcion V="001"/>
          <Votos V="5315"/>
          <Porc V="052,31"/>
          <Pregunta V="003"/>
        </lin>
        <lin>
          <Opcion V="002"/>
          <Votos V="4844"/>
          <Porc V="047,68"/>
          <Pregunta V="003"/>
        </lin>
        <lin>
          <Opcion V="001"/>
          <Votos V="4212"/>
          <Porc V="044,50"/>
          <Pregunta V="004"/>
        </lin>
        <lin>
          <Opcion V="002"/>
          <Votos V="5252"/>
          <Porc V="055,49"/>
          <Pregunta V="004"/>
        </lin>
        <lin>
          <Opcion V="001"/>
          <Votos V="3843"/>
          <Porc V="044,07"/>
          <Pregunta V="005"/>
        </lin>
        <lin>
          <Opcion V="002"/>
          <Votos V="4876"/>
          <Porc V="055,92"/>
          <Pregunta V="005"/>
        </lin>
        <lin>
          <Opcion V="001"/>
          <Votos V="5344"/>
          <Porc V="058,27"/>
          <Pregunta V="006"/>
        </lin>
        <lin>
          <Opcion V="002"/>
          <Votos V="3826"/>
          <Porc V="041,72"/>
          <Pregunta V="006"/>
        </lin>
        <lin>
          <Opcion V="001"/>
          <Votos V="4477"/>
          <Porc V="051,23"/>
          <Pregunta V="007"/>
        </lin>
        <lin>
          <Opcion V="002"/>
          <Votos V="4261"/>
          <Porc V="048,76"/>
          <Pregunta V="007"/>
        </lin>
      </Detalle_Opcion>
    </lin>
  </Detalle_Circunscripcion>
</Boletin>
</Boletin_Consolidado>