<Boletin_Consolidado><Boletin>
  <Numero V="0008"/>
  <Boletin_Departamental V="0012"/>
  <Tipo_Boletin V="DEPARTAMENTAL"/>
  <Desc_Corporacion V="CONSULTA POPULAR"/>
  <Departamento V="07"/>
  <Desc_Departamento V="BOYACA"/>
  <Municipio V="286"/>
  <Desc_Municipio V="SUSACON"/>
  <Dia V="21"/>
  <Mes V="8"/>
  <Anio V="2018"/>
  <Hora V="14"/>
  <Minuto V="15"/>
  <Mesas_Instaladas V="9"/>
  <Mesas_Informadas V="9"/>
  <Porc_Mesas_Informadas V="100,00"/>
  <Potencial_Sufragantes V="2658"/>
  <Detalle_Circunscripcion>
    <lin>
      <Circunscripcion V="0"/>
      <Desc_Circunscripcion V="NACIONAL"/>
      <Detalle_Pregunta>
        <lin>
          <Pregunta V="001"/>
          <Total_Sufragantes V="2658"/>
          <Porc_Sufragantes V="100,00"/>
          <Abstencion V="0"/>
          <Porc_Abstencion V="000,00"/>
          <Votos_Validos V="1306"/>
          <Porc_Votos_Validos V="049,13"/>
          <Votos_No_Marcados V="802"/>
          <Porc_Votos_No_Marcados V="030,17"/>
          <Votos_Nulos V="550"/>
          <Porc_Votos_Nulos V="020,69"/>
        </lin>
        <lin>
          <Pregunta V="002"/>
          <Total_Sufragantes V="2658"/>
          <Porc_Sufragantes V="100,00"/>
          <Abstencion V="0"/>
          <Porc_Abstencion V="000,00"/>
          <Votos_Validos V="1460"/>
          <Porc_Votos_Validos V="054,92"/>
          <Votos_No_Marcados V="803"/>
          <Porc_Votos_No_Marcados V="030,21"/>
          <Votos_Nulos V="395"/>
          <Porc_Votos_Nulos V="014,86"/>
        </lin>
        <lin>
          <Pregunta V="003"/>
          <Total_Sufragantes V="2658"/>
          <Porc_Sufragantes V="100,00"/>
          <Abstencion V="0"/>
          <Porc_Abstencion V="000,00"/>
          <Votos_Validos V="1417"/>
          <Porc_Votos_Validos V="053,31"/>
          <Votos_No_Marcados V="569"/>
          <Porc_Votos_No_Marcados V="021,40"/>
          <Votos_Nulos V="672"/>
          <Porc_Votos_Nulos V="025,28"/>
        </lin>
        <lin>
          <Pregunta V="004"/>
          <Total_Sufragantes V="2658"/>
          <Porc_Sufragantes V="100,00"/>
          <Abstencion V="0"/>
          <Porc_Abstencion V="000,00"/>
          <Votos_Validos V="1382"/>
          <Porc_Votos_Validos V="051,99"/>
          <Votos_No_Marcados V="725"/>
          <Porc_Votos_No_Marcados V="027,27"/>
          <Votos_Nulos V="551"/>
          <Porc_Votos_Nulos V="020,72"/>
        </lin>
        <lin>
          <Pregunta V="005"/>
          <Total_Sufragantes V="2658"/>
          <Porc_Sufragantes V="100,00"/>
          <Abstencion V="0"/>
          <Porc_Abstencion V="000,00"/>
          <Votos_Validos V="1282"/>
          <Porc_Votos_Validos V="048,23"/>
          <Votos_No_Marcados V="555"/>
          <Porc_Votos_No_Marcados V="020,88"/>
          <Votos_Nulos V="821"/>
          <Porc_Votos_Nulos V="030,88"/>
        </lin>
        <lin>
          <Pregunta V="006"/>
          <Total_Sufragantes V="2658"/>
          <Porc_Sufragantes V="100,00"/>
          <Abstencion V="0"/>
          <Porc_Abstencion V="000,00"/>
          <Votos_Validos V="1232"/>
          <Porc_Votos_Validos V="046,35"/>
          <Votos_No_Marcados V="1005"/>
          <Porc_Votos_No_Marcados V="037,81"/>
          <Votos_Nulos V="421"/>
          <Porc_Votos_Nulos V="015,83"/>
        </lin>
        <lin>
          <Pregunta V="007"/>
          <Total_Sufragantes V="2658"/>
          <Porc_Sufragantes V="100,00"/>
          <Abstencion V="0"/>
          <Porc_Abstencion V="000,00"/>
          <Votos_Validos V="1494"/>
          <Porc_Votos_Validos V="056,20"/>
          <Votos_No_Marcados V="338"/>
          <Porc_Votos_No_Marcados V="012,71"/>
          <Votos_Nulos V="826"/>
          <Porc_Votos_Nulos V="031,07"/>
        </lin>
      </Detalle_Pregunta>
      <Detalle_Opcion>
        <lin>
          <Opcion V="001"/>
          <Votos V="650"/>
          <Porc V="049,77"/>
          <Pregunta V="001"/>
        </lin>
        <lin>
          <Opcion V="002"/>
          <Votos V="656"/>
          <Porc V="050,22"/>
          <Pregunta V="001"/>
        </lin>
        <lin>
          <Opcion V="001"/>
          <Votos V="936"/>
          <Porc V="064,10"/>
          <Pregunta V="002"/>
        </lin>
        <lin>
          <Opcion V="002"/>
          <Votos V="524"/>
          <Porc V="035,89"/>
          <Pregunta V="002"/>
        </lin>
        <lin>
          <Opcion V="001"/>
          <Votos V="723"/>
          <Porc V="051,02"/>
          <Pregunta V="003"/>
        </lin>
        <lin>
          <Opcion V="002"/>
          <Votos V="694"/>
          <Porc V="048,97"/>
          <Pregunta V="003"/>
        </lin>
        <lin>
          <Opcion V="001"/>
          <Votos V="741"/>
          <Porc V="053,61"/>
          <Pregunta V="004"/>
        </lin>
        <lin>
          <Opcion V="002"/>
          <Votos V="641"/>
          <Porc V="046,38"/>
          <Pregunta V="004"/>
        </lin>
        <lin>
          <Opcion V="001"/>
          <Votos V="718"/>
          <Porc V="056,00"/>
          <Pregunta V="005"/>
        </lin>
        <lin>
          <Opcion V="002"/>
          <Votos V="564"/>
          <Porc V="043,99"/>
          <Pregunta V="005"/>
        </lin>
        <lin>
          <Opcion V="001"/>
          <Votos V="482"/>
          <Porc V="039,12"/>
          <Pregunta V="006"/>
        </lin>
        <lin>
          <Opcion V="002"/>
          <Votos V="750"/>
          <Porc V="060,87"/>
          <Pregunta V="006"/>
        </lin>
        <lin>
          <Opcion V="001"/>
          <Votos V="753"/>
          <Porc V="050,40"/>
          <Pregunta V="007"/>
        </lin>
        <lin>
          <Opcion V="002"/>
          <Votos V="741"/>
          <Porc V="049,59"/>
          <Pregunta V="007"/>
        </lin>
      </Detalle_Opcion>
    </lin>
  </Detalle_Circunscripcion>
</Boletin>
</Boletin_Consolidado>