<Boletin_Consolidado><Boletin>
  <Numero V="0008"/>
  <Boletin_Departamental V="0012"/>
  <Tipo_Boletin V="DEPARTAMENTAL"/>
  <Desc_Corporacion V="CONSULTA POPULAR"/>
  <Departamento V="01"/>
  <Desc_Departamento V="ANTIOQUIA"/>
  <Municipio V="262"/>
  <Desc_Municipio V="SONSON"/>
  <Dia V="21"/>
  <Mes V="8"/>
  <Anio V="2018"/>
  <Hora V="14"/>
  <Minuto V="15"/>
  <Mesas_Instaladas V="87"/>
  <Mesas_Informadas V="87"/>
  <Porc_Mesas_Informadas V="100,00"/>
  <Potencial_Sufragantes V="26999"/>
  <Detalle_Circunscripcion>
    <lin>
      <Circunscripcion V="0"/>
      <Desc_Circunscripcion V="NACIONAL"/>
      <Detalle_Pregunta>
        <lin>
          <Pregunta V="001"/>
          <Total_Sufragantes V="26999"/>
          <Porc_Sufragantes V="100,00"/>
          <Abstencion V="0"/>
          <Porc_Abstencion V="000,00"/>
          <Votos_Validos V="13937"/>
          <Porc_Votos_Validos V="051,62"/>
          <Votos_No_Marcados V="6636"/>
          <Porc_Votos_No_Marcados V="024,57"/>
          <Votos_Nulos V="6426"/>
          <Porc_Votos_Nulos V="023,80"/>
        </lin>
        <lin>
          <Pregunta V="002"/>
          <Total_Sufragantes V="26999"/>
          <Porc_Sufragantes V="100,00"/>
          <Abstencion V="0"/>
          <Porc_Abstencion V="000,00"/>
          <Votos_Validos V="13242"/>
          <Porc_Votos_Validos V="049,04"/>
          <Votos_No_Marcados V="6591"/>
          <Porc_Votos_No_Marcados V="024,41"/>
          <Votos_Nulos V="7166"/>
          <Porc_Votos_Nulos V="026,54"/>
        </lin>
        <lin>
          <Pregunta V="003"/>
          <Total_Sufragantes V="26999"/>
          <Porc_Sufragantes V="100,00"/>
          <Abstencion V="0"/>
          <Porc_Abstencion V="000,00"/>
          <Votos_Validos V="14466"/>
          <Porc_Votos_Validos V="053,57"/>
          <Votos_No_Marcados V="6383"/>
          <Porc_Votos_No_Marcados V="023,64"/>
          <Votos_Nulos V="6150"/>
          <Porc_Votos_Nulos V="022,77"/>
        </lin>
        <lin>
          <Pregunta V="004"/>
          <Total_Sufragantes V="26999"/>
          <Porc_Sufragantes V="100,00"/>
          <Abstencion V="0"/>
          <Porc_Abstencion V="000,00"/>
          <Votos_Validos V="13273"/>
          <Porc_Votos_Validos V="049,16"/>
          <Votos_No_Marcados V="7071"/>
          <Porc_Votos_No_Marcados V="026,18"/>
          <Votos_Nulos V="6655"/>
          <Porc_Votos_Nulos V="024,64"/>
        </lin>
        <lin>
          <Pregunta V="005"/>
          <Total_Sufragantes V="26999"/>
          <Porc_Sufragantes V="100,00"/>
          <Abstencion V="0"/>
          <Porc_Abstencion V="000,00"/>
          <Votos_Validos V="13584"/>
          <Porc_Votos_Validos V="050,31"/>
          <Votos_No_Marcados V="6318"/>
          <Porc_Votos_No_Marcados V="023,40"/>
          <Votos_Nulos V="7097"/>
          <Porc_Votos_Nulos V="026,28"/>
        </lin>
        <lin>
          <Pregunta V="006"/>
          <Total_Sufragantes V="26999"/>
          <Porc_Sufragantes V="100,00"/>
          <Abstencion V="0"/>
          <Porc_Abstencion V="000,00"/>
          <Votos_Validos V="13703"/>
          <Porc_Votos_Validos V="050,75"/>
          <Votos_No_Marcados V="7039"/>
          <Porc_Votos_No_Marcados V="026,07"/>
          <Votos_Nulos V="6257"/>
          <Porc_Votos_Nulos V="023,17"/>
        </lin>
        <lin>
          <Pregunta V="007"/>
          <Total_Sufragantes V="26999"/>
          <Porc_Sufragantes V="100,00"/>
          <Abstencion V="0"/>
          <Porc_Abstencion V="000,00"/>
          <Votos_Validos V="12378"/>
          <Porc_Votos_Validos V="045,84"/>
          <Votos_No_Marcados V="7544"/>
          <Porc_Votos_No_Marcados V="027,94"/>
          <Votos_Nulos V="7077"/>
          <Porc_Votos_Nulos V="026,21"/>
        </lin>
      </Detalle_Pregunta>
      <Detalle_Opcion>
        <lin>
          <Opcion V="001"/>
          <Votos V="7012"/>
          <Porc V="050,31"/>
          <Pregunta V="001"/>
        </lin>
        <lin>
          <Opcion V="002"/>
          <Votos V="6925"/>
          <Porc V="049,68"/>
          <Pregunta V="001"/>
        </lin>
        <lin>
          <Opcion V="001"/>
          <Votos V="7185"/>
          <Porc V="054,25"/>
          <Pregunta V="002"/>
        </lin>
        <lin>
          <Opcion V="002"/>
          <Votos V="6057"/>
          <Porc V="045,74"/>
          <Pregunta V="002"/>
        </lin>
        <lin>
          <Opcion V="001"/>
          <Votos V="7834"/>
          <Porc V="054,15"/>
          <Pregunta V="003"/>
        </lin>
        <lin>
          <Opcion V="002"/>
          <Votos V="6632"/>
          <Porc V="045,84"/>
          <Pregunta V="003"/>
        </lin>
        <lin>
          <Opcion V="001"/>
          <Votos V="6324"/>
          <Porc V="047,64"/>
          <Pregunta V="004"/>
        </lin>
        <lin>
          <Opcion V="002"/>
          <Votos V="6949"/>
          <Porc V="052,35"/>
          <Pregunta V="004"/>
        </lin>
        <lin>
          <Opcion V="001"/>
          <Votos V="6437"/>
          <Porc V="047,38"/>
          <Pregunta V="005"/>
        </lin>
        <lin>
          <Opcion V="002"/>
          <Votos V="7147"/>
          <Porc V="052,61"/>
          <Pregunta V="005"/>
        </lin>
        <lin>
          <Opcion V="001"/>
          <Votos V="6891"/>
          <Porc V="050,28"/>
          <Pregunta V="006"/>
        </lin>
        <lin>
          <Opcion V="002"/>
          <Votos V="6812"/>
          <Porc V="049,71"/>
          <Pregunta V="006"/>
        </lin>
        <lin>
          <Opcion V="001"/>
          <Votos V="5923"/>
          <Porc V="047,85"/>
          <Pregunta V="007"/>
        </lin>
        <lin>
          <Opcion V="002"/>
          <Votos V="6455"/>
          <Porc V="052,14"/>
          <Pregunta V="007"/>
        </lin>
      </Detalle_Opcion>
    </lin>
  </Detalle_Circunscripcion>
</Boletin>
</Boletin_Consolidado>