<Boletin_Consolidado><Boletin>
  <Numero V="0008"/>
  <Boletin_Departamental V="0012"/>
  <Tipo_Boletin V="DEPARTAMENTAL"/>
  <Desc_Corporacion V="CONSULTA POPULAR"/>
  <Departamento V="01"/>
  <Desc_Departamento V="ANTIOQUIA"/>
  <Municipio V="127"/>
  <Desc_Municipio V="FRONTINO"/>
  <Dia V="21"/>
  <Mes V="8"/>
  <Anio V="2018"/>
  <Hora V="14"/>
  <Minuto V="15"/>
  <Mesas_Instaladas V="52"/>
  <Mesas_Informadas V="52"/>
  <Porc_Mesas_Informadas V="100,00"/>
  <Potencial_Sufragantes V="16955"/>
  <Detalle_Circunscripcion>
    <lin>
      <Circunscripcion V="0"/>
      <Desc_Circunscripcion V="NACIONAL"/>
      <Detalle_Pregunta>
        <lin>
          <Pregunta V="001"/>
          <Total_Sufragantes V="16955"/>
          <Porc_Sufragantes V="100,00"/>
          <Abstencion V="0"/>
          <Porc_Abstencion V="000,00"/>
          <Votos_Validos V="8717"/>
          <Porc_Votos_Validos V="051,41"/>
          <Votos_No_Marcados V="3787"/>
          <Porc_Votos_No_Marcados V="022,33"/>
          <Votos_Nulos V="4451"/>
          <Porc_Votos_Nulos V="026,25"/>
        </lin>
        <lin>
          <Pregunta V="002"/>
          <Total_Sufragantes V="16955"/>
          <Porc_Sufragantes V="100,00"/>
          <Abstencion V="0"/>
          <Porc_Abstencion V="000,00"/>
          <Votos_Validos V="8026"/>
          <Porc_Votos_Validos V="047,33"/>
          <Votos_No_Marcados V="4405"/>
          <Porc_Votos_No_Marcados V="025,98"/>
          <Votos_Nulos V="4524"/>
          <Porc_Votos_Nulos V="026,68"/>
        </lin>
        <lin>
          <Pregunta V="003"/>
          <Total_Sufragantes V="16955"/>
          <Porc_Sufragantes V="100,00"/>
          <Abstencion V="0"/>
          <Porc_Abstencion V="000,00"/>
          <Votos_Validos V="8098"/>
          <Porc_Votos_Validos V="047,76"/>
          <Votos_No_Marcados V="4651"/>
          <Porc_Votos_No_Marcados V="027,43"/>
          <Votos_Nulos V="4206"/>
          <Porc_Votos_Nulos V="024,80"/>
        </lin>
        <lin>
          <Pregunta V="004"/>
          <Total_Sufragantes V="16955"/>
          <Porc_Sufragantes V="100,00"/>
          <Abstencion V="0"/>
          <Porc_Abstencion V="000,00"/>
          <Votos_Validos V="8432"/>
          <Porc_Votos_Validos V="049,73"/>
          <Votos_No_Marcados V="4096"/>
          <Porc_Votos_No_Marcados V="024,15"/>
          <Votos_Nulos V="4427"/>
          <Porc_Votos_Nulos V="026,11"/>
        </lin>
        <lin>
          <Pregunta V="005"/>
          <Total_Sufragantes V="16955"/>
          <Porc_Sufragantes V="100,00"/>
          <Abstencion V="0"/>
          <Porc_Abstencion V="000,00"/>
          <Votos_Validos V="8224"/>
          <Porc_Votos_Validos V="048,50"/>
          <Votos_No_Marcados V="4354"/>
          <Porc_Votos_No_Marcados V="025,67"/>
          <Votos_Nulos V="4377"/>
          <Porc_Votos_Nulos V="025,81"/>
        </lin>
        <lin>
          <Pregunta V="006"/>
          <Total_Sufragantes V="16955"/>
          <Porc_Sufragantes V="100,00"/>
          <Abstencion V="0"/>
          <Porc_Abstencion V="000,00"/>
          <Votos_Validos V="8276"/>
          <Porc_Votos_Validos V="048,81"/>
          <Votos_No_Marcados V="4261"/>
          <Porc_Votos_No_Marcados V="025,13"/>
          <Votos_Nulos V="4418"/>
          <Porc_Votos_Nulos V="026,05"/>
        </lin>
        <lin>
          <Pregunta V="007"/>
          <Total_Sufragantes V="16955"/>
          <Porc_Sufragantes V="100,00"/>
          <Abstencion V="0"/>
          <Porc_Abstencion V="000,00"/>
          <Votos_Validos V="8275"/>
          <Porc_Votos_Validos V="048,80"/>
          <Votos_No_Marcados V="4037"/>
          <Porc_Votos_No_Marcados V="023,81"/>
          <Votos_Nulos V="4643"/>
          <Porc_Votos_Nulos V="027,38"/>
        </lin>
      </Detalle_Pregunta>
      <Detalle_Opcion>
        <lin>
          <Opcion V="001"/>
          <Votos V="4046"/>
          <Porc V="046,41"/>
          <Pregunta V="001"/>
        </lin>
        <lin>
          <Opcion V="002"/>
          <Votos V="4671"/>
          <Porc V="053,58"/>
          <Pregunta V="001"/>
        </lin>
        <lin>
          <Opcion V="001"/>
          <Votos V="3887"/>
          <Porc V="048,43"/>
          <Pregunta V="002"/>
        </lin>
        <lin>
          <Opcion V="002"/>
          <Votos V="4139"/>
          <Porc V="051,56"/>
          <Pregunta V="002"/>
        </lin>
        <lin>
          <Opcion V="001"/>
          <Votos V="4208"/>
          <Porc V="051,96"/>
          <Pregunta V="003"/>
        </lin>
        <lin>
          <Opcion V="002"/>
          <Votos V="3890"/>
          <Porc V="048,03"/>
          <Pregunta V="003"/>
        </lin>
        <lin>
          <Opcion V="001"/>
          <Votos V="4852"/>
          <Porc V="057,54"/>
          <Pregunta V="004"/>
        </lin>
        <lin>
          <Opcion V="002"/>
          <Votos V="3580"/>
          <Porc V="042,45"/>
          <Pregunta V="004"/>
        </lin>
        <lin>
          <Opcion V="001"/>
          <Votos V="4151"/>
          <Porc V="050,47"/>
          <Pregunta V="005"/>
        </lin>
        <lin>
          <Opcion V="002"/>
          <Votos V="4073"/>
          <Porc V="049,52"/>
          <Pregunta V="005"/>
        </lin>
        <lin>
          <Opcion V="001"/>
          <Votos V="4750"/>
          <Porc V="057,39"/>
          <Pregunta V="006"/>
        </lin>
        <lin>
          <Opcion V="002"/>
          <Votos V="3526"/>
          <Porc V="042,60"/>
          <Pregunta V="006"/>
        </lin>
        <lin>
          <Opcion V="001"/>
          <Votos V="4042"/>
          <Porc V="048,84"/>
          <Pregunta V="007"/>
        </lin>
        <lin>
          <Opcion V="002"/>
          <Votos V="4233"/>
          <Porc V="051,15"/>
          <Pregunta V="007"/>
        </lin>
      </Detalle_Opcion>
    </lin>
  </Detalle_Circunscripcion>
</Boletin>
</Boletin_Consolidado>