<Boletin_Consolidado><Boletin>
  <Numero V="0008"/>
  <Boletin_Departamental V="0012"/>
  <Tipo_Boletin V="DEPARTAMENTAL"/>
  <Desc_Corporacion V="CONSULTA POPULAR"/>
  <Departamento V="07"/>
  <Desc_Departamento V="BOYACA"/>
  <Municipio V="190"/>
  <Desc_Municipio V="PAUNA"/>
  <Dia V="21"/>
  <Mes V="8"/>
  <Anio V="2018"/>
  <Hora V="14"/>
  <Minuto V="15"/>
  <Mesas_Instaladas V="19"/>
  <Mesas_Informadas V="19"/>
  <Porc_Mesas_Informadas V="100,00"/>
  <Potencial_Sufragantes V="6609"/>
  <Detalle_Circunscripcion>
    <lin>
      <Circunscripcion V="0"/>
      <Desc_Circunscripcion V="NACIONAL"/>
      <Detalle_Pregunta>
        <lin>
          <Pregunta V="001"/>
          <Total_Sufragantes V="6609"/>
          <Porc_Sufragantes V="100,00"/>
          <Abstencion V="0"/>
          <Porc_Abstencion V="000,00"/>
          <Votos_Validos V="3298"/>
          <Porc_Votos_Validos V="049,90"/>
          <Votos_No_Marcados V="1501"/>
          <Porc_Votos_No_Marcados V="022,71"/>
          <Votos_Nulos V="1810"/>
          <Porc_Votos_Nulos V="027,38"/>
        </lin>
        <lin>
          <Pregunta V="002"/>
          <Total_Sufragantes V="6609"/>
          <Porc_Sufragantes V="100,00"/>
          <Abstencion V="0"/>
          <Porc_Abstencion V="000,00"/>
          <Votos_Validos V="3041"/>
          <Porc_Votos_Validos V="046,01"/>
          <Votos_No_Marcados V="1576"/>
          <Porc_Votos_No_Marcados V="023,84"/>
          <Votos_Nulos V="1992"/>
          <Porc_Votos_Nulos V="030,14"/>
        </lin>
        <lin>
          <Pregunta V="003"/>
          <Total_Sufragantes V="6609"/>
          <Porc_Sufragantes V="100,00"/>
          <Abstencion V="0"/>
          <Porc_Abstencion V="000,00"/>
          <Votos_Validos V="3256"/>
          <Porc_Votos_Validos V="049,26"/>
          <Votos_No_Marcados V="1555"/>
          <Porc_Votos_No_Marcados V="023,52"/>
          <Votos_Nulos V="1798"/>
          <Porc_Votos_Nulos V="027,20"/>
        </lin>
        <lin>
          <Pregunta V="004"/>
          <Total_Sufragantes V="6609"/>
          <Porc_Sufragantes V="100,00"/>
          <Abstencion V="0"/>
          <Porc_Abstencion V="000,00"/>
          <Votos_Validos V="2978"/>
          <Porc_Votos_Validos V="045,05"/>
          <Votos_No_Marcados V="1734"/>
          <Porc_Votos_No_Marcados V="026,23"/>
          <Votos_Nulos V="1897"/>
          <Porc_Votos_Nulos V="028,70"/>
        </lin>
        <lin>
          <Pregunta V="005"/>
          <Total_Sufragantes V="6609"/>
          <Porc_Sufragantes V="100,00"/>
          <Abstencion V="0"/>
          <Porc_Abstencion V="000,00"/>
          <Votos_Validos V="3433"/>
          <Porc_Votos_Validos V="051,94"/>
          <Votos_No_Marcados V="1378"/>
          <Porc_Votos_No_Marcados V="020,85"/>
          <Votos_Nulos V="1798"/>
          <Porc_Votos_Nulos V="027,20"/>
        </lin>
        <lin>
          <Pregunta V="006"/>
          <Total_Sufragantes V="6609"/>
          <Porc_Sufragantes V="100,00"/>
          <Abstencion V="0"/>
          <Porc_Abstencion V="000,00"/>
          <Votos_Validos V="3428"/>
          <Porc_Votos_Validos V="051,86"/>
          <Votos_No_Marcados V="1432"/>
          <Porc_Votos_No_Marcados V="021,66"/>
          <Votos_Nulos V="1749"/>
          <Porc_Votos_Nulos V="026,46"/>
        </lin>
        <lin>
          <Pregunta V="007"/>
          <Total_Sufragantes V="6609"/>
          <Porc_Sufragantes V="100,00"/>
          <Abstencion V="0"/>
          <Porc_Abstencion V="000,00"/>
          <Votos_Validos V="3186"/>
          <Porc_Votos_Validos V="048,20"/>
          <Votos_No_Marcados V="1795"/>
          <Porc_Votos_No_Marcados V="027,15"/>
          <Votos_Nulos V="1628"/>
          <Porc_Votos_Nulos V="024,63"/>
        </lin>
      </Detalle_Pregunta>
      <Detalle_Opcion>
        <lin>
          <Opcion V="001"/>
          <Votos V="1611"/>
          <Porc V="048,84"/>
          <Pregunta V="001"/>
        </lin>
        <lin>
          <Opcion V="002"/>
          <Votos V="1687"/>
          <Porc V="051,15"/>
          <Pregunta V="001"/>
        </lin>
        <lin>
          <Opcion V="001"/>
          <Votos V="1462"/>
          <Porc V="048,07"/>
          <Pregunta V="002"/>
        </lin>
        <lin>
          <Opcion V="002"/>
          <Votos V="1579"/>
          <Porc V="051,92"/>
          <Pregunta V="002"/>
        </lin>
        <lin>
          <Opcion V="001"/>
          <Votos V="1631"/>
          <Porc V="050,09"/>
          <Pregunta V="003"/>
        </lin>
        <lin>
          <Opcion V="002"/>
          <Votos V="1625"/>
          <Porc V="049,90"/>
          <Pregunta V="003"/>
        </lin>
        <lin>
          <Opcion V="001"/>
          <Votos V="1490"/>
          <Porc V="050,03"/>
          <Pregunta V="004"/>
        </lin>
        <lin>
          <Opcion V="002"/>
          <Votos V="1488"/>
          <Porc V="049,96"/>
          <Pregunta V="004"/>
        </lin>
        <lin>
          <Opcion V="001"/>
          <Votos V="1403"/>
          <Porc V="040,86"/>
          <Pregunta V="005"/>
        </lin>
        <lin>
          <Opcion V="002"/>
          <Votos V="2030"/>
          <Porc V="059,13"/>
          <Pregunta V="005"/>
        </lin>
        <lin>
          <Opcion V="001"/>
          <Votos V="1361"/>
          <Porc V="039,70"/>
          <Pregunta V="006"/>
        </lin>
        <lin>
          <Opcion V="002"/>
          <Votos V="2067"/>
          <Porc V="060,29"/>
          <Pregunta V="006"/>
        </lin>
        <lin>
          <Opcion V="001"/>
          <Votos V="1609"/>
          <Porc V="050,50"/>
          <Pregunta V="007"/>
        </lin>
        <lin>
          <Opcion V="002"/>
          <Votos V="1577"/>
          <Porc V="049,49"/>
          <Pregunta V="007"/>
        </lin>
      </Detalle_Opcion>
    </lin>
  </Detalle_Circunscripcion>
</Boletin>
</Boletin_Consolidado>