<Boletin_Consolidado><Boletin>
  <Numero V="0008"/>
  <Boletin_Departamental V="0012"/>
  <Tipo_Boletin V="DEPARTAMENTAL"/>
  <Desc_Corporacion V="CONSULTA POPULAR"/>
  <Departamento V="12"/>
  <Desc_Departamento V="CESAR"/>
  <Municipio V="415"/>
  <Desc_Municipio V="EL PASO"/>
  <Dia V="21"/>
  <Mes V="8"/>
  <Anio V="2018"/>
  <Hora V="14"/>
  <Minuto V="15"/>
  <Mesas_Instaladas V="59"/>
  <Mesas_Informadas V="59"/>
  <Porc_Mesas_Informadas V="100,00"/>
  <Potencial_Sufragantes V="21809"/>
  <Detalle_Circunscripcion>
    <lin>
      <Circunscripcion V="0"/>
      <Desc_Circunscripcion V="NACIONAL"/>
      <Detalle_Pregunta>
        <lin>
          <Pregunta V="001"/>
          <Total_Sufragantes V="21809"/>
          <Porc_Sufragantes V="100,00"/>
          <Abstencion V="0"/>
          <Porc_Abstencion V="000,00"/>
          <Votos_Validos V="10761"/>
          <Porc_Votos_Validos V="049,34"/>
          <Votos_No_Marcados V="5690"/>
          <Porc_Votos_No_Marcados V="026,09"/>
          <Votos_Nulos V="5358"/>
          <Porc_Votos_Nulos V="024,56"/>
        </lin>
        <lin>
          <Pregunta V="002"/>
          <Total_Sufragantes V="21809"/>
          <Porc_Sufragantes V="100,00"/>
          <Abstencion V="0"/>
          <Porc_Abstencion V="000,00"/>
          <Votos_Validos V="11091"/>
          <Porc_Votos_Validos V="050,85"/>
          <Votos_No_Marcados V="4732"/>
          <Porc_Votos_No_Marcados V="021,69"/>
          <Votos_Nulos V="5986"/>
          <Porc_Votos_Nulos V="027,44"/>
        </lin>
        <lin>
          <Pregunta V="003"/>
          <Total_Sufragantes V="21809"/>
          <Porc_Sufragantes V="100,00"/>
          <Abstencion V="0"/>
          <Porc_Abstencion V="000,00"/>
          <Votos_Validos V="11821"/>
          <Porc_Votos_Validos V="054,20"/>
          <Votos_No_Marcados V="4432"/>
          <Porc_Votos_No_Marcados V="020,32"/>
          <Votos_Nulos V="5556"/>
          <Porc_Votos_Nulos V="025,47"/>
        </lin>
        <lin>
          <Pregunta V="004"/>
          <Total_Sufragantes V="21809"/>
          <Porc_Sufragantes V="100,00"/>
          <Abstencion V="0"/>
          <Porc_Abstencion V="000,00"/>
          <Votos_Validos V="10232"/>
          <Porc_Votos_Validos V="046,91"/>
          <Votos_No_Marcados V="5387"/>
          <Porc_Votos_No_Marcados V="024,70"/>
          <Votos_Nulos V="6190"/>
          <Porc_Votos_Nulos V="028,38"/>
        </lin>
        <lin>
          <Pregunta V="005"/>
          <Total_Sufragantes V="21809"/>
          <Porc_Sufragantes V="100,00"/>
          <Abstencion V="0"/>
          <Porc_Abstencion V="000,00"/>
          <Votos_Validos V="10249"/>
          <Porc_Votos_Validos V="046,99"/>
          <Votos_No_Marcados V="6445"/>
          <Porc_Votos_No_Marcados V="029,55"/>
          <Votos_Nulos V="5115"/>
          <Porc_Votos_Nulos V="023,45"/>
        </lin>
        <lin>
          <Pregunta V="006"/>
          <Total_Sufragantes V="21809"/>
          <Porc_Sufragantes V="100,00"/>
          <Abstencion V="0"/>
          <Porc_Abstencion V="000,00"/>
          <Votos_Validos V="11056"/>
          <Porc_Votos_Validos V="050,69"/>
          <Votos_No_Marcados V="5755"/>
          <Porc_Votos_No_Marcados V="026,38"/>
          <Votos_Nulos V="4998"/>
          <Porc_Votos_Nulos V="022,91"/>
        </lin>
        <lin>
          <Pregunta V="007"/>
          <Total_Sufragantes V="21809"/>
          <Porc_Sufragantes V="100,00"/>
          <Abstencion V="0"/>
          <Porc_Abstencion V="000,00"/>
          <Votos_Validos V="11448"/>
          <Porc_Votos_Validos V="052,49"/>
          <Votos_No_Marcados V="4996"/>
          <Porc_Votos_No_Marcados V="022,90"/>
          <Votos_Nulos V="5365"/>
          <Porc_Votos_Nulos V="024,59"/>
        </lin>
      </Detalle_Pregunta>
      <Detalle_Opcion>
        <lin>
          <Opcion V="001"/>
          <Votos V="5205"/>
          <Porc V="048,36"/>
          <Pregunta V="001"/>
        </lin>
        <lin>
          <Opcion V="002"/>
          <Votos V="5556"/>
          <Porc V="051,63"/>
          <Pregunta V="001"/>
        </lin>
        <lin>
          <Opcion V="001"/>
          <Votos V="5618"/>
          <Porc V="050,65"/>
          <Pregunta V="002"/>
        </lin>
        <lin>
          <Opcion V="002"/>
          <Votos V="5473"/>
          <Porc V="049,34"/>
          <Pregunta V="002"/>
        </lin>
        <lin>
          <Opcion V="001"/>
          <Votos V="6036"/>
          <Porc V="051,06"/>
          <Pregunta V="003"/>
        </lin>
        <lin>
          <Opcion V="002"/>
          <Votos V="5785"/>
          <Porc V="048,93"/>
          <Pregunta V="003"/>
        </lin>
        <lin>
          <Opcion V="001"/>
          <Votos V="5325"/>
          <Porc V="052,04"/>
          <Pregunta V="004"/>
        </lin>
        <lin>
          <Opcion V="002"/>
          <Votos V="4907"/>
          <Porc V="047,95"/>
          <Pregunta V="004"/>
        </lin>
        <lin>
          <Opcion V="001"/>
          <Votos V="5003"/>
          <Porc V="048,81"/>
          <Pregunta V="005"/>
        </lin>
        <lin>
          <Opcion V="002"/>
          <Votos V="5246"/>
          <Porc V="051,18"/>
          <Pregunta V="005"/>
        </lin>
        <lin>
          <Opcion V="001"/>
          <Votos V="5636"/>
          <Porc V="050,97"/>
          <Pregunta V="006"/>
        </lin>
        <lin>
          <Opcion V="002"/>
          <Votos V="5420"/>
          <Porc V="049,02"/>
          <Pregunta V="006"/>
        </lin>
        <lin>
          <Opcion V="001"/>
          <Votos V="6082"/>
          <Porc V="053,12"/>
          <Pregunta V="007"/>
        </lin>
        <lin>
          <Opcion V="002"/>
          <Votos V="5366"/>
          <Porc V="046,87"/>
          <Pregunta V="007"/>
        </lin>
      </Detalle_Opcion>
    </lin>
  </Detalle_Circunscripcion>
</Boletin>
</Boletin_Consolidado>