<Boletin_Consolidado><Boletin>
  <Numero V="0008"/>
  <Boletin_Departamental V="0012"/>
  <Tipo_Boletin V="DEPARTAMENTAL"/>
  <Desc_Corporacion V="CONSULTA POPULAR"/>
  <Departamento V="07"/>
  <Desc_Departamento V="BOYACA"/>
  <Municipio V="176"/>
  <Desc_Municipio V="OTANCHE"/>
  <Dia V="21"/>
  <Mes V="8"/>
  <Anio V="2018"/>
  <Hora V="14"/>
  <Minuto V="15"/>
  <Mesas_Instaladas V="23"/>
  <Mesas_Informadas V="23"/>
  <Porc_Mesas_Informadas V="100,00"/>
  <Potencial_Sufragantes V="6401"/>
  <Detalle_Circunscripcion>
    <lin>
      <Circunscripcion V="0"/>
      <Desc_Circunscripcion V="NACIONAL"/>
      <Detalle_Pregunta>
        <lin>
          <Pregunta V="001"/>
          <Total_Sufragantes V="6401"/>
          <Porc_Sufragantes V="100,00"/>
          <Abstencion V="0"/>
          <Porc_Abstencion V="000,00"/>
          <Votos_Validos V="3712"/>
          <Porc_Votos_Validos V="057,99"/>
          <Votos_No_Marcados V="1352"/>
          <Porc_Votos_No_Marcados V="021,12"/>
          <Votos_Nulos V="1337"/>
          <Porc_Votos_Nulos V="020,88"/>
        </lin>
        <lin>
          <Pregunta V="002"/>
          <Total_Sufragantes V="6401"/>
          <Porc_Sufragantes V="100,00"/>
          <Abstencion V="0"/>
          <Porc_Abstencion V="000,00"/>
          <Votos_Validos V="2860"/>
          <Porc_Votos_Validos V="044,68"/>
          <Votos_No_Marcados V="1785"/>
          <Porc_Votos_No_Marcados V="027,88"/>
          <Votos_Nulos V="1756"/>
          <Porc_Votos_Nulos V="027,43"/>
        </lin>
        <lin>
          <Pregunta V="003"/>
          <Total_Sufragantes V="6401"/>
          <Porc_Sufragantes V="100,00"/>
          <Abstencion V="0"/>
          <Porc_Abstencion V="000,00"/>
          <Votos_Validos V="2827"/>
          <Porc_Votos_Validos V="044,16"/>
          <Votos_No_Marcados V="1727"/>
          <Porc_Votos_No_Marcados V="026,98"/>
          <Votos_Nulos V="1847"/>
          <Porc_Votos_Nulos V="028,85"/>
        </lin>
        <lin>
          <Pregunta V="004"/>
          <Total_Sufragantes V="6401"/>
          <Porc_Sufragantes V="100,00"/>
          <Abstencion V="0"/>
          <Porc_Abstencion V="000,00"/>
          <Votos_Validos V="3230"/>
          <Porc_Votos_Validos V="050,46"/>
          <Votos_No_Marcados V="1607"/>
          <Porc_Votos_No_Marcados V="025,10"/>
          <Votos_Nulos V="1564"/>
          <Porc_Votos_Nulos V="024,43"/>
        </lin>
        <lin>
          <Pregunta V="005"/>
          <Total_Sufragantes V="6401"/>
          <Porc_Sufragantes V="100,00"/>
          <Abstencion V="0"/>
          <Porc_Abstencion V="000,00"/>
          <Votos_Validos V="3621"/>
          <Porc_Votos_Validos V="056,56"/>
          <Votos_No_Marcados V="1668"/>
          <Porc_Votos_No_Marcados V="026,05"/>
          <Votos_Nulos V="1112"/>
          <Porc_Votos_Nulos V="017,37"/>
        </lin>
        <lin>
          <Pregunta V="006"/>
          <Total_Sufragantes V="6401"/>
          <Porc_Sufragantes V="100,00"/>
          <Abstencion V="0"/>
          <Porc_Abstencion V="000,00"/>
          <Votos_Validos V="3229"/>
          <Porc_Votos_Validos V="050,44"/>
          <Votos_No_Marcados V="1714"/>
          <Porc_Votos_No_Marcados V="026,77"/>
          <Votos_Nulos V="1458"/>
          <Porc_Votos_Nulos V="022,77"/>
        </lin>
        <lin>
          <Pregunta V="007"/>
          <Total_Sufragantes V="6401"/>
          <Porc_Sufragantes V="100,00"/>
          <Abstencion V="0"/>
          <Porc_Abstencion V="000,00"/>
          <Votos_Validos V="3643"/>
          <Porc_Votos_Validos V="056,91"/>
          <Votos_No_Marcados V="1469"/>
          <Porc_Votos_No_Marcados V="022,94"/>
          <Votos_Nulos V="1289"/>
          <Porc_Votos_Nulos V="020,13"/>
        </lin>
      </Detalle_Pregunta>
      <Detalle_Opcion>
        <lin>
          <Opcion V="001"/>
          <Votos V="1958"/>
          <Porc V="052,74"/>
          <Pregunta V="001"/>
        </lin>
        <lin>
          <Opcion V="002"/>
          <Votos V="1754"/>
          <Porc V="047,25"/>
          <Pregunta V="001"/>
        </lin>
        <lin>
          <Opcion V="001"/>
          <Votos V="1404"/>
          <Porc V="049,09"/>
          <Pregunta V="002"/>
        </lin>
        <lin>
          <Opcion V="002"/>
          <Votos V="1456"/>
          <Porc V="050,90"/>
          <Pregunta V="002"/>
        </lin>
        <lin>
          <Opcion V="001"/>
          <Votos V="1493"/>
          <Porc V="052,81"/>
          <Pregunta V="003"/>
        </lin>
        <lin>
          <Opcion V="002"/>
          <Votos V="1334"/>
          <Porc V="047,18"/>
          <Pregunta V="003"/>
        </lin>
        <lin>
          <Opcion V="001"/>
          <Votos V="1691"/>
          <Porc V="052,35"/>
          <Pregunta V="004"/>
        </lin>
        <lin>
          <Opcion V="002"/>
          <Votos V="1539"/>
          <Porc V="047,64"/>
          <Pregunta V="004"/>
        </lin>
        <lin>
          <Opcion V="001"/>
          <Votos V="1898"/>
          <Porc V="052,41"/>
          <Pregunta V="005"/>
        </lin>
        <lin>
          <Opcion V="002"/>
          <Votos V="1723"/>
          <Porc V="047,58"/>
          <Pregunta V="005"/>
        </lin>
        <lin>
          <Opcion V="001"/>
          <Votos V="1945"/>
          <Porc V="060,23"/>
          <Pregunta V="006"/>
        </lin>
        <lin>
          <Opcion V="002"/>
          <Votos V="1284"/>
          <Porc V="039,76"/>
          <Pregunta V="006"/>
        </lin>
        <lin>
          <Opcion V="001"/>
          <Votos V="1895"/>
          <Porc V="052,01"/>
          <Pregunta V="007"/>
        </lin>
        <lin>
          <Opcion V="002"/>
          <Votos V="1748"/>
          <Porc V="047,98"/>
          <Pregunta V="007"/>
        </lin>
      </Detalle_Opcion>
    </lin>
  </Detalle_Circunscripcion>
</Boletin>
</Boletin_Consolidado>