<Boletin_Consolidado><Boletin>
  <Numero V="0008"/>
  <Boletin_Departamental V="0012"/>
  <Tipo_Boletin V="DEPARTAMENTAL"/>
  <Desc_Corporacion V="CONSULTA POPULAR"/>
  <Departamento V="12"/>
  <Desc_Departamento V="CESAR"/>
  <Municipio V="608"/>
  <Desc_Municipio V="LA JAGUA DE IBIRICO"/>
  <Dia V="21"/>
  <Mes V="8"/>
  <Anio V="2018"/>
  <Hora V="14"/>
  <Minuto V="15"/>
  <Mesas_Instaladas V="74"/>
  <Mesas_Informadas V="74"/>
  <Porc_Mesas_Informadas V="100,00"/>
  <Potencial_Sufragantes V="27007"/>
  <Detalle_Circunscripcion>
    <lin>
      <Circunscripcion V="0"/>
      <Desc_Circunscripcion V="NACIONAL"/>
      <Detalle_Pregunta>
        <lin>
          <Pregunta V="001"/>
          <Total_Sufragantes V="27007"/>
          <Porc_Sufragantes V="100,00"/>
          <Abstencion V="0"/>
          <Porc_Abstencion V="000,00"/>
          <Votos_Validos V="14476"/>
          <Porc_Votos_Validos V="053,60"/>
          <Votos_No_Marcados V="6093"/>
          <Porc_Votos_No_Marcados V="022,56"/>
          <Votos_Nulos V="6438"/>
          <Porc_Votos_Nulos V="023,83"/>
        </lin>
        <lin>
          <Pregunta V="002"/>
          <Total_Sufragantes V="27007"/>
          <Porc_Sufragantes V="100,00"/>
          <Abstencion V="0"/>
          <Porc_Abstencion V="000,00"/>
          <Votos_Validos V="13550"/>
          <Porc_Votos_Validos V="050,17"/>
          <Votos_No_Marcados V="7150"/>
          <Porc_Votos_No_Marcados V="026,47"/>
          <Votos_Nulos V="6307"/>
          <Porc_Votos_Nulos V="023,35"/>
        </lin>
        <lin>
          <Pregunta V="003"/>
          <Total_Sufragantes V="27007"/>
          <Porc_Sufragantes V="100,00"/>
          <Abstencion V="0"/>
          <Porc_Abstencion V="000,00"/>
          <Votos_Validos V="13374"/>
          <Porc_Votos_Validos V="049,52"/>
          <Votos_No_Marcados V="7437"/>
          <Porc_Votos_No_Marcados V="027,53"/>
          <Votos_Nulos V="6196"/>
          <Porc_Votos_Nulos V="022,94"/>
        </lin>
        <lin>
          <Pregunta V="004"/>
          <Total_Sufragantes V="27007"/>
          <Porc_Sufragantes V="100,00"/>
          <Abstencion V="0"/>
          <Porc_Abstencion V="000,00"/>
          <Votos_Validos V="12738"/>
          <Porc_Votos_Validos V="047,16"/>
          <Votos_No_Marcados V="7032"/>
          <Porc_Votos_No_Marcados V="026,03"/>
          <Votos_Nulos V="7237"/>
          <Porc_Votos_Nulos V="026,79"/>
        </lin>
        <lin>
          <Pregunta V="005"/>
          <Total_Sufragantes V="27007"/>
          <Porc_Sufragantes V="100,00"/>
          <Abstencion V="0"/>
          <Porc_Abstencion V="000,00"/>
          <Votos_Validos V="13675"/>
          <Porc_Votos_Validos V="050,63"/>
          <Votos_No_Marcados V="6859"/>
          <Porc_Votos_No_Marcados V="025,39"/>
          <Votos_Nulos V="6473"/>
          <Porc_Votos_Nulos V="023,96"/>
        </lin>
        <lin>
          <Pregunta V="006"/>
          <Total_Sufragantes V="27007"/>
          <Porc_Sufragantes V="100,00"/>
          <Abstencion V="0"/>
          <Porc_Abstencion V="000,00"/>
          <Votos_Validos V="13947"/>
          <Porc_Votos_Validos V="051,64"/>
          <Votos_No_Marcados V="5884"/>
          <Porc_Votos_No_Marcados V="021,78"/>
          <Votos_Nulos V="7176"/>
          <Porc_Votos_Nulos V="026,57"/>
        </lin>
        <lin>
          <Pregunta V="007"/>
          <Total_Sufragantes V="27007"/>
          <Porc_Sufragantes V="100,00"/>
          <Abstencion V="0"/>
          <Porc_Abstencion V="000,00"/>
          <Votos_Validos V="12010"/>
          <Porc_Votos_Validos V="044,46"/>
          <Votos_No_Marcados V="7420"/>
          <Porc_Votos_No_Marcados V="027,47"/>
          <Votos_Nulos V="7577"/>
          <Porc_Votos_Nulos V="028,05"/>
        </lin>
      </Detalle_Pregunta>
      <Detalle_Opcion>
        <lin>
          <Opcion V="001"/>
          <Votos V="6693"/>
          <Porc V="046,23"/>
          <Pregunta V="001"/>
        </lin>
        <lin>
          <Opcion V="002"/>
          <Votos V="7783"/>
          <Porc V="053,76"/>
          <Pregunta V="001"/>
        </lin>
        <lin>
          <Opcion V="001"/>
          <Votos V="6918"/>
          <Porc V="051,05"/>
          <Pregunta V="002"/>
        </lin>
        <lin>
          <Opcion V="002"/>
          <Votos V="6632"/>
          <Porc V="048,94"/>
          <Pregunta V="002"/>
        </lin>
        <lin>
          <Opcion V="001"/>
          <Votos V="6941"/>
          <Porc V="051,89"/>
          <Pregunta V="003"/>
        </lin>
        <lin>
          <Opcion V="002"/>
          <Votos V="6433"/>
          <Porc V="048,10"/>
          <Pregunta V="003"/>
        </lin>
        <lin>
          <Opcion V="001"/>
          <Votos V="6418"/>
          <Porc V="050,38"/>
          <Pregunta V="004"/>
        </lin>
        <lin>
          <Opcion V="002"/>
          <Votos V="6320"/>
          <Porc V="049,61"/>
          <Pregunta V="004"/>
        </lin>
        <lin>
          <Opcion V="001"/>
          <Votos V="6886"/>
          <Porc V="050,35"/>
          <Pregunta V="005"/>
        </lin>
        <lin>
          <Opcion V="002"/>
          <Votos V="6789"/>
          <Porc V="049,64"/>
          <Pregunta V="005"/>
        </lin>
        <lin>
          <Opcion V="001"/>
          <Votos V="7154"/>
          <Porc V="051,29"/>
          <Pregunta V="006"/>
        </lin>
        <lin>
          <Opcion V="002"/>
          <Votos V="6793"/>
          <Porc V="048,70"/>
          <Pregunta V="006"/>
        </lin>
        <lin>
          <Opcion V="001"/>
          <Votos V="6557"/>
          <Porc V="054,59"/>
          <Pregunta V="007"/>
        </lin>
        <lin>
          <Opcion V="002"/>
          <Votos V="5453"/>
          <Porc V="045,40"/>
          <Pregunta V="007"/>
        </lin>
      </Detalle_Opcion>
    </lin>
  </Detalle_Circunscripcion>
</Boletin>
</Boletin_Consolidado>