<Boletin_Consolidado><Boletin>
  <Numero V="0008"/>
  <Boletin_Departamental V="0012"/>
  <Tipo_Boletin V="DEPARTAMENTAL"/>
  <Desc_Corporacion V="CONSULTA POPULAR"/>
  <Departamento V="05"/>
  <Desc_Departamento V="BOLIVAR"/>
  <Municipio V="127"/>
  <Desc_Municipio V="ZAMBRANO"/>
  <Dia V="21"/>
  <Mes V="8"/>
  <Anio V="2018"/>
  <Hora V="14"/>
  <Minuto V="15"/>
  <Mesas_Instaladas V="25"/>
  <Mesas_Informadas V="25"/>
  <Porc_Mesas_Informadas V="100,00"/>
  <Potencial_Sufragantes V="9078"/>
  <Detalle_Circunscripcion>
    <lin>
      <Circunscripcion V="0"/>
      <Desc_Circunscripcion V="NACIONAL"/>
      <Detalle_Pregunta>
        <lin>
          <Pregunta V="001"/>
          <Total_Sufragantes V="9078"/>
          <Porc_Sufragantes V="100,00"/>
          <Abstencion V="0"/>
          <Porc_Abstencion V="000,00"/>
          <Votos_Validos V="5253"/>
          <Porc_Votos_Validos V="057,86"/>
          <Votos_No_Marcados V="2098"/>
          <Porc_Votos_No_Marcados V="023,11"/>
          <Votos_Nulos V="1727"/>
          <Porc_Votos_Nulos V="019,02"/>
        </lin>
        <lin>
          <Pregunta V="002"/>
          <Total_Sufragantes V="9078"/>
          <Porc_Sufragantes V="100,00"/>
          <Abstencion V="0"/>
          <Porc_Abstencion V="000,00"/>
          <Votos_Validos V="4143"/>
          <Porc_Votos_Validos V="045,63"/>
          <Votos_No_Marcados V="2397"/>
          <Porc_Votos_No_Marcados V="026,40"/>
          <Votos_Nulos V="2538"/>
          <Porc_Votos_Nulos V="027,95"/>
        </lin>
        <lin>
          <Pregunta V="003"/>
          <Total_Sufragantes V="9078"/>
          <Porc_Sufragantes V="100,00"/>
          <Abstencion V="0"/>
          <Porc_Abstencion V="000,00"/>
          <Votos_Validos V="4225"/>
          <Porc_Votos_Validos V="046,54"/>
          <Votos_No_Marcados V="2476"/>
          <Porc_Votos_No_Marcados V="027,27"/>
          <Votos_Nulos V="2377"/>
          <Porc_Votos_Nulos V="026,18"/>
        </lin>
        <lin>
          <Pregunta V="004"/>
          <Total_Sufragantes V="9078"/>
          <Porc_Sufragantes V="100,00"/>
          <Abstencion V="0"/>
          <Porc_Abstencion V="000,00"/>
          <Votos_Validos V="5040"/>
          <Porc_Votos_Validos V="055,51"/>
          <Votos_No_Marcados V="2320"/>
          <Porc_Votos_No_Marcados V="025,55"/>
          <Votos_Nulos V="1718"/>
          <Porc_Votos_Nulos V="018,92"/>
        </lin>
        <lin>
          <Pregunta V="005"/>
          <Total_Sufragantes V="9078"/>
          <Porc_Sufragantes V="100,00"/>
          <Abstencion V="0"/>
          <Porc_Abstencion V="000,00"/>
          <Votos_Validos V="4238"/>
          <Porc_Votos_Validos V="046,68"/>
          <Votos_No_Marcados V="2461"/>
          <Porc_Votos_No_Marcados V="027,10"/>
          <Votos_Nulos V="2379"/>
          <Porc_Votos_Nulos V="026,20"/>
        </lin>
        <lin>
          <Pregunta V="006"/>
          <Total_Sufragantes V="9078"/>
          <Porc_Sufragantes V="100,00"/>
          <Abstencion V="0"/>
          <Porc_Abstencion V="000,00"/>
          <Votos_Validos V="4187"/>
          <Porc_Votos_Validos V="046,12"/>
          <Votos_No_Marcados V="2471"/>
          <Porc_Votos_No_Marcados V="027,21"/>
          <Votos_Nulos V="2420"/>
          <Porc_Votos_Nulos V="026,65"/>
        </lin>
        <lin>
          <Pregunta V="007"/>
          <Total_Sufragantes V="9078"/>
          <Porc_Sufragantes V="100,00"/>
          <Abstencion V="0"/>
          <Porc_Abstencion V="000,00"/>
          <Votos_Validos V="4567"/>
          <Porc_Votos_Validos V="050,30"/>
          <Votos_No_Marcados V="2728"/>
          <Porc_Votos_No_Marcados V="030,05"/>
          <Votos_Nulos V="1783"/>
          <Porc_Votos_Nulos V="019,64"/>
        </lin>
      </Detalle_Pregunta>
      <Detalle_Opcion>
        <lin>
          <Opcion V="001"/>
          <Votos V="2816"/>
          <Porc V="053,60"/>
          <Pregunta V="001"/>
        </lin>
        <lin>
          <Opcion V="002"/>
          <Votos V="2437"/>
          <Porc V="046,39"/>
          <Pregunta V="001"/>
        </lin>
        <lin>
          <Opcion V="001"/>
          <Votos V="2317"/>
          <Porc V="055,92"/>
          <Pregunta V="002"/>
        </lin>
        <lin>
          <Opcion V="002"/>
          <Votos V="1826"/>
          <Porc V="044,07"/>
          <Pregunta V="002"/>
        </lin>
        <lin>
          <Opcion V="001"/>
          <Votos V="2575"/>
          <Porc V="060,94"/>
          <Pregunta V="003"/>
        </lin>
        <lin>
          <Opcion V="002"/>
          <Votos V="1650"/>
          <Porc V="039,05"/>
          <Pregunta V="003"/>
        </lin>
        <lin>
          <Opcion V="001"/>
          <Votos V="2675"/>
          <Porc V="053,07"/>
          <Pregunta V="004"/>
        </lin>
        <lin>
          <Opcion V="002"/>
          <Votos V="2365"/>
          <Porc V="046,92"/>
          <Pregunta V="004"/>
        </lin>
        <lin>
          <Opcion V="001"/>
          <Votos V="1916"/>
          <Porc V="045,21"/>
          <Pregunta V="005"/>
        </lin>
        <lin>
          <Opcion V="002"/>
          <Votos V="2322"/>
          <Porc V="054,78"/>
          <Pregunta V="005"/>
        </lin>
        <lin>
          <Opcion V="001"/>
          <Votos V="2369"/>
          <Porc V="056,57"/>
          <Pregunta V="006"/>
        </lin>
        <lin>
          <Opcion V="002"/>
          <Votos V="1818"/>
          <Porc V="043,42"/>
          <Pregunta V="006"/>
        </lin>
        <lin>
          <Opcion V="001"/>
          <Votos V="1941"/>
          <Porc V="042,50"/>
          <Pregunta V="007"/>
        </lin>
        <lin>
          <Opcion V="002"/>
          <Votos V="2626"/>
          <Porc V="057,49"/>
          <Pregunta V="007"/>
        </lin>
      </Detalle_Opcion>
    </lin>
  </Detalle_Circunscripcion>
</Boletin>
</Boletin_Consolidado>