<Boletin_Consolidado><Boletin>
  <Numero V="0008"/>
  <Boletin_Departamental V="0012"/>
  <Tipo_Boletin V="DEPARTAMENTAL"/>
  <Desc_Corporacion V="CONSULTA POPULAR"/>
  <Departamento V="01"/>
  <Desc_Departamento V="ANTIOQUIA"/>
  <Municipio V="160"/>
  <Desc_Municipio V="JERICO"/>
  <Dia V="21"/>
  <Mes V="8"/>
  <Anio V="2018"/>
  <Hora V="14"/>
  <Minuto V="15"/>
  <Mesas_Instaladas V="30"/>
  <Mesas_Informadas V="30"/>
  <Porc_Mesas_Informadas V="100,00"/>
  <Potencial_Sufragantes V="11067"/>
  <Detalle_Circunscripcion>
    <lin>
      <Circunscripcion V="0"/>
      <Desc_Circunscripcion V="NACIONAL"/>
      <Detalle_Pregunta>
        <lin>
          <Pregunta V="001"/>
          <Total_Sufragantes V="11067"/>
          <Porc_Sufragantes V="100,00"/>
          <Abstencion V="0"/>
          <Porc_Abstencion V="000,00"/>
          <Votos_Validos V="5392"/>
          <Porc_Votos_Validos V="048,72"/>
          <Votos_No_Marcados V="2556"/>
          <Porc_Votos_No_Marcados V="023,09"/>
          <Votos_Nulos V="3119"/>
          <Porc_Votos_Nulos V="028,18"/>
        </lin>
        <lin>
          <Pregunta V="002"/>
          <Total_Sufragantes V="11067"/>
          <Porc_Sufragantes V="100,00"/>
          <Abstencion V="0"/>
          <Porc_Abstencion V="000,00"/>
          <Votos_Validos V="5448"/>
          <Porc_Votos_Validos V="049,22"/>
          <Votos_No_Marcados V="2744"/>
          <Porc_Votos_No_Marcados V="024,79"/>
          <Votos_Nulos V="2875"/>
          <Porc_Votos_Nulos V="025,97"/>
        </lin>
        <lin>
          <Pregunta V="003"/>
          <Total_Sufragantes V="11067"/>
          <Porc_Sufragantes V="100,00"/>
          <Abstencion V="0"/>
          <Porc_Abstencion V="000,00"/>
          <Votos_Validos V="5325"/>
          <Porc_Votos_Validos V="048,11"/>
          <Votos_No_Marcados V="2883"/>
          <Porc_Votos_No_Marcados V="026,05"/>
          <Votos_Nulos V="2859"/>
          <Porc_Votos_Nulos V="025,83"/>
        </lin>
        <lin>
          <Pregunta V="004"/>
          <Total_Sufragantes V="11067"/>
          <Porc_Sufragantes V="100,00"/>
          <Abstencion V="0"/>
          <Porc_Abstencion V="000,00"/>
          <Votos_Validos V="5281"/>
          <Porc_Votos_Validos V="047,71"/>
          <Votos_No_Marcados V="2795"/>
          <Porc_Votos_No_Marcados V="025,25"/>
          <Votos_Nulos V="2991"/>
          <Porc_Votos_Nulos V="027,02"/>
        </lin>
        <lin>
          <Pregunta V="005"/>
          <Total_Sufragantes V="11067"/>
          <Porc_Sufragantes V="100,00"/>
          <Abstencion V="0"/>
          <Porc_Abstencion V="000,00"/>
          <Votos_Validos V="5498"/>
          <Porc_Votos_Validos V="049,67"/>
          <Votos_No_Marcados V="2839"/>
          <Porc_Votos_No_Marcados V="025,65"/>
          <Votos_Nulos V="2730"/>
          <Porc_Votos_Nulos V="024,66"/>
        </lin>
        <lin>
          <Pregunta V="006"/>
          <Total_Sufragantes V="11067"/>
          <Porc_Sufragantes V="100,00"/>
          <Abstencion V="0"/>
          <Porc_Abstencion V="000,00"/>
          <Votos_Validos V="5765"/>
          <Porc_Votos_Validos V="052,09"/>
          <Votos_No_Marcados V="2395"/>
          <Porc_Votos_No_Marcados V="021,64"/>
          <Votos_Nulos V="2907"/>
          <Porc_Votos_Nulos V="026,26"/>
        </lin>
        <lin>
          <Pregunta V="007"/>
          <Total_Sufragantes V="11067"/>
          <Porc_Sufragantes V="100,00"/>
          <Abstencion V="0"/>
          <Porc_Abstencion V="000,00"/>
          <Votos_Validos V="5206"/>
          <Porc_Votos_Validos V="047,04"/>
          <Votos_No_Marcados V="3389"/>
          <Porc_Votos_No_Marcados V="030,62"/>
          <Votos_Nulos V="2472"/>
          <Porc_Votos_Nulos V="022,33"/>
        </lin>
      </Detalle_Pregunta>
      <Detalle_Opcion>
        <lin>
          <Opcion V="001"/>
          <Votos V="2587"/>
          <Porc V="047,97"/>
          <Pregunta V="001"/>
        </lin>
        <lin>
          <Opcion V="002"/>
          <Votos V="2805"/>
          <Porc V="052,02"/>
          <Pregunta V="001"/>
        </lin>
        <lin>
          <Opcion V="001"/>
          <Votos V="2875"/>
          <Porc V="052,77"/>
          <Pregunta V="002"/>
        </lin>
        <lin>
          <Opcion V="002"/>
          <Votos V="2573"/>
          <Porc V="047,22"/>
          <Pregunta V="002"/>
        </lin>
        <lin>
          <Opcion V="001"/>
          <Votos V="2537"/>
          <Porc V="047,64"/>
          <Pregunta V="003"/>
        </lin>
        <lin>
          <Opcion V="002"/>
          <Votos V="2788"/>
          <Porc V="052,35"/>
          <Pregunta V="003"/>
        </lin>
        <lin>
          <Opcion V="001"/>
          <Votos V="3035"/>
          <Porc V="057,47"/>
          <Pregunta V="004"/>
        </lin>
        <lin>
          <Opcion V="002"/>
          <Votos V="2246"/>
          <Porc V="042,52"/>
          <Pregunta V="004"/>
        </lin>
        <lin>
          <Opcion V="001"/>
          <Votos V="2950"/>
          <Porc V="053,65"/>
          <Pregunta V="005"/>
        </lin>
        <lin>
          <Opcion V="002"/>
          <Votos V="2548"/>
          <Porc V="046,34"/>
          <Pregunta V="005"/>
        </lin>
        <lin>
          <Opcion V="001"/>
          <Votos V="3032"/>
          <Porc V="052,59"/>
          <Pregunta V="006"/>
        </lin>
        <lin>
          <Opcion V="002"/>
          <Votos V="2733"/>
          <Porc V="047,40"/>
          <Pregunta V="006"/>
        </lin>
        <lin>
          <Opcion V="001"/>
          <Votos V="2264"/>
          <Porc V="043,48"/>
          <Pregunta V="007"/>
        </lin>
        <lin>
          <Opcion V="002"/>
          <Votos V="2942"/>
          <Porc V="056,51"/>
          <Pregunta V="007"/>
        </lin>
      </Detalle_Opcion>
    </lin>
  </Detalle_Circunscripcion>
</Boletin>
</Boletin_Consolidado>