<Boletin_Consolidado><Boletin>
  <Numero V="0008"/>
  <Boletin_Departamental V="0012"/>
  <Tipo_Boletin V="DEPARTAMENTAL"/>
  <Desc_Corporacion V="CONSULTA POPULAR"/>
  <Departamento V="11"/>
  <Desc_Departamento V="CAUCA"/>
  <Municipio V="087"/>
  <Desc_Municipio V="SUAREZ"/>
  <Dia V="21"/>
  <Mes V="8"/>
  <Anio V="2018"/>
  <Hora V="14"/>
  <Minuto V="15"/>
  <Mesas_Instaladas V="51"/>
  <Mesas_Informadas V="51"/>
  <Porc_Mesas_Informadas V="100,00"/>
  <Potencial_Sufragantes V="16403"/>
  <Detalle_Circunscripcion>
    <lin>
      <Circunscripcion V="0"/>
      <Desc_Circunscripcion V="NACIONAL"/>
      <Detalle_Pregunta>
        <lin>
          <Pregunta V="001"/>
          <Total_Sufragantes V="16403"/>
          <Porc_Sufragantes V="100,00"/>
          <Abstencion V="0"/>
          <Porc_Abstencion V="000,00"/>
          <Votos_Validos V="8623"/>
          <Porc_Votos_Validos V="052,56"/>
          <Votos_No_Marcados V="3413"/>
          <Porc_Votos_No_Marcados V="020,80"/>
          <Votos_Nulos V="4367"/>
          <Porc_Votos_Nulos V="026,62"/>
        </lin>
        <lin>
          <Pregunta V="002"/>
          <Total_Sufragantes V="16403"/>
          <Porc_Sufragantes V="100,00"/>
          <Abstencion V="0"/>
          <Porc_Abstencion V="000,00"/>
          <Votos_Validos V="8279"/>
          <Porc_Votos_Validos V="050,47"/>
          <Votos_No_Marcados V="3947"/>
          <Porc_Votos_No_Marcados V="024,06"/>
          <Votos_Nulos V="4177"/>
          <Porc_Votos_Nulos V="025,46"/>
        </lin>
        <lin>
          <Pregunta V="003"/>
          <Total_Sufragantes V="16403"/>
          <Porc_Sufragantes V="100,00"/>
          <Abstencion V="0"/>
          <Porc_Abstencion V="000,00"/>
          <Votos_Validos V="7842"/>
          <Porc_Votos_Validos V="047,80"/>
          <Votos_No_Marcados V="3987"/>
          <Porc_Votos_No_Marcados V="024,30"/>
          <Votos_Nulos V="4574"/>
          <Porc_Votos_Nulos V="027,88"/>
        </lin>
        <lin>
          <Pregunta V="004"/>
          <Total_Sufragantes V="16403"/>
          <Porc_Sufragantes V="100,00"/>
          <Abstencion V="0"/>
          <Porc_Abstencion V="000,00"/>
          <Votos_Validos V="8297"/>
          <Porc_Votos_Validos V="050,58"/>
          <Votos_No_Marcados V="4086"/>
          <Porc_Votos_No_Marcados V="024,91"/>
          <Votos_Nulos V="4020"/>
          <Porc_Votos_Nulos V="024,50"/>
        </lin>
        <lin>
          <Pregunta V="005"/>
          <Total_Sufragantes V="16403"/>
          <Porc_Sufragantes V="100,00"/>
          <Abstencion V="0"/>
          <Porc_Abstencion V="000,00"/>
          <Votos_Validos V="8830"/>
          <Porc_Votos_Validos V="053,83"/>
          <Votos_No_Marcados V="3752"/>
          <Porc_Votos_No_Marcados V="022,87"/>
          <Votos_Nulos V="3821"/>
          <Porc_Votos_Nulos V="023,29"/>
        </lin>
        <lin>
          <Pregunta V="006"/>
          <Total_Sufragantes V="16403"/>
          <Porc_Sufragantes V="100,00"/>
          <Abstencion V="0"/>
          <Porc_Abstencion V="000,00"/>
          <Votos_Validos V="8455"/>
          <Porc_Votos_Validos V="051,54"/>
          <Votos_No_Marcados V="3881"/>
          <Porc_Votos_No_Marcados V="023,66"/>
          <Votos_Nulos V="4067"/>
          <Porc_Votos_Nulos V="024,79"/>
        </lin>
        <lin>
          <Pregunta V="007"/>
          <Total_Sufragantes V="16403"/>
          <Porc_Sufragantes V="100,00"/>
          <Abstencion V="0"/>
          <Porc_Abstencion V="000,00"/>
          <Votos_Validos V="8034"/>
          <Porc_Votos_Validos V="048,97"/>
          <Votos_No_Marcados V="3722"/>
          <Porc_Votos_No_Marcados V="022,69"/>
          <Votos_Nulos V="4647"/>
          <Porc_Votos_Nulos V="028,33"/>
        </lin>
      </Detalle_Pregunta>
      <Detalle_Opcion>
        <lin>
          <Opcion V="001"/>
          <Votos V="4247"/>
          <Porc V="049,25"/>
          <Pregunta V="001"/>
        </lin>
        <lin>
          <Opcion V="002"/>
          <Votos V="4376"/>
          <Porc V="050,74"/>
          <Pregunta V="001"/>
        </lin>
        <lin>
          <Opcion V="001"/>
          <Votos V="3758"/>
          <Porc V="045,39"/>
          <Pregunta V="002"/>
        </lin>
        <lin>
          <Opcion V="002"/>
          <Votos V="4521"/>
          <Porc V="054,60"/>
          <Pregunta V="002"/>
        </lin>
        <lin>
          <Opcion V="001"/>
          <Votos V="3887"/>
          <Porc V="049,56"/>
          <Pregunta V="003"/>
        </lin>
        <lin>
          <Opcion V="002"/>
          <Votos V="3955"/>
          <Porc V="050,43"/>
          <Pregunta V="003"/>
        </lin>
        <lin>
          <Opcion V="001"/>
          <Votos V="4296"/>
          <Porc V="051,77"/>
          <Pregunta V="004"/>
        </lin>
        <lin>
          <Opcion V="002"/>
          <Votos V="4001"/>
          <Porc V="048,22"/>
          <Pregunta V="004"/>
        </lin>
        <lin>
          <Opcion V="001"/>
          <Votos V="4760"/>
          <Porc V="053,90"/>
          <Pregunta V="005"/>
        </lin>
        <lin>
          <Opcion V="002"/>
          <Votos V="4070"/>
          <Porc V="046,09"/>
          <Pregunta V="005"/>
        </lin>
        <lin>
          <Opcion V="001"/>
          <Votos V="4238"/>
          <Porc V="050,12"/>
          <Pregunta V="006"/>
        </lin>
        <lin>
          <Opcion V="002"/>
          <Votos V="4217"/>
          <Porc V="049,87"/>
          <Pregunta V="006"/>
        </lin>
        <lin>
          <Opcion V="001"/>
          <Votos V="3735"/>
          <Porc V="046,48"/>
          <Pregunta V="007"/>
        </lin>
        <lin>
          <Opcion V="002"/>
          <Votos V="4299"/>
          <Porc V="053,51"/>
          <Pregunta V="007"/>
        </lin>
      </Detalle_Opcion>
    </lin>
  </Detalle_Circunscripcion>
</Boletin>
</Boletin_Consolidado>