<Boletin_Consolidado><Boletin>
  <Numero V="0008"/>
  <Boletin_Departamental V="0012"/>
  <Tipo_Boletin V="DEPARTAMENTAL"/>
  <Desc_Corporacion V="CONSULTA POPULAR"/>
  <Departamento V="12"/>
  <Desc_Departamento V="CESAR"/>
  <Municipio V="875"/>
  <Desc_Municipio V="SAN MARTIN"/>
  <Dia V="21"/>
  <Mes V="8"/>
  <Anio V="2018"/>
  <Hora V="14"/>
  <Minuto V="15"/>
  <Mesas_Instaladas V="46"/>
  <Mesas_Informadas V="46"/>
  <Porc_Mesas_Informadas V="100,00"/>
  <Potencial_Sufragantes V="15544"/>
  <Detalle_Circunscripcion>
    <lin>
      <Circunscripcion V="0"/>
      <Desc_Circunscripcion V="NACIONAL"/>
      <Detalle_Pregunta>
        <lin>
          <Pregunta V="001"/>
          <Total_Sufragantes V="15544"/>
          <Porc_Sufragantes V="100,00"/>
          <Abstencion V="0"/>
          <Porc_Abstencion V="000,00"/>
          <Votos_Validos V="8542"/>
          <Porc_Votos_Validos V="054,95"/>
          <Votos_No_Marcados V="3241"/>
          <Porc_Votos_No_Marcados V="020,85"/>
          <Votos_Nulos V="3761"/>
          <Porc_Votos_Nulos V="024,19"/>
        </lin>
        <lin>
          <Pregunta V="002"/>
          <Total_Sufragantes V="15544"/>
          <Porc_Sufragantes V="100,00"/>
          <Abstencion V="0"/>
          <Porc_Abstencion V="000,00"/>
          <Votos_Validos V="7688"/>
          <Porc_Votos_Validos V="049,45"/>
          <Votos_No_Marcados V="3755"/>
          <Porc_Votos_No_Marcados V="024,15"/>
          <Votos_Nulos V="4101"/>
          <Porc_Votos_Nulos V="026,38"/>
        </lin>
        <lin>
          <Pregunta V="003"/>
          <Total_Sufragantes V="15544"/>
          <Porc_Sufragantes V="100,00"/>
          <Abstencion V="0"/>
          <Porc_Abstencion V="000,00"/>
          <Votos_Validos V="7895"/>
          <Porc_Votos_Validos V="050,79"/>
          <Votos_No_Marcados V="3757"/>
          <Porc_Votos_No_Marcados V="024,17"/>
          <Votos_Nulos V="3892"/>
          <Porc_Votos_Nulos V="025,03"/>
        </lin>
        <lin>
          <Pregunta V="004"/>
          <Total_Sufragantes V="15544"/>
          <Porc_Sufragantes V="100,00"/>
          <Abstencion V="0"/>
          <Porc_Abstencion V="000,00"/>
          <Votos_Validos V="7852"/>
          <Porc_Votos_Validos V="050,51"/>
          <Votos_No_Marcados V="3616"/>
          <Porc_Votos_No_Marcados V="023,26"/>
          <Votos_Nulos V="4076"/>
          <Porc_Votos_Nulos V="026,22"/>
        </lin>
        <lin>
          <Pregunta V="005"/>
          <Total_Sufragantes V="15544"/>
          <Porc_Sufragantes V="100,00"/>
          <Abstencion V="0"/>
          <Porc_Abstencion V="000,00"/>
          <Votos_Validos V="7568"/>
          <Porc_Votos_Validos V="048,68"/>
          <Votos_No_Marcados V="4779"/>
          <Porc_Votos_No_Marcados V="030,74"/>
          <Votos_Nulos V="3197"/>
          <Porc_Votos_Nulos V="020,56"/>
        </lin>
        <lin>
          <Pregunta V="006"/>
          <Total_Sufragantes V="15544"/>
          <Porc_Sufragantes V="100,00"/>
          <Abstencion V="0"/>
          <Porc_Abstencion V="000,00"/>
          <Votos_Validos V="7562"/>
          <Porc_Votos_Validos V="048,64"/>
          <Votos_No_Marcados V="4276"/>
          <Porc_Votos_No_Marcados V="027,50"/>
          <Votos_Nulos V="3706"/>
          <Porc_Votos_Nulos V="023,84"/>
        </lin>
        <lin>
          <Pregunta V="007"/>
          <Total_Sufragantes V="15544"/>
          <Porc_Sufragantes V="100,00"/>
          <Abstencion V="0"/>
          <Porc_Abstencion V="000,00"/>
          <Votos_Validos V="8303"/>
          <Porc_Votos_Validos V="053,41"/>
          <Votos_No_Marcados V="3629"/>
          <Porc_Votos_No_Marcados V="023,34"/>
          <Votos_Nulos V="3612"/>
          <Porc_Votos_Nulos V="023,23"/>
        </lin>
      </Detalle_Pregunta>
      <Detalle_Opcion>
        <lin>
          <Opcion V="001"/>
          <Votos V="3559"/>
          <Porc V="041,66"/>
          <Pregunta V="001"/>
        </lin>
        <lin>
          <Opcion V="002"/>
          <Votos V="4983"/>
          <Porc V="058,33"/>
          <Pregunta V="001"/>
        </lin>
        <lin>
          <Opcion V="001"/>
          <Votos V="4159"/>
          <Porc V="054,09"/>
          <Pregunta V="002"/>
        </lin>
        <lin>
          <Opcion V="002"/>
          <Votos V="3529"/>
          <Porc V="045,90"/>
          <Pregunta V="002"/>
        </lin>
        <lin>
          <Opcion V="001"/>
          <Votos V="4066"/>
          <Porc V="051,50"/>
          <Pregunta V="003"/>
        </lin>
        <lin>
          <Opcion V="002"/>
          <Votos V="3829"/>
          <Porc V="048,49"/>
          <Pregunta V="003"/>
        </lin>
        <lin>
          <Opcion V="001"/>
          <Votos V="3856"/>
          <Porc V="049,10"/>
          <Pregunta V="004"/>
        </lin>
        <lin>
          <Opcion V="002"/>
          <Votos V="3996"/>
          <Porc V="050,89"/>
          <Pregunta V="004"/>
        </lin>
        <lin>
          <Opcion V="001"/>
          <Votos V="4184"/>
          <Porc V="055,28"/>
          <Pregunta V="005"/>
        </lin>
        <lin>
          <Opcion V="002"/>
          <Votos V="3384"/>
          <Porc V="044,71"/>
          <Pregunta V="005"/>
        </lin>
        <lin>
          <Opcion V="001"/>
          <Votos V="3263"/>
          <Porc V="043,14"/>
          <Pregunta V="006"/>
        </lin>
        <lin>
          <Opcion V="002"/>
          <Votos V="4299"/>
          <Porc V="056,85"/>
          <Pregunta V="006"/>
        </lin>
        <lin>
          <Opcion V="001"/>
          <Votos V="4689"/>
          <Porc V="056,47"/>
          <Pregunta V="007"/>
        </lin>
        <lin>
          <Opcion V="002"/>
          <Votos V="3614"/>
          <Porc V="043,52"/>
          <Pregunta V="007"/>
        </lin>
      </Detalle_Opcion>
    </lin>
  </Detalle_Circunscripcion>
</Boletin>
</Boletin_Consolidado>