<Boletin_Consolidado><Boletin>
  <Numero V="0008"/>
  <Boletin_Departamental V="0012"/>
  <Tipo_Boletin V="DEPARTAMENTAL"/>
  <Desc_Corporacion V="CONSULTA POPULAR"/>
  <Departamento V="07"/>
  <Desc_Departamento V="BOYACA"/>
  <Municipio V="298"/>
  <Desc_Municipio V="TASCO"/>
  <Dia V="21"/>
  <Mes V="8"/>
  <Anio V="2018"/>
  <Hora V="14"/>
  <Minuto V="15"/>
  <Mesas_Instaladas V="13"/>
  <Mesas_Informadas V="13"/>
  <Porc_Mesas_Informadas V="100,00"/>
  <Potencial_Sufragantes V="4820"/>
  <Detalle_Circunscripcion>
    <lin>
      <Circunscripcion V="0"/>
      <Desc_Circunscripcion V="NACIONAL"/>
      <Detalle_Pregunta>
        <lin>
          <Pregunta V="001"/>
          <Total_Sufragantes V="4820"/>
          <Porc_Sufragantes V="100,00"/>
          <Abstencion V="0"/>
          <Porc_Abstencion V="000,00"/>
          <Votos_Validos V="2317"/>
          <Porc_Votos_Validos V="048,07"/>
          <Votos_No_Marcados V="1003"/>
          <Porc_Votos_No_Marcados V="020,80"/>
          <Votos_Nulos V="1500"/>
          <Porc_Votos_Nulos V="031,12"/>
        </lin>
        <lin>
          <Pregunta V="002"/>
          <Total_Sufragantes V="4820"/>
          <Porc_Sufragantes V="100,00"/>
          <Abstencion V="0"/>
          <Porc_Abstencion V="000,00"/>
          <Votos_Validos V="2489"/>
          <Porc_Votos_Validos V="051,63"/>
          <Votos_No_Marcados V="916"/>
          <Porc_Votos_No_Marcados V="019,00"/>
          <Votos_Nulos V="1415"/>
          <Porc_Votos_Nulos V="029,35"/>
        </lin>
        <lin>
          <Pregunta V="003"/>
          <Total_Sufragantes V="4820"/>
          <Porc_Sufragantes V="100,00"/>
          <Abstencion V="0"/>
          <Porc_Abstencion V="000,00"/>
          <Votos_Validos V="2537"/>
          <Porc_Votos_Validos V="052,63"/>
          <Votos_No_Marcados V="1194"/>
          <Porc_Votos_No_Marcados V="024,77"/>
          <Votos_Nulos V="1089"/>
          <Porc_Votos_Nulos V="022,59"/>
        </lin>
        <lin>
          <Pregunta V="004"/>
          <Total_Sufragantes V="4820"/>
          <Porc_Sufragantes V="100,00"/>
          <Abstencion V="0"/>
          <Porc_Abstencion V="000,00"/>
          <Votos_Validos V="2140"/>
          <Porc_Votos_Validos V="044,39"/>
          <Votos_No_Marcados V="1441"/>
          <Porc_Votos_No_Marcados V="029,89"/>
          <Votos_Nulos V="1239"/>
          <Porc_Votos_Nulos V="025,70"/>
        </lin>
        <lin>
          <Pregunta V="005"/>
          <Total_Sufragantes V="4820"/>
          <Porc_Sufragantes V="100,00"/>
          <Abstencion V="0"/>
          <Porc_Abstencion V="000,00"/>
          <Votos_Validos V="2405"/>
          <Porc_Votos_Validos V="049,89"/>
          <Votos_No_Marcados V="1421"/>
          <Porc_Votos_No_Marcados V="029,48"/>
          <Votos_Nulos V="994"/>
          <Porc_Votos_Nulos V="020,62"/>
        </lin>
        <lin>
          <Pregunta V="006"/>
          <Total_Sufragantes V="4820"/>
          <Porc_Sufragantes V="100,00"/>
          <Abstencion V="0"/>
          <Porc_Abstencion V="000,00"/>
          <Votos_Validos V="2362"/>
          <Porc_Votos_Validos V="049,00"/>
          <Votos_No_Marcados V="1097"/>
          <Porc_Votos_No_Marcados V="022,75"/>
          <Votos_Nulos V="1361"/>
          <Porc_Votos_Nulos V="028,23"/>
        </lin>
        <lin>
          <Pregunta V="007"/>
          <Total_Sufragantes V="4820"/>
          <Porc_Sufragantes V="100,00"/>
          <Abstencion V="0"/>
          <Porc_Abstencion V="000,00"/>
          <Votos_Validos V="2660"/>
          <Porc_Votos_Validos V="055,18"/>
          <Votos_No_Marcados V="651"/>
          <Porc_Votos_No_Marcados V="013,50"/>
          <Votos_Nulos V="1509"/>
          <Porc_Votos_Nulos V="031,30"/>
        </lin>
      </Detalle_Pregunta>
      <Detalle_Opcion>
        <lin>
          <Opcion V="001"/>
          <Votos V="1153"/>
          <Porc V="049,76"/>
          <Pregunta V="001"/>
        </lin>
        <lin>
          <Opcion V="002"/>
          <Votos V="1164"/>
          <Porc V="050,23"/>
          <Pregunta V="001"/>
        </lin>
        <lin>
          <Opcion V="001"/>
          <Votos V="1250"/>
          <Porc V="050,22"/>
          <Pregunta V="002"/>
        </lin>
        <lin>
          <Opcion V="002"/>
          <Votos V="1239"/>
          <Porc V="049,77"/>
          <Pregunta V="002"/>
        </lin>
        <lin>
          <Opcion V="001"/>
          <Votos V="1539"/>
          <Porc V="060,66"/>
          <Pregunta V="003"/>
        </lin>
        <lin>
          <Opcion V="002"/>
          <Votos V="998"/>
          <Porc V="039,33"/>
          <Pregunta V="003"/>
        </lin>
        <lin>
          <Opcion V="001"/>
          <Votos V="1376"/>
          <Porc V="064,29"/>
          <Pregunta V="004"/>
        </lin>
        <lin>
          <Opcion V="002"/>
          <Votos V="764"/>
          <Porc V="035,70"/>
          <Pregunta V="004"/>
        </lin>
        <lin>
          <Opcion V="001"/>
          <Votos V="1230"/>
          <Porc V="051,14"/>
          <Pregunta V="005"/>
        </lin>
        <lin>
          <Opcion V="002"/>
          <Votos V="1175"/>
          <Porc V="048,85"/>
          <Pregunta V="005"/>
        </lin>
        <lin>
          <Opcion V="001"/>
          <Votos V="822"/>
          <Porc V="034,80"/>
          <Pregunta V="006"/>
        </lin>
        <lin>
          <Opcion V="002"/>
          <Votos V="1540"/>
          <Porc V="065,19"/>
          <Pregunta V="006"/>
        </lin>
        <lin>
          <Opcion V="001"/>
          <Votos V="1529"/>
          <Porc V="057,48"/>
          <Pregunta V="007"/>
        </lin>
        <lin>
          <Opcion V="002"/>
          <Votos V="1131"/>
          <Porc V="042,51"/>
          <Pregunta V="007"/>
        </lin>
      </Detalle_Opcion>
    </lin>
  </Detalle_Circunscripcion>
</Boletin>
</Boletin_Consolidado>