<Boletin_Consolidado><Boletin>
  <Numero V="0008"/>
  <Boletin_Departamental V="0012"/>
  <Tipo_Boletin V="DEPARTAMENTAL"/>
  <Desc_Corporacion V="CONSULTA POPULAR"/>
  <Departamento V="01"/>
  <Desc_Departamento V="ANTIOQUIA"/>
  <Municipio V="000"/>
  <Desc_Municipio V="NO APLICA"/>
  <Dia V="21"/>
  <Mes V="8"/>
  <Anio V="2018"/>
  <Hora V="14"/>
  <Minuto V="15"/>
  <Mesas_Instaladas V="12459"/>
  <Mesas_Informadas V="12459"/>
  <Porc_Mesas_Informadas V="100,00"/>
  <Potencial_Sufragantes V="4749945"/>
  <Detalle_Circunscripcion>
    <lin>
      <Circunscripcion V="0"/>
      <Desc_Circunscripcion V="NACIONAL"/>
      <Detalle_Pregunta>
        <lin>
          <Pregunta V="001"/>
          <Total_Sufragantes V="4749945"/>
          <Porc_Sufragantes V="100,00"/>
          <Abstencion V="0"/>
          <Porc_Abstencion V="000,00"/>
          <Votos_Validos V="2367377"/>
          <Porc_Votos_Validos V="049,84"/>
          <Votos_No_Marcados V="1187299"/>
          <Porc_Votos_No_Marcados V="024,99"/>
          <Votos_Nulos V="1195269"/>
          <Porc_Votos_Nulos V="025,16"/>
        </lin>
        <lin>
          <Pregunta V="002"/>
          <Total_Sufragantes V="4749945"/>
          <Porc_Sufragantes V="100,00"/>
          <Abstencion V="0"/>
          <Porc_Abstencion V="000,00"/>
          <Votos_Validos V="2365907"/>
          <Porc_Votos_Validos V="049,80"/>
          <Votos_No_Marcados V="1197142"/>
          <Porc_Votos_No_Marcados V="025,20"/>
          <Votos_Nulos V="1186896"/>
          <Porc_Votos_Nulos V="024,98"/>
        </lin>
        <lin>
          <Pregunta V="003"/>
          <Total_Sufragantes V="4749945"/>
          <Porc_Sufragantes V="100,00"/>
          <Abstencion V="0"/>
          <Porc_Abstencion V="000,00"/>
          <Votos_Validos V="2375560"/>
          <Porc_Votos_Validos V="050,01"/>
          <Votos_No_Marcados V="1180087"/>
          <Porc_Votos_No_Marcados V="024,84"/>
          <Votos_Nulos V="1194298"/>
          <Porc_Votos_Nulos V="025,14"/>
        </lin>
        <lin>
          <Pregunta V="004"/>
          <Total_Sufragantes V="4749945"/>
          <Porc_Sufragantes V="100,00"/>
          <Abstencion V="0"/>
          <Porc_Abstencion V="000,00"/>
          <Votos_Validos V="2364098"/>
          <Porc_Votos_Validos V="049,77"/>
          <Votos_No_Marcados V="1180978"/>
          <Porc_Votos_No_Marcados V="024,86"/>
          <Votos_Nulos V="1204869"/>
          <Porc_Votos_Nulos V="025,36"/>
        </lin>
        <lin>
          <Pregunta V="005"/>
          <Total_Sufragantes V="4749945"/>
          <Porc_Sufragantes V="100,00"/>
          <Abstencion V="0"/>
          <Porc_Abstencion V="000,00"/>
          <Votos_Validos V="2388093"/>
          <Porc_Votos_Validos V="050,27"/>
          <Votos_No_Marcados V="1183659"/>
          <Porc_Votos_No_Marcados V="024,91"/>
          <Votos_Nulos V="1178193"/>
          <Porc_Votos_Nulos V="024,80"/>
        </lin>
        <lin>
          <Pregunta V="006"/>
          <Total_Sufragantes V="4749945"/>
          <Porc_Sufragantes V="100,00"/>
          <Abstencion V="0"/>
          <Porc_Abstencion V="000,00"/>
          <Votos_Validos V="2367795"/>
          <Porc_Votos_Validos V="049,84"/>
          <Votos_No_Marcados V="1188690"/>
          <Porc_Votos_No_Marcados V="025,02"/>
          <Votos_Nulos V="1193460"/>
          <Porc_Votos_Nulos V="025,12"/>
        </lin>
        <lin>
          <Pregunta V="007"/>
          <Total_Sufragantes V="4749945"/>
          <Porc_Sufragantes V="100,00"/>
          <Abstencion V="0"/>
          <Porc_Abstencion V="000,00"/>
          <Votos_Validos V="2379221"/>
          <Porc_Votos_Validos V="050,08"/>
          <Votos_No_Marcados V="1180581"/>
          <Porc_Votos_No_Marcados V="024,85"/>
          <Votos_Nulos V="1190143"/>
          <Porc_Votos_Nulos V="025,05"/>
        </lin>
      </Detalle_Pregunta>
      <Detalle_Opcion>
        <lin>
          <Opcion V="001"/>
          <Votos V="1184653"/>
          <Porc V="050,04"/>
          <Pregunta V="001"/>
        </lin>
        <lin>
          <Opcion V="002"/>
          <Votos V="1182724"/>
          <Porc V="049,95"/>
          <Pregunta V="001"/>
        </lin>
        <lin>
          <Opcion V="001"/>
          <Votos V="1174983"/>
          <Porc V="049,66"/>
          <Pregunta V="002"/>
        </lin>
        <lin>
          <Opcion V="002"/>
          <Votos V="1190924"/>
          <Porc V="050,33"/>
          <Pregunta V="002"/>
        </lin>
        <lin>
          <Opcion V="001"/>
          <Votos V="1183224"/>
          <Porc V="049,80"/>
          <Pregunta V="003"/>
        </lin>
        <lin>
          <Opcion V="002"/>
          <Votos V="1192336"/>
          <Porc V="050,19"/>
          <Pregunta V="003"/>
        </lin>
        <lin>
          <Opcion V="001"/>
          <Votos V="1182342"/>
          <Porc V="050,01"/>
          <Pregunta V="004"/>
        </lin>
        <lin>
          <Opcion V="002"/>
          <Votos V="1181756"/>
          <Porc V="049,98"/>
          <Pregunta V="004"/>
        </lin>
        <lin>
          <Opcion V="001"/>
          <Votos V="1186201"/>
          <Porc V="049,67"/>
          <Pregunta V="005"/>
        </lin>
        <lin>
          <Opcion V="002"/>
          <Votos V="1201892"/>
          <Porc V="050,32"/>
          <Pregunta V="005"/>
        </lin>
        <lin>
          <Opcion V="001"/>
          <Votos V="1178417"/>
          <Porc V="049,76"/>
          <Pregunta V="006"/>
        </lin>
        <lin>
          <Opcion V="002"/>
          <Votos V="1189378"/>
          <Porc V="050,23"/>
          <Pregunta V="006"/>
        </lin>
        <lin>
          <Opcion V="001"/>
          <Votos V="1187362"/>
          <Porc V="049,90"/>
          <Pregunta V="007"/>
        </lin>
        <lin>
          <Opcion V="002"/>
          <Votos V="1191859"/>
          <Porc V="050,09"/>
          <Pregunta V="007"/>
        </lin>
      </Detalle_Opcion>
    </lin>
  </Detalle_Circunscripcion>
</Boletin>
</Boletin_Consolidado>