<Boletin_Consolidado><Boletin>
  <Numero V="0008"/>
  <Boletin_Departamental V="0010"/>
  <Tipo_Boletin V="DEPARTAMENTAL"/>
  <Desc_Corporacion V="CONSULTA POPULAR"/>
  <Departamento V="15"/>
  <Desc_Departamento V="CUNDINAMARCA"/>
  <Municipio V="106"/>
  <Desc_Municipio V="GAMA"/>
  <Dia V="21"/>
  <Mes V="8"/>
  <Anio V="2018"/>
  <Hora V="14"/>
  <Minuto V="15"/>
  <Mesas_Instaladas V="8"/>
  <Mesas_Informadas V="8"/>
  <Porc_Mesas_Informadas V="100,00"/>
  <Potencial_Sufragantes V="3013"/>
  <Detalle_Circunscripcion>
    <lin>
      <Circunscripcion V="0"/>
      <Desc_Circunscripcion V="NACIONAL"/>
      <Detalle_Pregunta>
        <lin>
          <Pregunta V="001"/>
          <Total_Sufragantes V="3013"/>
          <Porc_Sufragantes V="100,00"/>
          <Abstencion V="0"/>
          <Porc_Abstencion V="000,00"/>
          <Votos_Validos V="1745"/>
          <Porc_Votos_Validos V="057,91"/>
          <Votos_No_Marcados V="745"/>
          <Porc_Votos_No_Marcados V="024,72"/>
          <Votos_Nulos V="523"/>
          <Porc_Votos_Nulos V="017,35"/>
        </lin>
        <lin>
          <Pregunta V="002"/>
          <Total_Sufragantes V="3013"/>
          <Porc_Sufragantes V="100,00"/>
          <Abstencion V="0"/>
          <Porc_Abstencion V="000,00"/>
          <Votos_Validos V="1222"/>
          <Porc_Votos_Validos V="040,55"/>
          <Votos_No_Marcados V="928"/>
          <Porc_Votos_No_Marcados V="030,79"/>
          <Votos_Nulos V="863"/>
          <Porc_Votos_Nulos V="028,64"/>
        </lin>
        <lin>
          <Pregunta V="003"/>
          <Total_Sufragantes V="3013"/>
          <Porc_Sufragantes V="100,00"/>
          <Abstencion V="0"/>
          <Porc_Abstencion V="000,00"/>
          <Votos_Validos V="1327"/>
          <Porc_Votos_Validos V="044,04"/>
          <Votos_No_Marcados V="715"/>
          <Porc_Votos_No_Marcados V="023,73"/>
          <Votos_Nulos V="971"/>
          <Porc_Votos_Nulos V="032,22"/>
        </lin>
        <lin>
          <Pregunta V="004"/>
          <Total_Sufragantes V="3013"/>
          <Porc_Sufragantes V="100,00"/>
          <Abstencion V="0"/>
          <Porc_Abstencion V="000,00"/>
          <Votos_Validos V="1758"/>
          <Porc_Votos_Validos V="058,34"/>
          <Votos_No_Marcados V="769"/>
          <Porc_Votos_No_Marcados V="025,52"/>
          <Votos_Nulos V="486"/>
          <Porc_Votos_Nulos V="016,13"/>
        </lin>
        <lin>
          <Pregunta V="005"/>
          <Total_Sufragantes V="3013"/>
          <Porc_Sufragantes V="100,00"/>
          <Abstencion V="0"/>
          <Porc_Abstencion V="000,00"/>
          <Votos_Validos V="1323"/>
          <Porc_Votos_Validos V="043,90"/>
          <Votos_No_Marcados V="1032"/>
          <Porc_Votos_No_Marcados V="034,25"/>
          <Votos_Nulos V="658"/>
          <Porc_Votos_Nulos V="021,83"/>
        </lin>
        <lin>
          <Pregunta V="006"/>
          <Total_Sufragantes V="3013"/>
          <Porc_Sufragantes V="100,00"/>
          <Abstencion V="0"/>
          <Porc_Abstencion V="000,00"/>
          <Votos_Validos V="1903"/>
          <Porc_Votos_Validos V="063,15"/>
          <Votos_No_Marcados V="592"/>
          <Porc_Votos_No_Marcados V="019,64"/>
          <Votos_Nulos V="518"/>
          <Porc_Votos_Nulos V="017,19"/>
        </lin>
        <lin>
          <Pregunta V="007"/>
          <Total_Sufragantes V="3013"/>
          <Porc_Sufragantes V="100,00"/>
          <Abstencion V="0"/>
          <Porc_Abstencion V="000,00"/>
          <Votos_Validos V="1903"/>
          <Porc_Votos_Validos V="063,15"/>
          <Votos_No_Marcados V="394"/>
          <Porc_Votos_No_Marcados V="013,07"/>
          <Votos_Nulos V="716"/>
          <Porc_Votos_Nulos V="023,76"/>
        </lin>
      </Detalle_Pregunta>
      <Detalle_Opcion>
        <lin>
          <Opcion V="001"/>
          <Votos V="616"/>
          <Porc V="035,30"/>
          <Pregunta V="001"/>
        </lin>
        <lin>
          <Opcion V="002"/>
          <Votos V="1129"/>
          <Porc V="064,69"/>
          <Pregunta V="001"/>
        </lin>
        <lin>
          <Opcion V="001"/>
          <Votos V="415"/>
          <Porc V="033,96"/>
          <Pregunta V="002"/>
        </lin>
        <lin>
          <Opcion V="002"/>
          <Votos V="807"/>
          <Porc V="066,03"/>
          <Pregunta V="002"/>
        </lin>
        <lin>
          <Opcion V="001"/>
          <Votos V="528"/>
          <Porc V="039,78"/>
          <Pregunta V="003"/>
        </lin>
        <lin>
          <Opcion V="002"/>
          <Votos V="799"/>
          <Porc V="060,21"/>
          <Pregunta V="003"/>
        </lin>
        <lin>
          <Opcion V="001"/>
          <Votos V="935"/>
          <Porc V="053,18"/>
          <Pregunta V="004"/>
        </lin>
        <lin>
          <Opcion V="002"/>
          <Votos V="823"/>
          <Porc V="046,81"/>
          <Pregunta V="004"/>
        </lin>
        <lin>
          <Opcion V="001"/>
          <Votos V="860"/>
          <Porc V="065,00"/>
          <Pregunta V="005"/>
        </lin>
        <lin>
          <Opcion V="002"/>
          <Votos V="463"/>
          <Porc V="034,99"/>
          <Pregunta V="005"/>
        </lin>
        <lin>
          <Opcion V="001"/>
          <Votos V="535"/>
          <Porc V="028,11"/>
          <Pregunta V="006"/>
        </lin>
        <lin>
          <Opcion V="002"/>
          <Votos V="1368"/>
          <Porc V="071,88"/>
          <Pregunta V="006"/>
        </lin>
        <lin>
          <Opcion V="001"/>
          <Votos V="1224"/>
          <Porc V="064,31"/>
          <Pregunta V="007"/>
        </lin>
        <lin>
          <Opcion V="002"/>
          <Votos V="679"/>
          <Porc V="035,68"/>
          <Pregunta V="007"/>
        </lin>
      </Detalle_Opcion>
    </lin>
  </Detalle_Circunscripcion>
</Boletin>
</Boletin_Consolidado>