<Boletin_Consolidado><Boletin>
  <Numero V="0008"/>
  <Boletin_Departamental V="0012"/>
  <Tipo_Boletin V="DEPARTAMENTAL"/>
  <Desc_Corporacion V="CONSULTA POPULAR"/>
  <Departamento V="07"/>
  <Desc_Departamento V="BOYACA"/>
  <Municipio V="085"/>
  <Desc_Municipio V="EL ESPINO"/>
  <Dia V="21"/>
  <Mes V="8"/>
  <Anio V="2018"/>
  <Hora V="14"/>
  <Minuto V="15"/>
  <Mesas_Instaladas V="7"/>
  <Mesas_Informadas V="7"/>
  <Porc_Mesas_Informadas V="100,00"/>
  <Potencial_Sufragantes V="2259"/>
  <Detalle_Circunscripcion>
    <lin>
      <Circunscripcion V="0"/>
      <Desc_Circunscripcion V="NACIONAL"/>
      <Detalle_Pregunta>
        <lin>
          <Pregunta V="001"/>
          <Total_Sufragantes V="2259"/>
          <Porc_Sufragantes V="100,00"/>
          <Abstencion V="0"/>
          <Porc_Abstencion V="000,00"/>
          <Votos_Validos V="1205"/>
          <Porc_Votos_Validos V="053,34"/>
          <Votos_No_Marcados V="729"/>
          <Porc_Votos_No_Marcados V="032,27"/>
          <Votos_Nulos V="325"/>
          <Porc_Votos_Nulos V="014,38"/>
        </lin>
        <lin>
          <Pregunta V="002"/>
          <Total_Sufragantes V="2259"/>
          <Porc_Sufragantes V="100,00"/>
          <Abstencion V="0"/>
          <Porc_Abstencion V="000,00"/>
          <Votos_Validos V="1187"/>
          <Porc_Votos_Validos V="052,54"/>
          <Votos_No_Marcados V="660"/>
          <Porc_Votos_No_Marcados V="029,21"/>
          <Votos_Nulos V="412"/>
          <Porc_Votos_Nulos V="018,23"/>
        </lin>
        <lin>
          <Pregunta V="003"/>
          <Total_Sufragantes V="2259"/>
          <Porc_Sufragantes V="100,00"/>
          <Abstencion V="0"/>
          <Porc_Abstencion V="000,00"/>
          <Votos_Validos V="941"/>
          <Porc_Votos_Validos V="041,65"/>
          <Votos_No_Marcados V="692"/>
          <Porc_Votos_No_Marcados V="030,63"/>
          <Votos_Nulos V="626"/>
          <Porc_Votos_Nulos V="027,71"/>
        </lin>
        <lin>
          <Pregunta V="004"/>
          <Total_Sufragantes V="2259"/>
          <Porc_Sufragantes V="100,00"/>
          <Abstencion V="0"/>
          <Porc_Abstencion V="000,00"/>
          <Votos_Validos V="1121"/>
          <Porc_Votos_Validos V="049,62"/>
          <Votos_No_Marcados V="518"/>
          <Porc_Votos_No_Marcados V="022,93"/>
          <Votos_Nulos V="620"/>
          <Porc_Votos_Nulos V="027,44"/>
        </lin>
        <lin>
          <Pregunta V="005"/>
          <Total_Sufragantes V="2259"/>
          <Porc_Sufragantes V="100,00"/>
          <Abstencion V="0"/>
          <Porc_Abstencion V="000,00"/>
          <Votos_Validos V="1180"/>
          <Porc_Votos_Validos V="052,23"/>
          <Votos_No_Marcados V="590"/>
          <Porc_Votos_No_Marcados V="026,11"/>
          <Votos_Nulos V="489"/>
          <Porc_Votos_Nulos V="021,64"/>
        </lin>
        <lin>
          <Pregunta V="006"/>
          <Total_Sufragantes V="2259"/>
          <Porc_Sufragantes V="100,00"/>
          <Abstencion V="0"/>
          <Porc_Abstencion V="000,00"/>
          <Votos_Validos V="1194"/>
          <Porc_Votos_Validos V="052,85"/>
          <Votos_No_Marcados V="517"/>
          <Porc_Votos_No_Marcados V="022,88"/>
          <Votos_Nulos V="548"/>
          <Porc_Votos_Nulos V="024,25"/>
        </lin>
        <lin>
          <Pregunta V="007"/>
          <Total_Sufragantes V="2259"/>
          <Porc_Sufragantes V="100,00"/>
          <Abstencion V="0"/>
          <Porc_Abstencion V="000,00"/>
          <Votos_Validos V="1018"/>
          <Porc_Votos_Validos V="045,06"/>
          <Votos_No_Marcados V="378"/>
          <Porc_Votos_No_Marcados V="016,73"/>
          <Votos_Nulos V="863"/>
          <Porc_Votos_Nulos V="038,20"/>
        </lin>
      </Detalle_Pregunta>
      <Detalle_Opcion>
        <lin>
          <Opcion V="001"/>
          <Votos V="733"/>
          <Porc V="060,82"/>
          <Pregunta V="001"/>
        </lin>
        <lin>
          <Opcion V="002"/>
          <Votos V="472"/>
          <Porc V="039,17"/>
          <Pregunta V="001"/>
        </lin>
        <lin>
          <Opcion V="001"/>
          <Votos V="493"/>
          <Porc V="041,53"/>
          <Pregunta V="002"/>
        </lin>
        <lin>
          <Opcion V="002"/>
          <Votos V="694"/>
          <Porc V="058,46"/>
          <Pregunta V="002"/>
        </lin>
        <lin>
          <Opcion V="001"/>
          <Votos V="457"/>
          <Porc V="048,56"/>
          <Pregunta V="003"/>
        </lin>
        <lin>
          <Opcion V="002"/>
          <Votos V="484"/>
          <Porc V="051,43"/>
          <Pregunta V="003"/>
        </lin>
        <lin>
          <Opcion V="001"/>
          <Votos V="619"/>
          <Porc V="055,21"/>
          <Pregunta V="004"/>
        </lin>
        <lin>
          <Opcion V="002"/>
          <Votos V="502"/>
          <Porc V="044,78"/>
          <Pregunta V="004"/>
        </lin>
        <lin>
          <Opcion V="001"/>
          <Votos V="752"/>
          <Porc V="063,72"/>
          <Pregunta V="005"/>
        </lin>
        <lin>
          <Opcion V="002"/>
          <Votos V="428"/>
          <Porc V="036,27"/>
          <Pregunta V="005"/>
        </lin>
        <lin>
          <Opcion V="001"/>
          <Votos V="534"/>
          <Porc V="044,72"/>
          <Pregunta V="006"/>
        </lin>
        <lin>
          <Opcion V="002"/>
          <Votos V="660"/>
          <Porc V="055,27"/>
          <Pregunta V="006"/>
        </lin>
        <lin>
          <Opcion V="001"/>
          <Votos V="501"/>
          <Porc V="049,21"/>
          <Pregunta V="007"/>
        </lin>
        <lin>
          <Opcion V="002"/>
          <Votos V="517"/>
          <Porc V="050,78"/>
          <Pregunta V="007"/>
        </lin>
      </Detalle_Opcion>
    </lin>
  </Detalle_Circunscripcion>
</Boletin>
</Boletin_Consolidado>