<Boletin_Consolidado><Boletin>
  <Numero V="0008"/>
  <Boletin_Departamental V="0004"/>
  <Tipo_Boletin V="DEPARTAMENTAL"/>
  <Desc_Corporacion V="CONSULTA POPULAR"/>
  <Departamento V="07"/>
  <Desc_Departamento V="BOYACA"/>
  <Municipio V="034"/>
  <Desc_Municipio V="BUSBANZA"/>
  <Dia V="21"/>
  <Mes V="8"/>
  <Anio V="2018"/>
  <Hora V="14"/>
  <Minuto V="15"/>
  <Mesas_Instaladas V="3"/>
  <Mesas_Informadas V="3"/>
  <Porc_Mesas_Informadas V="100,00"/>
  <Potencial_Sufragantes V="858"/>
  <Detalle_Circunscripcion>
    <lin>
      <Circunscripcion V="0"/>
      <Desc_Circunscripcion V="NACIONAL"/>
      <Detalle_Pregunta>
        <lin>
          <Pregunta V="001"/>
          <Total_Sufragantes V="858"/>
          <Porc_Sufragantes V="100,00"/>
          <Abstencion V="0"/>
          <Porc_Abstencion V="000,00"/>
          <Votos_Validos V="398"/>
          <Porc_Votos_Validos V="046,38"/>
          <Votos_No_Marcados V="271"/>
          <Porc_Votos_No_Marcados V="031,58"/>
          <Votos_Nulos V="189"/>
          <Porc_Votos_Nulos V="022,02"/>
        </lin>
        <lin>
          <Pregunta V="002"/>
          <Total_Sufragantes V="858"/>
          <Porc_Sufragantes V="100,00"/>
          <Abstencion V="0"/>
          <Porc_Abstencion V="000,00"/>
          <Votos_Validos V="343"/>
          <Porc_Votos_Validos V="039,97"/>
          <Votos_No_Marcados V="107"/>
          <Porc_Votos_No_Marcados V="012,47"/>
          <Votos_Nulos V="408"/>
          <Porc_Votos_Nulos V="047,55"/>
        </lin>
        <lin>
          <Pregunta V="003"/>
          <Total_Sufragantes V="858"/>
          <Porc_Sufragantes V="100,00"/>
          <Abstencion V="0"/>
          <Porc_Abstencion V="000,00"/>
          <Votos_Validos V="294"/>
          <Porc_Votos_Validos V="034,26"/>
          <Votos_No_Marcados V="395"/>
          <Porc_Votos_No_Marcados V="046,03"/>
          <Votos_Nulos V="169"/>
          <Porc_Votos_Nulos V="019,69"/>
        </lin>
        <lin>
          <Pregunta V="004"/>
          <Total_Sufragantes V="858"/>
          <Porc_Sufragantes V="100,00"/>
          <Abstencion V="0"/>
          <Porc_Abstencion V="000,00"/>
          <Votos_Validos V="395"/>
          <Porc_Votos_Validos V="046,03"/>
          <Votos_No_Marcados V="187"/>
          <Porc_Votos_No_Marcados V="021,79"/>
          <Votos_Nulos V="276"/>
          <Porc_Votos_Nulos V="032,16"/>
        </lin>
        <lin>
          <Pregunta V="005"/>
          <Total_Sufragantes V="858"/>
          <Porc_Sufragantes V="100,00"/>
          <Abstencion V="0"/>
          <Porc_Abstencion V="000,00"/>
          <Votos_Validos V="610"/>
          <Porc_Votos_Validos V="071,09"/>
          <Votos_No_Marcados V="170"/>
          <Porc_Votos_No_Marcados V="019,81"/>
          <Votos_Nulos V="78"/>
          <Porc_Votos_Nulos V="009,09"/>
        </lin>
        <lin>
          <Pregunta V="006"/>
          <Total_Sufragantes V="858"/>
          <Porc_Sufragantes V="100,00"/>
          <Abstencion V="0"/>
          <Porc_Abstencion V="000,00"/>
          <Votos_Validos V="553"/>
          <Porc_Votos_Validos V="064,45"/>
          <Votos_No_Marcados V="54"/>
          <Porc_Votos_No_Marcados V="006,29"/>
          <Votos_Nulos V="251"/>
          <Porc_Votos_Nulos V="029,25"/>
        </lin>
        <lin>
          <Pregunta V="007"/>
          <Total_Sufragantes V="858"/>
          <Porc_Sufragantes V="100,00"/>
          <Abstencion V="0"/>
          <Porc_Abstencion V="000,00"/>
          <Votos_Validos V="280"/>
          <Porc_Votos_Validos V="032,63"/>
          <Votos_No_Marcados V="428"/>
          <Porc_Votos_No_Marcados V="049,88"/>
          <Votos_Nulos V="150"/>
          <Porc_Votos_Nulos V="017,48"/>
        </lin>
      </Detalle_Pregunta>
      <Detalle_Opcion>
        <lin>
          <Opcion V="001"/>
          <Votos V="245"/>
          <Porc V="061,55"/>
          <Pregunta V="001"/>
        </lin>
        <lin>
          <Opcion V="002"/>
          <Votos V="153"/>
          <Porc V="038,44"/>
          <Pregunta V="001"/>
        </lin>
        <lin>
          <Opcion V="001"/>
          <Votos V="84"/>
          <Porc V="024,48"/>
          <Pregunta V="002"/>
        </lin>
        <lin>
          <Opcion V="002"/>
          <Votos V="259"/>
          <Porc V="075,51"/>
          <Pregunta V="002"/>
        </lin>
        <lin>
          <Opcion V="001"/>
          <Votos V="59"/>
          <Porc V="020,06"/>
          <Pregunta V="003"/>
        </lin>
        <lin>
          <Opcion V="002"/>
          <Votos V="235"/>
          <Porc V="079,93"/>
          <Pregunta V="003"/>
        </lin>
        <lin>
          <Opcion V="001"/>
          <Votos V="245"/>
          <Porc V="062,02"/>
          <Pregunta V="004"/>
        </lin>
        <lin>
          <Opcion V="002"/>
          <Votos V="150"/>
          <Porc V="037,97"/>
          <Pregunta V="004"/>
        </lin>
        <lin>
          <Opcion V="001"/>
          <Votos V="213"/>
          <Porc V="034,91"/>
          <Pregunta V="005"/>
        </lin>
        <lin>
          <Opcion V="002"/>
          <Votos V="397"/>
          <Porc V="065,08"/>
          <Pregunta V="005"/>
        </lin>
        <lin>
          <Opcion V="001"/>
          <Votos V="303"/>
          <Porc V="054,79"/>
          <Pregunta V="006"/>
        </lin>
        <lin>
          <Opcion V="002"/>
          <Votos V="250"/>
          <Porc V="045,20"/>
          <Pregunta V="006"/>
        </lin>
        <lin>
          <Opcion V="001"/>
          <Votos V="105"/>
          <Porc V="037,50"/>
          <Pregunta V="007"/>
        </lin>
        <lin>
          <Opcion V="002"/>
          <Votos V="175"/>
          <Porc V="062,50"/>
          <Pregunta V="007"/>
        </lin>
      </Detalle_Opcion>
    </lin>
  </Detalle_Circunscripcion>
</Boletin>
</Boletin_Consolidado>