<Boletin_Consolidado><Boletin>
  <Numero V="0008"/>
  <Boletin_Departamental V="0011"/>
  <Tipo_Boletin V="DEPARTAMENTAL"/>
  <Desc_Corporacion V="CONSULTA POPULAR"/>
  <Departamento V="07"/>
  <Desc_Departamento V="BOYACA"/>
  <Municipio V="007"/>
  <Desc_Municipio V="ALMEIDA"/>
  <Dia V="21"/>
  <Mes V="8"/>
  <Anio V="2018"/>
  <Hora V="14"/>
  <Minuto V="15"/>
  <Mesas_Instaladas V="6"/>
  <Mesas_Informadas V="6"/>
  <Porc_Mesas_Informadas V="100,00"/>
  <Potencial_Sufragantes V="1964"/>
  <Detalle_Circunscripcion>
    <lin>
      <Circunscripcion V="0"/>
      <Desc_Circunscripcion V="NACIONAL"/>
      <Detalle_Pregunta>
        <lin>
          <Pregunta V="001"/>
          <Total_Sufragantes V="1964"/>
          <Porc_Sufragantes V="100,00"/>
          <Abstencion V="0"/>
          <Porc_Abstencion V="000,00"/>
          <Votos_Validos V="896"/>
          <Porc_Votos_Validos V="045,62"/>
          <Votos_No_Marcados V="580"/>
          <Porc_Votos_No_Marcados V="029,53"/>
          <Votos_Nulos V="488"/>
          <Porc_Votos_Nulos V="024,84"/>
        </lin>
        <lin>
          <Pregunta V="002"/>
          <Total_Sufragantes V="1964"/>
          <Porc_Sufragantes V="100,00"/>
          <Abstencion V="0"/>
          <Porc_Abstencion V="000,00"/>
          <Votos_Validos V="1273"/>
          <Porc_Votos_Validos V="064,81"/>
          <Votos_No_Marcados V="425"/>
          <Porc_Votos_No_Marcados V="021,63"/>
          <Votos_Nulos V="266"/>
          <Porc_Votos_Nulos V="013,54"/>
        </lin>
        <lin>
          <Pregunta V="003"/>
          <Total_Sufragantes V="1964"/>
          <Porc_Sufragantes V="100,00"/>
          <Abstencion V="0"/>
          <Porc_Abstencion V="000,00"/>
          <Votos_Validos V="725"/>
          <Porc_Votos_Validos V="036,91"/>
          <Votos_No_Marcados V="518"/>
          <Porc_Votos_No_Marcados V="026,37"/>
          <Votos_Nulos V="721"/>
          <Porc_Votos_Nulos V="036,71"/>
        </lin>
        <lin>
          <Pregunta V="004"/>
          <Total_Sufragantes V="1964"/>
          <Porc_Sufragantes V="100,00"/>
          <Abstencion V="0"/>
          <Porc_Abstencion V="000,00"/>
          <Votos_Validos V="1097"/>
          <Porc_Votos_Validos V="055,85"/>
          <Votos_No_Marcados V="612"/>
          <Porc_Votos_No_Marcados V="031,16"/>
          <Votos_Nulos V="255"/>
          <Porc_Votos_Nulos V="012,98"/>
        </lin>
        <lin>
          <Pregunta V="005"/>
          <Total_Sufragantes V="1964"/>
          <Porc_Sufragantes V="100,00"/>
          <Abstencion V="0"/>
          <Porc_Abstencion V="000,00"/>
          <Votos_Validos V="1029"/>
          <Porc_Votos_Validos V="052,39"/>
          <Votos_No_Marcados V="464"/>
          <Porc_Votos_No_Marcados V="023,62"/>
          <Votos_Nulos V="471"/>
          <Porc_Votos_Nulos V="023,98"/>
        </lin>
        <lin>
          <Pregunta V="006"/>
          <Total_Sufragantes V="1964"/>
          <Porc_Sufragantes V="100,00"/>
          <Abstencion V="0"/>
          <Porc_Abstencion V="000,00"/>
          <Votos_Validos V="1007"/>
          <Porc_Votos_Validos V="051,27"/>
          <Votos_No_Marcados V="458"/>
          <Porc_Votos_No_Marcados V="023,31"/>
          <Votos_Nulos V="499"/>
          <Porc_Votos_Nulos V="025,40"/>
        </lin>
        <lin>
          <Pregunta V="007"/>
          <Total_Sufragantes V="1964"/>
          <Porc_Sufragantes V="100,00"/>
          <Abstencion V="0"/>
          <Porc_Abstencion V="000,00"/>
          <Votos_Validos V="990"/>
          <Porc_Votos_Validos V="050,40"/>
          <Votos_No_Marcados V="482"/>
          <Porc_Votos_No_Marcados V="024,54"/>
          <Votos_Nulos V="492"/>
          <Porc_Votos_Nulos V="025,05"/>
        </lin>
      </Detalle_Pregunta>
      <Detalle_Opcion>
        <lin>
          <Opcion V="001"/>
          <Votos V="294"/>
          <Porc V="032,81"/>
          <Pregunta V="001"/>
        </lin>
        <lin>
          <Opcion V="002"/>
          <Votos V="602"/>
          <Porc V="067,18"/>
          <Pregunta V="001"/>
        </lin>
        <lin>
          <Opcion V="001"/>
          <Votos V="463"/>
          <Porc V="036,37"/>
          <Pregunta V="002"/>
        </lin>
        <lin>
          <Opcion V="002"/>
          <Votos V="810"/>
          <Porc V="063,62"/>
          <Pregunta V="002"/>
        </lin>
        <lin>
          <Opcion V="001"/>
          <Votos V="448"/>
          <Porc V="061,79"/>
          <Pregunta V="003"/>
        </lin>
        <lin>
          <Opcion V="002"/>
          <Votos V="277"/>
          <Porc V="038,20"/>
          <Pregunta V="003"/>
        </lin>
        <lin>
          <Opcion V="001"/>
          <Votos V="315"/>
          <Porc V="028,71"/>
          <Pregunta V="004"/>
        </lin>
        <lin>
          <Opcion V="002"/>
          <Votos V="782"/>
          <Porc V="071,28"/>
          <Pregunta V="004"/>
        </lin>
        <lin>
          <Opcion V="001"/>
          <Votos V="531"/>
          <Porc V="051,60"/>
          <Pregunta V="005"/>
        </lin>
        <lin>
          <Opcion V="002"/>
          <Votos V="498"/>
          <Porc V="048,39"/>
          <Pregunta V="005"/>
        </lin>
        <lin>
          <Opcion V="001"/>
          <Votos V="312"/>
          <Porc V="030,98"/>
          <Pregunta V="006"/>
        </lin>
        <lin>
          <Opcion V="002"/>
          <Votos V="695"/>
          <Porc V="069,01"/>
          <Pregunta V="006"/>
        </lin>
        <lin>
          <Opcion V="001"/>
          <Votos V="439"/>
          <Porc V="044,34"/>
          <Pregunta V="007"/>
        </lin>
        <lin>
          <Opcion V="002"/>
          <Votos V="551"/>
          <Porc V="055,65"/>
          <Pregunta V="007"/>
        </lin>
      </Detalle_Opcion>
    </lin>
  </Detalle_Circunscripcion>
</Boletin>
</Boletin_Consolidado>