<Boletin_Consolidado><Boletin>
  <Numero V="0008"/>
  <Boletin_Departamental V="0012"/>
  <Tipo_Boletin V="DEPARTAMENTAL"/>
  <Desc_Corporacion V="CONSULTA POPULAR"/>
  <Departamento V="12"/>
  <Desc_Departamento V="CESAR"/>
  <Municipio V="750"/>
  <Desc_Municipio V="RIO DE ORO"/>
  <Dia V="21"/>
  <Mes V="8"/>
  <Anio V="2018"/>
  <Hora V="14"/>
  <Minuto V="15"/>
  <Mesas_Instaladas V="48"/>
  <Mesas_Informadas V="48"/>
  <Porc_Mesas_Informadas V="100,00"/>
  <Potencial_Sufragantes V="15561"/>
  <Detalle_Circunscripcion>
    <lin>
      <Circunscripcion V="0"/>
      <Desc_Circunscripcion V="NACIONAL"/>
      <Detalle_Pregunta>
        <lin>
          <Pregunta V="001"/>
          <Total_Sufragantes V="15561"/>
          <Porc_Sufragantes V="100,00"/>
          <Abstencion V="0"/>
          <Porc_Abstencion V="000,00"/>
          <Votos_Validos V="6865"/>
          <Porc_Votos_Validos V="044,11"/>
          <Votos_No_Marcados V="4778"/>
          <Porc_Votos_No_Marcados V="030,70"/>
          <Votos_Nulos V="3918"/>
          <Porc_Votos_Nulos V="025,17"/>
        </lin>
        <lin>
          <Pregunta V="002"/>
          <Total_Sufragantes V="15561"/>
          <Porc_Sufragantes V="100,00"/>
          <Abstencion V="0"/>
          <Porc_Abstencion V="000,00"/>
          <Votos_Validos V="8066"/>
          <Porc_Votos_Validos V="051,83"/>
          <Votos_No_Marcados V="3701"/>
          <Porc_Votos_No_Marcados V="023,78"/>
          <Votos_Nulos V="3794"/>
          <Porc_Votos_Nulos V="024,38"/>
        </lin>
        <lin>
          <Pregunta V="003"/>
          <Total_Sufragantes V="15561"/>
          <Porc_Sufragantes V="100,00"/>
          <Abstencion V="0"/>
          <Porc_Abstencion V="000,00"/>
          <Votos_Validos V="7760"/>
          <Porc_Votos_Validos V="049,86"/>
          <Votos_No_Marcados V="3942"/>
          <Porc_Votos_No_Marcados V="025,33"/>
          <Votos_Nulos V="3859"/>
          <Porc_Votos_Nulos V="024,79"/>
        </lin>
        <lin>
          <Pregunta V="004"/>
          <Total_Sufragantes V="15561"/>
          <Porc_Sufragantes V="100,00"/>
          <Abstencion V="0"/>
          <Porc_Abstencion V="000,00"/>
          <Votos_Validos V="8267"/>
          <Porc_Votos_Validos V="053,12"/>
          <Votos_No_Marcados V="3554"/>
          <Porc_Votos_No_Marcados V="022,83"/>
          <Votos_Nulos V="3740"/>
          <Porc_Votos_Nulos V="024,03"/>
        </lin>
        <lin>
          <Pregunta V="005"/>
          <Total_Sufragantes V="15561"/>
          <Porc_Sufragantes V="100,00"/>
          <Abstencion V="0"/>
          <Porc_Abstencion V="000,00"/>
          <Votos_Validos V="8365"/>
          <Porc_Votos_Validos V="053,75"/>
          <Votos_No_Marcados V="3869"/>
          <Porc_Votos_No_Marcados V="024,86"/>
          <Votos_Nulos V="3327"/>
          <Porc_Votos_Nulos V="021,38"/>
        </lin>
        <lin>
          <Pregunta V="006"/>
          <Total_Sufragantes V="15561"/>
          <Porc_Sufragantes V="100,00"/>
          <Abstencion V="0"/>
          <Porc_Abstencion V="000,00"/>
          <Votos_Validos V="7987"/>
          <Porc_Votos_Validos V="051,32"/>
          <Votos_No_Marcados V="3829"/>
          <Porc_Votos_No_Marcados V="024,60"/>
          <Votos_Nulos V="3745"/>
          <Porc_Votos_Nulos V="024,06"/>
        </lin>
        <lin>
          <Pregunta V="007"/>
          <Total_Sufragantes V="15561"/>
          <Porc_Sufragantes V="100,00"/>
          <Abstencion V="0"/>
          <Porc_Abstencion V="000,00"/>
          <Votos_Validos V="7657"/>
          <Porc_Votos_Validos V="049,20"/>
          <Votos_No_Marcados V="3736"/>
          <Porc_Votos_No_Marcados V="024,00"/>
          <Votos_Nulos V="4168"/>
          <Porc_Votos_Nulos V="026,78"/>
        </lin>
      </Detalle_Pregunta>
      <Detalle_Opcion>
        <lin>
          <Opcion V="001"/>
          <Votos V="3694"/>
          <Porc V="053,80"/>
          <Pregunta V="001"/>
        </lin>
        <lin>
          <Opcion V="002"/>
          <Votos V="3171"/>
          <Porc V="046,19"/>
          <Pregunta V="001"/>
        </lin>
        <lin>
          <Opcion V="001"/>
          <Votos V="3914"/>
          <Porc V="048,52"/>
          <Pregunta V="002"/>
        </lin>
        <lin>
          <Opcion V="002"/>
          <Votos V="4152"/>
          <Porc V="051,47"/>
          <Pregunta V="002"/>
        </lin>
        <lin>
          <Opcion V="001"/>
          <Votos V="3708"/>
          <Porc V="047,78"/>
          <Pregunta V="003"/>
        </lin>
        <lin>
          <Opcion V="002"/>
          <Votos V="4052"/>
          <Porc V="052,21"/>
          <Pregunta V="003"/>
        </lin>
        <lin>
          <Opcion V="001"/>
          <Votos V="4277"/>
          <Porc V="051,73"/>
          <Pregunta V="004"/>
        </lin>
        <lin>
          <Opcion V="002"/>
          <Votos V="3990"/>
          <Porc V="048,26"/>
          <Pregunta V="004"/>
        </lin>
        <lin>
          <Opcion V="001"/>
          <Votos V="3498"/>
          <Porc V="041,81"/>
          <Pregunta V="005"/>
        </lin>
        <lin>
          <Opcion V="002"/>
          <Votos V="4867"/>
          <Porc V="058,18"/>
          <Pregunta V="005"/>
        </lin>
        <lin>
          <Opcion V="001"/>
          <Votos V="4282"/>
          <Porc V="053,61"/>
          <Pregunta V="006"/>
        </lin>
        <lin>
          <Opcion V="002"/>
          <Votos V="3705"/>
          <Porc V="046,38"/>
          <Pregunta V="006"/>
        </lin>
        <lin>
          <Opcion V="001"/>
          <Votos V="3611"/>
          <Porc V="047,15"/>
          <Pregunta V="007"/>
        </lin>
        <lin>
          <Opcion V="002"/>
          <Votos V="4046"/>
          <Porc V="052,84"/>
          <Pregunta V="007"/>
        </lin>
      </Detalle_Opcion>
    </lin>
  </Detalle_Circunscripcion>
</Boletin>
</Boletin_Consolidado>