<Boletin_Consolidado><Boletin>
  <Numero V="0008"/>
  <Boletin_Departamental V="0012"/>
  <Tipo_Boletin V="DEPARTAMENTAL"/>
  <Desc_Corporacion V="CONSULTA POPULAR"/>
  <Departamento V="13"/>
  <Desc_Departamento V="CORDOBA"/>
  <Municipio V="061"/>
  <Desc_Municipio V="VALENCIA"/>
  <Dia V="21"/>
  <Mes V="8"/>
  <Anio V="2018"/>
  <Hora V="14"/>
  <Minuto V="15"/>
  <Mesas_Instaladas V="77"/>
  <Mesas_Informadas V="77"/>
  <Porc_Mesas_Informadas V="100,00"/>
  <Potencial_Sufragantes V="25756"/>
  <Detalle_Circunscripcion>
    <lin>
      <Circunscripcion V="0"/>
      <Desc_Circunscripcion V="NACIONAL"/>
      <Detalle_Pregunta>
        <lin>
          <Pregunta V="001"/>
          <Total_Sufragantes V="25756"/>
          <Porc_Sufragantes V="100,00"/>
          <Abstencion V="0"/>
          <Porc_Abstencion V="000,00"/>
          <Votos_Validos V="12583"/>
          <Porc_Votos_Validos V="048,85"/>
          <Votos_No_Marcados V="6780"/>
          <Porc_Votos_No_Marcados V="026,32"/>
          <Votos_Nulos V="6393"/>
          <Porc_Votos_Nulos V="024,82"/>
        </lin>
        <lin>
          <Pregunta V="002"/>
          <Total_Sufragantes V="25756"/>
          <Porc_Sufragantes V="100,00"/>
          <Abstencion V="0"/>
          <Porc_Abstencion V="000,00"/>
          <Votos_Validos V="12683"/>
          <Porc_Votos_Validos V="049,24"/>
          <Votos_No_Marcados V="6354"/>
          <Porc_Votos_No_Marcados V="024,66"/>
          <Votos_Nulos V="6719"/>
          <Porc_Votos_Nulos V="026,08"/>
        </lin>
        <lin>
          <Pregunta V="003"/>
          <Total_Sufragantes V="25756"/>
          <Porc_Sufragantes V="100,00"/>
          <Abstencion V="0"/>
          <Porc_Abstencion V="000,00"/>
          <Votos_Validos V="12175"/>
          <Porc_Votos_Validos V="047,27"/>
          <Votos_No_Marcados V="6821"/>
          <Porc_Votos_No_Marcados V="026,48"/>
          <Votos_Nulos V="6760"/>
          <Porc_Votos_Nulos V="026,24"/>
        </lin>
        <lin>
          <Pregunta V="004"/>
          <Total_Sufragantes V="25756"/>
          <Porc_Sufragantes V="100,00"/>
          <Abstencion V="0"/>
          <Porc_Abstencion V="000,00"/>
          <Votos_Validos V="12572"/>
          <Porc_Votos_Validos V="048,81"/>
          <Votos_No_Marcados V="6901"/>
          <Porc_Votos_No_Marcados V="026,79"/>
          <Votos_Nulos V="6283"/>
          <Porc_Votos_Nulos V="024,39"/>
        </lin>
        <lin>
          <Pregunta V="005"/>
          <Total_Sufragantes V="25756"/>
          <Porc_Sufragantes V="100,00"/>
          <Abstencion V="0"/>
          <Porc_Abstencion V="000,00"/>
          <Votos_Validos V="13120"/>
          <Porc_Votos_Validos V="050,93"/>
          <Votos_No_Marcados V="6244"/>
          <Porc_Votos_No_Marcados V="024,24"/>
          <Votos_Nulos V="6392"/>
          <Porc_Votos_Nulos V="024,81"/>
        </lin>
        <lin>
          <Pregunta V="006"/>
          <Total_Sufragantes V="25756"/>
          <Porc_Sufragantes V="100,00"/>
          <Abstencion V="0"/>
          <Porc_Abstencion V="000,00"/>
          <Votos_Validos V="13642"/>
          <Porc_Votos_Validos V="052,96"/>
          <Votos_No_Marcados V="6012"/>
          <Porc_Votos_No_Marcados V="023,34"/>
          <Votos_Nulos V="6102"/>
          <Porc_Votos_Nulos V="023,69"/>
        </lin>
        <lin>
          <Pregunta V="007"/>
          <Total_Sufragantes V="25756"/>
          <Porc_Sufragantes V="100,00"/>
          <Abstencion V="0"/>
          <Porc_Abstencion V="000,00"/>
          <Votos_Validos V="13658"/>
          <Porc_Votos_Validos V="053,02"/>
          <Votos_No_Marcados V="5597"/>
          <Porc_Votos_No_Marcados V="021,73"/>
          <Votos_Nulos V="6501"/>
          <Porc_Votos_Nulos V="025,24"/>
        </lin>
      </Detalle_Pregunta>
      <Detalle_Opcion>
        <lin>
          <Opcion V="001"/>
          <Votos V="6646"/>
          <Porc V="052,81"/>
          <Pregunta V="001"/>
        </lin>
        <lin>
          <Opcion V="002"/>
          <Votos V="5937"/>
          <Porc V="047,18"/>
          <Pregunta V="001"/>
        </lin>
        <lin>
          <Opcion V="001"/>
          <Votos V="6330"/>
          <Porc V="049,90"/>
          <Pregunta V="002"/>
        </lin>
        <lin>
          <Opcion V="002"/>
          <Votos V="6353"/>
          <Porc V="050,09"/>
          <Pregunta V="002"/>
        </lin>
        <lin>
          <Opcion V="001"/>
          <Votos V="5479"/>
          <Porc V="045,00"/>
          <Pregunta V="003"/>
        </lin>
        <lin>
          <Opcion V="002"/>
          <Votos V="6696"/>
          <Porc V="054,99"/>
          <Pregunta V="003"/>
        </lin>
        <lin>
          <Opcion V="001"/>
          <Votos V="6386"/>
          <Porc V="050,79"/>
          <Pregunta V="004"/>
        </lin>
        <lin>
          <Opcion V="002"/>
          <Votos V="6186"/>
          <Porc V="049,20"/>
          <Pregunta V="004"/>
        </lin>
        <lin>
          <Opcion V="001"/>
          <Votos V="5702"/>
          <Porc V="043,46"/>
          <Pregunta V="005"/>
        </lin>
        <lin>
          <Opcion V="002"/>
          <Votos V="7418"/>
          <Porc V="056,53"/>
          <Pregunta V="005"/>
        </lin>
        <lin>
          <Opcion V="001"/>
          <Votos V="6707"/>
          <Porc V="049,16"/>
          <Pregunta V="006"/>
        </lin>
        <lin>
          <Opcion V="002"/>
          <Votos V="6935"/>
          <Porc V="050,83"/>
          <Pregunta V="006"/>
        </lin>
        <lin>
          <Opcion V="001"/>
          <Votos V="7008"/>
          <Porc V="051,31"/>
          <Pregunta V="007"/>
        </lin>
        <lin>
          <Opcion V="002"/>
          <Votos V="6650"/>
          <Porc V="048,68"/>
          <Pregunta V="007"/>
        </lin>
      </Detalle_Opcion>
    </lin>
  </Detalle_Circunscripcion>
</Boletin>
</Boletin_Consolidado>