<Boletin_Consolidado><Boletin>
  <Numero V="0008"/>
  <Boletin_Departamental V="0012"/>
  <Tipo_Boletin V="DEPARTAMENTAL"/>
  <Desc_Corporacion V="CONSULTA POPULAR"/>
  <Departamento V="01"/>
  <Desc_Departamento V="ANTIOQUIA"/>
  <Municipio V="292"/>
  <Desc_Municipio V="VENECIA"/>
  <Dia V="21"/>
  <Mes V="8"/>
  <Anio V="2018"/>
  <Hora V="14"/>
  <Minuto V="15"/>
  <Mesas_Instaladas V="33"/>
  <Mesas_Informadas V="33"/>
  <Porc_Mesas_Informadas V="100,00"/>
  <Potencial_Sufragantes V="11106"/>
  <Detalle_Circunscripcion>
    <lin>
      <Circunscripcion V="0"/>
      <Desc_Circunscripcion V="NACIONAL"/>
      <Detalle_Pregunta>
        <lin>
          <Pregunta V="001"/>
          <Total_Sufragantes V="11106"/>
          <Porc_Sufragantes V="100,00"/>
          <Abstencion V="0"/>
          <Porc_Abstencion V="000,00"/>
          <Votos_Validos V="5462"/>
          <Porc_Votos_Validos V="049,18"/>
          <Votos_No_Marcados V="2831"/>
          <Porc_Votos_No_Marcados V="025,49"/>
          <Votos_Nulos V="2813"/>
          <Porc_Votos_Nulos V="025,32"/>
        </lin>
        <lin>
          <Pregunta V="002"/>
          <Total_Sufragantes V="11106"/>
          <Porc_Sufragantes V="100,00"/>
          <Abstencion V="0"/>
          <Porc_Abstencion V="000,00"/>
          <Votos_Validos V="4932"/>
          <Porc_Votos_Validos V="044,40"/>
          <Votos_No_Marcados V="3189"/>
          <Porc_Votos_No_Marcados V="028,71"/>
          <Votos_Nulos V="2985"/>
          <Porc_Votos_Nulos V="026,87"/>
        </lin>
        <lin>
          <Pregunta V="003"/>
          <Total_Sufragantes V="11106"/>
          <Porc_Sufragantes V="100,00"/>
          <Abstencion V="0"/>
          <Porc_Abstencion V="000,00"/>
          <Votos_Validos V="5701"/>
          <Porc_Votos_Validos V="051,33"/>
          <Votos_No_Marcados V="2515"/>
          <Porc_Votos_No_Marcados V="022,64"/>
          <Votos_Nulos V="2890"/>
          <Porc_Votos_Nulos V="026,02"/>
        </lin>
        <lin>
          <Pregunta V="004"/>
          <Total_Sufragantes V="11106"/>
          <Porc_Sufragantes V="100,00"/>
          <Abstencion V="0"/>
          <Porc_Abstencion V="000,00"/>
          <Votos_Validos V="5045"/>
          <Porc_Votos_Validos V="045,42"/>
          <Votos_No_Marcados V="2758"/>
          <Porc_Votos_No_Marcados V="024,83"/>
          <Votos_Nulos V="3303"/>
          <Porc_Votos_Nulos V="029,74"/>
        </lin>
        <lin>
          <Pregunta V="005"/>
          <Total_Sufragantes V="11106"/>
          <Porc_Sufragantes V="100,00"/>
          <Abstencion V="0"/>
          <Porc_Abstencion V="000,00"/>
          <Votos_Validos V="5563"/>
          <Porc_Votos_Validos V="050,09"/>
          <Votos_No_Marcados V="3020"/>
          <Porc_Votos_No_Marcados V="027,19"/>
          <Votos_Nulos V="2523"/>
          <Porc_Votos_Nulos V="022,71"/>
        </lin>
        <lin>
          <Pregunta V="006"/>
          <Total_Sufragantes V="11106"/>
          <Porc_Sufragantes V="100,00"/>
          <Abstencion V="0"/>
          <Porc_Abstencion V="000,00"/>
          <Votos_Validos V="4980"/>
          <Porc_Votos_Validos V="044,84"/>
          <Votos_No_Marcados V="3064"/>
          <Porc_Votos_No_Marcados V="027,58"/>
          <Votos_Nulos V="3062"/>
          <Porc_Votos_Nulos V="027,57"/>
        </lin>
        <lin>
          <Pregunta V="007"/>
          <Total_Sufragantes V="11106"/>
          <Porc_Sufragantes V="100,00"/>
          <Abstencion V="0"/>
          <Porc_Abstencion V="000,00"/>
          <Votos_Validos V="5605"/>
          <Porc_Votos_Validos V="050,46"/>
          <Votos_No_Marcados V="2450"/>
          <Porc_Votos_No_Marcados V="022,06"/>
          <Votos_Nulos V="3051"/>
          <Porc_Votos_Nulos V="027,47"/>
        </lin>
      </Detalle_Pregunta>
      <Detalle_Opcion>
        <lin>
          <Opcion V="001"/>
          <Votos V="2635"/>
          <Porc V="048,24"/>
          <Pregunta V="001"/>
        </lin>
        <lin>
          <Opcion V="002"/>
          <Votos V="2827"/>
          <Porc V="051,75"/>
          <Pregunta V="001"/>
        </lin>
        <lin>
          <Opcion V="001"/>
          <Votos V="2551"/>
          <Porc V="051,72"/>
          <Pregunta V="002"/>
        </lin>
        <lin>
          <Opcion V="002"/>
          <Votos V="2381"/>
          <Porc V="048,27"/>
          <Pregunta V="002"/>
        </lin>
        <lin>
          <Opcion V="001"/>
          <Votos V="2729"/>
          <Porc V="047,86"/>
          <Pregunta V="003"/>
        </lin>
        <lin>
          <Opcion V="002"/>
          <Votos V="2972"/>
          <Porc V="052,13"/>
          <Pregunta V="003"/>
        </lin>
        <lin>
          <Opcion V="001"/>
          <Votos V="2275"/>
          <Porc V="045,09"/>
          <Pregunta V="004"/>
        </lin>
        <lin>
          <Opcion V="002"/>
          <Votos V="2770"/>
          <Porc V="054,90"/>
          <Pregunta V="004"/>
        </lin>
        <lin>
          <Opcion V="001"/>
          <Votos V="2139"/>
          <Porc V="038,45"/>
          <Pregunta V="005"/>
        </lin>
        <lin>
          <Opcion V="002"/>
          <Votos V="3424"/>
          <Porc V="061,54"/>
          <Pregunta V="005"/>
        </lin>
        <lin>
          <Opcion V="001"/>
          <Votos V="2335"/>
          <Porc V="046,88"/>
          <Pregunta V="006"/>
        </lin>
        <lin>
          <Opcion V="002"/>
          <Votos V="2645"/>
          <Porc V="053,11"/>
          <Pregunta V="006"/>
        </lin>
        <lin>
          <Opcion V="001"/>
          <Votos V="2873"/>
          <Porc V="051,25"/>
          <Pregunta V="007"/>
        </lin>
        <lin>
          <Opcion V="002"/>
          <Votos V="2732"/>
          <Porc V="048,74"/>
          <Pregunta V="007"/>
        </lin>
      </Detalle_Opcion>
    </lin>
  </Detalle_Circunscripcion>
</Boletin>
</Boletin_Consolidado>