<Boletin_Consolidado><Boletin>
  <Numero V="0008"/>
  <Boletin_Departamental V="0012"/>
  <Tipo_Boletin V="DEPARTAMENTAL"/>
  <Desc_Corporacion V="CONSULTA POPULAR"/>
  <Departamento V="15"/>
  <Desc_Departamento V="CUNDINAMARCA"/>
  <Municipio V="016"/>
  <Desc_Municipio V="ARBELAEZ"/>
  <Dia V="21"/>
  <Mes V="8"/>
  <Anio V="2018"/>
  <Hora V="14"/>
  <Minuto V="15"/>
  <Mesas_Instaladas V="24"/>
  <Mesas_Informadas V="24"/>
  <Porc_Mesas_Informadas V="100,00"/>
  <Potencial_Sufragantes V="9083"/>
  <Detalle_Circunscripcion>
    <lin>
      <Circunscripcion V="0"/>
      <Desc_Circunscripcion V="NACIONAL"/>
      <Detalle_Pregunta>
        <lin>
          <Pregunta V="001"/>
          <Total_Sufragantes V="9083"/>
          <Porc_Sufragantes V="100,00"/>
          <Abstencion V="0"/>
          <Porc_Abstencion V="000,00"/>
          <Votos_Validos V="4596"/>
          <Porc_Votos_Validos V="050,60"/>
          <Votos_No_Marcados V="2064"/>
          <Porc_Votos_No_Marcados V="022,72"/>
          <Votos_Nulos V="2423"/>
          <Porc_Votos_Nulos V="026,67"/>
        </lin>
        <lin>
          <Pregunta V="002"/>
          <Total_Sufragantes V="9083"/>
          <Porc_Sufragantes V="100,00"/>
          <Abstencion V="0"/>
          <Porc_Abstencion V="000,00"/>
          <Votos_Validos V="4695"/>
          <Porc_Votos_Validos V="051,68"/>
          <Votos_No_Marcados V="2189"/>
          <Porc_Votos_No_Marcados V="024,09"/>
          <Votos_Nulos V="2199"/>
          <Porc_Votos_Nulos V="024,21"/>
        </lin>
        <lin>
          <Pregunta V="003"/>
          <Total_Sufragantes V="9083"/>
          <Porc_Sufragantes V="100,00"/>
          <Abstencion V="0"/>
          <Porc_Abstencion V="000,00"/>
          <Votos_Validos V="5121"/>
          <Porc_Votos_Validos V="056,38"/>
          <Votos_No_Marcados V="1853"/>
          <Porc_Votos_No_Marcados V="020,40"/>
          <Votos_Nulos V="2109"/>
          <Porc_Votos_Nulos V="023,21"/>
        </lin>
        <lin>
          <Pregunta V="004"/>
          <Total_Sufragantes V="9083"/>
          <Porc_Sufragantes V="100,00"/>
          <Abstencion V="0"/>
          <Porc_Abstencion V="000,00"/>
          <Votos_Validos V="4740"/>
          <Porc_Votos_Validos V="052,18"/>
          <Votos_No_Marcados V="1838"/>
          <Porc_Votos_No_Marcados V="020,23"/>
          <Votos_Nulos V="2505"/>
          <Porc_Votos_Nulos V="027,57"/>
        </lin>
        <lin>
          <Pregunta V="005"/>
          <Total_Sufragantes V="9083"/>
          <Porc_Sufragantes V="100,00"/>
          <Abstencion V="0"/>
          <Porc_Abstencion V="000,00"/>
          <Votos_Validos V="4275"/>
          <Porc_Votos_Validos V="047,06"/>
          <Votos_No_Marcados V="2187"/>
          <Porc_Votos_No_Marcados V="024,07"/>
          <Votos_Nulos V="2621"/>
          <Porc_Votos_Nulos V="028,85"/>
        </lin>
        <lin>
          <Pregunta V="006"/>
          <Total_Sufragantes V="9083"/>
          <Porc_Sufragantes V="100,00"/>
          <Abstencion V="0"/>
          <Porc_Abstencion V="000,00"/>
          <Votos_Validos V="4546"/>
          <Porc_Votos_Validos V="050,04"/>
          <Votos_No_Marcados V="2099"/>
          <Porc_Votos_No_Marcados V="023,10"/>
          <Votos_Nulos V="2438"/>
          <Porc_Votos_Nulos V="026,84"/>
        </lin>
        <lin>
          <Pregunta V="007"/>
          <Total_Sufragantes V="9083"/>
          <Porc_Sufragantes V="100,00"/>
          <Abstencion V="0"/>
          <Porc_Abstencion V="000,00"/>
          <Votos_Validos V="4718"/>
          <Porc_Votos_Validos V="051,94"/>
          <Votos_No_Marcados V="1884"/>
          <Porc_Votos_No_Marcados V="020,74"/>
          <Votos_Nulos V="2481"/>
          <Porc_Votos_Nulos V="027,31"/>
        </lin>
      </Detalle_Pregunta>
      <Detalle_Opcion>
        <lin>
          <Opcion V="001"/>
          <Votos V="2052"/>
          <Porc V="044,64"/>
          <Pregunta V="001"/>
        </lin>
        <lin>
          <Opcion V="002"/>
          <Votos V="2544"/>
          <Porc V="055,35"/>
          <Pregunta V="001"/>
        </lin>
        <lin>
          <Opcion V="001"/>
          <Votos V="2186"/>
          <Porc V="046,56"/>
          <Pregunta V="002"/>
        </lin>
        <lin>
          <Opcion V="002"/>
          <Votos V="2509"/>
          <Porc V="053,43"/>
          <Pregunta V="002"/>
        </lin>
        <lin>
          <Opcion V="001"/>
          <Votos V="2801"/>
          <Porc V="054,69"/>
          <Pregunta V="003"/>
        </lin>
        <lin>
          <Opcion V="002"/>
          <Votos V="2320"/>
          <Porc V="045,30"/>
          <Pregunta V="003"/>
        </lin>
        <lin>
          <Opcion V="001"/>
          <Votos V="2138"/>
          <Porc V="045,10"/>
          <Pregunta V="004"/>
        </lin>
        <lin>
          <Opcion V="002"/>
          <Votos V="2602"/>
          <Porc V="054,89"/>
          <Pregunta V="004"/>
        </lin>
        <lin>
          <Opcion V="001"/>
          <Votos V="2248"/>
          <Porc V="052,58"/>
          <Pregunta V="005"/>
        </lin>
        <lin>
          <Opcion V="002"/>
          <Votos V="2027"/>
          <Porc V="047,41"/>
          <Pregunta V="005"/>
        </lin>
        <lin>
          <Opcion V="001"/>
          <Votos V="2453"/>
          <Porc V="053,95"/>
          <Pregunta V="006"/>
        </lin>
        <lin>
          <Opcion V="002"/>
          <Votos V="2093"/>
          <Porc V="046,04"/>
          <Pregunta V="006"/>
        </lin>
        <lin>
          <Opcion V="001"/>
          <Votos V="2536"/>
          <Porc V="053,75"/>
          <Pregunta V="007"/>
        </lin>
        <lin>
          <Opcion V="002"/>
          <Votos V="2182"/>
          <Porc V="046,24"/>
          <Pregunta V="007"/>
        </lin>
      </Detalle_Opcion>
    </lin>
  </Detalle_Circunscripcion>
</Boletin>
</Boletin_Consolidado>