<Boletin_Consolidado><Boletin>
  <Numero V="0008"/>
  <Boletin_Departamental V="0012"/>
  <Tipo_Boletin V="DEPARTAMENTAL"/>
  <Desc_Corporacion V="CONSULTA POPULAR"/>
  <Departamento V="11"/>
  <Desc_Departamento V="CAUCA"/>
  <Municipio V="098"/>
  <Desc_Municipio V="VILLA RICA"/>
  <Dia V="21"/>
  <Mes V="8"/>
  <Anio V="2018"/>
  <Hora V="14"/>
  <Minuto V="15"/>
  <Mesas_Instaladas V="37"/>
  <Mesas_Informadas V="37"/>
  <Porc_Mesas_Informadas V="100,00"/>
  <Potencial_Sufragantes V="13737"/>
  <Detalle_Circunscripcion>
    <lin>
      <Circunscripcion V="0"/>
      <Desc_Circunscripcion V="NACIONAL"/>
      <Detalle_Pregunta>
        <lin>
          <Pregunta V="001"/>
          <Total_Sufragantes V="13737"/>
          <Porc_Sufragantes V="100,00"/>
          <Abstencion V="0"/>
          <Porc_Abstencion V="000,00"/>
          <Votos_Validos V="5966"/>
          <Porc_Votos_Validos V="043,43"/>
          <Votos_No_Marcados V="3611"/>
          <Porc_Votos_No_Marcados V="026,28"/>
          <Votos_Nulos V="4160"/>
          <Porc_Votos_Nulos V="030,28"/>
        </lin>
        <lin>
          <Pregunta V="002"/>
          <Total_Sufragantes V="13737"/>
          <Porc_Sufragantes V="100,00"/>
          <Abstencion V="0"/>
          <Porc_Abstencion V="000,00"/>
          <Votos_Validos V="6853"/>
          <Porc_Votos_Validos V="049,88"/>
          <Votos_No_Marcados V="2863"/>
          <Porc_Votos_No_Marcados V="020,84"/>
          <Votos_Nulos V="4021"/>
          <Porc_Votos_Nulos V="029,27"/>
        </lin>
        <lin>
          <Pregunta V="003"/>
          <Total_Sufragantes V="13737"/>
          <Porc_Sufragantes V="100,00"/>
          <Abstencion V="0"/>
          <Porc_Abstencion V="000,00"/>
          <Votos_Validos V="6972"/>
          <Porc_Votos_Validos V="050,75"/>
          <Votos_No_Marcados V="3553"/>
          <Porc_Votos_No_Marcados V="025,86"/>
          <Votos_Nulos V="3212"/>
          <Porc_Votos_Nulos V="023,38"/>
        </lin>
        <lin>
          <Pregunta V="004"/>
          <Total_Sufragantes V="13737"/>
          <Porc_Sufragantes V="100,00"/>
          <Abstencion V="0"/>
          <Porc_Abstencion V="000,00"/>
          <Votos_Validos V="6756"/>
          <Porc_Votos_Validos V="049,18"/>
          <Votos_No_Marcados V="2795"/>
          <Porc_Votos_No_Marcados V="020,34"/>
          <Votos_Nulos V="4186"/>
          <Porc_Votos_Nulos V="030,47"/>
        </lin>
        <lin>
          <Pregunta V="005"/>
          <Total_Sufragantes V="13737"/>
          <Porc_Sufragantes V="100,00"/>
          <Abstencion V="0"/>
          <Porc_Abstencion V="000,00"/>
          <Votos_Validos V="6613"/>
          <Porc_Votos_Validos V="048,14"/>
          <Votos_No_Marcados V="3468"/>
          <Porc_Votos_No_Marcados V="025,24"/>
          <Votos_Nulos V="3656"/>
          <Porc_Votos_Nulos V="026,61"/>
        </lin>
        <lin>
          <Pregunta V="006"/>
          <Total_Sufragantes V="13737"/>
          <Porc_Sufragantes V="100,00"/>
          <Abstencion V="0"/>
          <Porc_Abstencion V="000,00"/>
          <Votos_Validos V="6214"/>
          <Porc_Votos_Validos V="045,23"/>
          <Votos_No_Marcados V="3394"/>
          <Porc_Votos_No_Marcados V="024,70"/>
          <Votos_Nulos V="4129"/>
          <Porc_Votos_Nulos V="030,05"/>
        </lin>
        <lin>
          <Pregunta V="007"/>
          <Total_Sufragantes V="13737"/>
          <Porc_Sufragantes V="100,00"/>
          <Abstencion V="0"/>
          <Porc_Abstencion V="000,00"/>
          <Votos_Validos V="6413"/>
          <Porc_Votos_Validos V="046,68"/>
          <Votos_No_Marcados V="3613"/>
          <Porc_Votos_No_Marcados V="026,30"/>
          <Votos_Nulos V="3711"/>
          <Porc_Votos_Nulos V="027,01"/>
        </lin>
      </Detalle_Pregunta>
      <Detalle_Opcion>
        <lin>
          <Opcion V="001"/>
          <Votos V="3759"/>
          <Porc V="063,00"/>
          <Pregunta V="001"/>
        </lin>
        <lin>
          <Opcion V="002"/>
          <Votos V="2207"/>
          <Porc V="036,99"/>
          <Pregunta V="001"/>
        </lin>
        <lin>
          <Opcion V="001"/>
          <Votos V="3231"/>
          <Porc V="047,14"/>
          <Pregunta V="002"/>
        </lin>
        <lin>
          <Opcion V="002"/>
          <Votos V="3622"/>
          <Porc V="052,85"/>
          <Pregunta V="002"/>
        </lin>
        <lin>
          <Opcion V="001"/>
          <Votos V="3320"/>
          <Porc V="047,61"/>
          <Pregunta V="003"/>
        </lin>
        <lin>
          <Opcion V="002"/>
          <Votos V="3652"/>
          <Porc V="052,38"/>
          <Pregunta V="003"/>
        </lin>
        <lin>
          <Opcion V="001"/>
          <Votos V="3673"/>
          <Porc V="054,36"/>
          <Pregunta V="004"/>
        </lin>
        <lin>
          <Opcion V="002"/>
          <Votos V="3083"/>
          <Porc V="045,63"/>
          <Pregunta V="004"/>
        </lin>
        <lin>
          <Opcion V="001"/>
          <Votos V="3186"/>
          <Porc V="048,17"/>
          <Pregunta V="005"/>
        </lin>
        <lin>
          <Opcion V="002"/>
          <Votos V="3427"/>
          <Porc V="051,82"/>
          <Pregunta V="005"/>
        </lin>
        <lin>
          <Opcion V="001"/>
          <Votos V="3633"/>
          <Porc V="058,46"/>
          <Pregunta V="006"/>
        </lin>
        <lin>
          <Opcion V="002"/>
          <Votos V="2581"/>
          <Porc V="041,53"/>
          <Pregunta V="006"/>
        </lin>
        <lin>
          <Opcion V="001"/>
          <Votos V="2737"/>
          <Porc V="042,67"/>
          <Pregunta V="007"/>
        </lin>
        <lin>
          <Opcion V="002"/>
          <Votos V="3676"/>
          <Porc V="057,32"/>
          <Pregunta V="007"/>
        </lin>
      </Detalle_Opcion>
    </lin>
  </Detalle_Circunscripcion>
</Boletin>
</Boletin_Consolidado>