<Boletin_Consolidado><Boletin>
  <Numero V="0008"/>
  <Boletin_Departamental V="0009"/>
  <Tipo_Boletin V="DEPARTAMENTAL"/>
  <Desc_Corporacion V="CONSULTA POPULAR"/>
  <Departamento V="07"/>
  <Desc_Departamento V="BOYACA"/>
  <Municipio V="280"/>
  <Desc_Municipio V="SOMONDOCO"/>
  <Dia V="21"/>
  <Mes V="8"/>
  <Anio V="2018"/>
  <Hora V="14"/>
  <Minuto V="15"/>
  <Mesas_Instaladas V="7"/>
  <Mesas_Informadas V="7"/>
  <Porc_Mesas_Informadas V="100,00"/>
  <Potencial_Sufragantes V="2661"/>
  <Detalle_Circunscripcion>
    <lin>
      <Circunscripcion V="0"/>
      <Desc_Circunscripcion V="NACIONAL"/>
      <Detalle_Pregunta>
        <lin>
          <Pregunta V="001"/>
          <Total_Sufragantes V="2661"/>
          <Porc_Sufragantes V="100,00"/>
          <Abstencion V="0"/>
          <Porc_Abstencion V="000,00"/>
          <Votos_Validos V="1412"/>
          <Porc_Votos_Validos V="053,06"/>
          <Votos_No_Marcados V="699"/>
          <Porc_Votos_No_Marcados V="026,26"/>
          <Votos_Nulos V="550"/>
          <Porc_Votos_Nulos V="020,66"/>
        </lin>
        <lin>
          <Pregunta V="002"/>
          <Total_Sufragantes V="2661"/>
          <Porc_Sufragantes V="100,00"/>
          <Abstencion V="0"/>
          <Porc_Abstencion V="000,00"/>
          <Votos_Validos V="1538"/>
          <Porc_Votos_Validos V="057,79"/>
          <Votos_No_Marcados V="653"/>
          <Porc_Votos_No_Marcados V="024,53"/>
          <Votos_Nulos V="470"/>
          <Porc_Votos_Nulos V="017,66"/>
        </lin>
        <lin>
          <Pregunta V="003"/>
          <Total_Sufragantes V="2661"/>
          <Porc_Sufragantes V="100,00"/>
          <Abstencion V="0"/>
          <Porc_Abstencion V="000,00"/>
          <Votos_Validos V="981"/>
          <Porc_Votos_Validos V="036,86"/>
          <Votos_No_Marcados V="694"/>
          <Porc_Votos_No_Marcados V="026,08"/>
          <Votos_Nulos V="986"/>
          <Porc_Votos_Nulos V="037,05"/>
        </lin>
        <lin>
          <Pregunta V="004"/>
          <Total_Sufragantes V="2661"/>
          <Porc_Sufragantes V="100,00"/>
          <Abstencion V="0"/>
          <Porc_Abstencion V="000,00"/>
          <Votos_Validos V="1461"/>
          <Porc_Votos_Validos V="054,90"/>
          <Votos_No_Marcados V="725"/>
          <Porc_Votos_No_Marcados V="027,24"/>
          <Votos_Nulos V="475"/>
          <Porc_Votos_Nulos V="017,85"/>
        </lin>
        <lin>
          <Pregunta V="005"/>
          <Total_Sufragantes V="2661"/>
          <Porc_Sufragantes V="100,00"/>
          <Abstencion V="0"/>
          <Porc_Abstencion V="000,00"/>
          <Votos_Validos V="1388"/>
          <Porc_Votos_Validos V="052,16"/>
          <Votos_No_Marcados V="742"/>
          <Porc_Votos_No_Marcados V="027,88"/>
          <Votos_Nulos V="531"/>
          <Porc_Votos_Nulos V="019,95"/>
        </lin>
        <lin>
          <Pregunta V="006"/>
          <Total_Sufragantes V="2661"/>
          <Porc_Sufragantes V="100,00"/>
          <Abstencion V="0"/>
          <Porc_Abstencion V="000,00"/>
          <Votos_Validos V="1553"/>
          <Porc_Votos_Validos V="058,36"/>
          <Votos_No_Marcados V="636"/>
          <Porc_Votos_No_Marcados V="023,90"/>
          <Votos_Nulos V="472"/>
          <Porc_Votos_Nulos V="017,73"/>
        </lin>
        <lin>
          <Pregunta V="007"/>
          <Total_Sufragantes V="2661"/>
          <Porc_Sufragantes V="100,00"/>
          <Abstencion V="0"/>
          <Porc_Abstencion V="000,00"/>
          <Votos_Validos V="1117"/>
          <Porc_Votos_Validos V="041,97"/>
          <Votos_No_Marcados V="643"/>
          <Porc_Votos_No_Marcados V="024,16"/>
          <Votos_Nulos V="901"/>
          <Porc_Votos_Nulos V="033,85"/>
        </lin>
      </Detalle_Pregunta>
      <Detalle_Opcion>
        <lin>
          <Opcion V="001"/>
          <Votos V="577"/>
          <Porc V="040,86"/>
          <Pregunta V="001"/>
        </lin>
        <lin>
          <Opcion V="002"/>
          <Votos V="835"/>
          <Porc V="059,13"/>
          <Pregunta V="001"/>
        </lin>
        <lin>
          <Opcion V="001"/>
          <Votos V="824"/>
          <Porc V="053,57"/>
          <Pregunta V="002"/>
        </lin>
        <lin>
          <Opcion V="002"/>
          <Votos V="714"/>
          <Porc V="046,42"/>
          <Pregunta V="002"/>
        </lin>
        <lin>
          <Opcion V="001"/>
          <Votos V="511"/>
          <Porc V="052,08"/>
          <Pregunta V="003"/>
        </lin>
        <lin>
          <Opcion V="002"/>
          <Votos V="470"/>
          <Porc V="047,91"/>
          <Pregunta V="003"/>
        </lin>
        <lin>
          <Opcion V="001"/>
          <Votos V="828"/>
          <Porc V="056,67"/>
          <Pregunta V="004"/>
        </lin>
        <lin>
          <Opcion V="002"/>
          <Votos V="633"/>
          <Porc V="043,32"/>
          <Pregunta V="004"/>
        </lin>
        <lin>
          <Opcion V="001"/>
          <Votos V="802"/>
          <Porc V="057,78"/>
          <Pregunta V="005"/>
        </lin>
        <lin>
          <Opcion V="002"/>
          <Votos V="586"/>
          <Porc V="042,21"/>
          <Pregunta V="005"/>
        </lin>
        <lin>
          <Opcion V="001"/>
          <Votos V="906"/>
          <Porc V="058,33"/>
          <Pregunta V="006"/>
        </lin>
        <lin>
          <Opcion V="002"/>
          <Votos V="647"/>
          <Porc V="041,66"/>
          <Pregunta V="006"/>
        </lin>
        <lin>
          <Opcion V="001"/>
          <Votos V="794"/>
          <Porc V="071,08"/>
          <Pregunta V="007"/>
        </lin>
        <lin>
          <Opcion V="002"/>
          <Votos V="323"/>
          <Porc V="028,91"/>
          <Pregunta V="007"/>
        </lin>
      </Detalle_Opcion>
    </lin>
  </Detalle_Circunscripcion>
</Boletin>
</Boletin_Consolidado>