<Boletin_Consolidado><Boletin>
  <Numero V="0008"/>
  <Boletin_Departamental V="0012"/>
  <Tipo_Boletin V="DEPARTAMENTAL"/>
  <Desc_Corporacion V="CONSULTA POPULAR"/>
  <Departamento V="01"/>
  <Desc_Departamento V="ANTIOQUIA"/>
  <Municipio V="232"/>
  <Desc_Municipio V="SAN LUIS"/>
  <Dia V="21"/>
  <Mes V="8"/>
  <Anio V="2018"/>
  <Hora V="14"/>
  <Minuto V="15"/>
  <Mesas_Instaladas V="31"/>
  <Mesas_Informadas V="31"/>
  <Porc_Mesas_Informadas V="100,00"/>
  <Potencial_Sufragantes V="11073"/>
  <Detalle_Circunscripcion>
    <lin>
      <Circunscripcion V="0"/>
      <Desc_Circunscripcion V="NACIONAL"/>
      <Detalle_Pregunta>
        <lin>
          <Pregunta V="001"/>
          <Total_Sufragantes V="11073"/>
          <Porc_Sufragantes V="100,00"/>
          <Abstencion V="0"/>
          <Porc_Abstencion V="000,00"/>
          <Votos_Validos V="5632"/>
          <Porc_Votos_Validos V="050,86"/>
          <Votos_No_Marcados V="2397"/>
          <Porc_Votos_No_Marcados V="021,64"/>
          <Votos_Nulos V="3044"/>
          <Porc_Votos_Nulos V="027,49"/>
        </lin>
        <lin>
          <Pregunta V="002"/>
          <Total_Sufragantes V="11073"/>
          <Porc_Sufragantes V="100,00"/>
          <Abstencion V="0"/>
          <Porc_Abstencion V="000,00"/>
          <Votos_Validos V="5412"/>
          <Porc_Votos_Validos V="048,87"/>
          <Votos_No_Marcados V="3017"/>
          <Porc_Votos_No_Marcados V="027,24"/>
          <Votos_Nulos V="2644"/>
          <Porc_Votos_Nulos V="023,87"/>
        </lin>
        <lin>
          <Pregunta V="003"/>
          <Total_Sufragantes V="11073"/>
          <Porc_Sufragantes V="100,00"/>
          <Abstencion V="0"/>
          <Porc_Abstencion V="000,00"/>
          <Votos_Validos V="5437"/>
          <Porc_Votos_Validos V="049,10"/>
          <Votos_No_Marcados V="3026"/>
          <Porc_Votos_No_Marcados V="027,32"/>
          <Votos_Nulos V="2610"/>
          <Porc_Votos_Nulos V="023,57"/>
        </lin>
        <lin>
          <Pregunta V="004"/>
          <Total_Sufragantes V="11073"/>
          <Porc_Sufragantes V="100,00"/>
          <Abstencion V="0"/>
          <Porc_Abstencion V="000,00"/>
          <Votos_Validos V="5172"/>
          <Porc_Votos_Validos V="046,70"/>
          <Votos_No_Marcados V="3339"/>
          <Porc_Votos_No_Marcados V="030,15"/>
          <Votos_Nulos V="2562"/>
          <Porc_Votos_Nulos V="023,13"/>
        </lin>
        <lin>
          <Pregunta V="005"/>
          <Total_Sufragantes V="11073"/>
          <Porc_Sufragantes V="100,00"/>
          <Abstencion V="0"/>
          <Porc_Abstencion V="000,00"/>
          <Votos_Validos V="5534"/>
          <Porc_Votos_Validos V="049,97"/>
          <Votos_No_Marcados V="2903"/>
          <Porc_Votos_No_Marcados V="026,21"/>
          <Votos_Nulos V="2636"/>
          <Porc_Votos_Nulos V="023,80"/>
        </lin>
        <lin>
          <Pregunta V="006"/>
          <Total_Sufragantes V="11073"/>
          <Porc_Sufragantes V="100,00"/>
          <Abstencion V="0"/>
          <Porc_Abstencion V="000,00"/>
          <Votos_Validos V="5681"/>
          <Porc_Votos_Validos V="051,30"/>
          <Votos_No_Marcados V="2890"/>
          <Porc_Votos_No_Marcados V="026,09"/>
          <Votos_Nulos V="2502"/>
          <Porc_Votos_Nulos V="022,59"/>
        </lin>
        <lin>
          <Pregunta V="007"/>
          <Total_Sufragantes V="11073"/>
          <Porc_Sufragantes V="100,00"/>
          <Abstencion V="0"/>
          <Porc_Abstencion V="000,00"/>
          <Votos_Validos V="5426"/>
          <Porc_Votos_Validos V="049,00"/>
          <Votos_No_Marcados V="2376"/>
          <Porc_Votos_No_Marcados V="021,45"/>
          <Votos_Nulos V="3271"/>
          <Porc_Votos_Nulos V="029,54"/>
        </lin>
      </Detalle_Pregunta>
      <Detalle_Opcion>
        <lin>
          <Opcion V="001"/>
          <Votos V="2922"/>
          <Porc V="051,88"/>
          <Pregunta V="001"/>
        </lin>
        <lin>
          <Opcion V="002"/>
          <Votos V="2710"/>
          <Porc V="048,11"/>
          <Pregunta V="001"/>
        </lin>
        <lin>
          <Opcion V="001"/>
          <Votos V="2651"/>
          <Porc V="048,98"/>
          <Pregunta V="002"/>
        </lin>
        <lin>
          <Opcion V="002"/>
          <Votos V="2761"/>
          <Porc V="051,01"/>
          <Pregunta V="002"/>
        </lin>
        <lin>
          <Opcion V="001"/>
          <Votos V="2551"/>
          <Porc V="046,91"/>
          <Pregunta V="003"/>
        </lin>
        <lin>
          <Opcion V="002"/>
          <Votos V="2886"/>
          <Porc V="053,08"/>
          <Pregunta V="003"/>
        </lin>
        <lin>
          <Opcion V="001"/>
          <Votos V="2979"/>
          <Porc V="057,59"/>
          <Pregunta V="004"/>
        </lin>
        <lin>
          <Opcion V="002"/>
          <Votos V="2193"/>
          <Porc V="042,40"/>
          <Pregunta V="004"/>
        </lin>
        <lin>
          <Opcion V="001"/>
          <Votos V="3214"/>
          <Porc V="058,07"/>
          <Pregunta V="005"/>
        </lin>
        <lin>
          <Opcion V="002"/>
          <Votos V="2320"/>
          <Porc V="041,92"/>
          <Pregunta V="005"/>
        </lin>
        <lin>
          <Opcion V="001"/>
          <Votos V="3154"/>
          <Porc V="055,51"/>
          <Pregunta V="006"/>
        </lin>
        <lin>
          <Opcion V="002"/>
          <Votos V="2527"/>
          <Porc V="044,48"/>
          <Pregunta V="006"/>
        </lin>
        <lin>
          <Opcion V="001"/>
          <Votos V="2724"/>
          <Porc V="050,20"/>
          <Pregunta V="007"/>
        </lin>
        <lin>
          <Opcion V="002"/>
          <Votos V="2702"/>
          <Porc V="049,79"/>
          <Pregunta V="007"/>
        </lin>
      </Detalle_Opcion>
    </lin>
  </Detalle_Circunscripcion>
</Boletin>
</Boletin_Consolidado>