<Boletin_Consolidado><Boletin>
  <Numero V="0008"/>
  <Boletin_Departamental V="0012"/>
  <Tipo_Boletin V="DEPARTAMENTAL"/>
  <Desc_Corporacion V="CONSULTA POPULAR"/>
  <Departamento V="05"/>
  <Desc_Departamento V="BOLIVAR"/>
  <Municipio V="037"/>
  <Desc_Municipio V="MARGARITA"/>
  <Dia V="21"/>
  <Mes V="8"/>
  <Anio V="2018"/>
  <Hora V="14"/>
  <Minuto V="15"/>
  <Mesas_Instaladas V="32"/>
  <Mesas_Informadas V="32"/>
  <Porc_Mesas_Informadas V="100,00"/>
  <Potencial_Sufragantes V="9617"/>
  <Detalle_Circunscripcion>
    <lin>
      <Circunscripcion V="0"/>
      <Desc_Circunscripcion V="NACIONAL"/>
      <Detalle_Pregunta>
        <lin>
          <Pregunta V="001"/>
          <Total_Sufragantes V="9617"/>
          <Porc_Sufragantes V="100,00"/>
          <Abstencion V="0"/>
          <Porc_Abstencion V="000,00"/>
          <Votos_Validos V="4634"/>
          <Porc_Votos_Validos V="048,18"/>
          <Votos_No_Marcados V="2536"/>
          <Porc_Votos_No_Marcados V="026,36"/>
          <Votos_Nulos V="2447"/>
          <Porc_Votos_Nulos V="025,44"/>
        </lin>
        <lin>
          <Pregunta V="002"/>
          <Total_Sufragantes V="9617"/>
          <Porc_Sufragantes V="100,00"/>
          <Abstencion V="0"/>
          <Porc_Abstencion V="000,00"/>
          <Votos_Validos V="4075"/>
          <Porc_Votos_Validos V="042,37"/>
          <Votos_No_Marcados V="2474"/>
          <Porc_Votos_No_Marcados V="025,72"/>
          <Votos_Nulos V="3068"/>
          <Porc_Votos_Nulos V="031,90"/>
        </lin>
        <lin>
          <Pregunta V="003"/>
          <Total_Sufragantes V="9617"/>
          <Porc_Sufragantes V="100,00"/>
          <Abstencion V="0"/>
          <Porc_Abstencion V="000,00"/>
          <Votos_Validos V="4831"/>
          <Porc_Votos_Validos V="050,23"/>
          <Votos_No_Marcados V="1935"/>
          <Porc_Votos_No_Marcados V="020,12"/>
          <Votos_Nulos V="2851"/>
          <Porc_Votos_Nulos V="029,64"/>
        </lin>
        <lin>
          <Pregunta V="004"/>
          <Total_Sufragantes V="9617"/>
          <Porc_Sufragantes V="100,00"/>
          <Abstencion V="0"/>
          <Porc_Abstencion V="000,00"/>
          <Votos_Validos V="4401"/>
          <Porc_Votos_Validos V="045,76"/>
          <Votos_No_Marcados V="2449"/>
          <Porc_Votos_No_Marcados V="025,46"/>
          <Votos_Nulos V="2767"/>
          <Porc_Votos_Nulos V="028,77"/>
        </lin>
        <lin>
          <Pregunta V="005"/>
          <Total_Sufragantes V="9617"/>
          <Porc_Sufragantes V="100,00"/>
          <Abstencion V="0"/>
          <Porc_Abstencion V="000,00"/>
          <Votos_Validos V="5434"/>
          <Porc_Votos_Validos V="056,50"/>
          <Votos_No_Marcados V="2194"/>
          <Porc_Votos_No_Marcados V="022,81"/>
          <Votos_Nulos V="1989"/>
          <Porc_Votos_Nulos V="020,68"/>
        </lin>
        <lin>
          <Pregunta V="006"/>
          <Total_Sufragantes V="9617"/>
          <Porc_Sufragantes V="100,00"/>
          <Abstencion V="0"/>
          <Porc_Abstencion V="000,00"/>
          <Votos_Validos V="4948"/>
          <Porc_Votos_Validos V="051,45"/>
          <Votos_No_Marcados V="2041"/>
          <Porc_Votos_No_Marcados V="021,22"/>
          <Votos_Nulos V="2628"/>
          <Porc_Votos_Nulos V="027,32"/>
        </lin>
        <lin>
          <Pregunta V="007"/>
          <Total_Sufragantes V="9617"/>
          <Porc_Sufragantes V="100,00"/>
          <Abstencion V="0"/>
          <Porc_Abstencion V="000,00"/>
          <Votos_Validos V="4810"/>
          <Porc_Votos_Validos V="050,01"/>
          <Votos_No_Marcados V="2615"/>
          <Porc_Votos_No_Marcados V="027,19"/>
          <Votos_Nulos V="2192"/>
          <Porc_Votos_Nulos V="022,79"/>
        </lin>
      </Detalle_Pregunta>
      <Detalle_Opcion>
        <lin>
          <Opcion V="001"/>
          <Votos V="2362"/>
          <Porc V="050,97"/>
          <Pregunta V="001"/>
        </lin>
        <lin>
          <Opcion V="002"/>
          <Votos V="2272"/>
          <Porc V="049,02"/>
          <Pregunta V="001"/>
        </lin>
        <lin>
          <Opcion V="001"/>
          <Votos V="1917"/>
          <Porc V="047,04"/>
          <Pregunta V="002"/>
        </lin>
        <lin>
          <Opcion V="002"/>
          <Votos V="2158"/>
          <Porc V="052,95"/>
          <Pregunta V="002"/>
        </lin>
        <lin>
          <Opcion V="001"/>
          <Votos V="2800"/>
          <Porc V="057,95"/>
          <Pregunta V="003"/>
        </lin>
        <lin>
          <Opcion V="002"/>
          <Votos V="2031"/>
          <Porc V="042,04"/>
          <Pregunta V="003"/>
        </lin>
        <lin>
          <Opcion V="001"/>
          <Votos V="1928"/>
          <Porc V="043,80"/>
          <Pregunta V="004"/>
        </lin>
        <lin>
          <Opcion V="002"/>
          <Votos V="2473"/>
          <Porc V="056,19"/>
          <Pregunta V="004"/>
        </lin>
        <lin>
          <Opcion V="001"/>
          <Votos V="2386"/>
          <Porc V="043,90"/>
          <Pregunta V="005"/>
        </lin>
        <lin>
          <Opcion V="002"/>
          <Votos V="3048"/>
          <Porc V="056,09"/>
          <Pregunta V="005"/>
        </lin>
        <lin>
          <Opcion V="001"/>
          <Votos V="2192"/>
          <Porc V="044,30"/>
          <Pregunta V="006"/>
        </lin>
        <lin>
          <Opcion V="002"/>
          <Votos V="2756"/>
          <Porc V="055,69"/>
          <Pregunta V="006"/>
        </lin>
        <lin>
          <Opcion V="001"/>
          <Votos V="2109"/>
          <Porc V="043,84"/>
          <Pregunta V="007"/>
        </lin>
        <lin>
          <Opcion V="002"/>
          <Votos V="2701"/>
          <Porc V="056,15"/>
          <Pregunta V="007"/>
        </lin>
      </Detalle_Opcion>
    </lin>
  </Detalle_Circunscripcion>
</Boletin>
</Boletin_Consolidado>