<Boletin_Consolidado><Boletin>
  <Numero V="0008"/>
  <Boletin_Departamental V="0012"/>
  <Tipo_Boletin V="DEPARTAMENTAL"/>
  <Desc_Corporacion V="CONSULTA POPULAR"/>
  <Departamento V="12"/>
  <Desc_Departamento V="CESAR"/>
  <Municipio V="900"/>
  <Desc_Municipio V="TAMALAMEQUE"/>
  <Dia V="21"/>
  <Mes V="8"/>
  <Anio V="2018"/>
  <Hora V="14"/>
  <Minuto V="15"/>
  <Mesas_Instaladas V="32"/>
  <Mesas_Informadas V="32"/>
  <Porc_Mesas_Informadas V="100,00"/>
  <Potencial_Sufragantes V="10287"/>
  <Detalle_Circunscripcion>
    <lin>
      <Circunscripcion V="0"/>
      <Desc_Circunscripcion V="NACIONAL"/>
      <Detalle_Pregunta>
        <lin>
          <Pregunta V="001"/>
          <Total_Sufragantes V="10287"/>
          <Porc_Sufragantes V="100,00"/>
          <Abstencion V="0"/>
          <Porc_Abstencion V="000,00"/>
          <Votos_Validos V="5251"/>
          <Porc_Votos_Validos V="051,04"/>
          <Votos_No_Marcados V="2545"/>
          <Porc_Votos_No_Marcados V="024,73"/>
          <Votos_Nulos V="2491"/>
          <Porc_Votos_Nulos V="024,21"/>
        </lin>
        <lin>
          <Pregunta V="002"/>
          <Total_Sufragantes V="10287"/>
          <Porc_Sufragantes V="100,00"/>
          <Abstencion V="0"/>
          <Porc_Abstencion V="000,00"/>
          <Votos_Validos V="5442"/>
          <Porc_Votos_Validos V="052,90"/>
          <Votos_No_Marcados V="2722"/>
          <Porc_Votos_No_Marcados V="026,46"/>
          <Votos_Nulos V="2123"/>
          <Porc_Votos_Nulos V="020,63"/>
        </lin>
        <lin>
          <Pregunta V="003"/>
          <Total_Sufragantes V="10287"/>
          <Porc_Sufragantes V="100,00"/>
          <Abstencion V="0"/>
          <Porc_Abstencion V="000,00"/>
          <Votos_Validos V="5075"/>
          <Porc_Votos_Validos V="049,33"/>
          <Votos_No_Marcados V="2665"/>
          <Porc_Votos_No_Marcados V="025,90"/>
          <Votos_Nulos V="2547"/>
          <Porc_Votos_Nulos V="024,75"/>
        </lin>
        <lin>
          <Pregunta V="004"/>
          <Total_Sufragantes V="10287"/>
          <Porc_Sufragantes V="100,00"/>
          <Abstencion V="0"/>
          <Porc_Abstencion V="000,00"/>
          <Votos_Validos V="4940"/>
          <Porc_Votos_Validos V="048,02"/>
          <Votos_No_Marcados V="2451"/>
          <Porc_Votos_No_Marcados V="023,82"/>
          <Votos_Nulos V="2896"/>
          <Porc_Votos_Nulos V="028,15"/>
        </lin>
        <lin>
          <Pregunta V="005"/>
          <Total_Sufragantes V="10287"/>
          <Porc_Sufragantes V="100,00"/>
          <Abstencion V="0"/>
          <Porc_Abstencion V="000,00"/>
          <Votos_Validos V="5368"/>
          <Porc_Votos_Validos V="052,18"/>
          <Votos_No_Marcados V="2011"/>
          <Porc_Votos_No_Marcados V="019,54"/>
          <Votos_Nulos V="2908"/>
          <Porc_Votos_Nulos V="028,26"/>
        </lin>
        <lin>
          <Pregunta V="006"/>
          <Total_Sufragantes V="10287"/>
          <Porc_Sufragantes V="100,00"/>
          <Abstencion V="0"/>
          <Porc_Abstencion V="000,00"/>
          <Votos_Validos V="4732"/>
          <Porc_Votos_Validos V="045,99"/>
          <Votos_No_Marcados V="2884"/>
          <Porc_Votos_No_Marcados V="028,03"/>
          <Votos_Nulos V="2671"/>
          <Porc_Votos_Nulos V="025,96"/>
        </lin>
        <lin>
          <Pregunta V="007"/>
          <Total_Sufragantes V="10287"/>
          <Porc_Sufragantes V="100,00"/>
          <Abstencion V="0"/>
          <Porc_Abstencion V="000,00"/>
          <Votos_Validos V="4852"/>
          <Porc_Votos_Validos V="047,16"/>
          <Votos_No_Marcados V="2284"/>
          <Porc_Votos_No_Marcados V="022,20"/>
          <Votos_Nulos V="3151"/>
          <Porc_Votos_Nulos V="030,63"/>
        </lin>
      </Detalle_Pregunta>
      <Detalle_Opcion>
        <lin>
          <Opcion V="001"/>
          <Votos V="2901"/>
          <Porc V="055,24"/>
          <Pregunta V="001"/>
        </lin>
        <lin>
          <Opcion V="002"/>
          <Votos V="2350"/>
          <Porc V="044,75"/>
          <Pregunta V="001"/>
        </lin>
        <lin>
          <Opcion V="001"/>
          <Votos V="2786"/>
          <Porc V="051,19"/>
          <Pregunta V="002"/>
        </lin>
        <lin>
          <Opcion V="002"/>
          <Votos V="2656"/>
          <Porc V="048,80"/>
          <Pregunta V="002"/>
        </lin>
        <lin>
          <Opcion V="001"/>
          <Votos V="2646"/>
          <Porc V="052,13"/>
          <Pregunta V="003"/>
        </lin>
        <lin>
          <Opcion V="002"/>
          <Votos V="2429"/>
          <Porc V="047,86"/>
          <Pregunta V="003"/>
        </lin>
        <lin>
          <Opcion V="001"/>
          <Votos V="2453"/>
          <Porc V="049,65"/>
          <Pregunta V="004"/>
        </lin>
        <lin>
          <Opcion V="002"/>
          <Votos V="2487"/>
          <Porc V="050,34"/>
          <Pregunta V="004"/>
        </lin>
        <lin>
          <Opcion V="001"/>
          <Votos V="2402"/>
          <Porc V="044,74"/>
          <Pregunta V="005"/>
        </lin>
        <lin>
          <Opcion V="002"/>
          <Votos V="2966"/>
          <Porc V="055,25"/>
          <Pregunta V="005"/>
        </lin>
        <lin>
          <Opcion V="001"/>
          <Votos V="2650"/>
          <Porc V="056,00"/>
          <Pregunta V="006"/>
        </lin>
        <lin>
          <Opcion V="002"/>
          <Votos V="2082"/>
          <Porc V="043,99"/>
          <Pregunta V="006"/>
        </lin>
        <lin>
          <Opcion V="001"/>
          <Votos V="2034"/>
          <Porc V="041,92"/>
          <Pregunta V="007"/>
        </lin>
        <lin>
          <Opcion V="002"/>
          <Votos V="2818"/>
          <Porc V="058,07"/>
          <Pregunta V="007"/>
        </lin>
      </Detalle_Opcion>
    </lin>
  </Detalle_Circunscripcion>
</Boletin>
</Boletin_Consolidado>