<Boletin_Consolidado><Boletin>
  <Numero V="0008"/>
  <Boletin_Departamental V="0012"/>
  <Tipo_Boletin V="DEPARTAMENTAL"/>
  <Desc_Corporacion V="CONSULTA POPULAR"/>
  <Departamento V="12"/>
  <Desc_Departamento V="CESAR"/>
  <Municipio V="800"/>
  <Desc_Municipio V="SAN ALBERTO"/>
  <Dia V="21"/>
  <Mes V="8"/>
  <Anio V="2018"/>
  <Hora V="14"/>
  <Minuto V="15"/>
  <Mesas_Instaladas V="52"/>
  <Mesas_Informadas V="52"/>
  <Porc_Mesas_Informadas V="100,00"/>
  <Potencial_Sufragantes V="18549"/>
  <Detalle_Circunscripcion>
    <lin>
      <Circunscripcion V="0"/>
      <Desc_Circunscripcion V="NACIONAL"/>
      <Detalle_Pregunta>
        <lin>
          <Pregunta V="001"/>
          <Total_Sufragantes V="18549"/>
          <Porc_Sufragantes V="100,00"/>
          <Abstencion V="0"/>
          <Porc_Abstencion V="000,00"/>
          <Votos_Validos V="9797"/>
          <Porc_Votos_Validos V="052,81"/>
          <Votos_No_Marcados V="3903"/>
          <Porc_Votos_No_Marcados V="021,04"/>
          <Votos_Nulos V="4849"/>
          <Porc_Votos_Nulos V="026,14"/>
        </lin>
        <lin>
          <Pregunta V="002"/>
          <Total_Sufragantes V="18549"/>
          <Porc_Sufragantes V="100,00"/>
          <Abstencion V="0"/>
          <Porc_Abstencion V="000,00"/>
          <Votos_Validos V="9162"/>
          <Porc_Votos_Validos V="049,39"/>
          <Votos_No_Marcados V="4743"/>
          <Porc_Votos_No_Marcados V="025,57"/>
          <Votos_Nulos V="4644"/>
          <Porc_Votos_Nulos V="025,03"/>
        </lin>
        <lin>
          <Pregunta V="003"/>
          <Total_Sufragantes V="18549"/>
          <Porc_Sufragantes V="100,00"/>
          <Abstencion V="0"/>
          <Porc_Abstencion V="000,00"/>
          <Votos_Validos V="9350"/>
          <Porc_Votos_Validos V="050,40"/>
          <Votos_No_Marcados V="4117"/>
          <Porc_Votos_No_Marcados V="022,19"/>
          <Votos_Nulos V="5082"/>
          <Porc_Votos_Nulos V="027,39"/>
        </lin>
        <lin>
          <Pregunta V="004"/>
          <Total_Sufragantes V="18549"/>
          <Porc_Sufragantes V="100,00"/>
          <Abstencion V="0"/>
          <Porc_Abstencion V="000,00"/>
          <Votos_Validos V="9014"/>
          <Porc_Votos_Validos V="048,59"/>
          <Votos_No_Marcados V="4259"/>
          <Porc_Votos_No_Marcados V="022,96"/>
          <Votos_Nulos V="5276"/>
          <Porc_Votos_Nulos V="028,44"/>
        </lin>
        <lin>
          <Pregunta V="005"/>
          <Total_Sufragantes V="18549"/>
          <Porc_Sufragantes V="100,00"/>
          <Abstencion V="0"/>
          <Porc_Abstencion V="000,00"/>
          <Votos_Validos V="9508"/>
          <Porc_Votos_Validos V="051,25"/>
          <Votos_No_Marcados V="4870"/>
          <Porc_Votos_No_Marcados V="026,25"/>
          <Votos_Nulos V="4171"/>
          <Porc_Votos_Nulos V="022,48"/>
        </lin>
        <lin>
          <Pregunta V="006"/>
          <Total_Sufragantes V="18549"/>
          <Porc_Sufragantes V="100,00"/>
          <Abstencion V="0"/>
          <Porc_Abstencion V="000,00"/>
          <Votos_Validos V="9149"/>
          <Porc_Votos_Validos V="049,32"/>
          <Votos_No_Marcados V="4774"/>
          <Porc_Votos_No_Marcados V="025,73"/>
          <Votos_Nulos V="4626"/>
          <Porc_Votos_Nulos V="024,93"/>
        </lin>
        <lin>
          <Pregunta V="007"/>
          <Total_Sufragantes V="18549"/>
          <Porc_Sufragantes V="100,00"/>
          <Abstencion V="0"/>
          <Porc_Abstencion V="000,00"/>
          <Votos_Validos V="9542"/>
          <Porc_Votos_Validos V="051,44"/>
          <Votos_No_Marcados V="3889"/>
          <Porc_Votos_No_Marcados V="020,96"/>
          <Votos_Nulos V="5118"/>
          <Porc_Votos_Nulos V="027,59"/>
        </lin>
      </Detalle_Pregunta>
      <Detalle_Opcion>
        <lin>
          <Opcion V="001"/>
          <Votos V="4660"/>
          <Porc V="047,56"/>
          <Pregunta V="001"/>
        </lin>
        <lin>
          <Opcion V="002"/>
          <Votos V="5137"/>
          <Porc V="052,43"/>
          <Pregunta V="001"/>
        </lin>
        <lin>
          <Opcion V="001"/>
          <Votos V="4616"/>
          <Porc V="050,38"/>
          <Pregunta V="002"/>
        </lin>
        <lin>
          <Opcion V="002"/>
          <Votos V="4546"/>
          <Porc V="049,61"/>
          <Pregunta V="002"/>
        </lin>
        <lin>
          <Opcion V="001"/>
          <Votos V="4773"/>
          <Porc V="051,04"/>
          <Pregunta V="003"/>
        </lin>
        <lin>
          <Opcion V="002"/>
          <Votos V="4577"/>
          <Porc V="048,95"/>
          <Pregunta V="003"/>
        </lin>
        <lin>
          <Opcion V="001"/>
          <Votos V="4743"/>
          <Porc V="052,61"/>
          <Pregunta V="004"/>
        </lin>
        <lin>
          <Opcion V="002"/>
          <Votos V="4271"/>
          <Porc V="047,38"/>
          <Pregunta V="004"/>
        </lin>
        <lin>
          <Opcion V="001"/>
          <Votos V="4975"/>
          <Porc V="052,32"/>
          <Pregunta V="005"/>
        </lin>
        <lin>
          <Opcion V="002"/>
          <Votos V="4533"/>
          <Porc V="047,67"/>
          <Pregunta V="005"/>
        </lin>
        <lin>
          <Opcion V="001"/>
          <Votos V="4712"/>
          <Porc V="051,50"/>
          <Pregunta V="006"/>
        </lin>
        <lin>
          <Opcion V="002"/>
          <Votos V="4437"/>
          <Porc V="048,49"/>
          <Pregunta V="006"/>
        </lin>
        <lin>
          <Opcion V="001"/>
          <Votos V="4768"/>
          <Porc V="049,96"/>
          <Pregunta V="007"/>
        </lin>
        <lin>
          <Opcion V="002"/>
          <Votos V="4774"/>
          <Porc V="050,03"/>
          <Pregunta V="007"/>
        </lin>
      </Detalle_Opcion>
    </lin>
  </Detalle_Circunscripcion>
</Boletin>
</Boletin_Consolidado>