<Boletin_Consolidado><Boletin>
  <Numero V="0008"/>
  <Boletin_Departamental V="0012"/>
  <Tipo_Boletin V="DEPARTAMENTAL"/>
  <Desc_Corporacion V="CONSULTA POPULAR"/>
  <Departamento V="01"/>
  <Desc_Departamento V="ANTIOQUIA"/>
  <Municipio V="274"/>
  <Desc_Municipio V="TITIRIBI"/>
  <Dia V="21"/>
  <Mes V="8"/>
  <Anio V="2018"/>
  <Hora V="14"/>
  <Minuto V="15"/>
  <Mesas_Instaladas V="26"/>
  <Mesas_Informadas V="26"/>
  <Porc_Mesas_Informadas V="100,00"/>
  <Potencial_Sufragantes V="8702"/>
  <Detalle_Circunscripcion>
    <lin>
      <Circunscripcion V="0"/>
      <Desc_Circunscripcion V="NACIONAL"/>
      <Detalle_Pregunta>
        <lin>
          <Pregunta V="001"/>
          <Total_Sufragantes V="8702"/>
          <Porc_Sufragantes V="100,00"/>
          <Abstencion V="0"/>
          <Porc_Abstencion V="000,00"/>
          <Votos_Validos V="3797"/>
          <Porc_Votos_Validos V="043,63"/>
          <Votos_No_Marcados V="2427"/>
          <Porc_Votos_No_Marcados V="027,89"/>
          <Votos_Nulos V="2478"/>
          <Porc_Votos_Nulos V="028,47"/>
        </lin>
        <lin>
          <Pregunta V="002"/>
          <Total_Sufragantes V="8702"/>
          <Porc_Sufragantes V="100,00"/>
          <Abstencion V="0"/>
          <Porc_Abstencion V="000,00"/>
          <Votos_Validos V="4569"/>
          <Porc_Votos_Validos V="052,50"/>
          <Votos_No_Marcados V="2016"/>
          <Porc_Votos_No_Marcados V="023,16"/>
          <Votos_Nulos V="2117"/>
          <Porc_Votos_Nulos V="024,32"/>
        </lin>
        <lin>
          <Pregunta V="003"/>
          <Total_Sufragantes V="8702"/>
          <Porc_Sufragantes V="100,00"/>
          <Abstencion V="0"/>
          <Porc_Abstencion V="000,00"/>
          <Votos_Validos V="4560"/>
          <Porc_Votos_Validos V="052,40"/>
          <Votos_No_Marcados V="1668"/>
          <Porc_Votos_No_Marcados V="019,16"/>
          <Votos_Nulos V="2474"/>
          <Porc_Votos_Nulos V="028,43"/>
        </lin>
        <lin>
          <Pregunta V="004"/>
          <Total_Sufragantes V="8702"/>
          <Porc_Sufragantes V="100,00"/>
          <Abstencion V="0"/>
          <Porc_Abstencion V="000,00"/>
          <Votos_Validos V="4106"/>
          <Porc_Votos_Validos V="047,18"/>
          <Votos_No_Marcados V="2339"/>
          <Porc_Votos_No_Marcados V="026,87"/>
          <Votos_Nulos V="2257"/>
          <Porc_Votos_Nulos V="025,93"/>
        </lin>
        <lin>
          <Pregunta V="005"/>
          <Total_Sufragantes V="8702"/>
          <Porc_Sufragantes V="100,00"/>
          <Abstencion V="0"/>
          <Porc_Abstencion V="000,00"/>
          <Votos_Validos V="4651"/>
          <Porc_Votos_Validos V="053,44"/>
          <Votos_No_Marcados V="2073"/>
          <Porc_Votos_No_Marcados V="023,82"/>
          <Votos_Nulos V="1978"/>
          <Porc_Votos_Nulos V="022,73"/>
        </lin>
        <lin>
          <Pregunta V="006"/>
          <Total_Sufragantes V="8702"/>
          <Porc_Sufragantes V="100,00"/>
          <Abstencion V="0"/>
          <Porc_Abstencion V="000,00"/>
          <Votos_Validos V="3689"/>
          <Porc_Votos_Validos V="042,39"/>
          <Votos_No_Marcados V="2396"/>
          <Porc_Votos_No_Marcados V="027,53"/>
          <Votos_Nulos V="2617"/>
          <Porc_Votos_Nulos V="030,07"/>
        </lin>
        <lin>
          <Pregunta V="007"/>
          <Total_Sufragantes V="8702"/>
          <Porc_Sufragantes V="100,00"/>
          <Abstencion V="0"/>
          <Porc_Abstencion V="000,00"/>
          <Votos_Validos V="3872"/>
          <Porc_Votos_Validos V="044,49"/>
          <Votos_No_Marcados V="2584"/>
          <Porc_Votos_No_Marcados V="029,69"/>
          <Votos_Nulos V="2246"/>
          <Porc_Votos_Nulos V="025,81"/>
        </lin>
      </Detalle_Pregunta>
      <Detalle_Opcion>
        <lin>
          <Opcion V="001"/>
          <Votos V="1865"/>
          <Porc V="049,11"/>
          <Pregunta V="001"/>
        </lin>
        <lin>
          <Opcion V="002"/>
          <Votos V="1932"/>
          <Porc V="050,88"/>
          <Pregunta V="001"/>
        </lin>
        <lin>
          <Opcion V="001"/>
          <Votos V="2240"/>
          <Porc V="049,02"/>
          <Pregunta V="002"/>
        </lin>
        <lin>
          <Opcion V="002"/>
          <Votos V="2329"/>
          <Porc V="050,97"/>
          <Pregunta V="002"/>
        </lin>
        <lin>
          <Opcion V="001"/>
          <Votos V="1915"/>
          <Porc V="041,99"/>
          <Pregunta V="003"/>
        </lin>
        <lin>
          <Opcion V="002"/>
          <Votos V="2645"/>
          <Porc V="058,00"/>
          <Pregunta V="003"/>
        </lin>
        <lin>
          <Opcion V="001"/>
          <Votos V="1991"/>
          <Porc V="048,49"/>
          <Pregunta V="004"/>
        </lin>
        <lin>
          <Opcion V="002"/>
          <Votos V="2115"/>
          <Porc V="051,50"/>
          <Pregunta V="004"/>
        </lin>
        <lin>
          <Opcion V="001"/>
          <Votos V="2536"/>
          <Porc V="054,52"/>
          <Pregunta V="005"/>
        </lin>
        <lin>
          <Opcion V="002"/>
          <Votos V="2115"/>
          <Porc V="045,47"/>
          <Pregunta V="005"/>
        </lin>
        <lin>
          <Opcion V="001"/>
          <Votos V="1957"/>
          <Porc V="053,04"/>
          <Pregunta V="006"/>
        </lin>
        <lin>
          <Opcion V="002"/>
          <Votos V="1732"/>
          <Porc V="046,95"/>
          <Pregunta V="006"/>
        </lin>
        <lin>
          <Opcion V="001"/>
          <Votos V="1773"/>
          <Porc V="045,79"/>
          <Pregunta V="007"/>
        </lin>
        <lin>
          <Opcion V="002"/>
          <Votos V="2099"/>
          <Porc V="054,20"/>
          <Pregunta V="007"/>
        </lin>
      </Detalle_Opcion>
    </lin>
  </Detalle_Circunscripcion>
</Boletin>
</Boletin_Consolidado>