<Boletin_Consolidado><Boletin>
  <Numero V="0008"/>
  <Boletin_Departamental V="0012"/>
  <Tipo_Boletin V="DEPARTAMENTAL"/>
  <Desc_Corporacion V="CONSULTA POPULAR"/>
  <Departamento V="07"/>
  <Desc_Departamento V="BOYACA"/>
  <Municipio V="073"/>
  <Desc_Municipio V="CHITA"/>
  <Dia V="21"/>
  <Mes V="8"/>
  <Anio V="2018"/>
  <Hora V="14"/>
  <Minuto V="15"/>
  <Mesas_Instaladas V="21"/>
  <Mesas_Informadas V="21"/>
  <Porc_Mesas_Informadas V="100,00"/>
  <Potencial_Sufragantes V="6110"/>
  <Detalle_Circunscripcion>
    <lin>
      <Circunscripcion V="0"/>
      <Desc_Circunscripcion V="NACIONAL"/>
      <Detalle_Pregunta>
        <lin>
          <Pregunta V="001"/>
          <Total_Sufragantes V="6110"/>
          <Porc_Sufragantes V="100,00"/>
          <Abstencion V="0"/>
          <Porc_Abstencion V="000,00"/>
          <Votos_Validos V="2866"/>
          <Porc_Votos_Validos V="046,90"/>
          <Votos_No_Marcados V="1601"/>
          <Porc_Votos_No_Marcados V="026,20"/>
          <Votos_Nulos V="1643"/>
          <Porc_Votos_Nulos V="026,89"/>
        </lin>
        <lin>
          <Pregunta V="002"/>
          <Total_Sufragantes V="6110"/>
          <Porc_Sufragantes V="100,00"/>
          <Abstencion V="0"/>
          <Porc_Abstencion V="000,00"/>
          <Votos_Validos V="3189"/>
          <Porc_Votos_Validos V="052,19"/>
          <Votos_No_Marcados V="1477"/>
          <Porc_Votos_No_Marcados V="024,17"/>
          <Votos_Nulos V="1444"/>
          <Porc_Votos_Nulos V="023,63"/>
        </lin>
        <lin>
          <Pregunta V="003"/>
          <Total_Sufragantes V="6110"/>
          <Porc_Sufragantes V="100,00"/>
          <Abstencion V="0"/>
          <Porc_Abstencion V="000,00"/>
          <Votos_Validos V="2674"/>
          <Porc_Votos_Validos V="043,76"/>
          <Votos_No_Marcados V="1740"/>
          <Porc_Votos_No_Marcados V="028,47"/>
          <Votos_Nulos V="1696"/>
          <Porc_Votos_Nulos V="027,75"/>
        </lin>
        <lin>
          <Pregunta V="004"/>
          <Total_Sufragantes V="6110"/>
          <Porc_Sufragantes V="100,00"/>
          <Abstencion V="0"/>
          <Porc_Abstencion V="000,00"/>
          <Votos_Validos V="2935"/>
          <Porc_Votos_Validos V="048,03"/>
          <Votos_No_Marcados V="1481"/>
          <Porc_Votos_No_Marcados V="024,23"/>
          <Votos_Nulos V="1694"/>
          <Porc_Votos_Nulos V="027,72"/>
        </lin>
        <lin>
          <Pregunta V="005"/>
          <Total_Sufragantes V="6110"/>
          <Porc_Sufragantes V="100,00"/>
          <Abstencion V="0"/>
          <Porc_Abstencion V="000,00"/>
          <Votos_Validos V="2898"/>
          <Porc_Votos_Validos V="047,43"/>
          <Votos_No_Marcados V="1658"/>
          <Porc_Votos_No_Marcados V="027,13"/>
          <Votos_Nulos V="1554"/>
          <Porc_Votos_Nulos V="025,43"/>
        </lin>
        <lin>
          <Pregunta V="006"/>
          <Total_Sufragantes V="6110"/>
          <Porc_Sufragantes V="100,00"/>
          <Abstencion V="0"/>
          <Porc_Abstencion V="000,00"/>
          <Votos_Validos V="2790"/>
          <Porc_Votos_Validos V="045,66"/>
          <Votos_No_Marcados V="1862"/>
          <Porc_Votos_No_Marcados V="030,47"/>
          <Votos_Nulos V="1458"/>
          <Porc_Votos_Nulos V="023,86"/>
        </lin>
        <lin>
          <Pregunta V="007"/>
          <Total_Sufragantes V="6110"/>
          <Porc_Sufragantes V="100,00"/>
          <Abstencion V="0"/>
          <Porc_Abstencion V="000,00"/>
          <Votos_Validos V="3043"/>
          <Porc_Votos_Validos V="049,80"/>
          <Votos_No_Marcados V="1220"/>
          <Porc_Votos_No_Marcados V="019,96"/>
          <Votos_Nulos V="1847"/>
          <Porc_Votos_Nulos V="030,22"/>
        </lin>
      </Detalle_Pregunta>
      <Detalle_Opcion>
        <lin>
          <Opcion V="001"/>
          <Votos V="1556"/>
          <Porc V="054,29"/>
          <Pregunta V="001"/>
        </lin>
        <lin>
          <Opcion V="002"/>
          <Votos V="1310"/>
          <Porc V="045,70"/>
          <Pregunta V="001"/>
        </lin>
        <lin>
          <Opcion V="001"/>
          <Votos V="1727"/>
          <Porc V="054,15"/>
          <Pregunta V="002"/>
        </lin>
        <lin>
          <Opcion V="002"/>
          <Votos V="1462"/>
          <Porc V="045,84"/>
          <Pregunta V="002"/>
        </lin>
        <lin>
          <Opcion V="001"/>
          <Votos V="1067"/>
          <Porc V="039,90"/>
          <Pregunta V="003"/>
        </lin>
        <lin>
          <Opcion V="002"/>
          <Votos V="1607"/>
          <Porc V="060,09"/>
          <Pregunta V="003"/>
        </lin>
        <lin>
          <Opcion V="001"/>
          <Votos V="1562"/>
          <Porc V="053,21"/>
          <Pregunta V="004"/>
        </lin>
        <lin>
          <Opcion V="002"/>
          <Votos V="1373"/>
          <Porc V="046,78"/>
          <Pregunta V="004"/>
        </lin>
        <lin>
          <Opcion V="001"/>
          <Votos V="1254"/>
          <Porc V="043,27"/>
          <Pregunta V="005"/>
        </lin>
        <lin>
          <Opcion V="002"/>
          <Votos V="1644"/>
          <Porc V="056,72"/>
          <Pregunta V="005"/>
        </lin>
        <lin>
          <Opcion V="001"/>
          <Votos V="1574"/>
          <Porc V="056,41"/>
          <Pregunta V="006"/>
        </lin>
        <lin>
          <Opcion V="002"/>
          <Votos V="1216"/>
          <Porc V="043,58"/>
          <Pregunta V="006"/>
        </lin>
        <lin>
          <Opcion V="001"/>
          <Votos V="1404"/>
          <Porc V="046,13"/>
          <Pregunta V="007"/>
        </lin>
        <lin>
          <Opcion V="002"/>
          <Votos V="1639"/>
          <Porc V="053,86"/>
          <Pregunta V="007"/>
        </lin>
      </Detalle_Opcion>
    </lin>
  </Detalle_Circunscripcion>
</Boletin>
</Boletin_Consolidado>