<Boletin_Consolidado><Boletin>
  <Numero V="0008"/>
  <Boletin_Departamental V="0009"/>
  <Tipo_Boletin V="DEPARTAMENTAL"/>
  <Desc_Corporacion V="CONSULTA POPULAR"/>
  <Departamento V="07"/>
  <Desc_Departamento V="BOYACA"/>
  <Municipio V="223"/>
  <Desc_Municipio V="RONDON"/>
  <Dia V="21"/>
  <Mes V="8"/>
  <Anio V="2018"/>
  <Hora V="14"/>
  <Minuto V="15"/>
  <Mesas_Instaladas V="7"/>
  <Mesas_Informadas V="7"/>
  <Porc_Mesas_Informadas V="100,00"/>
  <Potencial_Sufragantes V="2272"/>
  <Detalle_Circunscripcion>
    <lin>
      <Circunscripcion V="0"/>
      <Desc_Circunscripcion V="NACIONAL"/>
      <Detalle_Pregunta>
        <lin>
          <Pregunta V="001"/>
          <Total_Sufragantes V="2272"/>
          <Porc_Sufragantes V="100,00"/>
          <Abstencion V="0"/>
          <Porc_Abstencion V="000,00"/>
          <Votos_Validos V="743"/>
          <Porc_Votos_Validos V="032,70"/>
          <Votos_No_Marcados V="742"/>
          <Porc_Votos_No_Marcados V="032,65"/>
          <Votos_Nulos V="787"/>
          <Porc_Votos_Nulos V="034,63"/>
        </lin>
        <lin>
          <Pregunta V="002"/>
          <Total_Sufragantes V="2272"/>
          <Porc_Sufragantes V="100,00"/>
          <Abstencion V="0"/>
          <Porc_Abstencion V="000,00"/>
          <Votos_Validos V="1465"/>
          <Porc_Votos_Validos V="064,48"/>
          <Votos_No_Marcados V="449"/>
          <Porc_Votos_No_Marcados V="019,76"/>
          <Votos_Nulos V="358"/>
          <Porc_Votos_Nulos V="015,75"/>
        </lin>
        <lin>
          <Pregunta V="003"/>
          <Total_Sufragantes V="2272"/>
          <Porc_Sufragantes V="100,00"/>
          <Abstencion V="0"/>
          <Porc_Abstencion V="000,00"/>
          <Votos_Validos V="732"/>
          <Porc_Votos_Validos V="032,21"/>
          <Votos_No_Marcados V="635"/>
          <Porc_Votos_No_Marcados V="027,94"/>
          <Votos_Nulos V="905"/>
          <Porc_Votos_Nulos V="039,83"/>
        </lin>
        <lin>
          <Pregunta V="004"/>
          <Total_Sufragantes V="2272"/>
          <Porc_Sufragantes V="100,00"/>
          <Abstencion V="0"/>
          <Porc_Abstencion V="000,00"/>
          <Votos_Validos V="1357"/>
          <Porc_Votos_Validos V="059,72"/>
          <Votos_No_Marcados V="546"/>
          <Porc_Votos_No_Marcados V="024,03"/>
          <Votos_Nulos V="369"/>
          <Porc_Votos_Nulos V="016,24"/>
        </lin>
        <lin>
          <Pregunta V="005"/>
          <Total_Sufragantes V="2272"/>
          <Porc_Sufragantes V="100,00"/>
          <Abstencion V="0"/>
          <Porc_Abstencion V="000,00"/>
          <Votos_Validos V="1238"/>
          <Porc_Votos_Validos V="054,48"/>
          <Votos_No_Marcados V="760"/>
          <Porc_Votos_No_Marcados V="033,45"/>
          <Votos_Nulos V="274"/>
          <Porc_Votos_Nulos V="012,05"/>
        </lin>
        <lin>
          <Pregunta V="006"/>
          <Total_Sufragantes V="2272"/>
          <Porc_Sufragantes V="100,00"/>
          <Abstencion V="0"/>
          <Porc_Abstencion V="000,00"/>
          <Votos_Validos V="1199"/>
          <Porc_Votos_Validos V="052,77"/>
          <Votos_No_Marcados V="612"/>
          <Porc_Votos_No_Marcados V="026,93"/>
          <Votos_Nulos V="461"/>
          <Porc_Votos_Nulos V="020,29"/>
        </lin>
        <lin>
          <Pregunta V="007"/>
          <Total_Sufragantes V="2272"/>
          <Porc_Sufragantes V="100,00"/>
          <Abstencion V="0"/>
          <Porc_Abstencion V="000,00"/>
          <Votos_Validos V="1202"/>
          <Porc_Votos_Validos V="052,90"/>
          <Votos_No_Marcados V="434"/>
          <Porc_Votos_No_Marcados V="019,10"/>
          <Votos_Nulos V="636"/>
          <Porc_Votos_Nulos V="027,99"/>
        </lin>
      </Detalle_Pregunta>
      <Detalle_Opcion>
        <lin>
          <Opcion V="001"/>
          <Votos V="411"/>
          <Porc V="055,31"/>
          <Pregunta V="001"/>
        </lin>
        <lin>
          <Opcion V="002"/>
          <Votos V="332"/>
          <Porc V="044,68"/>
          <Pregunta V="001"/>
        </lin>
        <lin>
          <Opcion V="001"/>
          <Votos V="746"/>
          <Porc V="050,92"/>
          <Pregunta V="002"/>
        </lin>
        <lin>
          <Opcion V="002"/>
          <Votos V="719"/>
          <Porc V="049,07"/>
          <Pregunta V="002"/>
        </lin>
        <lin>
          <Opcion V="001"/>
          <Votos V="265"/>
          <Porc V="036,20"/>
          <Pregunta V="003"/>
        </lin>
        <lin>
          <Opcion V="002"/>
          <Votos V="467"/>
          <Porc V="063,79"/>
          <Pregunta V="003"/>
        </lin>
        <lin>
          <Opcion V="001"/>
          <Votos V="734"/>
          <Porc V="054,08"/>
          <Pregunta V="004"/>
        </lin>
        <lin>
          <Opcion V="002"/>
          <Votos V="623"/>
          <Porc V="045,91"/>
          <Pregunta V="004"/>
        </lin>
        <lin>
          <Opcion V="001"/>
          <Votos V="450"/>
          <Porc V="036,34"/>
          <Pregunta V="005"/>
        </lin>
        <lin>
          <Opcion V="002"/>
          <Votos V="788"/>
          <Porc V="063,65"/>
          <Pregunta V="005"/>
        </lin>
        <lin>
          <Opcion V="001"/>
          <Votos V="394"/>
          <Porc V="032,86"/>
          <Pregunta V="006"/>
        </lin>
        <lin>
          <Opcion V="002"/>
          <Votos V="805"/>
          <Porc V="067,13"/>
          <Pregunta V="006"/>
        </lin>
        <lin>
          <Opcion V="001"/>
          <Votos V="727"/>
          <Porc V="060,48"/>
          <Pregunta V="007"/>
        </lin>
        <lin>
          <Opcion V="002"/>
          <Votos V="475"/>
          <Porc V="039,51"/>
          <Pregunta V="007"/>
        </lin>
      </Detalle_Opcion>
    </lin>
  </Detalle_Circunscripcion>
</Boletin>
</Boletin_Consolidado>