<Boletin_Consolidado><Boletin>
  <Numero V="0008"/>
  <Boletin_Departamental V="0012"/>
  <Tipo_Boletin V="DEPARTAMENTAL"/>
  <Desc_Corporacion V="CONSULTA POPULAR"/>
  <Departamento V="07"/>
  <Desc_Departamento V="BOYACA"/>
  <Municipio V="268"/>
  <Desc_Municipio V="SOATA"/>
  <Dia V="21"/>
  <Mes V="8"/>
  <Anio V="2018"/>
  <Hora V="14"/>
  <Minuto V="15"/>
  <Mesas_Instaladas V="20"/>
  <Mesas_Informadas V="20"/>
  <Porc_Mesas_Informadas V="100,00"/>
  <Potencial_Sufragantes V="7457"/>
  <Detalle_Circunscripcion>
    <lin>
      <Circunscripcion V="0"/>
      <Desc_Circunscripcion V="NACIONAL"/>
      <Detalle_Pregunta>
        <lin>
          <Pregunta V="001"/>
          <Total_Sufragantes V="7457"/>
          <Porc_Sufragantes V="100,00"/>
          <Abstencion V="0"/>
          <Porc_Abstencion V="000,00"/>
          <Votos_Validos V="3949"/>
          <Porc_Votos_Validos V="052,95"/>
          <Votos_No_Marcados V="1433"/>
          <Porc_Votos_No_Marcados V="019,21"/>
          <Votos_Nulos V="2075"/>
          <Porc_Votos_Nulos V="027,82"/>
        </lin>
        <lin>
          <Pregunta V="002"/>
          <Total_Sufragantes V="7457"/>
          <Porc_Sufragantes V="100,00"/>
          <Abstencion V="0"/>
          <Porc_Abstencion V="000,00"/>
          <Votos_Validos V="4049"/>
          <Porc_Votos_Validos V="054,29"/>
          <Votos_No_Marcados V="1655"/>
          <Porc_Votos_No_Marcados V="022,19"/>
          <Votos_Nulos V="1753"/>
          <Porc_Votos_Nulos V="023,50"/>
        </lin>
        <lin>
          <Pregunta V="003"/>
          <Total_Sufragantes V="7457"/>
          <Porc_Sufragantes V="100,00"/>
          <Abstencion V="0"/>
          <Porc_Abstencion V="000,00"/>
          <Votos_Validos V="3042"/>
          <Porc_Votos_Validos V="040,79"/>
          <Votos_No_Marcados V="2084"/>
          <Porc_Votos_No_Marcados V="027,94"/>
          <Votos_Nulos V="2331"/>
          <Porc_Votos_Nulos V="031,25"/>
        </lin>
        <lin>
          <Pregunta V="004"/>
          <Total_Sufragantes V="7457"/>
          <Porc_Sufragantes V="100,00"/>
          <Abstencion V="0"/>
          <Porc_Abstencion V="000,00"/>
          <Votos_Validos V="3067"/>
          <Porc_Votos_Validos V="041,12"/>
          <Votos_No_Marcados V="2571"/>
          <Porc_Votos_No_Marcados V="034,47"/>
          <Votos_Nulos V="1819"/>
          <Porc_Votos_Nulos V="024,39"/>
        </lin>
        <lin>
          <Pregunta V="005"/>
          <Total_Sufragantes V="7457"/>
          <Porc_Sufragantes V="100,00"/>
          <Abstencion V="0"/>
          <Porc_Abstencion V="000,00"/>
          <Votos_Validos V="3505"/>
          <Porc_Votos_Validos V="047,00"/>
          <Votos_No_Marcados V="2113"/>
          <Porc_Votos_No_Marcados V="028,33"/>
          <Votos_Nulos V="1839"/>
          <Porc_Votos_Nulos V="024,66"/>
        </lin>
        <lin>
          <Pregunta V="006"/>
          <Total_Sufragantes V="7457"/>
          <Porc_Sufragantes V="100,00"/>
          <Abstencion V="0"/>
          <Porc_Abstencion V="000,00"/>
          <Votos_Validos V="3500"/>
          <Porc_Votos_Validos V="046,93"/>
          <Votos_No_Marcados V="1951"/>
          <Porc_Votos_No_Marcados V="026,16"/>
          <Votos_Nulos V="2006"/>
          <Porc_Votos_Nulos V="026,90"/>
        </lin>
        <lin>
          <Pregunta V="007"/>
          <Total_Sufragantes V="7457"/>
          <Porc_Sufragantes V="100,00"/>
          <Abstencion V="0"/>
          <Porc_Abstencion V="000,00"/>
          <Votos_Validos V="3869"/>
          <Porc_Votos_Validos V="051,88"/>
          <Votos_No_Marcados V="1930"/>
          <Porc_Votos_No_Marcados V="025,88"/>
          <Votos_Nulos V="1658"/>
          <Porc_Votos_Nulos V="022,23"/>
        </lin>
      </Detalle_Pregunta>
      <Detalle_Opcion>
        <lin>
          <Opcion V="001"/>
          <Votos V="2094"/>
          <Porc V="053,02"/>
          <Pregunta V="001"/>
        </lin>
        <lin>
          <Opcion V="002"/>
          <Votos V="1855"/>
          <Porc V="046,97"/>
          <Pregunta V="001"/>
        </lin>
        <lin>
          <Opcion V="001"/>
          <Votos V="2037"/>
          <Porc V="050,30"/>
          <Pregunta V="002"/>
        </lin>
        <lin>
          <Opcion V="002"/>
          <Votos V="2012"/>
          <Porc V="049,69"/>
          <Pregunta V="002"/>
        </lin>
        <lin>
          <Opcion V="001"/>
          <Votos V="1957"/>
          <Porc V="064,33"/>
          <Pregunta V="003"/>
        </lin>
        <lin>
          <Opcion V="002"/>
          <Votos V="1085"/>
          <Porc V="035,66"/>
          <Pregunta V="003"/>
        </lin>
        <lin>
          <Opcion V="001"/>
          <Votos V="1457"/>
          <Porc V="047,50"/>
          <Pregunta V="004"/>
        </lin>
        <lin>
          <Opcion V="002"/>
          <Votos V="1610"/>
          <Porc V="052,49"/>
          <Pregunta V="004"/>
        </lin>
        <lin>
          <Opcion V="001"/>
          <Votos V="1791"/>
          <Porc V="051,09"/>
          <Pregunta V="005"/>
        </lin>
        <lin>
          <Opcion V="002"/>
          <Votos V="1714"/>
          <Porc V="048,90"/>
          <Pregunta V="005"/>
        </lin>
        <lin>
          <Opcion V="001"/>
          <Votos V="1681"/>
          <Porc V="048,02"/>
          <Pregunta V="006"/>
        </lin>
        <lin>
          <Opcion V="002"/>
          <Votos V="1819"/>
          <Porc V="051,97"/>
          <Pregunta V="006"/>
        </lin>
        <lin>
          <Opcion V="001"/>
          <Votos V="1922"/>
          <Porc V="049,67"/>
          <Pregunta V="007"/>
        </lin>
        <lin>
          <Opcion V="002"/>
          <Votos V="1947"/>
          <Porc V="050,32"/>
          <Pregunta V="007"/>
        </lin>
      </Detalle_Opcion>
    </lin>
  </Detalle_Circunscripcion>
</Boletin>
</Boletin_Consolidado>