<Boletin_Consolidado><Boletin>
  <Numero V="0008"/>
  <Boletin_Departamental V="0008"/>
  <Tipo_Boletin V="DEPARTAMENTAL"/>
  <Desc_Corporacion V="CONSULTA POPULAR"/>
  <Departamento V="15"/>
  <Desc_Departamento V="CUNDINAMARCA"/>
  <Municipio V="128"/>
  <Desc_Municipio V="GUAYABETAL"/>
  <Dia V="21"/>
  <Mes V="8"/>
  <Anio V="2018"/>
  <Hora V="14"/>
  <Minuto V="15"/>
  <Mesas_Instaladas V="13"/>
  <Mesas_Informadas V="13"/>
  <Porc_Mesas_Informadas V="100,00"/>
  <Potencial_Sufragantes V="4555"/>
  <Detalle_Circunscripcion>
    <lin>
      <Circunscripcion V="0"/>
      <Desc_Circunscripcion V="NACIONAL"/>
      <Detalle_Pregunta>
        <lin>
          <Pregunta V="001"/>
          <Total_Sufragantes V="4555"/>
          <Porc_Sufragantes V="100,00"/>
          <Abstencion V="0"/>
          <Porc_Abstencion V="000,00"/>
          <Votos_Validos V="2607"/>
          <Porc_Votos_Validos V="057,23"/>
          <Votos_No_Marcados V="1000"/>
          <Porc_Votos_No_Marcados V="021,95"/>
          <Votos_Nulos V="948"/>
          <Porc_Votos_Nulos V="020,81"/>
        </lin>
        <lin>
          <Pregunta V="002"/>
          <Total_Sufragantes V="4555"/>
          <Porc_Sufragantes V="100,00"/>
          <Abstencion V="0"/>
          <Porc_Abstencion V="000,00"/>
          <Votos_Validos V="2250"/>
          <Porc_Votos_Validos V="049,39"/>
          <Votos_No_Marcados V="1530"/>
          <Porc_Votos_No_Marcados V="033,58"/>
          <Votos_Nulos V="775"/>
          <Porc_Votos_Nulos V="017,01"/>
        </lin>
        <lin>
          <Pregunta V="003"/>
          <Total_Sufragantes V="4555"/>
          <Porc_Sufragantes V="100,00"/>
          <Abstencion V="0"/>
          <Porc_Abstencion V="000,00"/>
          <Votos_Validos V="1403"/>
          <Porc_Votos_Validos V="030,80"/>
          <Votos_No_Marcados V="1867"/>
          <Porc_Votos_No_Marcados V="040,98"/>
          <Votos_Nulos V="1285"/>
          <Porc_Votos_Nulos V="028,21"/>
        </lin>
        <lin>
          <Pregunta V="004"/>
          <Total_Sufragantes V="4555"/>
          <Porc_Sufragantes V="100,00"/>
          <Abstencion V="0"/>
          <Porc_Abstencion V="000,00"/>
          <Votos_Validos V="1689"/>
          <Porc_Votos_Validos V="037,08"/>
          <Votos_No_Marcados V="1194"/>
          <Porc_Votos_No_Marcados V="026,21"/>
          <Votos_Nulos V="1672"/>
          <Porc_Votos_Nulos V="036,70"/>
        </lin>
        <lin>
          <Pregunta V="005"/>
          <Total_Sufragantes V="4555"/>
          <Porc_Sufragantes V="100,00"/>
          <Abstencion V="0"/>
          <Porc_Abstencion V="000,00"/>
          <Votos_Validos V="2282"/>
          <Porc_Votos_Validos V="050,09"/>
          <Votos_No_Marcados V="1121"/>
          <Porc_Votos_No_Marcados V="024,61"/>
          <Votos_Nulos V="1152"/>
          <Porc_Votos_Nulos V="025,29"/>
        </lin>
        <lin>
          <Pregunta V="006"/>
          <Total_Sufragantes V="4555"/>
          <Porc_Sufragantes V="100,00"/>
          <Abstencion V="0"/>
          <Porc_Abstencion V="000,00"/>
          <Votos_Validos V="2667"/>
          <Porc_Votos_Validos V="058,55"/>
          <Votos_No_Marcados V="1012"/>
          <Porc_Votos_No_Marcados V="022,21"/>
          <Votos_Nulos V="876"/>
          <Porc_Votos_Nulos V="019,23"/>
        </lin>
        <lin>
          <Pregunta V="007"/>
          <Total_Sufragantes V="4555"/>
          <Porc_Sufragantes V="100,00"/>
          <Abstencion V="0"/>
          <Porc_Abstencion V="000,00"/>
          <Votos_Validos V="1994"/>
          <Porc_Votos_Validos V="043,77"/>
          <Votos_No_Marcados V="1073"/>
          <Porc_Votos_No_Marcados V="023,55"/>
          <Votos_Nulos V="1488"/>
          <Porc_Votos_Nulos V="032,66"/>
        </lin>
      </Detalle_Pregunta>
      <Detalle_Opcion>
        <lin>
          <Opcion V="001"/>
          <Votos V="1332"/>
          <Porc V="051,09"/>
          <Pregunta V="001"/>
        </lin>
        <lin>
          <Opcion V="002"/>
          <Votos V="1275"/>
          <Porc V="048,90"/>
          <Pregunta V="001"/>
        </lin>
        <lin>
          <Opcion V="001"/>
          <Votos V="1162"/>
          <Porc V="051,64"/>
          <Pregunta V="002"/>
        </lin>
        <lin>
          <Opcion V="002"/>
          <Votos V="1088"/>
          <Porc V="048,35"/>
          <Pregunta V="002"/>
        </lin>
        <lin>
          <Opcion V="001"/>
          <Votos V="673"/>
          <Porc V="047,96"/>
          <Pregunta V="003"/>
        </lin>
        <lin>
          <Opcion V="002"/>
          <Votos V="730"/>
          <Porc V="052,03"/>
          <Pregunta V="003"/>
        </lin>
        <lin>
          <Opcion V="001"/>
          <Votos V="853"/>
          <Porc V="050,50"/>
          <Pregunta V="004"/>
        </lin>
        <lin>
          <Opcion V="002"/>
          <Votos V="836"/>
          <Porc V="049,49"/>
          <Pregunta V="004"/>
        </lin>
        <lin>
          <Opcion V="001"/>
          <Votos V="1273"/>
          <Porc V="055,78"/>
          <Pregunta V="005"/>
        </lin>
        <lin>
          <Opcion V="002"/>
          <Votos V="1009"/>
          <Porc V="044,21"/>
          <Pregunta V="005"/>
        </lin>
        <lin>
          <Opcion V="001"/>
          <Votos V="1455"/>
          <Porc V="054,55"/>
          <Pregunta V="006"/>
        </lin>
        <lin>
          <Opcion V="002"/>
          <Votos V="1212"/>
          <Porc V="045,44"/>
          <Pregunta V="006"/>
        </lin>
        <lin>
          <Opcion V="001"/>
          <Votos V="858"/>
          <Porc V="043,02"/>
          <Pregunta V="007"/>
        </lin>
        <lin>
          <Opcion V="002"/>
          <Votos V="1136"/>
          <Porc V="056,97"/>
          <Pregunta V="007"/>
        </lin>
      </Detalle_Opcion>
    </lin>
  </Detalle_Circunscripcion>
</Boletin>
</Boletin_Consolidado>