<Boletin_Consolidado><Boletin>
  <Numero V="0008"/>
  <Boletin_Departamental V="0012"/>
  <Tipo_Boletin V="DEPARTAMENTAL"/>
  <Desc_Corporacion V="CONSULTA POPULAR"/>
  <Departamento V="01"/>
  <Desc_Departamento V="ANTIOQUIA"/>
  <Municipio V="064"/>
  <Desc_Municipio V="CACERES"/>
  <Dia V="21"/>
  <Mes V="8"/>
  <Anio V="2018"/>
  <Hora V="14"/>
  <Minuto V="15"/>
  <Mesas_Instaladas V="55"/>
  <Mesas_Informadas V="55"/>
  <Porc_Mesas_Informadas V="100,00"/>
  <Potencial_Sufragantes V="19650"/>
  <Detalle_Circunscripcion>
    <lin>
      <Circunscripcion V="0"/>
      <Desc_Circunscripcion V="NACIONAL"/>
      <Detalle_Pregunta>
        <lin>
          <Pregunta V="001"/>
          <Total_Sufragantes V="19650"/>
          <Porc_Sufragantes V="100,00"/>
          <Abstencion V="0"/>
          <Porc_Abstencion V="000,00"/>
          <Votos_Validos V="9985"/>
          <Porc_Votos_Validos V="050,81"/>
          <Votos_No_Marcados V="4255"/>
          <Porc_Votos_No_Marcados V="021,65"/>
          <Votos_Nulos V="5410"/>
          <Porc_Votos_Nulos V="027,53"/>
        </lin>
        <lin>
          <Pregunta V="002"/>
          <Total_Sufragantes V="19650"/>
          <Porc_Sufragantes V="100,00"/>
          <Abstencion V="0"/>
          <Porc_Abstencion V="000,00"/>
          <Votos_Validos V="9632"/>
          <Porc_Votos_Validos V="049,01"/>
          <Votos_No_Marcados V="5279"/>
          <Porc_Votos_No_Marcados V="026,86"/>
          <Votos_Nulos V="4739"/>
          <Porc_Votos_Nulos V="024,11"/>
        </lin>
        <lin>
          <Pregunta V="003"/>
          <Total_Sufragantes V="19650"/>
          <Porc_Sufragantes V="100,00"/>
          <Abstencion V="0"/>
          <Porc_Abstencion V="000,00"/>
          <Votos_Validos V="10089"/>
          <Porc_Votos_Validos V="051,34"/>
          <Votos_No_Marcados V="4971"/>
          <Porc_Votos_No_Marcados V="025,29"/>
          <Votos_Nulos V="4590"/>
          <Porc_Votos_Nulos V="023,35"/>
        </lin>
        <lin>
          <Pregunta V="004"/>
          <Total_Sufragantes V="19650"/>
          <Porc_Sufragantes V="100,00"/>
          <Abstencion V="0"/>
          <Porc_Abstencion V="000,00"/>
          <Votos_Validos V="9768"/>
          <Porc_Votos_Validos V="049,70"/>
          <Votos_No_Marcados V="5058"/>
          <Porc_Votos_No_Marcados V="025,74"/>
          <Votos_Nulos V="4824"/>
          <Porc_Votos_Nulos V="024,54"/>
        </lin>
        <lin>
          <Pregunta V="005"/>
          <Total_Sufragantes V="19650"/>
          <Porc_Sufragantes V="100,00"/>
          <Abstencion V="0"/>
          <Porc_Abstencion V="000,00"/>
          <Votos_Validos V="9492"/>
          <Porc_Votos_Validos V="048,30"/>
          <Votos_No_Marcados V="5601"/>
          <Porc_Votos_No_Marcados V="028,50"/>
          <Votos_Nulos V="4557"/>
          <Porc_Votos_Nulos V="023,19"/>
        </lin>
        <lin>
          <Pregunta V="006"/>
          <Total_Sufragantes V="19650"/>
          <Porc_Sufragantes V="100,00"/>
          <Abstencion V="0"/>
          <Porc_Abstencion V="000,00"/>
          <Votos_Validos V="10895"/>
          <Porc_Votos_Validos V="055,44"/>
          <Votos_No_Marcados V="3788"/>
          <Porc_Votos_No_Marcados V="019,27"/>
          <Votos_Nulos V="4967"/>
          <Porc_Votos_Nulos V="025,27"/>
        </lin>
        <lin>
          <Pregunta V="007"/>
          <Total_Sufragantes V="19650"/>
          <Porc_Sufragantes V="100,00"/>
          <Abstencion V="0"/>
          <Porc_Abstencion V="000,00"/>
          <Votos_Validos V="10096"/>
          <Porc_Votos_Validos V="051,37"/>
          <Votos_No_Marcados V="5195"/>
          <Porc_Votos_No_Marcados V="026,43"/>
          <Votos_Nulos V="4359"/>
          <Porc_Votos_Nulos V="022,18"/>
        </lin>
      </Detalle_Pregunta>
      <Detalle_Opcion>
        <lin>
          <Opcion V="001"/>
          <Votos V="4832"/>
          <Porc V="048,39"/>
          <Pregunta V="001"/>
        </lin>
        <lin>
          <Opcion V="002"/>
          <Votos V="5153"/>
          <Porc V="051,60"/>
          <Pregunta V="001"/>
        </lin>
        <lin>
          <Opcion V="001"/>
          <Votos V="4642"/>
          <Porc V="048,19"/>
          <Pregunta V="002"/>
        </lin>
        <lin>
          <Opcion V="002"/>
          <Votos V="4990"/>
          <Porc V="051,80"/>
          <Pregunta V="002"/>
        </lin>
        <lin>
          <Opcion V="001"/>
          <Votos V="5532"/>
          <Porc V="054,83"/>
          <Pregunta V="003"/>
        </lin>
        <lin>
          <Opcion V="002"/>
          <Votos V="4557"/>
          <Porc V="045,16"/>
          <Pregunta V="003"/>
        </lin>
        <lin>
          <Opcion V="001"/>
          <Votos V="4864"/>
          <Porc V="049,79"/>
          <Pregunta V="004"/>
        </lin>
        <lin>
          <Opcion V="002"/>
          <Votos V="4904"/>
          <Porc V="050,20"/>
          <Pregunta V="004"/>
        </lin>
        <lin>
          <Opcion V="001"/>
          <Votos V="4515"/>
          <Porc V="047,56"/>
          <Pregunta V="005"/>
        </lin>
        <lin>
          <Opcion V="002"/>
          <Votos V="4977"/>
          <Porc V="052,43"/>
          <Pregunta V="005"/>
        </lin>
        <lin>
          <Opcion V="001"/>
          <Votos V="5704"/>
          <Porc V="052,35"/>
          <Pregunta V="006"/>
        </lin>
        <lin>
          <Opcion V="002"/>
          <Votos V="5191"/>
          <Porc V="047,64"/>
          <Pregunta V="006"/>
        </lin>
        <lin>
          <Opcion V="001"/>
          <Votos V="5059"/>
          <Porc V="050,10"/>
          <Pregunta V="007"/>
        </lin>
        <lin>
          <Opcion V="002"/>
          <Votos V="5037"/>
          <Porc V="049,89"/>
          <Pregunta V="007"/>
        </lin>
      </Detalle_Opcion>
    </lin>
  </Detalle_Circunscripcion>
</Boletin>
</Boletin_Consolidado>