<Boletin_Consolidado><Boletin>
  <Numero V="0008"/>
  <Boletin_Departamental V="0012"/>
  <Tipo_Boletin V="DEPARTAMENTAL"/>
  <Desc_Corporacion V="CONSULTA POPULAR"/>
  <Departamento V="05"/>
  <Desc_Departamento V="BOLIVAR"/>
  <Municipio V="000"/>
  <Desc_Municipio V="NO APLICA"/>
  <Dia V="21"/>
  <Mes V="8"/>
  <Anio V="2018"/>
  <Hora V="14"/>
  <Minuto V="15"/>
  <Mesas_Instaladas V="4252"/>
  <Mesas_Informadas V="4252"/>
  <Porc_Mesas_Informadas V="100,00"/>
  <Potencial_Sufragantes V="1560688"/>
  <Detalle_Circunscripcion>
    <lin>
      <Circunscripcion V="0"/>
      <Desc_Circunscripcion V="NACIONAL"/>
      <Detalle_Pregunta>
        <lin>
          <Pregunta V="001"/>
          <Total_Sufragantes V="1560688"/>
          <Porc_Sufragantes V="100,00"/>
          <Abstencion V="0"/>
          <Porc_Abstencion V="000,00"/>
          <Votos_Validos V="786061"/>
          <Porc_Votos_Validos V="050,36"/>
          <Votos_No_Marcados V="386286"/>
          <Porc_Votos_No_Marcados V="024,75"/>
          <Votos_Nulos V="388341"/>
          <Porc_Votos_Nulos V="024,88"/>
        </lin>
        <lin>
          <Pregunta V="002"/>
          <Total_Sufragantes V="1560688"/>
          <Porc_Sufragantes V="100,00"/>
          <Abstencion V="0"/>
          <Porc_Abstencion V="000,00"/>
          <Votos_Validos V="776882"/>
          <Porc_Votos_Validos V="049,77"/>
          <Votos_No_Marcados V="388871"/>
          <Porc_Votos_No_Marcados V="024,91"/>
          <Votos_Nulos V="394935"/>
          <Porc_Votos_Nulos V="025,30"/>
        </lin>
        <lin>
          <Pregunta V="003"/>
          <Total_Sufragantes V="1560688"/>
          <Porc_Sufragantes V="100,00"/>
          <Abstencion V="0"/>
          <Porc_Abstencion V="000,00"/>
          <Votos_Validos V="777381"/>
          <Porc_Votos_Validos V="049,81"/>
          <Votos_No_Marcados V="396712"/>
          <Porc_Votos_No_Marcados V="025,41"/>
          <Votos_Nulos V="386595"/>
          <Porc_Votos_Nulos V="024,77"/>
        </lin>
        <lin>
          <Pregunta V="004"/>
          <Total_Sufragantes V="1560688"/>
          <Porc_Sufragantes V="100,00"/>
          <Abstencion V="0"/>
          <Porc_Abstencion V="000,00"/>
          <Votos_Validos V="777785"/>
          <Porc_Votos_Validos V="049,83"/>
          <Votos_No_Marcados V="392535"/>
          <Porc_Votos_No_Marcados V="025,15"/>
          <Votos_Nulos V="390368"/>
          <Porc_Votos_Nulos V="025,01"/>
        </lin>
        <lin>
          <Pregunta V="005"/>
          <Total_Sufragantes V="1560688"/>
          <Porc_Sufragantes V="100,00"/>
          <Abstencion V="0"/>
          <Porc_Abstencion V="000,00"/>
          <Votos_Validos V="779074"/>
          <Porc_Votos_Validos V="049,91"/>
          <Votos_No_Marcados V="391432"/>
          <Porc_Votos_No_Marcados V="025,08"/>
          <Votos_Nulos V="390182"/>
          <Porc_Votos_Nulos V="025,00"/>
        </lin>
        <lin>
          <Pregunta V="006"/>
          <Total_Sufragantes V="1560688"/>
          <Porc_Sufragantes V="100,00"/>
          <Abstencion V="0"/>
          <Porc_Abstencion V="000,00"/>
          <Votos_Validos V="774763"/>
          <Porc_Votos_Validos V="049,64"/>
          <Votos_No_Marcados V="399239"/>
          <Porc_Votos_No_Marcados V="025,58"/>
          <Votos_Nulos V="386686"/>
          <Porc_Votos_Nulos V="024,77"/>
        </lin>
        <lin>
          <Pregunta V="007"/>
          <Total_Sufragantes V="1560688"/>
          <Porc_Sufragantes V="100,00"/>
          <Abstencion V="0"/>
          <Porc_Abstencion V="000,00"/>
          <Votos_Validos V="777020"/>
          <Porc_Votos_Validos V="049,78"/>
          <Votos_No_Marcados V="391602"/>
          <Porc_Votos_No_Marcados V="025,09"/>
          <Votos_Nulos V="392066"/>
          <Porc_Votos_Nulos V="025,12"/>
        </lin>
      </Detalle_Pregunta>
      <Detalle_Opcion>
        <lin>
          <Opcion V="001"/>
          <Votos V="392418"/>
          <Porc V="049,92"/>
          <Pregunta V="001"/>
        </lin>
        <lin>
          <Opcion V="002"/>
          <Votos V="393643"/>
          <Porc V="050,07"/>
          <Pregunta V="001"/>
        </lin>
        <lin>
          <Opcion V="001"/>
          <Votos V="390618"/>
          <Porc V="050,28"/>
          <Pregunta V="002"/>
        </lin>
        <lin>
          <Opcion V="002"/>
          <Votos V="386264"/>
          <Porc V="049,71"/>
          <Pregunta V="002"/>
        </lin>
        <lin>
          <Opcion V="001"/>
          <Votos V="389463"/>
          <Porc V="050,09"/>
          <Pregunta V="003"/>
        </lin>
        <lin>
          <Opcion V="002"/>
          <Votos V="387918"/>
          <Porc V="049,90"/>
          <Pregunta V="003"/>
        </lin>
        <lin>
          <Opcion V="001"/>
          <Votos V="391945"/>
          <Porc V="050,39"/>
          <Pregunta V="004"/>
        </lin>
        <lin>
          <Opcion V="002"/>
          <Votos V="385840"/>
          <Porc V="049,60"/>
          <Pregunta V="004"/>
        </lin>
        <lin>
          <Opcion V="001"/>
          <Votos V="386990"/>
          <Porc V="049,67"/>
          <Pregunta V="005"/>
        </lin>
        <lin>
          <Opcion V="002"/>
          <Votos V="392084"/>
          <Porc V="050,32"/>
          <Pregunta V="005"/>
        </lin>
        <lin>
          <Opcion V="001"/>
          <Votos V="387120"/>
          <Porc V="049,96"/>
          <Pregunta V="006"/>
        </lin>
        <lin>
          <Opcion V="002"/>
          <Votos V="387643"/>
          <Porc V="050,03"/>
          <Pregunta V="006"/>
        </lin>
        <lin>
          <Opcion V="001"/>
          <Votos V="391561"/>
          <Porc V="050,39"/>
          <Pregunta V="007"/>
        </lin>
        <lin>
          <Opcion V="002"/>
          <Votos V="385459"/>
          <Porc V="049,60"/>
          <Pregunta V="007"/>
        </lin>
      </Detalle_Opcion>
    </lin>
  </Detalle_Circunscripcion>
</Boletin>
</Boletin_Consolidado>