<Boletin_Consolidado><Boletin>
  <Numero V="0008"/>
  <Boletin_Departamental V="0012"/>
  <Tipo_Boletin V="DEPARTAMENTAL"/>
  <Desc_Corporacion V="CONSULTA POPULAR"/>
  <Departamento V="11"/>
  <Desc_Departamento V="CAUCA"/>
  <Municipio V="028"/>
  <Desc_Municipio V="GUAPI"/>
  <Dia V="21"/>
  <Mes V="8"/>
  <Anio V="2018"/>
  <Hora V="14"/>
  <Minuto V="15"/>
  <Mesas_Instaladas V="63"/>
  <Mesas_Informadas V="63"/>
  <Porc_Mesas_Informadas V="100,00"/>
  <Potencial_Sufragantes V="18848"/>
  <Detalle_Circunscripcion>
    <lin>
      <Circunscripcion V="0"/>
      <Desc_Circunscripcion V="NACIONAL"/>
      <Detalle_Pregunta>
        <lin>
          <Pregunta V="001"/>
          <Total_Sufragantes V="18848"/>
          <Porc_Sufragantes V="100,00"/>
          <Abstencion V="0"/>
          <Porc_Abstencion V="000,00"/>
          <Votos_Validos V="9544"/>
          <Porc_Votos_Validos V="050,63"/>
          <Votos_No_Marcados V="4718"/>
          <Porc_Votos_No_Marcados V="025,03"/>
          <Votos_Nulos V="4586"/>
          <Porc_Votos_Nulos V="024,33"/>
        </lin>
        <lin>
          <Pregunta V="002"/>
          <Total_Sufragantes V="18848"/>
          <Porc_Sufragantes V="100,00"/>
          <Abstencion V="0"/>
          <Porc_Abstencion V="000,00"/>
          <Votos_Validos V="9166"/>
          <Porc_Votos_Validos V="048,63"/>
          <Votos_No_Marcados V="4609"/>
          <Porc_Votos_No_Marcados V="024,45"/>
          <Votos_Nulos V="5073"/>
          <Porc_Votos_Nulos V="026,91"/>
        </lin>
        <lin>
          <Pregunta V="003"/>
          <Total_Sufragantes V="18848"/>
          <Porc_Sufragantes V="100,00"/>
          <Abstencion V="0"/>
          <Porc_Abstencion V="000,00"/>
          <Votos_Validos V="10117"/>
          <Porc_Votos_Validos V="053,67"/>
          <Votos_No_Marcados V="4558"/>
          <Porc_Votos_No_Marcados V="024,18"/>
          <Votos_Nulos V="4173"/>
          <Porc_Votos_Nulos V="022,14"/>
        </lin>
        <lin>
          <Pregunta V="004"/>
          <Total_Sufragantes V="18848"/>
          <Porc_Sufragantes V="100,00"/>
          <Abstencion V="0"/>
          <Porc_Abstencion V="000,00"/>
          <Votos_Validos V="9661"/>
          <Porc_Votos_Validos V="051,25"/>
          <Votos_No_Marcados V="4846"/>
          <Porc_Votos_No_Marcados V="025,71"/>
          <Votos_Nulos V="4341"/>
          <Porc_Votos_Nulos V="023,03"/>
        </lin>
        <lin>
          <Pregunta V="005"/>
          <Total_Sufragantes V="18848"/>
          <Porc_Sufragantes V="100,00"/>
          <Abstencion V="0"/>
          <Porc_Abstencion V="000,00"/>
          <Votos_Validos V="9522"/>
          <Porc_Votos_Validos V="050,51"/>
          <Votos_No_Marcados V="4541"/>
          <Porc_Votos_No_Marcados V="024,09"/>
          <Votos_Nulos V="4785"/>
          <Porc_Votos_Nulos V="025,38"/>
        </lin>
        <lin>
          <Pregunta V="006"/>
          <Total_Sufragantes V="18848"/>
          <Porc_Sufragantes V="100,00"/>
          <Abstencion V="0"/>
          <Porc_Abstencion V="000,00"/>
          <Votos_Validos V="9915"/>
          <Porc_Votos_Validos V="052,60"/>
          <Votos_No_Marcados V="4578"/>
          <Porc_Votos_No_Marcados V="024,28"/>
          <Votos_Nulos V="4355"/>
          <Porc_Votos_Nulos V="023,10"/>
        </lin>
        <lin>
          <Pregunta V="007"/>
          <Total_Sufragantes V="18848"/>
          <Porc_Sufragantes V="100,00"/>
          <Abstencion V="0"/>
          <Porc_Abstencion V="000,00"/>
          <Votos_Validos V="9602"/>
          <Porc_Votos_Validos V="050,94"/>
          <Votos_No_Marcados V="4506"/>
          <Porc_Votos_No_Marcados V="023,90"/>
          <Votos_Nulos V="4740"/>
          <Porc_Votos_Nulos V="025,14"/>
        </lin>
      </Detalle_Pregunta>
      <Detalle_Opcion>
        <lin>
          <Opcion V="001"/>
          <Votos V="5093"/>
          <Porc V="053,36"/>
          <Pregunta V="001"/>
        </lin>
        <lin>
          <Opcion V="002"/>
          <Votos V="4451"/>
          <Porc V="046,63"/>
          <Pregunta V="001"/>
        </lin>
        <lin>
          <Opcion V="001"/>
          <Votos V="4152"/>
          <Porc V="045,29"/>
          <Pregunta V="002"/>
        </lin>
        <lin>
          <Opcion V="002"/>
          <Votos V="5014"/>
          <Porc V="054,70"/>
          <Pregunta V="002"/>
        </lin>
        <lin>
          <Opcion V="001"/>
          <Votos V="5228"/>
          <Porc V="051,67"/>
          <Pregunta V="003"/>
        </lin>
        <lin>
          <Opcion V="002"/>
          <Votos V="4889"/>
          <Porc V="048,32"/>
          <Pregunta V="003"/>
        </lin>
        <lin>
          <Opcion V="001"/>
          <Votos V="4742"/>
          <Porc V="049,08"/>
          <Pregunta V="004"/>
        </lin>
        <lin>
          <Opcion V="002"/>
          <Votos V="4919"/>
          <Porc V="050,91"/>
          <Pregunta V="004"/>
        </lin>
        <lin>
          <Opcion V="001"/>
          <Votos V="5144"/>
          <Porc V="054,02"/>
          <Pregunta V="005"/>
        </lin>
        <lin>
          <Opcion V="002"/>
          <Votos V="4378"/>
          <Porc V="045,97"/>
          <Pregunta V="005"/>
        </lin>
        <lin>
          <Opcion V="001"/>
          <Votos V="4754"/>
          <Porc V="047,94"/>
          <Pregunta V="006"/>
        </lin>
        <lin>
          <Opcion V="002"/>
          <Votos V="5161"/>
          <Porc V="052,05"/>
          <Pregunta V="006"/>
        </lin>
        <lin>
          <Opcion V="001"/>
          <Votos V="4617"/>
          <Porc V="048,08"/>
          <Pregunta V="007"/>
        </lin>
        <lin>
          <Opcion V="002"/>
          <Votos V="4985"/>
          <Porc V="051,91"/>
          <Pregunta V="007"/>
        </lin>
      </Detalle_Opcion>
    </lin>
  </Detalle_Circunscripcion>
</Boletin>
</Boletin_Consolidado>