<Boletin_Consolidado><Boletin>
  <Numero V="0008"/>
  <Boletin_Departamental V="0012"/>
  <Tipo_Boletin V="DEPARTAMENTAL"/>
  <Desc_Corporacion V="CONSULTA POPULAR"/>
  <Departamento V="15"/>
  <Desc_Departamento V="CUNDINAMARCA"/>
  <Municipio V="040"/>
  <Desc_Municipio V="CARMEN DE CARUPA"/>
  <Dia V="21"/>
  <Mes V="8"/>
  <Anio V="2018"/>
  <Hora V="14"/>
  <Minuto V="15"/>
  <Mesas_Instaladas V="17"/>
  <Mesas_Informadas V="17"/>
  <Porc_Mesas_Informadas V="100,00"/>
  <Potencial_Sufragantes V="6097"/>
  <Detalle_Circunscripcion>
    <lin>
      <Circunscripcion V="0"/>
      <Desc_Circunscripcion V="NACIONAL"/>
      <Detalle_Pregunta>
        <lin>
          <Pregunta V="001"/>
          <Total_Sufragantes V="6097"/>
          <Porc_Sufragantes V="100,00"/>
          <Abstencion V="0"/>
          <Porc_Abstencion V="000,00"/>
          <Votos_Validos V="3601"/>
          <Porc_Votos_Validos V="059,06"/>
          <Votos_No_Marcados V="1301"/>
          <Porc_Votos_No_Marcados V="021,33"/>
          <Votos_Nulos V="1195"/>
          <Porc_Votos_Nulos V="019,59"/>
        </lin>
        <lin>
          <Pregunta V="002"/>
          <Total_Sufragantes V="6097"/>
          <Porc_Sufragantes V="100,00"/>
          <Abstencion V="0"/>
          <Porc_Abstencion V="000,00"/>
          <Votos_Validos V="3003"/>
          <Porc_Votos_Validos V="049,25"/>
          <Votos_No_Marcados V="1635"/>
          <Porc_Votos_No_Marcados V="026,81"/>
          <Votos_Nulos V="1459"/>
          <Porc_Votos_Nulos V="023,92"/>
        </lin>
        <lin>
          <Pregunta V="003"/>
          <Total_Sufragantes V="6097"/>
          <Porc_Sufragantes V="100,00"/>
          <Abstencion V="0"/>
          <Porc_Abstencion V="000,00"/>
          <Votos_Validos V="2968"/>
          <Porc_Votos_Validos V="048,67"/>
          <Votos_No_Marcados V="1589"/>
          <Porc_Votos_No_Marcados V="026,06"/>
          <Votos_Nulos V="1540"/>
          <Porc_Votos_Nulos V="025,25"/>
        </lin>
        <lin>
          <Pregunta V="004"/>
          <Total_Sufragantes V="6097"/>
          <Porc_Sufragantes V="100,00"/>
          <Abstencion V="0"/>
          <Porc_Abstencion V="000,00"/>
          <Votos_Validos V="3003"/>
          <Porc_Votos_Validos V="049,25"/>
          <Votos_No_Marcados V="1393"/>
          <Porc_Votos_No_Marcados V="022,84"/>
          <Votos_Nulos V="1701"/>
          <Porc_Votos_Nulos V="027,89"/>
        </lin>
        <lin>
          <Pregunta V="005"/>
          <Total_Sufragantes V="6097"/>
          <Porc_Sufragantes V="100,00"/>
          <Abstencion V="0"/>
          <Porc_Abstencion V="000,00"/>
          <Votos_Validos V="3649"/>
          <Porc_Votos_Validos V="059,84"/>
          <Votos_No_Marcados V="1318"/>
          <Porc_Votos_No_Marcados V="021,61"/>
          <Votos_Nulos V="1130"/>
          <Porc_Votos_Nulos V="018,53"/>
        </lin>
        <lin>
          <Pregunta V="006"/>
          <Total_Sufragantes V="6097"/>
          <Porc_Sufragantes V="100,00"/>
          <Abstencion V="0"/>
          <Porc_Abstencion V="000,00"/>
          <Votos_Validos V="3173"/>
          <Porc_Votos_Validos V="052,04"/>
          <Votos_No_Marcados V="1605"/>
          <Porc_Votos_No_Marcados V="026,32"/>
          <Votos_Nulos V="1319"/>
          <Porc_Votos_Nulos V="021,63"/>
        </lin>
        <lin>
          <Pregunta V="007"/>
          <Total_Sufragantes V="6097"/>
          <Porc_Sufragantes V="100,00"/>
          <Abstencion V="0"/>
          <Porc_Abstencion V="000,00"/>
          <Votos_Validos V="3103"/>
          <Porc_Votos_Validos V="050,89"/>
          <Votos_No_Marcados V="1235"/>
          <Porc_Votos_No_Marcados V="020,25"/>
          <Votos_Nulos V="1759"/>
          <Porc_Votos_Nulos V="028,85"/>
        </lin>
      </Detalle_Pregunta>
      <Detalle_Opcion>
        <lin>
          <Opcion V="001"/>
          <Votos V="1886"/>
          <Porc V="052,37"/>
          <Pregunta V="001"/>
        </lin>
        <lin>
          <Opcion V="002"/>
          <Votos V="1715"/>
          <Porc V="047,62"/>
          <Pregunta V="001"/>
        </lin>
        <lin>
          <Opcion V="001"/>
          <Votos V="1247"/>
          <Porc V="041,52"/>
          <Pregunta V="002"/>
        </lin>
        <lin>
          <Opcion V="002"/>
          <Votos V="1756"/>
          <Porc V="058,47"/>
          <Pregunta V="002"/>
        </lin>
        <lin>
          <Opcion V="001"/>
          <Votos V="1494"/>
          <Porc V="050,33"/>
          <Pregunta V="003"/>
        </lin>
        <lin>
          <Opcion V="002"/>
          <Votos V="1474"/>
          <Porc V="049,66"/>
          <Pregunta V="003"/>
        </lin>
        <lin>
          <Opcion V="001"/>
          <Votos V="1253"/>
          <Porc V="041,72"/>
          <Pregunta V="004"/>
        </lin>
        <lin>
          <Opcion V="002"/>
          <Votos V="1750"/>
          <Porc V="058,27"/>
          <Pregunta V="004"/>
        </lin>
        <lin>
          <Opcion V="001"/>
          <Votos V="1839"/>
          <Porc V="050,39"/>
          <Pregunta V="005"/>
        </lin>
        <lin>
          <Opcion V="002"/>
          <Votos V="1810"/>
          <Porc V="049,60"/>
          <Pregunta V="005"/>
        </lin>
        <lin>
          <Opcion V="001"/>
          <Votos V="1537"/>
          <Porc V="048,43"/>
          <Pregunta V="006"/>
        </lin>
        <lin>
          <Opcion V="002"/>
          <Votos V="1636"/>
          <Porc V="051,56"/>
          <Pregunta V="006"/>
        </lin>
        <lin>
          <Opcion V="001"/>
          <Votos V="1534"/>
          <Porc V="049,43"/>
          <Pregunta V="007"/>
        </lin>
        <lin>
          <Opcion V="002"/>
          <Votos V="1569"/>
          <Porc V="050,56"/>
          <Pregunta V="007"/>
        </lin>
      </Detalle_Opcion>
    </lin>
  </Detalle_Circunscripcion>
</Boletin>
</Boletin_Consolidado>