<Boletin_Consolidado><Boletin>
  <Numero V="0008"/>
  <Boletin_Departamental V="0012"/>
  <Tipo_Boletin V="DEPARTAMENTAL"/>
  <Desc_Corporacion V="CONSULTA POPULAR"/>
  <Departamento V="07"/>
  <Desc_Departamento V="BOYACA"/>
  <Municipio V="193"/>
  <Desc_Municipio V="PAYA"/>
  <Dia V="21"/>
  <Mes V="8"/>
  <Anio V="2018"/>
  <Hora V="14"/>
  <Minuto V="15"/>
  <Mesas_Instaladas V="6"/>
  <Mesas_Informadas V="6"/>
  <Porc_Mesas_Informadas V="100,00"/>
  <Potencial_Sufragantes V="1558"/>
  <Detalle_Circunscripcion>
    <lin>
      <Circunscripcion V="0"/>
      <Desc_Circunscripcion V="NACIONAL"/>
      <Detalle_Pregunta>
        <lin>
          <Pregunta V="001"/>
          <Total_Sufragantes V="1558"/>
          <Porc_Sufragantes V="100,00"/>
          <Abstencion V="0"/>
          <Porc_Abstencion V="000,00"/>
          <Votos_Validos V="795"/>
          <Porc_Votos_Validos V="051,02"/>
          <Votos_No_Marcados V="486"/>
          <Porc_Votos_No_Marcados V="031,19"/>
          <Votos_Nulos V="277"/>
          <Porc_Votos_Nulos V="017,77"/>
        </lin>
        <lin>
          <Pregunta V="002"/>
          <Total_Sufragantes V="1558"/>
          <Porc_Sufragantes V="100,00"/>
          <Abstencion V="0"/>
          <Porc_Abstencion V="000,00"/>
          <Votos_Validos V="467"/>
          <Porc_Votos_Validos V="029,97"/>
          <Votos_No_Marcados V="593"/>
          <Porc_Votos_No_Marcados V="038,06"/>
          <Votos_Nulos V="498"/>
          <Porc_Votos_Nulos V="031,96"/>
        </lin>
        <lin>
          <Pregunta V="003"/>
          <Total_Sufragantes V="1558"/>
          <Porc_Sufragantes V="100,00"/>
          <Abstencion V="0"/>
          <Porc_Abstencion V="000,00"/>
          <Votos_Validos V="495"/>
          <Porc_Votos_Validos V="031,77"/>
          <Votos_No_Marcados V="455"/>
          <Porc_Votos_No_Marcados V="029,20"/>
          <Votos_Nulos V="608"/>
          <Porc_Votos_Nulos V="039,02"/>
        </lin>
        <lin>
          <Pregunta V="004"/>
          <Total_Sufragantes V="1558"/>
          <Porc_Sufragantes V="100,00"/>
          <Abstencion V="0"/>
          <Porc_Abstencion V="000,00"/>
          <Votos_Validos V="678"/>
          <Porc_Votos_Validos V="043,51"/>
          <Votos_No_Marcados V="659"/>
          <Porc_Votos_No_Marcados V="042,29"/>
          <Votos_Nulos V="221"/>
          <Porc_Votos_Nulos V="014,18"/>
        </lin>
        <lin>
          <Pregunta V="005"/>
          <Total_Sufragantes V="1558"/>
          <Porc_Sufragantes V="100,00"/>
          <Abstencion V="0"/>
          <Porc_Abstencion V="000,00"/>
          <Votos_Validos V="815"/>
          <Porc_Votos_Validos V="052,31"/>
          <Votos_No_Marcados V="272"/>
          <Porc_Votos_No_Marcados V="017,45"/>
          <Votos_Nulos V="471"/>
          <Porc_Votos_Nulos V="030,23"/>
        </lin>
        <lin>
          <Pregunta V="006"/>
          <Total_Sufragantes V="1558"/>
          <Porc_Sufragantes V="100,00"/>
          <Abstencion V="0"/>
          <Porc_Abstencion V="000,00"/>
          <Votos_Validos V="862"/>
          <Porc_Votos_Validos V="055,32"/>
          <Votos_No_Marcados V="405"/>
          <Porc_Votos_No_Marcados V="025,99"/>
          <Votos_Nulos V="291"/>
          <Porc_Votos_Nulos V="018,67"/>
        </lin>
        <lin>
          <Pregunta V="007"/>
          <Total_Sufragantes V="1558"/>
          <Porc_Sufragantes V="100,00"/>
          <Abstencion V="0"/>
          <Porc_Abstencion V="000,00"/>
          <Votos_Validos V="764"/>
          <Porc_Votos_Validos V="049,03"/>
          <Votos_No_Marcados V="554"/>
          <Porc_Votos_No_Marcados V="035,55"/>
          <Votos_Nulos V="240"/>
          <Porc_Votos_Nulos V="015,40"/>
        </lin>
      </Detalle_Pregunta>
      <Detalle_Opcion>
        <lin>
          <Opcion V="001"/>
          <Votos V="451"/>
          <Porc V="056,72"/>
          <Pregunta V="001"/>
        </lin>
        <lin>
          <Opcion V="002"/>
          <Votos V="344"/>
          <Porc V="043,27"/>
          <Pregunta V="001"/>
        </lin>
        <lin>
          <Opcion V="001"/>
          <Votos V="325"/>
          <Porc V="069,59"/>
          <Pregunta V="002"/>
        </lin>
        <lin>
          <Opcion V="002"/>
          <Votos V="142"/>
          <Porc V="030,40"/>
          <Pregunta V="002"/>
        </lin>
        <lin>
          <Opcion V="001"/>
          <Votos V="232"/>
          <Porc V="046,86"/>
          <Pregunta V="003"/>
        </lin>
        <lin>
          <Opcion V="002"/>
          <Votos V="263"/>
          <Porc V="053,13"/>
          <Pregunta V="003"/>
        </lin>
        <lin>
          <Opcion V="001"/>
          <Votos V="223"/>
          <Porc V="032,89"/>
          <Pregunta V="004"/>
        </lin>
        <lin>
          <Opcion V="002"/>
          <Votos V="455"/>
          <Porc V="067,10"/>
          <Pregunta V="004"/>
        </lin>
        <lin>
          <Opcion V="001"/>
          <Votos V="310"/>
          <Porc V="038,03"/>
          <Pregunta V="005"/>
        </lin>
        <lin>
          <Opcion V="002"/>
          <Votos V="505"/>
          <Porc V="061,96"/>
          <Pregunta V="005"/>
        </lin>
        <lin>
          <Opcion V="001"/>
          <Votos V="391"/>
          <Porc V="045,35"/>
          <Pregunta V="006"/>
        </lin>
        <lin>
          <Opcion V="002"/>
          <Votos V="471"/>
          <Porc V="054,64"/>
          <Pregunta V="006"/>
        </lin>
        <lin>
          <Opcion V="001"/>
          <Votos V="243"/>
          <Porc V="031,80"/>
          <Pregunta V="007"/>
        </lin>
        <lin>
          <Opcion V="002"/>
          <Votos V="521"/>
          <Porc V="068,19"/>
          <Pregunta V="007"/>
        </lin>
      </Detalle_Opcion>
    </lin>
  </Detalle_Circunscripcion>
</Boletin>
</Boletin_Consolidado>