<Boletin_Consolidado><Boletin>
  <Numero V="0008"/>
  <Boletin_Departamental V="0012"/>
  <Tipo_Boletin V="DEPARTAMENTAL"/>
  <Desc_Corporacion V="CONSULTA POPULAR"/>
  <Departamento V="07"/>
  <Desc_Departamento V="BOYACA"/>
  <Municipio V="340"/>
  <Desc_Municipio V="VIRACACHA"/>
  <Dia V="21"/>
  <Mes V="8"/>
  <Anio V="2018"/>
  <Hora V="14"/>
  <Minuto V="15"/>
  <Mesas_Instaladas V="7"/>
  <Mesas_Informadas V="7"/>
  <Porc_Mesas_Informadas V="100,00"/>
  <Potencial_Sufragantes V="2505"/>
  <Detalle_Circunscripcion>
    <lin>
      <Circunscripcion V="0"/>
      <Desc_Circunscripcion V="NACIONAL"/>
      <Detalle_Pregunta>
        <lin>
          <Pregunta V="001"/>
          <Total_Sufragantes V="2505"/>
          <Porc_Sufragantes V="100,00"/>
          <Abstencion V="0"/>
          <Porc_Abstencion V="000,00"/>
          <Votos_Validos V="1149"/>
          <Porc_Votos_Validos V="045,86"/>
          <Votos_No_Marcados V="628"/>
          <Porc_Votos_No_Marcados V="025,06"/>
          <Votos_Nulos V="728"/>
          <Porc_Votos_Nulos V="029,06"/>
        </lin>
        <lin>
          <Pregunta V="002"/>
          <Total_Sufragantes V="2505"/>
          <Porc_Sufragantes V="100,00"/>
          <Abstencion V="0"/>
          <Porc_Abstencion V="000,00"/>
          <Votos_Validos V="1321"/>
          <Porc_Votos_Validos V="052,73"/>
          <Votos_No_Marcados V="540"/>
          <Porc_Votos_No_Marcados V="021,55"/>
          <Votos_Nulos V="644"/>
          <Porc_Votos_Nulos V="025,70"/>
        </lin>
        <lin>
          <Pregunta V="003"/>
          <Total_Sufragantes V="2505"/>
          <Porc_Sufragantes V="100,00"/>
          <Abstencion V="0"/>
          <Porc_Abstencion V="000,00"/>
          <Votos_Validos V="1608"/>
          <Porc_Votos_Validos V="064,19"/>
          <Votos_No_Marcados V="245"/>
          <Porc_Votos_No_Marcados V="009,78"/>
          <Votos_Nulos V="652"/>
          <Porc_Votos_Nulos V="026,02"/>
        </lin>
        <lin>
          <Pregunta V="004"/>
          <Total_Sufragantes V="2505"/>
          <Porc_Sufragantes V="100,00"/>
          <Abstencion V="0"/>
          <Porc_Abstencion V="000,00"/>
          <Votos_Validos V="1378"/>
          <Porc_Votos_Validos V="055,00"/>
          <Votos_No_Marcados V="554"/>
          <Porc_Votos_No_Marcados V="022,11"/>
          <Votos_Nulos V="573"/>
          <Porc_Votos_Nulos V="022,87"/>
        </lin>
        <lin>
          <Pregunta V="005"/>
          <Total_Sufragantes V="2505"/>
          <Porc_Sufragantes V="100,00"/>
          <Abstencion V="0"/>
          <Porc_Abstencion V="000,00"/>
          <Votos_Validos V="1004"/>
          <Porc_Votos_Validos V="040,07"/>
          <Votos_No_Marcados V="644"/>
          <Porc_Votos_No_Marcados V="025,70"/>
          <Votos_Nulos V="857"/>
          <Porc_Votos_Nulos V="034,21"/>
        </lin>
        <lin>
          <Pregunta V="006"/>
          <Total_Sufragantes V="2505"/>
          <Porc_Sufragantes V="100,00"/>
          <Abstencion V="0"/>
          <Porc_Abstencion V="000,00"/>
          <Votos_Validos V="1246"/>
          <Porc_Votos_Validos V="049,74"/>
          <Votos_No_Marcados V="615"/>
          <Porc_Votos_No_Marcados V="024,55"/>
          <Votos_Nulos V="644"/>
          <Porc_Votos_Nulos V="025,70"/>
        </lin>
        <lin>
          <Pregunta V="007"/>
          <Total_Sufragantes V="2505"/>
          <Porc_Sufragantes V="100,00"/>
          <Abstencion V="0"/>
          <Porc_Abstencion V="000,00"/>
          <Votos_Validos V="1505"/>
          <Porc_Votos_Validos V="060,07"/>
          <Votos_No_Marcados V="617"/>
          <Porc_Votos_No_Marcados V="024,63"/>
          <Votos_Nulos V="383"/>
          <Porc_Votos_Nulos V="015,28"/>
        </lin>
      </Detalle_Pregunta>
      <Detalle_Opcion>
        <lin>
          <Opcion V="001"/>
          <Votos V="447"/>
          <Porc V="038,90"/>
          <Pregunta V="001"/>
        </lin>
        <lin>
          <Opcion V="002"/>
          <Votos V="702"/>
          <Porc V="061,09"/>
          <Pregunta V="001"/>
        </lin>
        <lin>
          <Opcion V="001"/>
          <Votos V="601"/>
          <Porc V="045,49"/>
          <Pregunta V="002"/>
        </lin>
        <lin>
          <Opcion V="002"/>
          <Votos V="720"/>
          <Porc V="054,50"/>
          <Pregunta V="002"/>
        </lin>
        <lin>
          <Opcion V="001"/>
          <Votos V="933"/>
          <Porc V="058,02"/>
          <Pregunta V="003"/>
        </lin>
        <lin>
          <Opcion V="002"/>
          <Votos V="675"/>
          <Porc V="041,97"/>
          <Pregunta V="003"/>
        </lin>
        <lin>
          <Opcion V="001"/>
          <Votos V="841"/>
          <Porc V="061,03"/>
          <Pregunta V="004"/>
        </lin>
        <lin>
          <Opcion V="002"/>
          <Votos V="537"/>
          <Porc V="038,96"/>
          <Pregunta V="004"/>
        </lin>
        <lin>
          <Opcion V="001"/>
          <Votos V="458"/>
          <Porc V="045,61"/>
          <Pregunta V="005"/>
        </lin>
        <lin>
          <Opcion V="002"/>
          <Votos V="546"/>
          <Porc V="054,38"/>
          <Pregunta V="005"/>
        </lin>
        <lin>
          <Opcion V="001"/>
          <Votos V="722"/>
          <Porc V="057,94"/>
          <Pregunta V="006"/>
        </lin>
        <lin>
          <Opcion V="002"/>
          <Votos V="524"/>
          <Porc V="042,05"/>
          <Pregunta V="006"/>
        </lin>
        <lin>
          <Opcion V="001"/>
          <Votos V="673"/>
          <Porc V="044,71"/>
          <Pregunta V="007"/>
        </lin>
        <lin>
          <Opcion V="002"/>
          <Votos V="832"/>
          <Porc V="055,28"/>
          <Pregunta V="007"/>
        </lin>
      </Detalle_Opcion>
    </lin>
  </Detalle_Circunscripcion>
</Boletin>
</Boletin_Consolidado>