<Boletin_Consolidado><Boletin>
  <Numero V="0008"/>
  <Boletin_Departamental V="0012"/>
  <Tipo_Boletin V="DEPARTAMENTAL"/>
  <Desc_Corporacion V="CONSULTA POPULAR"/>
  <Departamento V="09"/>
  <Desc_Departamento V="CALDAS"/>
  <Municipio V="079"/>
  <Desc_Municipio V="PACORA"/>
  <Dia V="21"/>
  <Mes V="8"/>
  <Anio V="2018"/>
  <Hora V="14"/>
  <Minuto V="15"/>
  <Mesas_Instaladas V="35"/>
  <Mesas_Informadas V="35"/>
  <Porc_Mesas_Informadas V="100,00"/>
  <Potencial_Sufragantes V="11903"/>
  <Detalle_Circunscripcion>
    <lin>
      <Circunscripcion V="0"/>
      <Desc_Circunscripcion V="NACIONAL"/>
      <Detalle_Pregunta>
        <lin>
          <Pregunta V="001"/>
          <Total_Sufragantes V="11903"/>
          <Porc_Sufragantes V="100,00"/>
          <Abstencion V="0"/>
          <Porc_Abstencion V="000,00"/>
          <Votos_Validos V="5866"/>
          <Porc_Votos_Validos V="049,28"/>
          <Votos_No_Marcados V="2834"/>
          <Porc_Votos_No_Marcados V="023,80"/>
          <Votos_Nulos V="3203"/>
          <Porc_Votos_Nulos V="026,90"/>
        </lin>
        <lin>
          <Pregunta V="002"/>
          <Total_Sufragantes V="11903"/>
          <Porc_Sufragantes V="100,00"/>
          <Abstencion V="0"/>
          <Porc_Abstencion V="000,00"/>
          <Votos_Validos V="6195"/>
          <Porc_Votos_Validos V="052,04"/>
          <Votos_No_Marcados V="3098"/>
          <Porc_Votos_No_Marcados V="026,02"/>
          <Votos_Nulos V="2610"/>
          <Porc_Votos_Nulos V="021,92"/>
        </lin>
        <lin>
          <Pregunta V="003"/>
          <Total_Sufragantes V="11903"/>
          <Porc_Sufragantes V="100,00"/>
          <Abstencion V="0"/>
          <Porc_Abstencion V="000,00"/>
          <Votos_Validos V="5994"/>
          <Porc_Votos_Validos V="050,35"/>
          <Votos_No_Marcados V="2547"/>
          <Porc_Votos_No_Marcados V="021,39"/>
          <Votos_Nulos V="3362"/>
          <Porc_Votos_Nulos V="028,24"/>
        </lin>
        <lin>
          <Pregunta V="004"/>
          <Total_Sufragantes V="11903"/>
          <Porc_Sufragantes V="100,00"/>
          <Abstencion V="0"/>
          <Porc_Abstencion V="000,00"/>
          <Votos_Validos V="5942"/>
          <Porc_Votos_Validos V="049,92"/>
          <Votos_No_Marcados V="2820"/>
          <Porc_Votos_No_Marcados V="023,69"/>
          <Votos_Nulos V="3141"/>
          <Porc_Votos_Nulos V="026,38"/>
        </lin>
        <lin>
          <Pregunta V="005"/>
          <Total_Sufragantes V="11903"/>
          <Porc_Sufragantes V="100,00"/>
          <Abstencion V="0"/>
          <Porc_Abstencion V="000,00"/>
          <Votos_Validos V="5559"/>
          <Porc_Votos_Validos V="046,70"/>
          <Votos_No_Marcados V="3861"/>
          <Porc_Votos_No_Marcados V="032,43"/>
          <Votos_Nulos V="2483"/>
          <Porc_Votos_Nulos V="020,86"/>
        </lin>
        <lin>
          <Pregunta V="006"/>
          <Total_Sufragantes V="11903"/>
          <Porc_Sufragantes V="100,00"/>
          <Abstencion V="0"/>
          <Porc_Abstencion V="000,00"/>
          <Votos_Validos V="5856"/>
          <Porc_Votos_Validos V="049,19"/>
          <Votos_No_Marcados V="2859"/>
          <Porc_Votos_No_Marcados V="024,01"/>
          <Votos_Nulos V="3188"/>
          <Porc_Votos_Nulos V="026,78"/>
        </lin>
        <lin>
          <Pregunta V="007"/>
          <Total_Sufragantes V="11903"/>
          <Porc_Sufragantes V="100,00"/>
          <Abstencion V="0"/>
          <Porc_Abstencion V="000,00"/>
          <Votos_Validos V="6359"/>
          <Porc_Votos_Validos V="053,42"/>
          <Votos_No_Marcados V="3095"/>
          <Porc_Votos_No_Marcados V="026,00"/>
          <Votos_Nulos V="2449"/>
          <Porc_Votos_Nulos V="020,57"/>
        </lin>
      </Detalle_Pregunta>
      <Detalle_Opcion>
        <lin>
          <Opcion V="001"/>
          <Votos V="3140"/>
          <Porc V="053,52"/>
          <Pregunta V="001"/>
        </lin>
        <lin>
          <Opcion V="002"/>
          <Votos V="2726"/>
          <Porc V="046,47"/>
          <Pregunta V="001"/>
        </lin>
        <lin>
          <Opcion V="001"/>
          <Votos V="3055"/>
          <Porc V="049,31"/>
          <Pregunta V="002"/>
        </lin>
        <lin>
          <Opcion V="002"/>
          <Votos V="3140"/>
          <Porc V="050,68"/>
          <Pregunta V="002"/>
        </lin>
        <lin>
          <Opcion V="001"/>
          <Votos V="2998"/>
          <Porc V="050,01"/>
          <Pregunta V="003"/>
        </lin>
        <lin>
          <Opcion V="002"/>
          <Votos V="2996"/>
          <Porc V="049,98"/>
          <Pregunta V="003"/>
        </lin>
        <lin>
          <Opcion V="001"/>
          <Votos V="2788"/>
          <Porc V="046,92"/>
          <Pregunta V="004"/>
        </lin>
        <lin>
          <Opcion V="002"/>
          <Votos V="3154"/>
          <Porc V="053,07"/>
          <Pregunta V="004"/>
        </lin>
        <lin>
          <Opcion V="001"/>
          <Votos V="2836"/>
          <Porc V="051,01"/>
          <Pregunta V="005"/>
        </lin>
        <lin>
          <Opcion V="002"/>
          <Votos V="2723"/>
          <Porc V="048,98"/>
          <Pregunta V="005"/>
        </lin>
        <lin>
          <Opcion V="001"/>
          <Votos V="2809"/>
          <Porc V="047,96"/>
          <Pregunta V="006"/>
        </lin>
        <lin>
          <Opcion V="002"/>
          <Votos V="3047"/>
          <Porc V="052,03"/>
          <Pregunta V="006"/>
        </lin>
        <lin>
          <Opcion V="001"/>
          <Votos V="3438"/>
          <Porc V="054,06"/>
          <Pregunta V="007"/>
        </lin>
        <lin>
          <Opcion V="002"/>
          <Votos V="2921"/>
          <Porc V="045,93"/>
          <Pregunta V="007"/>
        </lin>
      </Detalle_Opcion>
    </lin>
  </Detalle_Circunscripcion>
</Boletin>
</Boletin_Consolidado>