<Boletin_Consolidado><Boletin>
  <Numero V="0008"/>
  <Boletin_Departamental V="0012"/>
  <Tipo_Boletin V="DEPARTAMENTAL"/>
  <Desc_Corporacion V="CONSULTA POPULAR"/>
  <Departamento V="01"/>
  <Desc_Departamento V="ANTIOQUIA"/>
  <Municipio V="148"/>
  <Desc_Municipio V="HELICONIA"/>
  <Dia V="21"/>
  <Mes V="8"/>
  <Anio V="2018"/>
  <Hora V="14"/>
  <Minuto V="15"/>
  <Mesas_Instaladas V="18"/>
  <Mesas_Informadas V="18"/>
  <Porc_Mesas_Informadas V="100,00"/>
  <Potencial_Sufragantes V="6047"/>
  <Detalle_Circunscripcion>
    <lin>
      <Circunscripcion V="0"/>
      <Desc_Circunscripcion V="NACIONAL"/>
      <Detalle_Pregunta>
        <lin>
          <Pregunta V="001"/>
          <Total_Sufragantes V="6047"/>
          <Porc_Sufragantes V="100,00"/>
          <Abstencion V="0"/>
          <Porc_Abstencion V="000,00"/>
          <Votos_Validos V="3023"/>
          <Porc_Votos_Validos V="049,99"/>
          <Votos_No_Marcados V="1478"/>
          <Porc_Votos_No_Marcados V="024,44"/>
          <Votos_Nulos V="1546"/>
          <Porc_Votos_Nulos V="025,56"/>
        </lin>
        <lin>
          <Pregunta V="002"/>
          <Total_Sufragantes V="6047"/>
          <Porc_Sufragantes V="100,00"/>
          <Abstencion V="0"/>
          <Porc_Abstencion V="000,00"/>
          <Votos_Validos V="3702"/>
          <Porc_Votos_Validos V="061,22"/>
          <Votos_No_Marcados V="1204"/>
          <Porc_Votos_No_Marcados V="019,91"/>
          <Votos_Nulos V="1141"/>
          <Porc_Votos_Nulos V="018,86"/>
        </lin>
        <lin>
          <Pregunta V="003"/>
          <Total_Sufragantes V="6047"/>
          <Porc_Sufragantes V="100,00"/>
          <Abstencion V="0"/>
          <Porc_Abstencion V="000,00"/>
          <Votos_Validos V="3025"/>
          <Porc_Votos_Validos V="050,02"/>
          <Votos_No_Marcados V="1481"/>
          <Porc_Votos_No_Marcados V="024,49"/>
          <Votos_Nulos V="1541"/>
          <Porc_Votos_Nulos V="025,48"/>
        </lin>
        <lin>
          <Pregunta V="004"/>
          <Total_Sufragantes V="6047"/>
          <Porc_Sufragantes V="100,00"/>
          <Abstencion V="0"/>
          <Porc_Abstencion V="000,00"/>
          <Votos_Validos V="3289"/>
          <Porc_Votos_Validos V="054,39"/>
          <Votos_No_Marcados V="1016"/>
          <Porc_Votos_No_Marcados V="016,80"/>
          <Votos_Nulos V="1742"/>
          <Porc_Votos_Nulos V="028,80"/>
        </lin>
        <lin>
          <Pregunta V="005"/>
          <Total_Sufragantes V="6047"/>
          <Porc_Sufragantes V="100,00"/>
          <Abstencion V="0"/>
          <Porc_Abstencion V="000,00"/>
          <Votos_Validos V="2675"/>
          <Porc_Votos_Validos V="044,23"/>
          <Votos_No_Marcados V="1500"/>
          <Porc_Votos_No_Marcados V="024,80"/>
          <Votos_Nulos V="1872"/>
          <Porc_Votos_Nulos V="030,95"/>
        </lin>
        <lin>
          <Pregunta V="006"/>
          <Total_Sufragantes V="6047"/>
          <Porc_Sufragantes V="100,00"/>
          <Abstencion V="0"/>
          <Porc_Abstencion V="000,00"/>
          <Votos_Validos V="2992"/>
          <Porc_Votos_Validos V="049,47"/>
          <Votos_No_Marcados V="1280"/>
          <Porc_Votos_No_Marcados V="021,16"/>
          <Votos_Nulos V="1775"/>
          <Porc_Votos_Nulos V="029,35"/>
        </lin>
        <lin>
          <Pregunta V="007"/>
          <Total_Sufragantes V="6047"/>
          <Porc_Sufragantes V="100,00"/>
          <Abstencion V="0"/>
          <Porc_Abstencion V="000,00"/>
          <Votos_Validos V="3036"/>
          <Porc_Votos_Validos V="050,20"/>
          <Votos_No_Marcados V="1450"/>
          <Porc_Votos_No_Marcados V="023,97"/>
          <Votos_Nulos V="1561"/>
          <Porc_Votos_Nulos V="025,81"/>
        </lin>
      </Detalle_Pregunta>
      <Detalle_Opcion>
        <lin>
          <Opcion V="001"/>
          <Votos V="1464"/>
          <Porc V="048,42"/>
          <Pregunta V="001"/>
        </lin>
        <lin>
          <Opcion V="002"/>
          <Votos V="1559"/>
          <Porc V="051,57"/>
          <Pregunta V="001"/>
        </lin>
        <lin>
          <Opcion V="001"/>
          <Votos V="2016"/>
          <Porc V="054,45"/>
          <Pregunta V="002"/>
        </lin>
        <lin>
          <Opcion V="002"/>
          <Votos V="1686"/>
          <Porc V="045,54"/>
          <Pregunta V="002"/>
        </lin>
        <lin>
          <Opcion V="001"/>
          <Votos V="1412"/>
          <Porc V="046,67"/>
          <Pregunta V="003"/>
        </lin>
        <lin>
          <Opcion V="002"/>
          <Votos V="1613"/>
          <Porc V="053,32"/>
          <Pregunta V="003"/>
        </lin>
        <lin>
          <Opcion V="001"/>
          <Votos V="1743"/>
          <Porc V="052,99"/>
          <Pregunta V="004"/>
        </lin>
        <lin>
          <Opcion V="002"/>
          <Votos V="1546"/>
          <Porc V="047,00"/>
          <Pregunta V="004"/>
        </lin>
        <lin>
          <Opcion V="001"/>
          <Votos V="1137"/>
          <Porc V="042,50"/>
          <Pregunta V="005"/>
        </lin>
        <lin>
          <Opcion V="002"/>
          <Votos V="1538"/>
          <Porc V="057,49"/>
          <Pregunta V="005"/>
        </lin>
        <lin>
          <Opcion V="001"/>
          <Votos V="1574"/>
          <Porc V="052,60"/>
          <Pregunta V="006"/>
        </lin>
        <lin>
          <Opcion V="002"/>
          <Votos V="1418"/>
          <Porc V="047,39"/>
          <Pregunta V="006"/>
        </lin>
        <lin>
          <Opcion V="001"/>
          <Votos V="1303"/>
          <Porc V="042,91"/>
          <Pregunta V="007"/>
        </lin>
        <lin>
          <Opcion V="002"/>
          <Votos V="1733"/>
          <Porc V="057,08"/>
          <Pregunta V="007"/>
        </lin>
      </Detalle_Opcion>
    </lin>
  </Detalle_Circunscripcion>
</Boletin>
</Boletin_Consolidado>