<Boletin_Consolidado><Boletin>
  <Numero V="0008"/>
  <Boletin_Departamental V="0012"/>
  <Tipo_Boletin V="DEPARTAMENTAL"/>
  <Desc_Corporacion V="CONSULTA POPULAR"/>
  <Departamento V="15"/>
  <Desc_Departamento V="CUNDINAMARCA"/>
  <Municipio V="013"/>
  <Desc_Municipio V="ANOLAIMA"/>
  <Dia V="21"/>
  <Mes V="8"/>
  <Anio V="2018"/>
  <Hora V="14"/>
  <Minuto V="15"/>
  <Mesas_Instaladas V="32"/>
  <Mesas_Informadas V="32"/>
  <Porc_Mesas_Informadas V="100,00"/>
  <Potencial_Sufragantes V="11473"/>
  <Detalle_Circunscripcion>
    <lin>
      <Circunscripcion V="0"/>
      <Desc_Circunscripcion V="NACIONAL"/>
      <Detalle_Pregunta>
        <lin>
          <Pregunta V="001"/>
          <Total_Sufragantes V="11473"/>
          <Porc_Sufragantes V="100,00"/>
          <Abstencion V="0"/>
          <Porc_Abstencion V="000,00"/>
          <Votos_Validos V="5569"/>
          <Porc_Votos_Validos V="048,54"/>
          <Votos_No_Marcados V="3129"/>
          <Porc_Votos_No_Marcados V="027,27"/>
          <Votos_Nulos V="2775"/>
          <Porc_Votos_Nulos V="024,18"/>
        </lin>
        <lin>
          <Pregunta V="002"/>
          <Total_Sufragantes V="11473"/>
          <Porc_Sufragantes V="100,00"/>
          <Abstencion V="0"/>
          <Porc_Abstencion V="000,00"/>
          <Votos_Validos V="5647"/>
          <Porc_Votos_Validos V="049,21"/>
          <Votos_No_Marcados V="2973"/>
          <Porc_Votos_No_Marcados V="025,91"/>
          <Votos_Nulos V="2853"/>
          <Porc_Votos_Nulos V="024,86"/>
        </lin>
        <lin>
          <Pregunta V="003"/>
          <Total_Sufragantes V="11473"/>
          <Porc_Sufragantes V="100,00"/>
          <Abstencion V="0"/>
          <Porc_Abstencion V="000,00"/>
          <Votos_Validos V="5808"/>
          <Porc_Votos_Validos V="050,62"/>
          <Votos_No_Marcados V="3134"/>
          <Porc_Votos_No_Marcados V="027,31"/>
          <Votos_Nulos V="2531"/>
          <Porc_Votos_Nulos V="022,06"/>
        </lin>
        <lin>
          <Pregunta V="004"/>
          <Total_Sufragantes V="11473"/>
          <Porc_Sufragantes V="100,00"/>
          <Abstencion V="0"/>
          <Porc_Abstencion V="000,00"/>
          <Votos_Validos V="6464"/>
          <Porc_Votos_Validos V="056,34"/>
          <Votos_No_Marcados V="2629"/>
          <Porc_Votos_No_Marcados V="022,91"/>
          <Votos_Nulos V="2380"/>
          <Porc_Votos_Nulos V="020,74"/>
        </lin>
        <lin>
          <Pregunta V="005"/>
          <Total_Sufragantes V="11473"/>
          <Porc_Sufragantes V="100,00"/>
          <Abstencion V="0"/>
          <Porc_Abstencion V="000,00"/>
          <Votos_Validos V="5503"/>
          <Porc_Votos_Validos V="047,96"/>
          <Votos_No_Marcados V="2927"/>
          <Porc_Votos_No_Marcados V="025,51"/>
          <Votos_Nulos V="3043"/>
          <Porc_Votos_Nulos V="026,52"/>
        </lin>
        <lin>
          <Pregunta V="006"/>
          <Total_Sufragantes V="11473"/>
          <Porc_Sufragantes V="100,00"/>
          <Abstencion V="0"/>
          <Porc_Abstencion V="000,00"/>
          <Votos_Validos V="5248"/>
          <Porc_Votos_Validos V="045,74"/>
          <Votos_No_Marcados V="3172"/>
          <Porc_Votos_No_Marcados V="027,64"/>
          <Votos_Nulos V="3053"/>
          <Porc_Votos_Nulos V="026,61"/>
        </lin>
        <lin>
          <Pregunta V="007"/>
          <Total_Sufragantes V="11473"/>
          <Porc_Sufragantes V="100,00"/>
          <Abstencion V="0"/>
          <Porc_Abstencion V="000,00"/>
          <Votos_Validos V="5872"/>
          <Porc_Votos_Validos V="051,18"/>
          <Votos_No_Marcados V="2696"/>
          <Porc_Votos_No_Marcados V="023,49"/>
          <Votos_Nulos V="2905"/>
          <Porc_Votos_Nulos V="025,32"/>
        </lin>
      </Detalle_Pregunta>
      <Detalle_Opcion>
        <lin>
          <Opcion V="001"/>
          <Votos V="2954"/>
          <Porc V="053,04"/>
          <Pregunta V="001"/>
        </lin>
        <lin>
          <Opcion V="002"/>
          <Votos V="2615"/>
          <Porc V="046,95"/>
          <Pregunta V="001"/>
        </lin>
        <lin>
          <Opcion V="001"/>
          <Votos V="2411"/>
          <Porc V="042,69"/>
          <Pregunta V="002"/>
        </lin>
        <lin>
          <Opcion V="002"/>
          <Votos V="3236"/>
          <Porc V="057,30"/>
          <Pregunta V="002"/>
        </lin>
        <lin>
          <Opcion V="001"/>
          <Votos V="2773"/>
          <Porc V="047,74"/>
          <Pregunta V="003"/>
        </lin>
        <lin>
          <Opcion V="002"/>
          <Votos V="3035"/>
          <Porc V="052,25"/>
          <Pregunta V="003"/>
        </lin>
        <lin>
          <Opcion V="001"/>
          <Votos V="3072"/>
          <Porc V="047,52"/>
          <Pregunta V="004"/>
        </lin>
        <lin>
          <Opcion V="002"/>
          <Votos V="3392"/>
          <Porc V="052,47"/>
          <Pregunta V="004"/>
        </lin>
        <lin>
          <Opcion V="001"/>
          <Votos V="2981"/>
          <Porc V="054,17"/>
          <Pregunta V="005"/>
        </lin>
        <lin>
          <Opcion V="002"/>
          <Votos V="2522"/>
          <Porc V="045,82"/>
          <Pregunta V="005"/>
        </lin>
        <lin>
          <Opcion V="001"/>
          <Votos V="2713"/>
          <Porc V="051,69"/>
          <Pregunta V="006"/>
        </lin>
        <lin>
          <Opcion V="002"/>
          <Votos V="2535"/>
          <Porc V="048,30"/>
          <Pregunta V="006"/>
        </lin>
        <lin>
          <Opcion V="001"/>
          <Votos V="2827"/>
          <Porc V="048,14"/>
          <Pregunta V="007"/>
        </lin>
        <lin>
          <Opcion V="002"/>
          <Votos V="3045"/>
          <Porc V="051,85"/>
          <Pregunta V="007"/>
        </lin>
      </Detalle_Opcion>
    </lin>
  </Detalle_Circunscripcion>
</Boletin>
</Boletin_Consolidado>