<Boletin_Consolidado><Boletin>
  <Numero V="0008"/>
  <Boletin_Departamental V="0012"/>
  <Tipo_Boletin V="DEPARTAMENTAL"/>
  <Desc_Corporacion V="CONSULTA POPULAR"/>
  <Departamento V="01"/>
  <Desc_Departamento V="ANTIOQUIA"/>
  <Municipio V="172"/>
  <Desc_Municipio V="LIBORINA"/>
  <Dia V="21"/>
  <Mes V="8"/>
  <Anio V="2018"/>
  <Hora V="14"/>
  <Minuto V="15"/>
  <Mesas_Instaladas V="26"/>
  <Mesas_Informadas V="26"/>
  <Porc_Mesas_Informadas V="100,00"/>
  <Potencial_Sufragantes V="9159"/>
  <Detalle_Circunscripcion>
    <lin>
      <Circunscripcion V="0"/>
      <Desc_Circunscripcion V="NACIONAL"/>
      <Detalle_Pregunta>
        <lin>
          <Pregunta V="001"/>
          <Total_Sufragantes V="9159"/>
          <Porc_Sufragantes V="100,00"/>
          <Abstencion V="0"/>
          <Porc_Abstencion V="000,00"/>
          <Votos_Validos V="4344"/>
          <Porc_Votos_Validos V="047,42"/>
          <Votos_No_Marcados V="2470"/>
          <Porc_Votos_No_Marcados V="026,96"/>
          <Votos_Nulos V="2345"/>
          <Porc_Votos_Nulos V="025,60"/>
        </lin>
        <lin>
          <Pregunta V="002"/>
          <Total_Sufragantes V="9159"/>
          <Porc_Sufragantes V="100,00"/>
          <Abstencion V="0"/>
          <Porc_Abstencion V="000,00"/>
          <Votos_Validos V="4586"/>
          <Porc_Votos_Validos V="050,07"/>
          <Votos_No_Marcados V="2543"/>
          <Porc_Votos_No_Marcados V="027,76"/>
          <Votos_Nulos V="2030"/>
          <Porc_Votos_Nulos V="022,16"/>
        </lin>
        <lin>
          <Pregunta V="003"/>
          <Total_Sufragantes V="9159"/>
          <Porc_Sufragantes V="100,00"/>
          <Abstencion V="0"/>
          <Porc_Abstencion V="000,00"/>
          <Votos_Validos V="4204"/>
          <Porc_Votos_Validos V="045,90"/>
          <Votos_No_Marcados V="2281"/>
          <Porc_Votos_No_Marcados V="024,90"/>
          <Votos_Nulos V="2674"/>
          <Porc_Votos_Nulos V="029,19"/>
        </lin>
        <lin>
          <Pregunta V="004"/>
          <Total_Sufragantes V="9159"/>
          <Porc_Sufragantes V="100,00"/>
          <Abstencion V="0"/>
          <Porc_Abstencion V="000,00"/>
          <Votos_Validos V="5196"/>
          <Porc_Votos_Validos V="056,73"/>
          <Votos_No_Marcados V="2193"/>
          <Porc_Votos_No_Marcados V="023,94"/>
          <Votos_Nulos V="1770"/>
          <Porc_Votos_Nulos V="019,32"/>
        </lin>
        <lin>
          <Pregunta V="005"/>
          <Total_Sufragantes V="9159"/>
          <Porc_Sufragantes V="100,00"/>
          <Abstencion V="0"/>
          <Porc_Abstencion V="000,00"/>
          <Votos_Validos V="4825"/>
          <Porc_Votos_Validos V="052,68"/>
          <Votos_No_Marcados V="1830"/>
          <Porc_Votos_No_Marcados V="019,98"/>
          <Votos_Nulos V="2504"/>
          <Porc_Votos_Nulos V="027,33"/>
        </lin>
        <lin>
          <Pregunta V="006"/>
          <Total_Sufragantes V="9159"/>
          <Porc_Sufragantes V="100,00"/>
          <Abstencion V="0"/>
          <Porc_Abstencion V="000,00"/>
          <Votos_Validos V="3742"/>
          <Porc_Votos_Validos V="040,85"/>
          <Votos_No_Marcados V="2695"/>
          <Porc_Votos_No_Marcados V="029,42"/>
          <Votos_Nulos V="2722"/>
          <Porc_Votos_Nulos V="029,71"/>
        </lin>
        <lin>
          <Pregunta V="007"/>
          <Total_Sufragantes V="9159"/>
          <Porc_Sufragantes V="100,00"/>
          <Abstencion V="0"/>
          <Porc_Abstencion V="000,00"/>
          <Votos_Validos V="4000"/>
          <Porc_Votos_Validos V="043,67"/>
          <Votos_No_Marcados V="2339"/>
          <Porc_Votos_No_Marcados V="025,53"/>
          <Votos_Nulos V="2820"/>
          <Porc_Votos_Nulos V="030,78"/>
        </lin>
      </Detalle_Pregunta>
      <Detalle_Opcion>
        <lin>
          <Opcion V="001"/>
          <Votos V="2259"/>
          <Porc V="052,00"/>
          <Pregunta V="001"/>
        </lin>
        <lin>
          <Opcion V="002"/>
          <Votos V="2085"/>
          <Porc V="047,99"/>
          <Pregunta V="001"/>
        </lin>
        <lin>
          <Opcion V="001"/>
          <Votos V="1837"/>
          <Porc V="040,05"/>
          <Pregunta V="002"/>
        </lin>
        <lin>
          <Opcion V="002"/>
          <Votos V="2749"/>
          <Porc V="059,94"/>
          <Pregunta V="002"/>
        </lin>
        <lin>
          <Opcion V="001"/>
          <Votos V="1991"/>
          <Porc V="047,35"/>
          <Pregunta V="003"/>
        </lin>
        <lin>
          <Opcion V="002"/>
          <Votos V="2213"/>
          <Porc V="052,64"/>
          <Pregunta V="003"/>
        </lin>
        <lin>
          <Opcion V="001"/>
          <Votos V="2125"/>
          <Porc V="040,89"/>
          <Pregunta V="004"/>
        </lin>
        <lin>
          <Opcion V="002"/>
          <Votos V="3071"/>
          <Porc V="059,10"/>
          <Pregunta V="004"/>
        </lin>
        <lin>
          <Opcion V="001"/>
          <Votos V="2868"/>
          <Porc V="059,44"/>
          <Pregunta V="005"/>
        </lin>
        <lin>
          <Opcion V="002"/>
          <Votos V="1957"/>
          <Porc V="040,55"/>
          <Pregunta V="005"/>
        </lin>
        <lin>
          <Opcion V="001"/>
          <Votos V="1644"/>
          <Porc V="043,93"/>
          <Pregunta V="006"/>
        </lin>
        <lin>
          <Opcion V="002"/>
          <Votos V="2098"/>
          <Porc V="056,06"/>
          <Pregunta V="006"/>
        </lin>
        <lin>
          <Opcion V="001"/>
          <Votos V="1816"/>
          <Porc V="045,40"/>
          <Pregunta V="007"/>
        </lin>
        <lin>
          <Opcion V="002"/>
          <Votos V="2184"/>
          <Porc V="054,60"/>
          <Pregunta V="007"/>
        </lin>
      </Detalle_Opcion>
    </lin>
  </Detalle_Circunscripcion>
</Boletin>
</Boletin_Consolidado>