<Boletin_Consolidado><Boletin>
  <Numero V="0008"/>
  <Boletin_Departamental V="0012"/>
  <Tipo_Boletin V="DEPARTAMENTAL"/>
  <Desc_Corporacion V="CONSULTA POPULAR"/>
  <Departamento V="07"/>
  <Desc_Departamento V="BOYACA"/>
  <Municipio V="091"/>
  <Desc_Municipio V="FLORESTA"/>
  <Dia V="21"/>
  <Mes V="8"/>
  <Anio V="2018"/>
  <Hora V="14"/>
  <Minuto V="15"/>
  <Mesas_Instaladas V="9"/>
  <Mesas_Informadas V="9"/>
  <Porc_Mesas_Informadas V="100,00"/>
  <Potencial_Sufragantes V="3105"/>
  <Detalle_Circunscripcion>
    <lin>
      <Circunscripcion V="0"/>
      <Desc_Circunscripcion V="NACIONAL"/>
      <Detalle_Pregunta>
        <lin>
          <Pregunta V="001"/>
          <Total_Sufragantes V="3105"/>
          <Porc_Sufragantes V="100,00"/>
          <Abstencion V="0"/>
          <Porc_Abstencion V="000,00"/>
          <Votos_Validos V="1634"/>
          <Porc_Votos_Validos V="052,62"/>
          <Votos_No_Marcados V="1004"/>
          <Porc_Votos_No_Marcados V="032,33"/>
          <Votos_Nulos V="467"/>
          <Porc_Votos_Nulos V="015,04"/>
        </lin>
        <lin>
          <Pregunta V="002"/>
          <Total_Sufragantes V="3105"/>
          <Porc_Sufragantes V="100,00"/>
          <Abstencion V="0"/>
          <Porc_Abstencion V="000,00"/>
          <Votos_Validos V="1605"/>
          <Porc_Votos_Validos V="051,69"/>
          <Votos_No_Marcados V="473"/>
          <Porc_Votos_No_Marcados V="015,23"/>
          <Votos_Nulos V="1027"/>
          <Porc_Votos_Nulos V="033,07"/>
        </lin>
        <lin>
          <Pregunta V="003"/>
          <Total_Sufragantes V="3105"/>
          <Porc_Sufragantes V="100,00"/>
          <Abstencion V="0"/>
          <Porc_Abstencion V="000,00"/>
          <Votos_Validos V="1187"/>
          <Porc_Votos_Validos V="038,22"/>
          <Votos_No_Marcados V="837"/>
          <Porc_Votos_No_Marcados V="026,95"/>
          <Votos_Nulos V="1081"/>
          <Porc_Votos_Nulos V="034,81"/>
        </lin>
        <lin>
          <Pregunta V="004"/>
          <Total_Sufragantes V="3105"/>
          <Porc_Sufragantes V="100,00"/>
          <Abstencion V="0"/>
          <Porc_Abstencion V="000,00"/>
          <Votos_Validos V="1585"/>
          <Porc_Votos_Validos V="051,04"/>
          <Votos_No_Marcados V="705"/>
          <Porc_Votos_No_Marcados V="022,70"/>
          <Votos_Nulos V="815"/>
          <Porc_Votos_Nulos V="026,24"/>
        </lin>
        <lin>
          <Pregunta V="005"/>
          <Total_Sufragantes V="3105"/>
          <Porc_Sufragantes V="100,00"/>
          <Abstencion V="0"/>
          <Porc_Abstencion V="000,00"/>
          <Votos_Validos V="1648"/>
          <Porc_Votos_Validos V="053,07"/>
          <Votos_No_Marcados V="623"/>
          <Porc_Votos_No_Marcados V="020,06"/>
          <Votos_Nulos V="834"/>
          <Porc_Votos_Nulos V="026,85"/>
        </lin>
        <lin>
          <Pregunta V="006"/>
          <Total_Sufragantes V="3105"/>
          <Porc_Sufragantes V="100,00"/>
          <Abstencion V="0"/>
          <Porc_Abstencion V="000,00"/>
          <Votos_Validos V="1832"/>
          <Porc_Votos_Validos V="059,00"/>
          <Votos_No_Marcados V="590"/>
          <Porc_Votos_No_Marcados V="019,00"/>
          <Votos_Nulos V="683"/>
          <Porc_Votos_Nulos V="021,99"/>
        </lin>
        <lin>
          <Pregunta V="007"/>
          <Total_Sufragantes V="3105"/>
          <Porc_Sufragantes V="100,00"/>
          <Abstencion V="0"/>
          <Porc_Abstencion V="000,00"/>
          <Votos_Validos V="1656"/>
          <Porc_Votos_Validos V="053,33"/>
          <Votos_No_Marcados V="871"/>
          <Porc_Votos_No_Marcados V="028,05"/>
          <Votos_Nulos V="578"/>
          <Porc_Votos_Nulos V="018,61"/>
        </lin>
      </Detalle_Pregunta>
      <Detalle_Opcion>
        <lin>
          <Opcion V="001"/>
          <Votos V="816"/>
          <Porc V="049,93"/>
          <Pregunta V="001"/>
        </lin>
        <lin>
          <Opcion V="002"/>
          <Votos V="818"/>
          <Porc V="050,06"/>
          <Pregunta V="001"/>
        </lin>
        <lin>
          <Opcion V="001"/>
          <Votos V="723"/>
          <Porc V="045,04"/>
          <Pregunta V="002"/>
        </lin>
        <lin>
          <Opcion V="002"/>
          <Votos V="882"/>
          <Porc V="054,95"/>
          <Pregunta V="002"/>
        </lin>
        <lin>
          <Opcion V="001"/>
          <Votos V="542"/>
          <Porc V="045,66"/>
          <Pregunta V="003"/>
        </lin>
        <lin>
          <Opcion V="002"/>
          <Votos V="645"/>
          <Porc V="054,33"/>
          <Pregunta V="003"/>
        </lin>
        <lin>
          <Opcion V="001"/>
          <Votos V="848"/>
          <Porc V="053,50"/>
          <Pregunta V="004"/>
        </lin>
        <lin>
          <Opcion V="002"/>
          <Votos V="737"/>
          <Porc V="046,49"/>
          <Pregunta V="004"/>
        </lin>
        <lin>
          <Opcion V="001"/>
          <Votos V="620"/>
          <Porc V="037,62"/>
          <Pregunta V="005"/>
        </lin>
        <lin>
          <Opcion V="002"/>
          <Votos V="1028"/>
          <Porc V="062,37"/>
          <Pregunta V="005"/>
        </lin>
        <lin>
          <Opcion V="001"/>
          <Votos V="950"/>
          <Porc V="051,85"/>
          <Pregunta V="006"/>
        </lin>
        <lin>
          <Opcion V="002"/>
          <Votos V="882"/>
          <Porc V="048,14"/>
          <Pregunta V="006"/>
        </lin>
        <lin>
          <Opcion V="001"/>
          <Votos V="740"/>
          <Porc V="044,68"/>
          <Pregunta V="007"/>
        </lin>
        <lin>
          <Opcion V="002"/>
          <Votos V="916"/>
          <Porc V="055,31"/>
          <Pregunta V="007"/>
        </lin>
      </Detalle_Opcion>
    </lin>
  </Detalle_Circunscripcion>
</Boletin>
</Boletin_Consolidado>