<Boletin_Consolidado><Boletin>
  <Numero V="0008"/>
  <Boletin_Departamental V="0012"/>
  <Tipo_Boletin V="DEPARTAMENTAL"/>
  <Desc_Corporacion V="CONSULTA POPULAR"/>
  <Departamento V="13"/>
  <Desc_Departamento V="CORDOBA"/>
  <Municipio V="037"/>
  <Desc_Municipio V="SAHAGUN"/>
  <Dia V="21"/>
  <Mes V="8"/>
  <Anio V="2018"/>
  <Hora V="14"/>
  <Minuto V="15"/>
  <Mesas_Instaladas V="222"/>
  <Mesas_Informadas V="222"/>
  <Porc_Mesas_Informadas V="100,00"/>
  <Potencial_Sufragantes V="79885"/>
  <Detalle_Circunscripcion>
    <lin>
      <Circunscripcion V="0"/>
      <Desc_Circunscripcion V="NACIONAL"/>
      <Detalle_Pregunta>
        <lin>
          <Pregunta V="001"/>
          <Total_Sufragantes V="79885"/>
          <Porc_Sufragantes V="100,00"/>
          <Abstencion V="0"/>
          <Porc_Abstencion V="000,00"/>
          <Votos_Validos V="40191"/>
          <Porc_Votos_Validos V="050,31"/>
          <Votos_No_Marcados V="18817"/>
          <Porc_Votos_No_Marcados V="023,55"/>
          <Votos_Nulos V="20877"/>
          <Porc_Votos_Nulos V="026,13"/>
        </lin>
        <lin>
          <Pregunta V="002"/>
          <Total_Sufragantes V="79885"/>
          <Porc_Sufragantes V="100,00"/>
          <Abstencion V="0"/>
          <Porc_Abstencion V="000,00"/>
          <Votos_Validos V="40802"/>
          <Porc_Votos_Validos V="051,07"/>
          <Votos_No_Marcados V="18748"/>
          <Porc_Votos_No_Marcados V="023,46"/>
          <Votos_Nulos V="20335"/>
          <Porc_Votos_Nulos V="025,45"/>
        </lin>
        <lin>
          <Pregunta V="003"/>
          <Total_Sufragantes V="79885"/>
          <Porc_Sufragantes V="100,00"/>
          <Abstencion V="0"/>
          <Porc_Abstencion V="000,00"/>
          <Votos_Validos V="38954"/>
          <Porc_Votos_Validos V="048,76"/>
          <Votos_No_Marcados V="19723"/>
          <Porc_Votos_No_Marcados V="024,68"/>
          <Votos_Nulos V="21208"/>
          <Porc_Votos_Nulos V="026,54"/>
        </lin>
        <lin>
          <Pregunta V="004"/>
          <Total_Sufragantes V="79885"/>
          <Porc_Sufragantes V="100,00"/>
          <Abstencion V="0"/>
          <Porc_Abstencion V="000,00"/>
          <Votos_Validos V="39509"/>
          <Porc_Votos_Validos V="049,45"/>
          <Votos_No_Marcados V="19980"/>
          <Porc_Votos_No_Marcados V="025,01"/>
          <Votos_Nulos V="20396"/>
          <Porc_Votos_Nulos V="025,53"/>
        </lin>
        <lin>
          <Pregunta V="005"/>
          <Total_Sufragantes V="79885"/>
          <Porc_Sufragantes V="100,00"/>
          <Abstencion V="0"/>
          <Porc_Abstencion V="000,00"/>
          <Votos_Validos V="39915"/>
          <Porc_Votos_Validos V="049,96"/>
          <Votos_No_Marcados V="20557"/>
          <Porc_Votos_No_Marcados V="025,73"/>
          <Votos_Nulos V="19413"/>
          <Porc_Votos_Nulos V="024,30"/>
        </lin>
        <lin>
          <Pregunta V="006"/>
          <Total_Sufragantes V="79885"/>
          <Porc_Sufragantes V="100,00"/>
          <Abstencion V="0"/>
          <Porc_Abstencion V="000,00"/>
          <Votos_Validos V="41457"/>
          <Porc_Votos_Validos V="051,89"/>
          <Votos_No_Marcados V="18938"/>
          <Porc_Votos_No_Marcados V="023,70"/>
          <Votos_Nulos V="19490"/>
          <Porc_Votos_Nulos V="024,39"/>
        </lin>
        <lin>
          <Pregunta V="007"/>
          <Total_Sufragantes V="79885"/>
          <Porc_Sufragantes V="100,00"/>
          <Abstencion V="0"/>
          <Porc_Abstencion V="000,00"/>
          <Votos_Validos V="40536"/>
          <Porc_Votos_Validos V="050,74"/>
          <Votos_No_Marcados V="19311"/>
          <Porc_Votos_No_Marcados V="024,17"/>
          <Votos_Nulos V="20038"/>
          <Porc_Votos_Nulos V="025,08"/>
        </lin>
      </Detalle_Pregunta>
      <Detalle_Opcion>
        <lin>
          <Opcion V="001"/>
          <Votos V="20976"/>
          <Porc V="052,19"/>
          <Pregunta V="001"/>
        </lin>
        <lin>
          <Opcion V="002"/>
          <Votos V="19215"/>
          <Porc V="047,80"/>
          <Pregunta V="001"/>
        </lin>
        <lin>
          <Opcion V="001"/>
          <Votos V="21282"/>
          <Porc V="052,15"/>
          <Pregunta V="002"/>
        </lin>
        <lin>
          <Opcion V="002"/>
          <Votos V="19520"/>
          <Porc V="047,84"/>
          <Pregunta V="002"/>
        </lin>
        <lin>
          <Opcion V="001"/>
          <Votos V="20742"/>
          <Porc V="053,24"/>
          <Pregunta V="003"/>
        </lin>
        <lin>
          <Opcion V="002"/>
          <Votos V="18212"/>
          <Porc V="046,75"/>
          <Pregunta V="003"/>
        </lin>
        <lin>
          <Opcion V="001"/>
          <Votos V="20556"/>
          <Porc V="052,02"/>
          <Pregunta V="004"/>
        </lin>
        <lin>
          <Opcion V="002"/>
          <Votos V="18953"/>
          <Porc V="047,97"/>
          <Pregunta V="004"/>
        </lin>
        <lin>
          <Opcion V="001"/>
          <Votos V="19368"/>
          <Porc V="048,52"/>
          <Pregunta V="005"/>
        </lin>
        <lin>
          <Opcion V="002"/>
          <Votos V="20547"/>
          <Porc V="051,47"/>
          <Pregunta V="005"/>
        </lin>
        <lin>
          <Opcion V="001"/>
          <Votos V="20501"/>
          <Porc V="049,45"/>
          <Pregunta V="006"/>
        </lin>
        <lin>
          <Opcion V="002"/>
          <Votos V="20956"/>
          <Porc V="050,54"/>
          <Pregunta V="006"/>
        </lin>
        <lin>
          <Opcion V="001"/>
          <Votos V="20603"/>
          <Porc V="050,82"/>
          <Pregunta V="007"/>
        </lin>
        <lin>
          <Opcion V="002"/>
          <Votos V="19933"/>
          <Porc V="049,17"/>
          <Pregunta V="007"/>
        </lin>
      </Detalle_Opcion>
    </lin>
  </Detalle_Circunscripcion>
</Boletin>
</Boletin_Consolidado>