<Boletin_Consolidado><Boletin>
  <Numero V="0008"/>
  <Boletin_Departamental V="0011"/>
  <Tipo_Boletin V="DEPARTAMENTAL"/>
  <Desc_Corporacion V="CONSULTA POPULAR"/>
  <Departamento V="07"/>
  <Desc_Departamento V="BOYACA"/>
  <Municipio V="031"/>
  <Desc_Municipio V="BUENAVISTA"/>
  <Dia V="21"/>
  <Mes V="8"/>
  <Anio V="2018"/>
  <Hora V="14"/>
  <Minuto V="15"/>
  <Mesas_Instaladas V="14"/>
  <Mesas_Informadas V="14"/>
  <Porc_Mesas_Informadas V="100,00"/>
  <Potencial_Sufragantes V="4604"/>
  <Detalle_Circunscripcion>
    <lin>
      <Circunscripcion V="0"/>
      <Desc_Circunscripcion V="NACIONAL"/>
      <Detalle_Pregunta>
        <lin>
          <Pregunta V="001"/>
          <Total_Sufragantes V="4604"/>
          <Porc_Sufragantes V="100,00"/>
          <Abstencion V="0"/>
          <Porc_Abstencion V="000,00"/>
          <Votos_Validos V="2180"/>
          <Porc_Votos_Validos V="047,35"/>
          <Votos_No_Marcados V="997"/>
          <Porc_Votos_No_Marcados V="021,65"/>
          <Votos_Nulos V="1427"/>
          <Porc_Votos_Nulos V="030,99"/>
        </lin>
        <lin>
          <Pregunta V="002"/>
          <Total_Sufragantes V="4604"/>
          <Porc_Sufragantes V="100,00"/>
          <Abstencion V="0"/>
          <Porc_Abstencion V="000,00"/>
          <Votos_Validos V="2415"/>
          <Porc_Votos_Validos V="052,45"/>
          <Votos_No_Marcados V="951"/>
          <Porc_Votos_No_Marcados V="020,65"/>
          <Votos_Nulos V="1238"/>
          <Porc_Votos_Nulos V="026,88"/>
        </lin>
        <lin>
          <Pregunta V="003"/>
          <Total_Sufragantes V="4604"/>
          <Porc_Sufragantes V="100,00"/>
          <Abstencion V="0"/>
          <Porc_Abstencion V="000,00"/>
          <Votos_Validos V="2735"/>
          <Porc_Votos_Validos V="059,40"/>
          <Votos_No_Marcados V="938"/>
          <Porc_Votos_No_Marcados V="020,37"/>
          <Votos_Nulos V="931"/>
          <Porc_Votos_Nulos V="020,22"/>
        </lin>
        <lin>
          <Pregunta V="004"/>
          <Total_Sufragantes V="4604"/>
          <Porc_Sufragantes V="100,00"/>
          <Abstencion V="0"/>
          <Porc_Abstencion V="000,00"/>
          <Votos_Validos V="2449"/>
          <Porc_Votos_Validos V="053,19"/>
          <Votos_No_Marcados V="1250"/>
          <Porc_Votos_No_Marcados V="027,15"/>
          <Votos_Nulos V="905"/>
          <Porc_Votos_Nulos V="019,65"/>
        </lin>
        <lin>
          <Pregunta V="005"/>
          <Total_Sufragantes V="4604"/>
          <Porc_Sufragantes V="100,00"/>
          <Abstencion V="0"/>
          <Porc_Abstencion V="000,00"/>
          <Votos_Validos V="2156"/>
          <Porc_Votos_Validos V="046,82"/>
          <Votos_No_Marcados V="1203"/>
          <Porc_Votos_No_Marcados V="026,12"/>
          <Votos_Nulos V="1245"/>
          <Porc_Votos_Nulos V="027,04"/>
        </lin>
        <lin>
          <Pregunta V="006"/>
          <Total_Sufragantes V="4604"/>
          <Porc_Sufragantes V="100,00"/>
          <Abstencion V="0"/>
          <Porc_Abstencion V="000,00"/>
          <Votos_Validos V="2254"/>
          <Porc_Votos_Validos V="048,95"/>
          <Votos_No_Marcados V="1055"/>
          <Porc_Votos_No_Marcados V="022,91"/>
          <Votos_Nulos V="1295"/>
          <Porc_Votos_Nulos V="028,12"/>
        </lin>
        <lin>
          <Pregunta V="007"/>
          <Total_Sufragantes V="4604"/>
          <Porc_Sufragantes V="100,00"/>
          <Abstencion V="0"/>
          <Porc_Abstencion V="000,00"/>
          <Votos_Validos V="2395"/>
          <Porc_Votos_Validos V="052,01"/>
          <Votos_No_Marcados V="1125"/>
          <Porc_Votos_No_Marcados V="024,43"/>
          <Votos_Nulos V="1084"/>
          <Porc_Votos_Nulos V="023,54"/>
        </lin>
      </Detalle_Pregunta>
      <Detalle_Opcion>
        <lin>
          <Opcion V="001"/>
          <Votos V="1441"/>
          <Porc V="066,10"/>
          <Pregunta V="001"/>
        </lin>
        <lin>
          <Opcion V="002"/>
          <Votos V="739"/>
          <Porc V="033,89"/>
          <Pregunta V="001"/>
        </lin>
        <lin>
          <Opcion V="001"/>
          <Votos V="973"/>
          <Porc V="040,28"/>
          <Pregunta V="002"/>
        </lin>
        <lin>
          <Opcion V="002"/>
          <Votos V="1442"/>
          <Porc V="059,71"/>
          <Pregunta V="002"/>
        </lin>
        <lin>
          <Opcion V="001"/>
          <Votos V="1400"/>
          <Porc V="051,18"/>
          <Pregunta V="003"/>
        </lin>
        <lin>
          <Opcion V="002"/>
          <Votos V="1335"/>
          <Porc V="048,81"/>
          <Pregunta V="003"/>
        </lin>
        <lin>
          <Opcion V="001"/>
          <Votos V="1290"/>
          <Porc V="052,67"/>
          <Pregunta V="004"/>
        </lin>
        <lin>
          <Opcion V="002"/>
          <Votos V="1159"/>
          <Porc V="047,32"/>
          <Pregunta V="004"/>
        </lin>
        <lin>
          <Opcion V="001"/>
          <Votos V="861"/>
          <Porc V="039,93"/>
          <Pregunta V="005"/>
        </lin>
        <lin>
          <Opcion V="002"/>
          <Votos V="1295"/>
          <Porc V="060,06"/>
          <Pregunta V="005"/>
        </lin>
        <lin>
          <Opcion V="001"/>
          <Votos V="645"/>
          <Porc V="028,61"/>
          <Pregunta V="006"/>
        </lin>
        <lin>
          <Opcion V="002"/>
          <Votos V="1609"/>
          <Porc V="071,38"/>
          <Pregunta V="006"/>
        </lin>
        <lin>
          <Opcion V="001"/>
          <Votos V="1568"/>
          <Porc V="065,46"/>
          <Pregunta V="007"/>
        </lin>
        <lin>
          <Opcion V="002"/>
          <Votos V="827"/>
          <Porc V="034,53"/>
          <Pregunta V="007"/>
        </lin>
      </Detalle_Opcion>
    </lin>
  </Detalle_Circunscripcion>
</Boletin>
</Boletin_Consolidado>