<Boletin_Consolidado><Boletin>
  <Numero V="0008"/>
  <Boletin_Departamental V="0009"/>
  <Tipo_Boletin V="DEPARTAMENTAL"/>
  <Desc_Corporacion V="CONSULTA POPULAR"/>
  <Departamento V="07"/>
  <Desc_Departamento V="BOYACA"/>
  <Municipio V="076"/>
  <Desc_Municipio V="CHITARAQUE"/>
  <Dia V="21"/>
  <Mes V="8"/>
  <Anio V="2018"/>
  <Hora V="14"/>
  <Minuto V="15"/>
  <Mesas_Instaladas V="16"/>
  <Mesas_Informadas V="16"/>
  <Porc_Mesas_Informadas V="100,00"/>
  <Potencial_Sufragantes V="5422"/>
  <Detalle_Circunscripcion>
    <lin>
      <Circunscripcion V="0"/>
      <Desc_Circunscripcion V="NACIONAL"/>
      <Detalle_Pregunta>
        <lin>
          <Pregunta V="001"/>
          <Total_Sufragantes V="5422"/>
          <Porc_Sufragantes V="100,00"/>
          <Abstencion V="0"/>
          <Porc_Abstencion V="000,00"/>
          <Votos_Validos V="2439"/>
          <Porc_Votos_Validos V="044,98"/>
          <Votos_No_Marcados V="1642"/>
          <Porc_Votos_No_Marcados V="030,28"/>
          <Votos_Nulos V="1341"/>
          <Porc_Votos_Nulos V="024,73"/>
        </lin>
        <lin>
          <Pregunta V="002"/>
          <Total_Sufragantes V="5422"/>
          <Porc_Sufragantes V="100,00"/>
          <Abstencion V="0"/>
          <Porc_Abstencion V="000,00"/>
          <Votos_Validos V="2921"/>
          <Porc_Votos_Validos V="053,87"/>
          <Votos_No_Marcados V="1170"/>
          <Porc_Votos_No_Marcados V="021,57"/>
          <Votos_Nulos V="1331"/>
          <Porc_Votos_Nulos V="024,54"/>
        </lin>
        <lin>
          <Pregunta V="003"/>
          <Total_Sufragantes V="5422"/>
          <Porc_Sufragantes V="100,00"/>
          <Abstencion V="0"/>
          <Porc_Abstencion V="000,00"/>
          <Votos_Validos V="2784"/>
          <Porc_Votos_Validos V="051,34"/>
          <Votos_No_Marcados V="1477"/>
          <Porc_Votos_No_Marcados V="027,24"/>
          <Votos_Nulos V="1161"/>
          <Porc_Votos_Nulos V="021,41"/>
        </lin>
        <lin>
          <Pregunta V="004"/>
          <Total_Sufragantes V="5422"/>
          <Porc_Sufragantes V="100,00"/>
          <Abstencion V="0"/>
          <Porc_Abstencion V="000,00"/>
          <Votos_Validos V="2461"/>
          <Porc_Votos_Validos V="045,38"/>
          <Votos_No_Marcados V="1527"/>
          <Porc_Votos_No_Marcados V="028,16"/>
          <Votos_Nulos V="1434"/>
          <Porc_Votos_Nulos V="026,44"/>
        </lin>
        <lin>
          <Pregunta V="005"/>
          <Total_Sufragantes V="5422"/>
          <Porc_Sufragantes V="100,00"/>
          <Abstencion V="0"/>
          <Porc_Abstencion V="000,00"/>
          <Votos_Validos V="3173"/>
          <Porc_Votos_Validos V="058,52"/>
          <Votos_No_Marcados V="944"/>
          <Porc_Votos_No_Marcados V="017,41"/>
          <Votos_Nulos V="1305"/>
          <Porc_Votos_Nulos V="024,06"/>
        </lin>
        <lin>
          <Pregunta V="006"/>
          <Total_Sufragantes V="5422"/>
          <Porc_Sufragantes V="100,00"/>
          <Abstencion V="0"/>
          <Porc_Abstencion V="000,00"/>
          <Votos_Validos V="2367"/>
          <Porc_Votos_Validos V="043,65"/>
          <Votos_No_Marcados V="1629"/>
          <Porc_Votos_No_Marcados V="030,04"/>
          <Votos_Nulos V="1426"/>
          <Porc_Votos_Nulos V="026,30"/>
        </lin>
        <lin>
          <Pregunta V="007"/>
          <Total_Sufragantes V="5422"/>
          <Porc_Sufragantes V="100,00"/>
          <Abstencion V="0"/>
          <Porc_Abstencion V="000,00"/>
          <Votos_Validos V="2566"/>
          <Porc_Votos_Validos V="047,32"/>
          <Votos_No_Marcados V="1497"/>
          <Porc_Votos_No_Marcados V="027,60"/>
          <Votos_Nulos V="1359"/>
          <Porc_Votos_Nulos V="025,06"/>
        </lin>
      </Detalle_Pregunta>
      <Detalle_Opcion>
        <lin>
          <Opcion V="001"/>
          <Votos V="1004"/>
          <Porc V="041,16"/>
          <Pregunta V="001"/>
        </lin>
        <lin>
          <Opcion V="002"/>
          <Votos V="1435"/>
          <Porc V="058,83"/>
          <Pregunta V="001"/>
        </lin>
        <lin>
          <Opcion V="001"/>
          <Votos V="1381"/>
          <Porc V="047,27"/>
          <Pregunta V="002"/>
        </lin>
        <lin>
          <Opcion V="002"/>
          <Votos V="1540"/>
          <Porc V="052,72"/>
          <Pregunta V="002"/>
        </lin>
        <lin>
          <Opcion V="001"/>
          <Votos V="1159"/>
          <Porc V="041,63"/>
          <Pregunta V="003"/>
        </lin>
        <lin>
          <Opcion V="002"/>
          <Votos V="1625"/>
          <Porc V="058,36"/>
          <Pregunta V="003"/>
        </lin>
        <lin>
          <Opcion V="001"/>
          <Votos V="1194"/>
          <Porc V="048,51"/>
          <Pregunta V="004"/>
        </lin>
        <lin>
          <Opcion V="002"/>
          <Votos V="1267"/>
          <Porc V="051,48"/>
          <Pregunta V="004"/>
        </lin>
        <lin>
          <Opcion V="001"/>
          <Votos V="1292"/>
          <Porc V="040,71"/>
          <Pregunta V="005"/>
        </lin>
        <lin>
          <Opcion V="002"/>
          <Votos V="1881"/>
          <Porc V="059,28"/>
          <Pregunta V="005"/>
        </lin>
        <lin>
          <Opcion V="001"/>
          <Votos V="1121"/>
          <Porc V="047,35"/>
          <Pregunta V="006"/>
        </lin>
        <lin>
          <Opcion V="002"/>
          <Votos V="1246"/>
          <Porc V="052,64"/>
          <Pregunta V="006"/>
        </lin>
        <lin>
          <Opcion V="001"/>
          <Votos V="1473"/>
          <Porc V="057,40"/>
          <Pregunta V="007"/>
        </lin>
        <lin>
          <Opcion V="002"/>
          <Votos V="1093"/>
          <Porc V="042,59"/>
          <Pregunta V="007"/>
        </lin>
      </Detalle_Opcion>
    </lin>
  </Detalle_Circunscripcion>
</Boletin>
</Boletin_Consolidado>