<Boletin_Consolidado><Boletin>
  <Numero V="0008"/>
  <Boletin_Departamental V="0012"/>
  <Tipo_Boletin V="DEPARTAMENTAL"/>
  <Desc_Corporacion V="CONSULTA POPULAR"/>
  <Departamento V="01"/>
  <Desc_Departamento V="ANTIOQUIA"/>
  <Municipio V="300"/>
  <Desc_Municipio V="YONDO-CASABE"/>
  <Dia V="21"/>
  <Mes V="8"/>
  <Anio V="2018"/>
  <Hora V="14"/>
  <Minuto V="15"/>
  <Mesas_Instaladas V="38"/>
  <Mesas_Informadas V="38"/>
  <Porc_Mesas_Informadas V="100,00"/>
  <Potencial_Sufragantes V="13054"/>
  <Detalle_Circunscripcion>
    <lin>
      <Circunscripcion V="0"/>
      <Desc_Circunscripcion V="NACIONAL"/>
      <Detalle_Pregunta>
        <lin>
          <Pregunta V="001"/>
          <Total_Sufragantes V="13054"/>
          <Porc_Sufragantes V="100,00"/>
          <Abstencion V="0"/>
          <Porc_Abstencion V="000,00"/>
          <Votos_Validos V="6512"/>
          <Porc_Votos_Validos V="049,88"/>
          <Votos_No_Marcados V="3549"/>
          <Porc_Votos_No_Marcados V="027,18"/>
          <Votos_Nulos V="2993"/>
          <Porc_Votos_Nulos V="022,92"/>
        </lin>
        <lin>
          <Pregunta V="002"/>
          <Total_Sufragantes V="13054"/>
          <Porc_Sufragantes V="100,00"/>
          <Abstencion V="0"/>
          <Porc_Abstencion V="000,00"/>
          <Votos_Validos V="6392"/>
          <Porc_Votos_Validos V="048,96"/>
          <Votos_No_Marcados V="3144"/>
          <Porc_Votos_No_Marcados V="024,08"/>
          <Votos_Nulos V="3518"/>
          <Porc_Votos_Nulos V="026,94"/>
        </lin>
        <lin>
          <Pregunta V="003"/>
          <Total_Sufragantes V="13054"/>
          <Porc_Sufragantes V="100,00"/>
          <Abstencion V="0"/>
          <Porc_Abstencion V="000,00"/>
          <Votos_Validos V="6900"/>
          <Porc_Votos_Validos V="052,85"/>
          <Votos_No_Marcados V="2841"/>
          <Porc_Votos_No_Marcados V="021,76"/>
          <Votos_Nulos V="3313"/>
          <Porc_Votos_Nulos V="025,37"/>
        </lin>
        <lin>
          <Pregunta V="004"/>
          <Total_Sufragantes V="13054"/>
          <Porc_Sufragantes V="100,00"/>
          <Abstencion V="0"/>
          <Porc_Abstencion V="000,00"/>
          <Votos_Validos V="6532"/>
          <Porc_Votos_Validos V="050,03"/>
          <Votos_No_Marcados V="3286"/>
          <Porc_Votos_No_Marcados V="025,17"/>
          <Votos_Nulos V="3236"/>
          <Porc_Votos_Nulos V="024,78"/>
        </lin>
        <lin>
          <Pregunta V="005"/>
          <Total_Sufragantes V="13054"/>
          <Porc_Sufragantes V="100,00"/>
          <Abstencion V="0"/>
          <Porc_Abstencion V="000,00"/>
          <Votos_Validos V="7006"/>
          <Porc_Votos_Validos V="053,66"/>
          <Votos_No_Marcados V="2784"/>
          <Porc_Votos_No_Marcados V="021,32"/>
          <Votos_Nulos V="3264"/>
          <Porc_Votos_Nulos V="025,00"/>
        </lin>
        <lin>
          <Pregunta V="006"/>
          <Total_Sufragantes V="13054"/>
          <Porc_Sufragantes V="100,00"/>
          <Abstencion V="0"/>
          <Porc_Abstencion V="000,00"/>
          <Votos_Validos V="6438"/>
          <Porc_Votos_Validos V="049,31"/>
          <Votos_No_Marcados V="3286"/>
          <Porc_Votos_No_Marcados V="025,17"/>
          <Votos_Nulos V="3330"/>
          <Porc_Votos_Nulos V="025,50"/>
        </lin>
        <lin>
          <Pregunta V="007"/>
          <Total_Sufragantes V="13054"/>
          <Porc_Sufragantes V="100,00"/>
          <Abstencion V="0"/>
          <Porc_Abstencion V="000,00"/>
          <Votos_Validos V="6440"/>
          <Porc_Votos_Validos V="049,33"/>
          <Votos_No_Marcados V="3247"/>
          <Porc_Votos_No_Marcados V="024,87"/>
          <Votos_Nulos V="3367"/>
          <Porc_Votos_Nulos V="025,79"/>
        </lin>
      </Detalle_Pregunta>
      <Detalle_Opcion>
        <lin>
          <Opcion V="001"/>
          <Votos V="2906"/>
          <Porc V="044,62"/>
          <Pregunta V="001"/>
        </lin>
        <lin>
          <Opcion V="002"/>
          <Votos V="3606"/>
          <Porc V="055,37"/>
          <Pregunta V="001"/>
        </lin>
        <lin>
          <Opcion V="001"/>
          <Votos V="3410"/>
          <Porc V="053,34"/>
          <Pregunta V="002"/>
        </lin>
        <lin>
          <Opcion V="002"/>
          <Votos V="2982"/>
          <Porc V="046,65"/>
          <Pregunta V="002"/>
        </lin>
        <lin>
          <Opcion V="001"/>
          <Votos V="3253"/>
          <Porc V="047,14"/>
          <Pregunta V="003"/>
        </lin>
        <lin>
          <Opcion V="002"/>
          <Votos V="3647"/>
          <Porc V="052,85"/>
          <Pregunta V="003"/>
        </lin>
        <lin>
          <Opcion V="001"/>
          <Votos V="3351"/>
          <Porc V="051,30"/>
          <Pregunta V="004"/>
        </lin>
        <lin>
          <Opcion V="002"/>
          <Votos V="3181"/>
          <Porc V="048,69"/>
          <Pregunta V="004"/>
        </lin>
        <lin>
          <Opcion V="001"/>
          <Votos V="3476"/>
          <Porc V="049,61"/>
          <Pregunta V="005"/>
        </lin>
        <lin>
          <Opcion V="002"/>
          <Votos V="3530"/>
          <Porc V="050,38"/>
          <Pregunta V="005"/>
        </lin>
        <lin>
          <Opcion V="001"/>
          <Votos V="2629"/>
          <Porc V="040,83"/>
          <Pregunta V="006"/>
        </lin>
        <lin>
          <Opcion V="002"/>
          <Votos V="3809"/>
          <Porc V="059,16"/>
          <Pregunta V="006"/>
        </lin>
        <lin>
          <Opcion V="001"/>
          <Votos V="3220"/>
          <Porc V="050,00"/>
          <Pregunta V="007"/>
        </lin>
        <lin>
          <Opcion V="002"/>
          <Votos V="3220"/>
          <Porc V="050,00"/>
          <Pregunta V="007"/>
        </lin>
      </Detalle_Opcion>
    </lin>
  </Detalle_Circunscripcion>
</Boletin>
</Boletin_Consolidado>