<Boletin_Consolidado><Boletin>
  <Numero V="0008"/>
  <Boletin_Departamental V="0009"/>
  <Tipo_Boletin V="DEPARTAMENTAL"/>
  <Desc_Corporacion V="CONSULTA POPULAR"/>
  <Departamento V="07"/>
  <Desc_Departamento V="BOYACA"/>
  <Municipio V="112"/>
  <Desc_Municipio V="GUICAN"/>
  <Dia V="21"/>
  <Mes V="8"/>
  <Anio V="2018"/>
  <Hora V="14"/>
  <Minuto V="15"/>
  <Mesas_Instaladas V="11"/>
  <Mesas_Informadas V="11"/>
  <Porc_Mesas_Informadas V="100,00"/>
  <Potencial_Sufragantes V="2960"/>
  <Detalle_Circunscripcion>
    <lin>
      <Circunscripcion V="0"/>
      <Desc_Circunscripcion V="NACIONAL"/>
      <Detalle_Pregunta>
        <lin>
          <Pregunta V="001"/>
          <Total_Sufragantes V="2960"/>
          <Porc_Sufragantes V="100,00"/>
          <Abstencion V="0"/>
          <Porc_Abstencion V="000,00"/>
          <Votos_Validos V="1507"/>
          <Porc_Votos_Validos V="050,91"/>
          <Votos_No_Marcados V="643"/>
          <Porc_Votos_No_Marcados V="021,72"/>
          <Votos_Nulos V="810"/>
          <Porc_Votos_Nulos V="027,36"/>
        </lin>
        <lin>
          <Pregunta V="002"/>
          <Total_Sufragantes V="2960"/>
          <Porc_Sufragantes V="100,00"/>
          <Abstencion V="0"/>
          <Porc_Abstencion V="000,00"/>
          <Votos_Validos V="1614"/>
          <Porc_Votos_Validos V="054,52"/>
          <Votos_No_Marcados V="621"/>
          <Porc_Votos_No_Marcados V="020,97"/>
          <Votos_Nulos V="725"/>
          <Porc_Votos_Nulos V="024,49"/>
        </lin>
        <lin>
          <Pregunta V="003"/>
          <Total_Sufragantes V="2960"/>
          <Porc_Sufragantes V="100,00"/>
          <Abstencion V="0"/>
          <Porc_Abstencion V="000,00"/>
          <Votos_Validos V="1736"/>
          <Porc_Votos_Validos V="058,64"/>
          <Votos_No_Marcados V="835"/>
          <Porc_Votos_No_Marcados V="028,20"/>
          <Votos_Nulos V="389"/>
          <Porc_Votos_Nulos V="013,14"/>
        </lin>
        <lin>
          <Pregunta V="004"/>
          <Total_Sufragantes V="2960"/>
          <Porc_Sufragantes V="100,00"/>
          <Abstencion V="0"/>
          <Porc_Abstencion V="000,00"/>
          <Votos_Validos V="1499"/>
          <Porc_Votos_Validos V="050,64"/>
          <Votos_No_Marcados V="508"/>
          <Porc_Votos_No_Marcados V="017,16"/>
          <Votos_Nulos V="953"/>
          <Porc_Votos_Nulos V="032,19"/>
        </lin>
        <lin>
          <Pregunta V="005"/>
          <Total_Sufragantes V="2960"/>
          <Porc_Sufragantes V="100,00"/>
          <Abstencion V="0"/>
          <Porc_Abstencion V="000,00"/>
          <Votos_Validos V="1653"/>
          <Porc_Votos_Validos V="055,84"/>
          <Votos_No_Marcados V="701"/>
          <Porc_Votos_No_Marcados V="023,68"/>
          <Votos_Nulos V="606"/>
          <Porc_Votos_Nulos V="020,47"/>
        </lin>
        <lin>
          <Pregunta V="006"/>
          <Total_Sufragantes V="2960"/>
          <Porc_Sufragantes V="100,00"/>
          <Abstencion V="0"/>
          <Porc_Abstencion V="000,00"/>
          <Votos_Validos V="1092"/>
          <Porc_Votos_Validos V="036,89"/>
          <Votos_No_Marcados V="887"/>
          <Porc_Votos_No_Marcados V="029,96"/>
          <Votos_Nulos V="981"/>
          <Porc_Votos_Nulos V="033,14"/>
        </lin>
        <lin>
          <Pregunta V="007"/>
          <Total_Sufragantes V="2960"/>
          <Porc_Sufragantes V="100,00"/>
          <Abstencion V="0"/>
          <Porc_Abstencion V="000,00"/>
          <Votos_Validos V="1395"/>
          <Porc_Votos_Validos V="047,12"/>
          <Votos_No_Marcados V="596"/>
          <Porc_Votos_No_Marcados V="020,13"/>
          <Votos_Nulos V="969"/>
          <Porc_Votos_Nulos V="032,73"/>
        </lin>
      </Detalle_Pregunta>
      <Detalle_Opcion>
        <lin>
          <Opcion V="001"/>
          <Votos V="794"/>
          <Porc V="052,68"/>
          <Pregunta V="001"/>
        </lin>
        <lin>
          <Opcion V="002"/>
          <Votos V="713"/>
          <Porc V="047,31"/>
          <Pregunta V="001"/>
        </lin>
        <lin>
          <Opcion V="001"/>
          <Votos V="758"/>
          <Porc V="046,96"/>
          <Pregunta V="002"/>
        </lin>
        <lin>
          <Opcion V="002"/>
          <Votos V="856"/>
          <Porc V="053,03"/>
          <Pregunta V="002"/>
        </lin>
        <lin>
          <Opcion V="001"/>
          <Votos V="611"/>
          <Porc V="035,19"/>
          <Pregunta V="003"/>
        </lin>
        <lin>
          <Opcion V="002"/>
          <Votos V="1125"/>
          <Porc V="064,80"/>
          <Pregunta V="003"/>
        </lin>
        <lin>
          <Opcion V="001"/>
          <Votos V="850"/>
          <Porc V="056,70"/>
          <Pregunta V="004"/>
        </lin>
        <lin>
          <Opcion V="002"/>
          <Votos V="649"/>
          <Porc V="043,29"/>
          <Pregunta V="004"/>
        </lin>
        <lin>
          <Opcion V="001"/>
          <Votos V="808"/>
          <Porc V="048,88"/>
          <Pregunta V="005"/>
        </lin>
        <lin>
          <Opcion V="002"/>
          <Votos V="845"/>
          <Porc V="051,11"/>
          <Pregunta V="005"/>
        </lin>
        <lin>
          <Opcion V="001"/>
          <Votos V="507"/>
          <Porc V="046,42"/>
          <Pregunta V="006"/>
        </lin>
        <lin>
          <Opcion V="002"/>
          <Votos V="585"/>
          <Porc V="053,57"/>
          <Pregunta V="006"/>
        </lin>
        <lin>
          <Opcion V="001"/>
          <Votos V="662"/>
          <Porc V="047,45"/>
          <Pregunta V="007"/>
        </lin>
        <lin>
          <Opcion V="002"/>
          <Votos V="733"/>
          <Porc V="052,54"/>
          <Pregunta V="007"/>
        </lin>
      </Detalle_Opcion>
    </lin>
  </Detalle_Circunscripcion>
</Boletin>
</Boletin_Consolidado>