<Boletin_Consolidado><Boletin>
  <Numero V="0008"/>
  <Boletin_Departamental V="0012"/>
  <Tipo_Boletin V="DEPARTAMENTAL"/>
  <Desc_Corporacion V="CONSULTA POPULAR"/>
  <Departamento V="05"/>
  <Desc_Departamento V="BOLIVAR"/>
  <Municipio V="040"/>
  <Desc_Municipio V="MARIA LA BAJA"/>
  <Dia V="21"/>
  <Mes V="8"/>
  <Anio V="2018"/>
  <Hora V="14"/>
  <Minuto V="15"/>
  <Mesas_Instaladas V="111"/>
  <Mesas_Informadas V="111"/>
  <Porc_Mesas_Informadas V="100,00"/>
  <Potencial_Sufragantes V="39618"/>
  <Detalle_Circunscripcion>
    <lin>
      <Circunscripcion V="0"/>
      <Desc_Circunscripcion V="NACIONAL"/>
      <Detalle_Pregunta>
        <lin>
          <Pregunta V="001"/>
          <Total_Sufragantes V="39618"/>
          <Porc_Sufragantes V="100,00"/>
          <Abstencion V="0"/>
          <Porc_Abstencion V="000,00"/>
          <Votos_Validos V="20442"/>
          <Porc_Votos_Validos V="051,59"/>
          <Votos_No_Marcados V="10291"/>
          <Porc_Votos_No_Marcados V="025,97"/>
          <Votos_Nulos V="8885"/>
          <Porc_Votos_Nulos V="022,42"/>
        </lin>
        <lin>
          <Pregunta V="002"/>
          <Total_Sufragantes V="39618"/>
          <Porc_Sufragantes V="100,00"/>
          <Abstencion V="0"/>
          <Porc_Abstencion V="000,00"/>
          <Votos_Validos V="19021"/>
          <Porc_Votos_Validos V="048,01"/>
          <Votos_No_Marcados V="10849"/>
          <Porc_Votos_No_Marcados V="027,38"/>
          <Votos_Nulos V="9748"/>
          <Porc_Votos_Nulos V="024,60"/>
        </lin>
        <lin>
          <Pregunta V="003"/>
          <Total_Sufragantes V="39618"/>
          <Porc_Sufragantes V="100,00"/>
          <Abstencion V="0"/>
          <Porc_Abstencion V="000,00"/>
          <Votos_Validos V="19902"/>
          <Porc_Votos_Validos V="050,23"/>
          <Votos_No_Marcados V="9725"/>
          <Porc_Votos_No_Marcados V="024,54"/>
          <Votos_Nulos V="9991"/>
          <Porc_Votos_Nulos V="025,21"/>
        </lin>
        <lin>
          <Pregunta V="004"/>
          <Total_Sufragantes V="39618"/>
          <Porc_Sufragantes V="100,00"/>
          <Abstencion V="0"/>
          <Porc_Abstencion V="000,00"/>
          <Votos_Validos V="20015"/>
          <Porc_Votos_Validos V="050,51"/>
          <Votos_No_Marcados V="10685"/>
          <Porc_Votos_No_Marcados V="026,97"/>
          <Votos_Nulos V="8918"/>
          <Porc_Votos_Nulos V="022,50"/>
        </lin>
        <lin>
          <Pregunta V="005"/>
          <Total_Sufragantes V="39618"/>
          <Porc_Sufragantes V="100,00"/>
          <Abstencion V="0"/>
          <Porc_Abstencion V="000,00"/>
          <Votos_Validos V="20230"/>
          <Porc_Votos_Validos V="051,06"/>
          <Votos_No_Marcados V="9670"/>
          <Porc_Votos_No_Marcados V="024,40"/>
          <Votos_Nulos V="9718"/>
          <Porc_Votos_Nulos V="024,52"/>
        </lin>
        <lin>
          <Pregunta V="006"/>
          <Total_Sufragantes V="39618"/>
          <Porc_Sufragantes V="100,00"/>
          <Abstencion V="0"/>
          <Porc_Abstencion V="000,00"/>
          <Votos_Validos V="19908"/>
          <Porc_Votos_Validos V="050,24"/>
          <Votos_No_Marcados V="10496"/>
          <Porc_Votos_No_Marcados V="026,49"/>
          <Votos_Nulos V="9214"/>
          <Porc_Votos_Nulos V="023,25"/>
        </lin>
        <lin>
          <Pregunta V="007"/>
          <Total_Sufragantes V="39618"/>
          <Porc_Sufragantes V="100,00"/>
          <Abstencion V="0"/>
          <Porc_Abstencion V="000,00"/>
          <Votos_Validos V="19862"/>
          <Porc_Votos_Validos V="050,13"/>
          <Votos_No_Marcados V="9797"/>
          <Porc_Votos_No_Marcados V="024,72"/>
          <Votos_Nulos V="9959"/>
          <Porc_Votos_Nulos V="025,13"/>
        </lin>
      </Detalle_Pregunta>
      <Detalle_Opcion>
        <lin>
          <Opcion V="001"/>
          <Votos V="10528"/>
          <Porc V="051,50"/>
          <Pregunta V="001"/>
        </lin>
        <lin>
          <Opcion V="002"/>
          <Votos V="9914"/>
          <Porc V="048,49"/>
          <Pregunta V="001"/>
        </lin>
        <lin>
          <Opcion V="001"/>
          <Votos V="9983"/>
          <Porc V="052,48"/>
          <Pregunta V="002"/>
        </lin>
        <lin>
          <Opcion V="002"/>
          <Votos V="9038"/>
          <Porc V="047,51"/>
          <Pregunta V="002"/>
        </lin>
        <lin>
          <Opcion V="001"/>
          <Votos V="10385"/>
          <Porc V="052,18"/>
          <Pregunta V="003"/>
        </lin>
        <lin>
          <Opcion V="002"/>
          <Votos V="9517"/>
          <Porc V="047,81"/>
          <Pregunta V="003"/>
        </lin>
        <lin>
          <Opcion V="001"/>
          <Votos V="9896"/>
          <Porc V="049,44"/>
          <Pregunta V="004"/>
        </lin>
        <lin>
          <Opcion V="002"/>
          <Votos V="10119"/>
          <Porc V="050,55"/>
          <Pregunta V="004"/>
        </lin>
        <lin>
          <Opcion V="001"/>
          <Votos V="9953"/>
          <Porc V="049,19"/>
          <Pregunta V="005"/>
        </lin>
        <lin>
          <Opcion V="002"/>
          <Votos V="10277"/>
          <Porc V="050,80"/>
          <Pregunta V="005"/>
        </lin>
        <lin>
          <Opcion V="001"/>
          <Votos V="9735"/>
          <Porc V="048,89"/>
          <Pregunta V="006"/>
        </lin>
        <lin>
          <Opcion V="002"/>
          <Votos V="10173"/>
          <Porc V="051,10"/>
          <Pregunta V="006"/>
        </lin>
        <lin>
          <Opcion V="001"/>
          <Votos V="10672"/>
          <Porc V="053,73"/>
          <Pregunta V="007"/>
        </lin>
        <lin>
          <Opcion V="002"/>
          <Votos V="9190"/>
          <Porc V="046,26"/>
          <Pregunta V="007"/>
        </lin>
      </Detalle_Opcion>
    </lin>
  </Detalle_Circunscripcion>
</Boletin>
</Boletin_Consolidado>