<Boletin_Consolidado><Boletin>
  <Numero V="0008"/>
  <Boletin_Departamental V="0012"/>
  <Tipo_Boletin V="DEPARTAMENTAL"/>
  <Desc_Corporacion V="CONSULTA POPULAR"/>
  <Departamento V="03"/>
  <Desc_Departamento V="ATLANTICO"/>
  <Municipio V="000"/>
  <Desc_Municipio V="NO APLICA"/>
  <Dia V="21"/>
  <Mes V="8"/>
  <Anio V="2018"/>
  <Hora V="14"/>
  <Minuto V="15"/>
  <Mesas_Instaladas V="4967"/>
  <Mesas_Informadas V="4967"/>
  <Porc_Mesas_Informadas V="100,00"/>
  <Potencial_Sufragantes V="1881181"/>
  <Detalle_Circunscripcion>
    <lin>
      <Circunscripcion V="0"/>
      <Desc_Circunscripcion V="NACIONAL"/>
      <Detalle_Pregunta>
        <lin>
          <Pregunta V="001"/>
          <Total_Sufragantes V="1881181"/>
          <Porc_Sufragantes V="100,00"/>
          <Abstencion V="0"/>
          <Porc_Abstencion V="000,00"/>
          <Votos_Validos V="932174"/>
          <Porc_Votos_Validos V="049,55"/>
          <Votos_No_Marcados V="469469"/>
          <Porc_Votos_No_Marcados V="024,95"/>
          <Votos_Nulos V="479538"/>
          <Porc_Votos_Nulos V="025,49"/>
        </lin>
        <lin>
          <Pregunta V="002"/>
          <Total_Sufragantes V="1881181"/>
          <Porc_Sufragantes V="100,00"/>
          <Abstencion V="0"/>
          <Porc_Abstencion V="000,00"/>
          <Votos_Validos V="939260"/>
          <Porc_Votos_Validos V="049,92"/>
          <Votos_No_Marcados V="466719"/>
          <Porc_Votos_No_Marcados V="024,80"/>
          <Votos_Nulos V="475202"/>
          <Porc_Votos_Nulos V="025,26"/>
        </lin>
        <lin>
          <Pregunta V="003"/>
          <Total_Sufragantes V="1881181"/>
          <Porc_Sufragantes V="100,00"/>
          <Abstencion V="0"/>
          <Porc_Abstencion V="000,00"/>
          <Votos_Validos V="942250"/>
          <Porc_Votos_Validos V="050,08"/>
          <Votos_No_Marcados V="463982"/>
          <Porc_Votos_No_Marcados V="024,66"/>
          <Votos_Nulos V="474949"/>
          <Porc_Votos_Nulos V="025,24"/>
        </lin>
        <lin>
          <Pregunta V="004"/>
          <Total_Sufragantes V="1881181"/>
          <Porc_Sufragantes V="100,00"/>
          <Abstencion V="0"/>
          <Porc_Abstencion V="000,00"/>
          <Votos_Validos V="949028"/>
          <Porc_Votos_Validos V="050,44"/>
          <Votos_No_Marcados V="469387"/>
          <Porc_Votos_No_Marcados V="024,95"/>
          <Votos_Nulos V="462766"/>
          <Porc_Votos_Nulos V="024,59"/>
        </lin>
        <lin>
          <Pregunta V="005"/>
          <Total_Sufragantes V="1881181"/>
          <Porc_Sufragantes V="100,00"/>
          <Abstencion V="0"/>
          <Porc_Abstencion V="000,00"/>
          <Votos_Validos V="951397"/>
          <Porc_Votos_Validos V="050,57"/>
          <Votos_No_Marcados V="463226"/>
          <Porc_Votos_No_Marcados V="024,62"/>
          <Votos_Nulos V="466558"/>
          <Porc_Votos_Nulos V="024,80"/>
        </lin>
        <lin>
          <Pregunta V="006"/>
          <Total_Sufragantes V="1881181"/>
          <Porc_Sufragantes V="100,00"/>
          <Abstencion V="0"/>
          <Porc_Abstencion V="000,00"/>
          <Votos_Validos V="948699"/>
          <Porc_Votos_Validos V="050,43"/>
          <Votos_No_Marcados V="465338"/>
          <Porc_Votos_No_Marcados V="024,73"/>
          <Votos_Nulos V="467144"/>
          <Porc_Votos_Nulos V="024,83"/>
        </lin>
        <lin>
          <Pregunta V="007"/>
          <Total_Sufragantes V="1881181"/>
          <Porc_Sufragantes V="100,00"/>
          <Abstencion V="0"/>
          <Porc_Abstencion V="000,00"/>
          <Votos_Validos V="935908"/>
          <Porc_Votos_Validos V="049,75"/>
          <Votos_No_Marcados V="477406"/>
          <Porc_Votos_No_Marcados V="025,37"/>
          <Votos_Nulos V="467867"/>
          <Porc_Votos_Nulos V="024,87"/>
        </lin>
      </Detalle_Pregunta>
      <Detalle_Opcion>
        <lin>
          <Opcion V="001"/>
          <Votos V="465660"/>
          <Porc V="049,95"/>
          <Pregunta V="001"/>
        </lin>
        <lin>
          <Opcion V="002"/>
          <Votos V="466514"/>
          <Porc V="050,04"/>
          <Pregunta V="001"/>
        </lin>
        <lin>
          <Opcion V="001"/>
          <Votos V="472267"/>
          <Porc V="050,28"/>
          <Pregunta V="002"/>
        </lin>
        <lin>
          <Opcion V="002"/>
          <Votos V="466993"/>
          <Porc V="049,71"/>
          <Pregunta V="002"/>
        </lin>
        <lin>
          <Opcion V="001"/>
          <Votos V="472825"/>
          <Porc V="050,18"/>
          <Pregunta V="003"/>
        </lin>
        <lin>
          <Opcion V="002"/>
          <Votos V="469425"/>
          <Porc V="049,81"/>
          <Pregunta V="003"/>
        </lin>
        <lin>
          <Opcion V="001"/>
          <Votos V="476568"/>
          <Porc V="050,21"/>
          <Pregunta V="004"/>
        </lin>
        <lin>
          <Opcion V="002"/>
          <Votos V="472460"/>
          <Porc V="049,78"/>
          <Pregunta V="004"/>
        </lin>
        <lin>
          <Opcion V="001"/>
          <Votos V="478595"/>
          <Porc V="050,30"/>
          <Pregunta V="005"/>
        </lin>
        <lin>
          <Opcion V="002"/>
          <Votos V="472802"/>
          <Porc V="049,69"/>
          <Pregunta V="005"/>
        </lin>
        <lin>
          <Opcion V="001"/>
          <Votos V="478599"/>
          <Porc V="050,44"/>
          <Pregunta V="006"/>
        </lin>
        <lin>
          <Opcion V="002"/>
          <Votos V="470100"/>
          <Porc V="049,55"/>
          <Pregunta V="006"/>
        </lin>
        <lin>
          <Opcion V="001"/>
          <Votos V="473129"/>
          <Porc V="050,55"/>
          <Pregunta V="007"/>
        </lin>
        <lin>
          <Opcion V="002"/>
          <Votos V="462779"/>
          <Porc V="049,44"/>
          <Pregunta V="007"/>
        </lin>
      </Detalle_Opcion>
    </lin>
  </Detalle_Circunscripcion>
</Boletin>
</Boletin_Consolidado>