<Boletin_Consolidado><Boletin>
  <Numero V="0008"/>
  <Boletin_Departamental V="0012"/>
  <Tipo_Boletin V="DEPARTAMENTAL"/>
  <Desc_Corporacion V="CONSULTA POPULAR"/>
  <Departamento V="15"/>
  <Desc_Departamento V="CUNDINAMARCA"/>
  <Municipio V="072"/>
  <Desc_Municipio V="EL ROSAL"/>
  <Dia V="21"/>
  <Mes V="8"/>
  <Anio V="2018"/>
  <Hora V="14"/>
  <Minuto V="15"/>
  <Mesas_Instaladas V="42"/>
  <Mesas_Informadas V="42"/>
  <Porc_Mesas_Informadas V="100,00"/>
  <Potencial_Sufragantes V="15941"/>
  <Detalle_Circunscripcion>
    <lin>
      <Circunscripcion V="0"/>
      <Desc_Circunscripcion V="NACIONAL"/>
      <Detalle_Pregunta>
        <lin>
          <Pregunta V="001"/>
          <Total_Sufragantes V="15941"/>
          <Porc_Sufragantes V="100,00"/>
          <Abstencion V="0"/>
          <Porc_Abstencion V="000,00"/>
          <Votos_Validos V="8636"/>
          <Porc_Votos_Validos V="054,17"/>
          <Votos_No_Marcados V="3106"/>
          <Porc_Votos_No_Marcados V="019,48"/>
          <Votos_Nulos V="4199"/>
          <Porc_Votos_Nulos V="026,34"/>
        </lin>
        <lin>
          <Pregunta V="002"/>
          <Total_Sufragantes V="15941"/>
          <Porc_Sufragantes V="100,00"/>
          <Abstencion V="0"/>
          <Porc_Abstencion V="000,00"/>
          <Votos_Validos V="8017"/>
          <Porc_Votos_Validos V="050,29"/>
          <Votos_No_Marcados V="3955"/>
          <Porc_Votos_No_Marcados V="024,81"/>
          <Votos_Nulos V="3969"/>
          <Porc_Votos_Nulos V="024,89"/>
        </lin>
        <lin>
          <Pregunta V="003"/>
          <Total_Sufragantes V="15941"/>
          <Porc_Sufragantes V="100,00"/>
          <Abstencion V="0"/>
          <Porc_Abstencion V="000,00"/>
          <Votos_Validos V="7760"/>
          <Porc_Votos_Validos V="048,67"/>
          <Votos_No_Marcados V="4293"/>
          <Porc_Votos_No_Marcados V="026,93"/>
          <Votos_Nulos V="3888"/>
          <Porc_Votos_Nulos V="024,38"/>
        </lin>
        <lin>
          <Pregunta V="004"/>
          <Total_Sufragantes V="15941"/>
          <Porc_Sufragantes V="100,00"/>
          <Abstencion V="0"/>
          <Porc_Abstencion V="000,00"/>
          <Votos_Validos V="7281"/>
          <Porc_Votos_Validos V="045,67"/>
          <Votos_No_Marcados V="4767"/>
          <Porc_Votos_No_Marcados V="029,90"/>
          <Votos_Nulos V="3893"/>
          <Porc_Votos_Nulos V="024,42"/>
        </lin>
        <lin>
          <Pregunta V="005"/>
          <Total_Sufragantes V="15941"/>
          <Porc_Sufragantes V="100,00"/>
          <Abstencion V="0"/>
          <Porc_Abstencion V="000,00"/>
          <Votos_Validos V="7381"/>
          <Porc_Votos_Validos V="046,30"/>
          <Votos_No_Marcados V="4548"/>
          <Porc_Votos_No_Marcados V="028,53"/>
          <Votos_Nulos V="4012"/>
          <Porc_Votos_Nulos V="025,16"/>
        </lin>
        <lin>
          <Pregunta V="006"/>
          <Total_Sufragantes V="15941"/>
          <Porc_Sufragantes V="100,00"/>
          <Abstencion V="0"/>
          <Porc_Abstencion V="000,00"/>
          <Votos_Validos V="7995"/>
          <Porc_Votos_Validos V="050,15"/>
          <Votos_No_Marcados V="3845"/>
          <Porc_Votos_No_Marcados V="024,12"/>
          <Votos_Nulos V="4101"/>
          <Porc_Votos_Nulos V="025,72"/>
        </lin>
        <lin>
          <Pregunta V="007"/>
          <Total_Sufragantes V="15941"/>
          <Porc_Sufragantes V="100,00"/>
          <Abstencion V="0"/>
          <Porc_Abstencion V="000,00"/>
          <Votos_Validos V="8739"/>
          <Porc_Votos_Validos V="054,82"/>
          <Votos_No_Marcados V="3465"/>
          <Porc_Votos_No_Marcados V="021,73"/>
          <Votos_Nulos V="3737"/>
          <Porc_Votos_Nulos V="023,44"/>
        </lin>
      </Detalle_Pregunta>
      <Detalle_Opcion>
        <lin>
          <Opcion V="001"/>
          <Votos V="4877"/>
          <Porc V="056,47"/>
          <Pregunta V="001"/>
        </lin>
        <lin>
          <Opcion V="002"/>
          <Votos V="3759"/>
          <Porc V="043,52"/>
          <Pregunta V="001"/>
        </lin>
        <lin>
          <Opcion V="001"/>
          <Votos V="4187"/>
          <Porc V="052,22"/>
          <Pregunta V="002"/>
        </lin>
        <lin>
          <Opcion V="002"/>
          <Votos V="3830"/>
          <Porc V="047,77"/>
          <Pregunta V="002"/>
        </lin>
        <lin>
          <Opcion V="001"/>
          <Votos V="4082"/>
          <Porc V="052,60"/>
          <Pregunta V="003"/>
        </lin>
        <lin>
          <Opcion V="002"/>
          <Votos V="3678"/>
          <Porc V="047,39"/>
          <Pregunta V="003"/>
        </lin>
        <lin>
          <Opcion V="001"/>
          <Votos V="3866"/>
          <Porc V="053,09"/>
          <Pregunta V="004"/>
        </lin>
        <lin>
          <Opcion V="002"/>
          <Votos V="3415"/>
          <Porc V="046,90"/>
          <Pregunta V="004"/>
        </lin>
        <lin>
          <Opcion V="001"/>
          <Votos V="4310"/>
          <Porc V="058,39"/>
          <Pregunta V="005"/>
        </lin>
        <lin>
          <Opcion V="002"/>
          <Votos V="3071"/>
          <Porc V="041,60"/>
          <Pregunta V="005"/>
        </lin>
        <lin>
          <Opcion V="001"/>
          <Votos V="3930"/>
          <Porc V="049,15"/>
          <Pregunta V="006"/>
        </lin>
        <lin>
          <Opcion V="002"/>
          <Votos V="4065"/>
          <Porc V="050,84"/>
          <Pregunta V="006"/>
        </lin>
        <lin>
          <Opcion V="001"/>
          <Votos V="4280"/>
          <Porc V="048,97"/>
          <Pregunta V="007"/>
        </lin>
        <lin>
          <Opcion V="002"/>
          <Votos V="4459"/>
          <Porc V="051,02"/>
          <Pregunta V="007"/>
        </lin>
      </Detalle_Opcion>
    </lin>
  </Detalle_Circunscripcion>
</Boletin>
</Boletin_Consolidado>