<Boletin_Consolidado><Boletin>
  <Numero V="0008"/>
  <Boletin_Departamental V="0011"/>
  <Tipo_Boletin V="DEPARTAMENTAL"/>
  <Desc_Corporacion V="CONSULTA POPULAR"/>
  <Departamento V="07"/>
  <Desc_Departamento V="BOYACA"/>
  <Municipio V="060"/>
  <Desc_Municipio V="CUCAITA"/>
  <Dia V="21"/>
  <Mes V="8"/>
  <Anio V="2018"/>
  <Hora V="14"/>
  <Minuto V="15"/>
  <Mesas_Instaladas V="9"/>
  <Mesas_Informadas V="9"/>
  <Porc_Mesas_Informadas V="100,00"/>
  <Potencial_Sufragantes V="3230"/>
  <Detalle_Circunscripcion>
    <lin>
      <Circunscripcion V="0"/>
      <Desc_Circunscripcion V="NACIONAL"/>
      <Detalle_Pregunta>
        <lin>
          <Pregunta V="001"/>
          <Total_Sufragantes V="3230"/>
          <Porc_Sufragantes V="100,00"/>
          <Abstencion V="0"/>
          <Porc_Abstencion V="000,00"/>
          <Votos_Validos V="1433"/>
          <Porc_Votos_Validos V="044,36"/>
          <Votos_No_Marcados V="821"/>
          <Porc_Votos_No_Marcados V="025,41"/>
          <Votos_Nulos V="976"/>
          <Porc_Votos_Nulos V="030,21"/>
        </lin>
        <lin>
          <Pregunta V="002"/>
          <Total_Sufragantes V="3230"/>
          <Porc_Sufragantes V="100,00"/>
          <Abstencion V="0"/>
          <Porc_Abstencion V="000,00"/>
          <Votos_Validos V="2272"/>
          <Porc_Votos_Validos V="070,34"/>
          <Votos_No_Marcados V="403"/>
          <Porc_Votos_No_Marcados V="012,47"/>
          <Votos_Nulos V="555"/>
          <Porc_Votos_Nulos V="017,18"/>
        </lin>
        <lin>
          <Pregunta V="003"/>
          <Total_Sufragantes V="3230"/>
          <Porc_Sufragantes V="100,00"/>
          <Abstencion V="0"/>
          <Porc_Abstencion V="000,00"/>
          <Votos_Validos V="1692"/>
          <Porc_Votos_Validos V="052,38"/>
          <Votos_No_Marcados V="464"/>
          <Porc_Votos_No_Marcados V="014,36"/>
          <Votos_Nulos V="1074"/>
          <Porc_Votos_Nulos V="033,25"/>
        </lin>
        <lin>
          <Pregunta V="004"/>
          <Total_Sufragantes V="3230"/>
          <Porc_Sufragantes V="100,00"/>
          <Abstencion V="0"/>
          <Porc_Abstencion V="000,00"/>
          <Votos_Validos V="1231"/>
          <Porc_Votos_Validos V="038,11"/>
          <Votos_No_Marcados V="1174"/>
          <Porc_Votos_No_Marcados V="036,34"/>
          <Votos_Nulos V="825"/>
          <Porc_Votos_Nulos V="025,54"/>
        </lin>
        <lin>
          <Pregunta V="005"/>
          <Total_Sufragantes V="3230"/>
          <Porc_Sufragantes V="100,00"/>
          <Abstencion V="0"/>
          <Porc_Abstencion V="000,00"/>
          <Votos_Validos V="1553"/>
          <Porc_Votos_Validos V="048,08"/>
          <Votos_No_Marcados V="723"/>
          <Porc_Votos_No_Marcados V="022,38"/>
          <Votos_Nulos V="954"/>
          <Porc_Votos_Nulos V="029,53"/>
        </lin>
        <lin>
          <Pregunta V="006"/>
          <Total_Sufragantes V="3230"/>
          <Porc_Sufragantes V="100,00"/>
          <Abstencion V="0"/>
          <Porc_Abstencion V="000,00"/>
          <Votos_Validos V="1213"/>
          <Porc_Votos_Validos V="037,55"/>
          <Votos_No_Marcados V="815"/>
          <Porc_Votos_No_Marcados V="025,23"/>
          <Votos_Nulos V="1202"/>
          <Porc_Votos_Nulos V="037,21"/>
        </lin>
        <lin>
          <Pregunta V="007"/>
          <Total_Sufragantes V="3230"/>
          <Porc_Sufragantes V="100,00"/>
          <Abstencion V="0"/>
          <Porc_Abstencion V="000,00"/>
          <Votos_Validos V="1725"/>
          <Porc_Votos_Validos V="053,40"/>
          <Votos_No_Marcados V="574"/>
          <Porc_Votos_No_Marcados V="017,77"/>
          <Votos_Nulos V="931"/>
          <Porc_Votos_Nulos V="028,82"/>
        </lin>
      </Detalle_Pregunta>
      <Detalle_Opcion>
        <lin>
          <Opcion V="001"/>
          <Votos V="679"/>
          <Porc V="047,38"/>
          <Pregunta V="001"/>
        </lin>
        <lin>
          <Opcion V="002"/>
          <Votos V="754"/>
          <Porc V="052,61"/>
          <Pregunta V="001"/>
        </lin>
        <lin>
          <Opcion V="001"/>
          <Votos V="1721"/>
          <Porc V="075,74"/>
          <Pregunta V="002"/>
        </lin>
        <lin>
          <Opcion V="002"/>
          <Votos V="551"/>
          <Porc V="024,25"/>
          <Pregunta V="002"/>
        </lin>
        <lin>
          <Opcion V="001"/>
          <Votos V="846"/>
          <Porc V="050,00"/>
          <Pregunta V="003"/>
        </lin>
        <lin>
          <Opcion V="002"/>
          <Votos V="846"/>
          <Porc V="050,00"/>
          <Pregunta V="003"/>
        </lin>
        <lin>
          <Opcion V="001"/>
          <Votos V="589"/>
          <Porc V="047,84"/>
          <Pregunta V="004"/>
        </lin>
        <lin>
          <Opcion V="002"/>
          <Votos V="642"/>
          <Porc V="052,15"/>
          <Pregunta V="004"/>
        </lin>
        <lin>
          <Opcion V="001"/>
          <Votos V="971"/>
          <Porc V="062,52"/>
          <Pregunta V="005"/>
        </lin>
        <lin>
          <Opcion V="002"/>
          <Votos V="582"/>
          <Porc V="037,47"/>
          <Pregunta V="005"/>
        </lin>
        <lin>
          <Opcion V="001"/>
          <Votos V="692"/>
          <Porc V="057,04"/>
          <Pregunta V="006"/>
        </lin>
        <lin>
          <Opcion V="002"/>
          <Votos V="521"/>
          <Porc V="042,95"/>
          <Pregunta V="006"/>
        </lin>
        <lin>
          <Opcion V="001"/>
          <Votos V="916"/>
          <Porc V="053,10"/>
          <Pregunta V="007"/>
        </lin>
        <lin>
          <Opcion V="002"/>
          <Votos V="809"/>
          <Porc V="046,89"/>
          <Pregunta V="007"/>
        </lin>
      </Detalle_Opcion>
    </lin>
  </Detalle_Circunscripcion>
</Boletin>
</Boletin_Consolidado>