<Boletin_Consolidado><Boletin>
  <Numero V="0008"/>
  <Boletin_Departamental V="0010"/>
  <Tipo_Boletin V="DEPARTAMENTAL"/>
  <Desc_Corporacion V="CONSULTA POPULAR"/>
  <Departamento V="07"/>
  <Desc_Departamento V="BOYACA"/>
  <Municipio V="109"/>
  <Desc_Municipio V="GUAYATA"/>
  <Dia V="21"/>
  <Mes V="8"/>
  <Anio V="2018"/>
  <Hora V="14"/>
  <Minuto V="15"/>
  <Mesas_Instaladas V="10"/>
  <Mesas_Informadas V="10"/>
  <Porc_Mesas_Informadas V="100,00"/>
  <Potencial_Sufragantes V="3750"/>
  <Detalle_Circunscripcion>
    <lin>
      <Circunscripcion V="0"/>
      <Desc_Circunscripcion V="NACIONAL"/>
      <Detalle_Pregunta>
        <lin>
          <Pregunta V="001"/>
          <Total_Sufragantes V="3750"/>
          <Porc_Sufragantes V="100,00"/>
          <Abstencion V="0"/>
          <Porc_Abstencion V="000,00"/>
          <Votos_Validos V="1413"/>
          <Porc_Votos_Validos V="037,68"/>
          <Votos_No_Marcados V="1244"/>
          <Porc_Votos_No_Marcados V="033,17"/>
          <Votos_Nulos V="1093"/>
          <Porc_Votos_Nulos V="029,14"/>
        </lin>
        <lin>
          <Pregunta V="002"/>
          <Total_Sufragantes V="3750"/>
          <Porc_Sufragantes V="100,00"/>
          <Abstencion V="0"/>
          <Porc_Abstencion V="000,00"/>
          <Votos_Validos V="1898"/>
          <Porc_Votos_Validos V="050,61"/>
          <Votos_No_Marcados V="933"/>
          <Porc_Votos_No_Marcados V="024,88"/>
          <Votos_Nulos V="919"/>
          <Porc_Votos_Nulos V="024,50"/>
        </lin>
        <lin>
          <Pregunta V="003"/>
          <Total_Sufragantes V="3750"/>
          <Porc_Sufragantes V="100,00"/>
          <Abstencion V="0"/>
          <Porc_Abstencion V="000,00"/>
          <Votos_Validos V="1757"/>
          <Porc_Votos_Validos V="046,85"/>
          <Votos_No_Marcados V="925"/>
          <Porc_Votos_No_Marcados V="024,66"/>
          <Votos_Nulos V="1068"/>
          <Porc_Votos_Nulos V="028,48"/>
        </lin>
        <lin>
          <Pregunta V="004"/>
          <Total_Sufragantes V="3750"/>
          <Porc_Sufragantes V="100,00"/>
          <Abstencion V="0"/>
          <Porc_Abstencion V="000,00"/>
          <Votos_Validos V="1655"/>
          <Porc_Votos_Validos V="044,13"/>
          <Votos_No_Marcados V="879"/>
          <Porc_Votos_No_Marcados V="023,44"/>
          <Votos_Nulos V="1216"/>
          <Porc_Votos_Nulos V="032,42"/>
        </lin>
        <lin>
          <Pregunta V="005"/>
          <Total_Sufragantes V="3750"/>
          <Porc_Sufragantes V="100,00"/>
          <Abstencion V="0"/>
          <Porc_Abstencion V="000,00"/>
          <Votos_Validos V="1952"/>
          <Porc_Votos_Validos V="052,05"/>
          <Votos_No_Marcados V="737"/>
          <Porc_Votos_No_Marcados V="019,65"/>
          <Votos_Nulos V="1061"/>
          <Porc_Votos_Nulos V="028,29"/>
        </lin>
        <lin>
          <Pregunta V="006"/>
          <Total_Sufragantes V="3750"/>
          <Porc_Sufragantes V="100,00"/>
          <Abstencion V="0"/>
          <Porc_Abstencion V="000,00"/>
          <Votos_Validos V="2143"/>
          <Porc_Votos_Validos V="057,14"/>
          <Votos_No_Marcados V="1079"/>
          <Porc_Votos_No_Marcados V="028,77"/>
          <Votos_Nulos V="528"/>
          <Porc_Votos_Nulos V="014,08"/>
        </lin>
        <lin>
          <Pregunta V="007"/>
          <Total_Sufragantes V="3750"/>
          <Porc_Sufragantes V="100,00"/>
          <Abstencion V="0"/>
          <Porc_Abstencion V="000,00"/>
          <Votos_Validos V="1825"/>
          <Porc_Votos_Validos V="048,66"/>
          <Votos_No_Marcados V="1243"/>
          <Porc_Votos_No_Marcados V="033,14"/>
          <Votos_Nulos V="682"/>
          <Porc_Votos_Nulos V="018,18"/>
        </lin>
      </Detalle_Pregunta>
      <Detalle_Opcion>
        <lin>
          <Opcion V="001"/>
          <Votos V="636"/>
          <Porc V="045,01"/>
          <Pregunta V="001"/>
        </lin>
        <lin>
          <Opcion V="002"/>
          <Votos V="777"/>
          <Porc V="054,98"/>
          <Pregunta V="001"/>
        </lin>
        <lin>
          <Opcion V="001"/>
          <Votos V="1320"/>
          <Porc V="069,54"/>
          <Pregunta V="002"/>
        </lin>
        <lin>
          <Opcion V="002"/>
          <Votos V="578"/>
          <Porc V="030,45"/>
          <Pregunta V="002"/>
        </lin>
        <lin>
          <Opcion V="001"/>
          <Votos V="860"/>
          <Porc V="048,94"/>
          <Pregunta V="003"/>
        </lin>
        <lin>
          <Opcion V="002"/>
          <Votos V="897"/>
          <Porc V="051,05"/>
          <Pregunta V="003"/>
        </lin>
        <lin>
          <Opcion V="001"/>
          <Votos V="725"/>
          <Porc V="043,80"/>
          <Pregunta V="004"/>
        </lin>
        <lin>
          <Opcion V="002"/>
          <Votos V="930"/>
          <Porc V="056,19"/>
          <Pregunta V="004"/>
        </lin>
        <lin>
          <Opcion V="001"/>
          <Votos V="824"/>
          <Porc V="042,21"/>
          <Pregunta V="005"/>
        </lin>
        <lin>
          <Opcion V="002"/>
          <Votos V="1128"/>
          <Porc V="057,78"/>
          <Pregunta V="005"/>
        </lin>
        <lin>
          <Opcion V="001"/>
          <Votos V="1216"/>
          <Porc V="056,74"/>
          <Pregunta V="006"/>
        </lin>
        <lin>
          <Opcion V="002"/>
          <Votos V="927"/>
          <Porc V="043,25"/>
          <Pregunta V="006"/>
        </lin>
        <lin>
          <Opcion V="001"/>
          <Votos V="1088"/>
          <Porc V="059,61"/>
          <Pregunta V="007"/>
        </lin>
        <lin>
          <Opcion V="002"/>
          <Votos V="737"/>
          <Porc V="040,38"/>
          <Pregunta V="007"/>
        </lin>
      </Detalle_Opcion>
    </lin>
  </Detalle_Circunscripcion>
</Boletin>
</Boletin_Consolidado>