<Boletin_Consolidado><Boletin>
  <Numero V="0008"/>
  <Boletin_Departamental V="0012"/>
  <Tipo_Boletin V="DEPARTAMENTAL"/>
  <Desc_Corporacion V="CONSULTA POPULAR"/>
  <Departamento V="11"/>
  <Desc_Departamento V="CAUCA"/>
  <Municipio V="005"/>
  <Desc_Municipio V="ARGELIA"/>
  <Dia V="21"/>
  <Mes V="8"/>
  <Anio V="2018"/>
  <Hora V="14"/>
  <Minuto V="15"/>
  <Mesas_Instaladas V="54"/>
  <Mesas_Informadas V="54"/>
  <Porc_Mesas_Informadas V="100,00"/>
  <Potencial_Sufragantes V="17904"/>
  <Detalle_Circunscripcion>
    <lin>
      <Circunscripcion V="0"/>
      <Desc_Circunscripcion V="NACIONAL"/>
      <Detalle_Pregunta>
        <lin>
          <Pregunta V="001"/>
          <Total_Sufragantes V="17904"/>
          <Porc_Sufragantes V="100,00"/>
          <Abstencion V="0"/>
          <Porc_Abstencion V="000,00"/>
          <Votos_Validos V="8471"/>
          <Porc_Votos_Validos V="047,31"/>
          <Votos_No_Marcados V="4655"/>
          <Porc_Votos_No_Marcados V="025,99"/>
          <Votos_Nulos V="4778"/>
          <Porc_Votos_Nulos V="026,68"/>
        </lin>
        <lin>
          <Pregunta V="002"/>
          <Total_Sufragantes V="17904"/>
          <Porc_Sufragantes V="100,00"/>
          <Abstencion V="0"/>
          <Porc_Abstencion V="000,00"/>
          <Votos_Validos V="10014"/>
          <Porc_Votos_Validos V="055,93"/>
          <Votos_No_Marcados V="3578"/>
          <Porc_Votos_No_Marcados V="019,98"/>
          <Votos_Nulos V="4312"/>
          <Porc_Votos_Nulos V="024,08"/>
        </lin>
        <lin>
          <Pregunta V="003"/>
          <Total_Sufragantes V="17904"/>
          <Porc_Sufragantes V="100,00"/>
          <Abstencion V="0"/>
          <Porc_Abstencion V="000,00"/>
          <Votos_Validos V="9281"/>
          <Porc_Votos_Validos V="051,83"/>
          <Votos_No_Marcados V="4369"/>
          <Porc_Votos_No_Marcados V="024,40"/>
          <Votos_Nulos V="4254"/>
          <Porc_Votos_Nulos V="023,76"/>
        </lin>
        <lin>
          <Pregunta V="004"/>
          <Total_Sufragantes V="17904"/>
          <Porc_Sufragantes V="100,00"/>
          <Abstencion V="0"/>
          <Porc_Abstencion V="000,00"/>
          <Votos_Validos V="9202"/>
          <Porc_Votos_Validos V="051,39"/>
          <Votos_No_Marcados V="3649"/>
          <Porc_Votos_No_Marcados V="020,38"/>
          <Votos_Nulos V="5053"/>
          <Porc_Votos_Nulos V="028,22"/>
        </lin>
        <lin>
          <Pregunta V="005"/>
          <Total_Sufragantes V="17904"/>
          <Porc_Sufragantes V="100,00"/>
          <Abstencion V="0"/>
          <Porc_Abstencion V="000,00"/>
          <Votos_Validos V="9241"/>
          <Porc_Votos_Validos V="051,61"/>
          <Votos_No_Marcados V="4526"/>
          <Porc_Votos_No_Marcados V="025,27"/>
          <Votos_Nulos V="4137"/>
          <Porc_Votos_Nulos V="023,10"/>
        </lin>
        <lin>
          <Pregunta V="006"/>
          <Total_Sufragantes V="17904"/>
          <Porc_Sufragantes V="100,00"/>
          <Abstencion V="0"/>
          <Porc_Abstencion V="000,00"/>
          <Votos_Validos V="9625"/>
          <Porc_Votos_Validos V="053,75"/>
          <Votos_No_Marcados V="3957"/>
          <Porc_Votos_No_Marcados V="022,10"/>
          <Votos_Nulos V="4322"/>
          <Porc_Votos_Nulos V="024,13"/>
        </lin>
        <lin>
          <Pregunta V="007"/>
          <Total_Sufragantes V="17904"/>
          <Porc_Sufragantes V="100,00"/>
          <Abstencion V="0"/>
          <Porc_Abstencion V="000,00"/>
          <Votos_Validos V="9279"/>
          <Porc_Votos_Validos V="051,82"/>
          <Votos_No_Marcados V="4128"/>
          <Porc_Votos_No_Marcados V="023,05"/>
          <Votos_Nulos V="4497"/>
          <Porc_Votos_Nulos V="025,11"/>
        </lin>
      </Detalle_Pregunta>
      <Detalle_Opcion>
        <lin>
          <Opcion V="001"/>
          <Votos V="4246"/>
          <Porc V="050,12"/>
          <Pregunta V="001"/>
        </lin>
        <lin>
          <Opcion V="002"/>
          <Votos V="4225"/>
          <Porc V="049,87"/>
          <Pregunta V="001"/>
        </lin>
        <lin>
          <Opcion V="001"/>
          <Votos V="4276"/>
          <Porc V="042,70"/>
          <Pregunta V="002"/>
        </lin>
        <lin>
          <Opcion V="002"/>
          <Votos V="5738"/>
          <Porc V="057,29"/>
          <Pregunta V="002"/>
        </lin>
        <lin>
          <Opcion V="001"/>
          <Votos V="4340"/>
          <Porc V="046,76"/>
          <Pregunta V="003"/>
        </lin>
        <lin>
          <Opcion V="002"/>
          <Votos V="4941"/>
          <Porc V="053,23"/>
          <Pregunta V="003"/>
        </lin>
        <lin>
          <Opcion V="001"/>
          <Votos V="5333"/>
          <Porc V="057,95"/>
          <Pregunta V="004"/>
        </lin>
        <lin>
          <Opcion V="002"/>
          <Votos V="3869"/>
          <Porc V="042,04"/>
          <Pregunta V="004"/>
        </lin>
        <lin>
          <Opcion V="001"/>
          <Votos V="4625"/>
          <Porc V="050,04"/>
          <Pregunta V="005"/>
        </lin>
        <lin>
          <Opcion V="002"/>
          <Votos V="4616"/>
          <Porc V="049,95"/>
          <Pregunta V="005"/>
        </lin>
        <lin>
          <Opcion V="001"/>
          <Votos V="4968"/>
          <Porc V="051,61"/>
          <Pregunta V="006"/>
        </lin>
        <lin>
          <Opcion V="002"/>
          <Votos V="4657"/>
          <Porc V="048,38"/>
          <Pregunta V="006"/>
        </lin>
        <lin>
          <Opcion V="001"/>
          <Votos V="4446"/>
          <Porc V="047,91"/>
          <Pregunta V="007"/>
        </lin>
        <lin>
          <Opcion V="002"/>
          <Votos V="4833"/>
          <Porc V="052,08"/>
          <Pregunta V="007"/>
        </lin>
      </Detalle_Opcion>
    </lin>
  </Detalle_Circunscripcion>
</Boletin>
</Boletin_Consolidado>