<Boletin_Consolidado><Boletin>
  <Numero V="0008"/>
  <Boletin_Departamental V="0012"/>
  <Tipo_Boletin V="DEPARTAMENTAL"/>
  <Desc_Corporacion V="CONSULTA POPULAR"/>
  <Departamento V="05"/>
  <Desc_Departamento V="BOLIVAR"/>
  <Municipio V="072"/>
  <Desc_Municipio V="SAN CRISTOBAL"/>
  <Dia V="21"/>
  <Mes V="8"/>
  <Anio V="2018"/>
  <Hora V="14"/>
  <Minuto V="15"/>
  <Mesas_Instaladas V="19"/>
  <Mesas_Informadas V="19"/>
  <Porc_Mesas_Informadas V="100,00"/>
  <Potencial_Sufragantes V="6926"/>
  <Detalle_Circunscripcion>
    <lin>
      <Circunscripcion V="0"/>
      <Desc_Circunscripcion V="NACIONAL"/>
      <Detalle_Pregunta>
        <lin>
          <Pregunta V="001"/>
          <Total_Sufragantes V="6926"/>
          <Porc_Sufragantes V="100,00"/>
          <Abstencion V="0"/>
          <Porc_Abstencion V="000,00"/>
          <Votos_Validos V="2987"/>
          <Porc_Votos_Validos V="043,12"/>
          <Votos_No_Marcados V="2202"/>
          <Porc_Votos_No_Marcados V="031,79"/>
          <Votos_Nulos V="1737"/>
          <Porc_Votos_Nulos V="025,07"/>
        </lin>
        <lin>
          <Pregunta V="002"/>
          <Total_Sufragantes V="6926"/>
          <Porc_Sufragantes V="100,00"/>
          <Abstencion V="0"/>
          <Porc_Abstencion V="000,00"/>
          <Votos_Validos V="2998"/>
          <Porc_Votos_Validos V="043,28"/>
          <Votos_No_Marcados V="2238"/>
          <Porc_Votos_No_Marcados V="032,31"/>
          <Votos_Nulos V="1690"/>
          <Porc_Votos_Nulos V="024,40"/>
        </lin>
        <lin>
          <Pregunta V="003"/>
          <Total_Sufragantes V="6926"/>
          <Porc_Sufragantes V="100,00"/>
          <Abstencion V="0"/>
          <Porc_Abstencion V="000,00"/>
          <Votos_Validos V="3364"/>
          <Porc_Votos_Validos V="048,57"/>
          <Votos_No_Marcados V="1646"/>
          <Porc_Votos_No_Marcados V="023,76"/>
          <Votos_Nulos V="1916"/>
          <Porc_Votos_Nulos V="027,66"/>
        </lin>
        <lin>
          <Pregunta V="004"/>
          <Total_Sufragantes V="6926"/>
          <Porc_Sufragantes V="100,00"/>
          <Abstencion V="0"/>
          <Porc_Abstencion V="000,00"/>
          <Votos_Validos V="3363"/>
          <Porc_Votos_Validos V="048,55"/>
          <Votos_No_Marcados V="1749"/>
          <Porc_Votos_No_Marcados V="025,25"/>
          <Votos_Nulos V="1814"/>
          <Porc_Votos_Nulos V="026,19"/>
        </lin>
        <lin>
          <Pregunta V="005"/>
          <Total_Sufragantes V="6926"/>
          <Porc_Sufragantes V="100,00"/>
          <Abstencion V="0"/>
          <Porc_Abstencion V="000,00"/>
          <Votos_Validos V="2881"/>
          <Porc_Votos_Validos V="041,59"/>
          <Votos_No_Marcados V="2013"/>
          <Porc_Votos_No_Marcados V="029,06"/>
          <Votos_Nulos V="2032"/>
          <Porc_Votos_Nulos V="029,33"/>
        </lin>
        <lin>
          <Pregunta V="006"/>
          <Total_Sufragantes V="6926"/>
          <Porc_Sufragantes V="100,00"/>
          <Abstencion V="0"/>
          <Porc_Abstencion V="000,00"/>
          <Votos_Validos V="3348"/>
          <Porc_Votos_Validos V="048,33"/>
          <Votos_No_Marcados V="1597"/>
          <Porc_Votos_No_Marcados V="023,05"/>
          <Votos_Nulos V="1981"/>
          <Porc_Votos_Nulos V="028,60"/>
        </lin>
        <lin>
          <Pregunta V="007"/>
          <Total_Sufragantes V="6926"/>
          <Porc_Sufragantes V="100,00"/>
          <Abstencion V="0"/>
          <Porc_Abstencion V="000,00"/>
          <Votos_Validos V="3891"/>
          <Porc_Votos_Validos V="056,17"/>
          <Votos_No_Marcados V="1491"/>
          <Porc_Votos_No_Marcados V="021,52"/>
          <Votos_Nulos V="1544"/>
          <Porc_Votos_Nulos V="022,29"/>
        </lin>
      </Detalle_Pregunta>
      <Detalle_Opcion>
        <lin>
          <Opcion V="001"/>
          <Votos V="1511"/>
          <Porc V="050,58"/>
          <Pregunta V="001"/>
        </lin>
        <lin>
          <Opcion V="002"/>
          <Votos V="1476"/>
          <Porc V="049,41"/>
          <Pregunta V="001"/>
        </lin>
        <lin>
          <Opcion V="001"/>
          <Votos V="1416"/>
          <Porc V="047,23"/>
          <Pregunta V="002"/>
        </lin>
        <lin>
          <Opcion V="002"/>
          <Votos V="1582"/>
          <Porc V="052,76"/>
          <Pregunta V="002"/>
        </lin>
        <lin>
          <Opcion V="001"/>
          <Votos V="1669"/>
          <Porc V="049,61"/>
          <Pregunta V="003"/>
        </lin>
        <lin>
          <Opcion V="002"/>
          <Votos V="1695"/>
          <Porc V="050,38"/>
          <Pregunta V="003"/>
        </lin>
        <lin>
          <Opcion V="001"/>
          <Votos V="1526"/>
          <Porc V="045,37"/>
          <Pregunta V="004"/>
        </lin>
        <lin>
          <Opcion V="002"/>
          <Votos V="1837"/>
          <Porc V="054,62"/>
          <Pregunta V="004"/>
        </lin>
        <lin>
          <Opcion V="001"/>
          <Votos V="1546"/>
          <Porc V="053,66"/>
          <Pregunta V="005"/>
        </lin>
        <lin>
          <Opcion V="002"/>
          <Votos V="1335"/>
          <Porc V="046,33"/>
          <Pregunta V="005"/>
        </lin>
        <lin>
          <Opcion V="001"/>
          <Votos V="1714"/>
          <Porc V="051,19"/>
          <Pregunta V="006"/>
        </lin>
        <lin>
          <Opcion V="002"/>
          <Votos V="1634"/>
          <Porc V="048,80"/>
          <Pregunta V="006"/>
        </lin>
        <lin>
          <Opcion V="001"/>
          <Votos V="2132"/>
          <Porc V="054,79"/>
          <Pregunta V="007"/>
        </lin>
        <lin>
          <Opcion V="002"/>
          <Votos V="1759"/>
          <Porc V="045,20"/>
          <Pregunta V="007"/>
        </lin>
      </Detalle_Opcion>
    </lin>
  </Detalle_Circunscripcion>
</Boletin>
</Boletin_Consolidado>