<Boletin_Consolidado><Boletin>
  <Numero V="0008"/>
  <Boletin_Departamental V="0012"/>
  <Tipo_Boletin V="DEPARTAMENTAL"/>
  <Desc_Corporacion V="CONSULTA POPULAR"/>
  <Departamento V="05"/>
  <Desc_Departamento V="BOLIVAR"/>
  <Municipio V="016"/>
  <Desc_Municipio V="CORDOBA"/>
  <Dia V="21"/>
  <Mes V="8"/>
  <Anio V="2018"/>
  <Hora V="14"/>
  <Minuto V="15"/>
  <Mesas_Instaladas V="41"/>
  <Mesas_Informadas V="41"/>
  <Porc_Mesas_Informadas V="100,00"/>
  <Potencial_Sufragantes V="13715"/>
  <Detalle_Circunscripcion>
    <lin>
      <Circunscripcion V="0"/>
      <Desc_Circunscripcion V="NACIONAL"/>
      <Detalle_Pregunta>
        <lin>
          <Pregunta V="001"/>
          <Total_Sufragantes V="13715"/>
          <Porc_Sufragantes V="100,00"/>
          <Abstencion V="0"/>
          <Porc_Abstencion V="000,00"/>
          <Votos_Validos V="6282"/>
          <Porc_Votos_Validos V="045,80"/>
          <Votos_No_Marcados V="4345"/>
          <Porc_Votos_No_Marcados V="031,68"/>
          <Votos_Nulos V="3088"/>
          <Porc_Votos_Nulos V="022,51"/>
        </lin>
        <lin>
          <Pregunta V="002"/>
          <Total_Sufragantes V="13715"/>
          <Porc_Sufragantes V="100,00"/>
          <Abstencion V="0"/>
          <Porc_Abstencion V="000,00"/>
          <Votos_Validos V="6367"/>
          <Porc_Votos_Validos V="046,42"/>
          <Votos_No_Marcados V="3743"/>
          <Porc_Votos_No_Marcados V="027,29"/>
          <Votos_Nulos V="3605"/>
          <Porc_Votos_Nulos V="026,28"/>
        </lin>
        <lin>
          <Pregunta V="003"/>
          <Total_Sufragantes V="13715"/>
          <Porc_Sufragantes V="100,00"/>
          <Abstencion V="0"/>
          <Porc_Abstencion V="000,00"/>
          <Votos_Validos V="7088"/>
          <Porc_Votos_Validos V="051,68"/>
          <Votos_No_Marcados V="3577"/>
          <Porc_Votos_No_Marcados V="026,08"/>
          <Votos_Nulos V="3050"/>
          <Porc_Votos_Nulos V="022,23"/>
        </lin>
        <lin>
          <Pregunta V="004"/>
          <Total_Sufragantes V="13715"/>
          <Porc_Sufragantes V="100,00"/>
          <Abstencion V="0"/>
          <Porc_Abstencion V="000,00"/>
          <Votos_Validos V="6919"/>
          <Porc_Votos_Validos V="050,44"/>
          <Votos_No_Marcados V="3504"/>
          <Porc_Votos_No_Marcados V="025,54"/>
          <Votos_Nulos V="3292"/>
          <Porc_Votos_Nulos V="024,00"/>
        </lin>
        <lin>
          <Pregunta V="005"/>
          <Total_Sufragantes V="13715"/>
          <Porc_Sufragantes V="100,00"/>
          <Abstencion V="0"/>
          <Porc_Abstencion V="000,00"/>
          <Votos_Validos V="7349"/>
          <Porc_Votos_Validos V="053,58"/>
          <Votos_No_Marcados V="2925"/>
          <Porc_Votos_No_Marcados V="021,32"/>
          <Votos_Nulos V="3441"/>
          <Porc_Votos_Nulos V="025,08"/>
        </lin>
        <lin>
          <Pregunta V="006"/>
          <Total_Sufragantes V="13715"/>
          <Porc_Sufragantes V="100,00"/>
          <Abstencion V="0"/>
          <Porc_Abstencion V="000,00"/>
          <Votos_Validos V="6793"/>
          <Porc_Votos_Validos V="049,52"/>
          <Votos_No_Marcados V="3284"/>
          <Porc_Votos_No_Marcados V="023,94"/>
          <Votos_Nulos V="3638"/>
          <Porc_Votos_Nulos V="026,52"/>
        </lin>
        <lin>
          <Pregunta V="007"/>
          <Total_Sufragantes V="13715"/>
          <Porc_Sufragantes V="100,00"/>
          <Abstencion V="0"/>
          <Porc_Abstencion V="000,00"/>
          <Votos_Validos V="6303"/>
          <Porc_Votos_Validos V="045,95"/>
          <Votos_No_Marcados V="3703"/>
          <Porc_Votos_No_Marcados V="026,99"/>
          <Votos_Nulos V="3709"/>
          <Porc_Votos_Nulos V="027,04"/>
        </lin>
      </Detalle_Pregunta>
      <Detalle_Opcion>
        <lin>
          <Opcion V="001"/>
          <Votos V="2757"/>
          <Porc V="043,88"/>
          <Pregunta V="001"/>
        </lin>
        <lin>
          <Opcion V="002"/>
          <Votos V="3525"/>
          <Porc V="056,11"/>
          <Pregunta V="001"/>
        </lin>
        <lin>
          <Opcion V="001"/>
          <Votos V="3291"/>
          <Porc V="051,68"/>
          <Pregunta V="002"/>
        </lin>
        <lin>
          <Opcion V="002"/>
          <Votos V="3076"/>
          <Porc V="048,31"/>
          <Pregunta V="002"/>
        </lin>
        <lin>
          <Opcion V="001"/>
          <Votos V="3555"/>
          <Porc V="050,15"/>
          <Pregunta V="003"/>
        </lin>
        <lin>
          <Opcion V="002"/>
          <Votos V="3533"/>
          <Porc V="049,84"/>
          <Pregunta V="003"/>
        </lin>
        <lin>
          <Opcion V="001"/>
          <Votos V="3508"/>
          <Porc V="050,70"/>
          <Pregunta V="004"/>
        </lin>
        <lin>
          <Opcion V="002"/>
          <Votos V="3411"/>
          <Porc V="049,29"/>
          <Pregunta V="004"/>
        </lin>
        <lin>
          <Opcion V="001"/>
          <Votos V="3776"/>
          <Porc V="051,38"/>
          <Pregunta V="005"/>
        </lin>
        <lin>
          <Opcion V="002"/>
          <Votos V="3573"/>
          <Porc V="048,61"/>
          <Pregunta V="005"/>
        </lin>
        <lin>
          <Opcion V="001"/>
          <Votos V="3935"/>
          <Porc V="057,92"/>
          <Pregunta V="006"/>
        </lin>
        <lin>
          <Opcion V="002"/>
          <Votos V="2858"/>
          <Porc V="042,07"/>
          <Pregunta V="006"/>
        </lin>
        <lin>
          <Opcion V="001"/>
          <Votos V="3527"/>
          <Porc V="055,95"/>
          <Pregunta V="007"/>
        </lin>
        <lin>
          <Opcion V="002"/>
          <Votos V="2776"/>
          <Porc V="044,04"/>
          <Pregunta V="007"/>
        </lin>
      </Detalle_Opcion>
    </lin>
  </Detalle_Circunscripcion>
</Boletin>
</Boletin_Consolidado>