<Boletin_Consolidado><Boletin>
  <Numero V="0008"/>
  <Boletin_Departamental V="0012"/>
  <Tipo_Boletin V="DEPARTAMENTAL"/>
  <Desc_Corporacion V="CONSULTA POPULAR"/>
  <Departamento V="11"/>
  <Desc_Departamento V="CAUCA"/>
  <Municipio V="043"/>
  <Desc_Municipio V="LOPEZ (MICAY)"/>
  <Dia V="21"/>
  <Mes V="8"/>
  <Anio V="2018"/>
  <Hora V="14"/>
  <Minuto V="15"/>
  <Mesas_Instaladas V="51"/>
  <Mesas_Informadas V="51"/>
  <Porc_Mesas_Informadas V="100,00"/>
  <Potencial_Sufragantes V="12740"/>
  <Detalle_Circunscripcion>
    <lin>
      <Circunscripcion V="0"/>
      <Desc_Circunscripcion V="NACIONAL"/>
      <Detalle_Pregunta>
        <lin>
          <Pregunta V="001"/>
          <Total_Sufragantes V="12740"/>
          <Porc_Sufragantes V="100,00"/>
          <Abstencion V="0"/>
          <Porc_Abstencion V="000,00"/>
          <Votos_Validos V="6871"/>
          <Porc_Votos_Validos V="053,93"/>
          <Votos_No_Marcados V="2684"/>
          <Porc_Votos_No_Marcados V="021,06"/>
          <Votos_Nulos V="3185"/>
          <Porc_Votos_Nulos V="025,00"/>
        </lin>
        <lin>
          <Pregunta V="002"/>
          <Total_Sufragantes V="12740"/>
          <Porc_Sufragantes V="100,00"/>
          <Abstencion V="0"/>
          <Porc_Abstencion V="000,00"/>
          <Votos_Validos V="6841"/>
          <Porc_Votos_Validos V="053,69"/>
          <Votos_No_Marcados V="2966"/>
          <Porc_Votos_No_Marcados V="023,28"/>
          <Votos_Nulos V="2933"/>
          <Porc_Votos_Nulos V="023,02"/>
        </lin>
        <lin>
          <Pregunta V="003"/>
          <Total_Sufragantes V="12740"/>
          <Porc_Sufragantes V="100,00"/>
          <Abstencion V="0"/>
          <Porc_Abstencion V="000,00"/>
          <Votos_Validos V="6355"/>
          <Porc_Votos_Validos V="049,88"/>
          <Votos_No_Marcados V="3832"/>
          <Porc_Votos_No_Marcados V="030,07"/>
          <Votos_Nulos V="2553"/>
          <Porc_Votos_Nulos V="020,03"/>
        </lin>
        <lin>
          <Pregunta V="004"/>
          <Total_Sufragantes V="12740"/>
          <Porc_Sufragantes V="100,00"/>
          <Abstencion V="0"/>
          <Porc_Abstencion V="000,00"/>
          <Votos_Validos V="6647"/>
          <Porc_Votos_Validos V="052,17"/>
          <Votos_No_Marcados V="3290"/>
          <Porc_Votos_No_Marcados V="025,82"/>
          <Votos_Nulos V="2803"/>
          <Porc_Votos_Nulos V="022,00"/>
        </lin>
        <lin>
          <Pregunta V="005"/>
          <Total_Sufragantes V="12740"/>
          <Porc_Sufragantes V="100,00"/>
          <Abstencion V="0"/>
          <Porc_Abstencion V="000,00"/>
          <Votos_Validos V="6432"/>
          <Porc_Votos_Validos V="050,48"/>
          <Votos_No_Marcados V="2707"/>
          <Porc_Votos_No_Marcados V="021,24"/>
          <Votos_Nulos V="3601"/>
          <Porc_Votos_Nulos V="028,26"/>
        </lin>
        <lin>
          <Pregunta V="006"/>
          <Total_Sufragantes V="12740"/>
          <Porc_Sufragantes V="100,00"/>
          <Abstencion V="0"/>
          <Porc_Abstencion V="000,00"/>
          <Votos_Validos V="5907"/>
          <Porc_Votos_Validos V="046,36"/>
          <Votos_No_Marcados V="3494"/>
          <Porc_Votos_No_Marcados V="027,42"/>
          <Votos_Nulos V="3339"/>
          <Porc_Votos_Nulos V="026,20"/>
        </lin>
        <lin>
          <Pregunta V="007"/>
          <Total_Sufragantes V="12740"/>
          <Porc_Sufragantes V="100,00"/>
          <Abstencion V="0"/>
          <Porc_Abstencion V="000,00"/>
          <Votos_Validos V="6546"/>
          <Porc_Votos_Validos V="051,38"/>
          <Votos_No_Marcados V="2991"/>
          <Porc_Votos_No_Marcados V="023,47"/>
          <Votos_Nulos V="3203"/>
          <Porc_Votos_Nulos V="025,14"/>
        </lin>
      </Detalle_Pregunta>
      <Detalle_Opcion>
        <lin>
          <Opcion V="001"/>
          <Votos V="4044"/>
          <Porc V="058,85"/>
          <Pregunta V="001"/>
        </lin>
        <lin>
          <Opcion V="002"/>
          <Votos V="2827"/>
          <Porc V="041,14"/>
          <Pregunta V="001"/>
        </lin>
        <lin>
          <Opcion V="001"/>
          <Votos V="3620"/>
          <Porc V="052,91"/>
          <Pregunta V="002"/>
        </lin>
        <lin>
          <Opcion V="002"/>
          <Votos V="3221"/>
          <Porc V="047,08"/>
          <Pregunta V="002"/>
        </lin>
        <lin>
          <Opcion V="001"/>
          <Votos V="2904"/>
          <Porc V="045,69"/>
          <Pregunta V="003"/>
        </lin>
        <lin>
          <Opcion V="002"/>
          <Votos V="3451"/>
          <Porc V="054,30"/>
          <Pregunta V="003"/>
        </lin>
        <lin>
          <Opcion V="001"/>
          <Votos V="2979"/>
          <Porc V="044,81"/>
          <Pregunta V="004"/>
        </lin>
        <lin>
          <Opcion V="002"/>
          <Votos V="3668"/>
          <Porc V="055,18"/>
          <Pregunta V="004"/>
        </lin>
        <lin>
          <Opcion V="001"/>
          <Votos V="2853"/>
          <Porc V="044,35"/>
          <Pregunta V="005"/>
        </lin>
        <lin>
          <Opcion V="002"/>
          <Votos V="3579"/>
          <Porc V="055,64"/>
          <Pregunta V="005"/>
        </lin>
        <lin>
          <Opcion V="001"/>
          <Votos V="2663"/>
          <Porc V="045,08"/>
          <Pregunta V="006"/>
        </lin>
        <lin>
          <Opcion V="002"/>
          <Votos V="3244"/>
          <Porc V="054,91"/>
          <Pregunta V="006"/>
        </lin>
        <lin>
          <Opcion V="001"/>
          <Votos V="3567"/>
          <Porc V="054,49"/>
          <Pregunta V="007"/>
        </lin>
        <lin>
          <Opcion V="002"/>
          <Votos V="2979"/>
          <Porc V="045,50"/>
          <Pregunta V="007"/>
        </lin>
      </Detalle_Opcion>
    </lin>
  </Detalle_Circunscripcion>
</Boletin>
</Boletin_Consolidado>