<Boletin_Consolidado><Boletin>
  <Numero V="0008"/>
  <Boletin_Departamental V="0012"/>
  <Tipo_Boletin V="DEPARTAMENTAL"/>
  <Desc_Corporacion V="CONSULTA POPULAR"/>
  <Departamento V="11"/>
  <Desc_Departamento V="CAUCA"/>
  <Municipio V="076"/>
  <Desc_Municipio V="SANTANDER DE QUILICHAO"/>
  <Dia V="21"/>
  <Mes V="8"/>
  <Anio V="2018"/>
  <Hora V="14"/>
  <Minuto V="15"/>
  <Mesas_Instaladas V="193"/>
  <Mesas_Informadas V="193"/>
  <Porc_Mesas_Informadas V="100,00"/>
  <Potencial_Sufragantes V="77646"/>
  <Detalle_Circunscripcion>
    <lin>
      <Circunscripcion V="0"/>
      <Desc_Circunscripcion V="NACIONAL"/>
      <Detalle_Pregunta>
        <lin>
          <Pregunta V="001"/>
          <Total_Sufragantes V="77646"/>
          <Porc_Sufragantes V="100,00"/>
          <Abstencion V="0"/>
          <Porc_Abstencion V="000,00"/>
          <Votos_Validos V="38430"/>
          <Porc_Votos_Validos V="049,49"/>
          <Votos_No_Marcados V="21192"/>
          <Porc_Votos_No_Marcados V="027,29"/>
          <Votos_Nulos V="18024"/>
          <Porc_Votos_Nulos V="023,21"/>
        </lin>
        <lin>
          <Pregunta V="002"/>
          <Total_Sufragantes V="77646"/>
          <Porc_Sufragantes V="100,00"/>
          <Abstencion V="0"/>
          <Porc_Abstencion V="000,00"/>
          <Votos_Validos V="38821"/>
          <Porc_Votos_Validos V="049,99"/>
          <Votos_No_Marcados V="18430"/>
          <Porc_Votos_No_Marcados V="023,73"/>
          <Votos_Nulos V="20395"/>
          <Porc_Votos_Nulos V="026,26"/>
        </lin>
        <lin>
          <Pregunta V="003"/>
          <Total_Sufragantes V="77646"/>
          <Porc_Sufragantes V="100,00"/>
          <Abstencion V="0"/>
          <Porc_Abstencion V="000,00"/>
          <Votos_Validos V="38704"/>
          <Porc_Votos_Validos V="049,84"/>
          <Votos_No_Marcados V="18921"/>
          <Porc_Votos_No_Marcados V="024,36"/>
          <Votos_Nulos V="20021"/>
          <Porc_Votos_Nulos V="025,78"/>
        </lin>
        <lin>
          <Pregunta V="004"/>
          <Total_Sufragantes V="77646"/>
          <Porc_Sufragantes V="100,00"/>
          <Abstencion V="0"/>
          <Porc_Abstencion V="000,00"/>
          <Votos_Validos V="37369"/>
          <Porc_Votos_Validos V="048,12"/>
          <Votos_No_Marcados V="21546"/>
          <Porc_Votos_No_Marcados V="027,74"/>
          <Votos_Nulos V="18731"/>
          <Porc_Votos_Nulos V="024,12"/>
        </lin>
        <lin>
          <Pregunta V="005"/>
          <Total_Sufragantes V="77646"/>
          <Porc_Sufragantes V="100,00"/>
          <Abstencion V="0"/>
          <Porc_Abstencion V="000,00"/>
          <Votos_Validos V="39029"/>
          <Porc_Votos_Validos V="050,26"/>
          <Votos_No_Marcados V="19302"/>
          <Porc_Votos_No_Marcados V="024,85"/>
          <Votos_Nulos V="19315"/>
          <Porc_Votos_Nulos V="024,87"/>
        </lin>
        <lin>
          <Pregunta V="006"/>
          <Total_Sufragantes V="77646"/>
          <Porc_Sufragantes V="100,00"/>
          <Abstencion V="0"/>
          <Porc_Abstencion V="000,00"/>
          <Votos_Validos V="38562"/>
          <Porc_Votos_Validos V="049,66"/>
          <Votos_No_Marcados V="19739"/>
          <Porc_Votos_No_Marcados V="025,42"/>
          <Votos_Nulos V="19345"/>
          <Porc_Votos_Nulos V="024,91"/>
        </lin>
        <lin>
          <Pregunta V="007"/>
          <Total_Sufragantes V="77646"/>
          <Porc_Sufragantes V="100,00"/>
          <Abstencion V="0"/>
          <Porc_Abstencion V="000,00"/>
          <Votos_Validos V="39255"/>
          <Porc_Votos_Validos V="050,55"/>
          <Votos_No_Marcados V="18961"/>
          <Porc_Votos_No_Marcados V="024,41"/>
          <Votos_Nulos V="19430"/>
          <Porc_Votos_Nulos V="025,02"/>
        </lin>
      </Detalle_Pregunta>
      <Detalle_Opcion>
        <lin>
          <Opcion V="001"/>
          <Votos V="19304"/>
          <Porc V="050,23"/>
          <Pregunta V="001"/>
        </lin>
        <lin>
          <Opcion V="002"/>
          <Votos V="19126"/>
          <Porc V="049,76"/>
          <Pregunta V="001"/>
        </lin>
        <lin>
          <Opcion V="001"/>
          <Votos V="18555"/>
          <Porc V="047,79"/>
          <Pregunta V="002"/>
        </lin>
        <lin>
          <Opcion V="002"/>
          <Votos V="20266"/>
          <Porc V="052,20"/>
          <Pregunta V="002"/>
        </lin>
        <lin>
          <Opcion V="001"/>
          <Votos V="19551"/>
          <Porc V="050,51"/>
          <Pregunta V="003"/>
        </lin>
        <lin>
          <Opcion V="002"/>
          <Votos V="19153"/>
          <Porc V="049,48"/>
          <Pregunta V="003"/>
        </lin>
        <lin>
          <Opcion V="001"/>
          <Votos V="17963"/>
          <Porc V="048,06"/>
          <Pregunta V="004"/>
        </lin>
        <lin>
          <Opcion V="002"/>
          <Votos V="19406"/>
          <Porc V="051,93"/>
          <Pregunta V="004"/>
        </lin>
        <lin>
          <Opcion V="001"/>
          <Votos V="20455"/>
          <Porc V="052,40"/>
          <Pregunta V="005"/>
        </lin>
        <lin>
          <Opcion V="002"/>
          <Votos V="18574"/>
          <Porc V="047,59"/>
          <Pregunta V="005"/>
        </lin>
        <lin>
          <Opcion V="001"/>
          <Votos V="19574"/>
          <Porc V="050,75"/>
          <Pregunta V="006"/>
        </lin>
        <lin>
          <Opcion V="002"/>
          <Votos V="18988"/>
          <Porc V="049,24"/>
          <Pregunta V="006"/>
        </lin>
        <lin>
          <Opcion V="001"/>
          <Votos V="18756"/>
          <Porc V="047,77"/>
          <Pregunta V="007"/>
        </lin>
        <lin>
          <Opcion V="002"/>
          <Votos V="20499"/>
          <Porc V="052,22"/>
          <Pregunta V="007"/>
        </lin>
      </Detalle_Opcion>
    </lin>
  </Detalle_Circunscripcion>
</Boletin>
</Boletin_Consolidado>