<Boletin_Consolidado><Boletin>
  <Numero V="0008"/>
  <Boletin_Departamental V="0012"/>
  <Tipo_Boletin V="DEPARTAMENTAL"/>
  <Desc_Corporacion V="CONSULTA POPULAR"/>
  <Departamento V="07"/>
  <Desc_Departamento V="BOYACA"/>
  <Municipio V="301"/>
  <Desc_Municipio V="TENZA"/>
  <Dia V="21"/>
  <Mes V="8"/>
  <Anio V="2018"/>
  <Hora V="14"/>
  <Minuto V="15"/>
  <Mesas_Instaladas V="9"/>
  <Mesas_Informadas V="9"/>
  <Porc_Mesas_Informadas V="100,00"/>
  <Potencial_Sufragantes V="3456"/>
  <Detalle_Circunscripcion>
    <lin>
      <Circunscripcion V="0"/>
      <Desc_Circunscripcion V="NACIONAL"/>
      <Detalle_Pregunta>
        <lin>
          <Pregunta V="001"/>
          <Total_Sufragantes V="3456"/>
          <Porc_Sufragantes V="100,00"/>
          <Abstencion V="0"/>
          <Porc_Abstencion V="000,00"/>
          <Votos_Validos V="1619"/>
          <Porc_Votos_Validos V="046,84"/>
          <Votos_No_Marcados V="986"/>
          <Porc_Votos_No_Marcados V="028,53"/>
          <Votos_Nulos V="851"/>
          <Porc_Votos_Nulos V="024,62"/>
        </lin>
        <lin>
          <Pregunta V="002"/>
          <Total_Sufragantes V="3456"/>
          <Porc_Sufragantes V="100,00"/>
          <Abstencion V="0"/>
          <Porc_Abstencion V="000,00"/>
          <Votos_Validos V="1600"/>
          <Porc_Votos_Validos V="046,29"/>
          <Votos_No_Marcados V="873"/>
          <Porc_Votos_No_Marcados V="025,26"/>
          <Votos_Nulos V="983"/>
          <Porc_Votos_Nulos V="028,44"/>
        </lin>
        <lin>
          <Pregunta V="003"/>
          <Total_Sufragantes V="3456"/>
          <Porc_Sufragantes V="100,00"/>
          <Abstencion V="0"/>
          <Porc_Abstencion V="000,00"/>
          <Votos_Validos V="1730"/>
          <Porc_Votos_Validos V="050,05"/>
          <Votos_No_Marcados V="840"/>
          <Porc_Votos_No_Marcados V="024,30"/>
          <Votos_Nulos V="886"/>
          <Porc_Votos_Nulos V="025,63"/>
        </lin>
        <lin>
          <Pregunta V="004"/>
          <Total_Sufragantes V="3456"/>
          <Porc_Sufragantes V="100,00"/>
          <Abstencion V="0"/>
          <Porc_Abstencion V="000,00"/>
          <Votos_Validos V="1631"/>
          <Porc_Votos_Validos V="047,19"/>
          <Votos_No_Marcados V="1059"/>
          <Porc_Votos_No_Marcados V="030,64"/>
          <Votos_Nulos V="766"/>
          <Porc_Votos_Nulos V="022,16"/>
        </lin>
        <lin>
          <Pregunta V="005"/>
          <Total_Sufragantes V="3456"/>
          <Porc_Sufragantes V="100,00"/>
          <Abstencion V="0"/>
          <Porc_Abstencion V="000,00"/>
          <Votos_Validos V="1537"/>
          <Porc_Votos_Validos V="044,47"/>
          <Votos_No_Marcados V="859"/>
          <Porc_Votos_No_Marcados V="024,85"/>
          <Votos_Nulos V="1060"/>
          <Porc_Votos_Nulos V="030,67"/>
        </lin>
        <lin>
          <Pregunta V="006"/>
          <Total_Sufragantes V="3456"/>
          <Porc_Sufragantes V="100,00"/>
          <Abstencion V="0"/>
          <Porc_Abstencion V="000,00"/>
          <Votos_Validos V="1887"/>
          <Porc_Votos_Validos V="054,60"/>
          <Votos_No_Marcados V="546"/>
          <Porc_Votos_No_Marcados V="015,79"/>
          <Votos_Nulos V="1023"/>
          <Porc_Votos_Nulos V="029,60"/>
        </lin>
        <lin>
          <Pregunta V="007"/>
          <Total_Sufragantes V="3456"/>
          <Porc_Sufragantes V="100,00"/>
          <Abstencion V="0"/>
          <Porc_Abstencion V="000,00"/>
          <Votos_Validos V="1404"/>
          <Porc_Votos_Validos V="040,62"/>
          <Votos_No_Marcados V="809"/>
          <Porc_Votos_No_Marcados V="023,40"/>
          <Votos_Nulos V="1243"/>
          <Porc_Votos_Nulos V="035,96"/>
        </lin>
      </Detalle_Pregunta>
      <Detalle_Opcion>
        <lin>
          <Opcion V="001"/>
          <Votos V="670"/>
          <Porc V="041,38"/>
          <Pregunta V="001"/>
        </lin>
        <lin>
          <Opcion V="002"/>
          <Votos V="949"/>
          <Porc V="058,61"/>
          <Pregunta V="001"/>
        </lin>
        <lin>
          <Opcion V="001"/>
          <Votos V="779"/>
          <Porc V="048,68"/>
          <Pregunta V="002"/>
        </lin>
        <lin>
          <Opcion V="002"/>
          <Votos V="821"/>
          <Porc V="051,31"/>
          <Pregunta V="002"/>
        </lin>
        <lin>
          <Opcion V="001"/>
          <Votos V="919"/>
          <Porc V="053,12"/>
          <Pregunta V="003"/>
        </lin>
        <lin>
          <Opcion V="002"/>
          <Votos V="811"/>
          <Porc V="046,87"/>
          <Pregunta V="003"/>
        </lin>
        <lin>
          <Opcion V="001"/>
          <Votos V="744"/>
          <Porc V="045,61"/>
          <Pregunta V="004"/>
        </lin>
        <lin>
          <Opcion V="002"/>
          <Votos V="887"/>
          <Porc V="054,38"/>
          <Pregunta V="004"/>
        </lin>
        <lin>
          <Opcion V="001"/>
          <Votos V="1051"/>
          <Porc V="068,37"/>
          <Pregunta V="005"/>
        </lin>
        <lin>
          <Opcion V="002"/>
          <Votos V="486"/>
          <Porc V="031,62"/>
          <Pregunta V="005"/>
        </lin>
        <lin>
          <Opcion V="001"/>
          <Votos V="979"/>
          <Porc V="051,88"/>
          <Pregunta V="006"/>
        </lin>
        <lin>
          <Opcion V="002"/>
          <Votos V="908"/>
          <Porc V="048,11"/>
          <Pregunta V="006"/>
        </lin>
        <lin>
          <Opcion V="001"/>
          <Votos V="845"/>
          <Porc V="060,18"/>
          <Pregunta V="007"/>
        </lin>
        <lin>
          <Opcion V="002"/>
          <Votos V="559"/>
          <Porc V="039,81"/>
          <Pregunta V="007"/>
        </lin>
      </Detalle_Opcion>
    </lin>
  </Detalle_Circunscripcion>
</Boletin>
</Boletin_Consolidado>