<Boletin_Consolidado><Boletin>
  <Numero V="0008"/>
  <Boletin_Departamental V="0012"/>
  <Tipo_Boletin V="DEPARTAMENTAL"/>
  <Desc_Corporacion V="CONSULTA POPULAR"/>
  <Departamento V="15"/>
  <Desc_Departamento V="CUNDINAMARCA"/>
  <Municipio V="079"/>
  <Desc_Municipio V="FOMEQUE"/>
  <Dia V="21"/>
  <Mes V="8"/>
  <Anio V="2018"/>
  <Hora V="14"/>
  <Minuto V="15"/>
  <Mesas_Instaladas V="26"/>
  <Mesas_Informadas V="26"/>
  <Porc_Mesas_Informadas V="100,00"/>
  <Potencial_Sufragantes V="9547"/>
  <Detalle_Circunscripcion>
    <lin>
      <Circunscripcion V="0"/>
      <Desc_Circunscripcion V="NACIONAL"/>
      <Detalle_Pregunta>
        <lin>
          <Pregunta V="001"/>
          <Total_Sufragantes V="9547"/>
          <Porc_Sufragantes V="100,00"/>
          <Abstencion V="0"/>
          <Porc_Abstencion V="000,00"/>
          <Votos_Validos V="5097"/>
          <Porc_Votos_Validos V="053,38"/>
          <Votos_No_Marcados V="1861"/>
          <Porc_Votos_No_Marcados V="019,49"/>
          <Votos_Nulos V="2589"/>
          <Porc_Votos_Nulos V="027,11"/>
        </lin>
        <lin>
          <Pregunta V="002"/>
          <Total_Sufragantes V="9547"/>
          <Porc_Sufragantes V="100,00"/>
          <Abstencion V="0"/>
          <Porc_Abstencion V="000,00"/>
          <Votos_Validos V="4963"/>
          <Porc_Votos_Validos V="051,98"/>
          <Votos_No_Marcados V="2239"/>
          <Porc_Votos_No_Marcados V="023,45"/>
          <Votos_Nulos V="2345"/>
          <Porc_Votos_Nulos V="024,56"/>
        </lin>
        <lin>
          <Pregunta V="003"/>
          <Total_Sufragantes V="9547"/>
          <Porc_Sufragantes V="100,00"/>
          <Abstencion V="0"/>
          <Porc_Abstencion V="000,00"/>
          <Votos_Validos V="4811"/>
          <Porc_Votos_Validos V="050,39"/>
          <Votos_No_Marcados V="2037"/>
          <Porc_Votos_No_Marcados V="021,33"/>
          <Votos_Nulos V="2699"/>
          <Porc_Votos_Nulos V="028,27"/>
        </lin>
        <lin>
          <Pregunta V="004"/>
          <Total_Sufragantes V="9547"/>
          <Porc_Sufragantes V="100,00"/>
          <Abstencion V="0"/>
          <Porc_Abstencion V="000,00"/>
          <Votos_Validos V="3998"/>
          <Porc_Votos_Validos V="041,87"/>
          <Votos_No_Marcados V="2826"/>
          <Porc_Votos_No_Marcados V="029,60"/>
          <Votos_Nulos V="2723"/>
          <Porc_Votos_Nulos V="028,52"/>
        </lin>
        <lin>
          <Pregunta V="005"/>
          <Total_Sufragantes V="9547"/>
          <Porc_Sufragantes V="100,00"/>
          <Abstencion V="0"/>
          <Porc_Abstencion V="000,00"/>
          <Votos_Validos V="5089"/>
          <Porc_Votos_Validos V="053,30"/>
          <Votos_No_Marcados V="2691"/>
          <Porc_Votos_No_Marcados V="028,18"/>
          <Votos_Nulos V="1767"/>
          <Porc_Votos_Nulos V="018,50"/>
        </lin>
        <lin>
          <Pregunta V="006"/>
          <Total_Sufragantes V="9547"/>
          <Porc_Sufragantes V="100,00"/>
          <Abstencion V="0"/>
          <Porc_Abstencion V="000,00"/>
          <Votos_Validos V="4792"/>
          <Porc_Votos_Validos V="050,19"/>
          <Votos_No_Marcados V="2213"/>
          <Porc_Votos_No_Marcados V="023,18"/>
          <Votos_Nulos V="2542"/>
          <Porc_Votos_Nulos V="026,62"/>
        </lin>
        <lin>
          <Pregunta V="007"/>
          <Total_Sufragantes V="9547"/>
          <Porc_Sufragantes V="100,00"/>
          <Abstencion V="0"/>
          <Porc_Abstencion V="000,00"/>
          <Votos_Validos V="4841"/>
          <Porc_Votos_Validos V="050,70"/>
          <Votos_No_Marcados V="2837"/>
          <Porc_Votos_No_Marcados V="029,71"/>
          <Votos_Nulos V="1869"/>
          <Porc_Votos_Nulos V="019,57"/>
        </lin>
      </Detalle_Pregunta>
      <Detalle_Opcion>
        <lin>
          <Opcion V="001"/>
          <Votos V="2135"/>
          <Porc V="041,88"/>
          <Pregunta V="001"/>
        </lin>
        <lin>
          <Opcion V="002"/>
          <Votos V="2962"/>
          <Porc V="058,11"/>
          <Pregunta V="001"/>
        </lin>
        <lin>
          <Opcion V="001"/>
          <Votos V="2620"/>
          <Porc V="052,79"/>
          <Pregunta V="002"/>
        </lin>
        <lin>
          <Opcion V="002"/>
          <Votos V="2343"/>
          <Porc V="047,20"/>
          <Pregunta V="002"/>
        </lin>
        <lin>
          <Opcion V="001"/>
          <Votos V="2309"/>
          <Porc V="047,99"/>
          <Pregunta V="003"/>
        </lin>
        <lin>
          <Opcion V="002"/>
          <Votos V="2502"/>
          <Porc V="052,00"/>
          <Pregunta V="003"/>
        </lin>
        <lin>
          <Opcion V="001"/>
          <Votos V="1954"/>
          <Porc V="048,87"/>
          <Pregunta V="004"/>
        </lin>
        <lin>
          <Opcion V="002"/>
          <Votos V="2044"/>
          <Porc V="051,12"/>
          <Pregunta V="004"/>
        </lin>
        <lin>
          <Opcion V="001"/>
          <Votos V="2455"/>
          <Porc V="048,24"/>
          <Pregunta V="005"/>
        </lin>
        <lin>
          <Opcion V="002"/>
          <Votos V="2634"/>
          <Porc V="051,75"/>
          <Pregunta V="005"/>
        </lin>
        <lin>
          <Opcion V="001"/>
          <Votos V="2305"/>
          <Porc V="048,10"/>
          <Pregunta V="006"/>
        </lin>
        <lin>
          <Opcion V="002"/>
          <Votos V="2487"/>
          <Porc V="051,89"/>
          <Pregunta V="006"/>
        </lin>
        <lin>
          <Opcion V="001"/>
          <Votos V="2614"/>
          <Porc V="053,99"/>
          <Pregunta V="007"/>
        </lin>
        <lin>
          <Opcion V="002"/>
          <Votos V="2227"/>
          <Porc V="046,00"/>
          <Pregunta V="007"/>
        </lin>
      </Detalle_Opcion>
    </lin>
  </Detalle_Circunscripcion>
</Boletin>
</Boletin_Consolidado>