<Boletin_Consolidado><Boletin>
  <Numero V="0008"/>
  <Boletin_Departamental V="0012"/>
  <Tipo_Boletin V="DEPARTAMENTAL"/>
  <Desc_Corporacion V="CONSULTA POPULAR"/>
  <Departamento V="01"/>
  <Desc_Departamento V="ANTIOQUIA"/>
  <Municipio V="190"/>
  <Desc_Municipio V="NARIÑO"/>
  <Dia V="21"/>
  <Mes V="8"/>
  <Anio V="2018"/>
  <Hora V="14"/>
  <Minuto V="15"/>
  <Mesas_Instaladas V="27"/>
  <Mesas_Informadas V="27"/>
  <Porc_Mesas_Informadas V="100,00"/>
  <Potencial_Sufragantes V="8880"/>
  <Detalle_Circunscripcion>
    <lin>
      <Circunscripcion V="0"/>
      <Desc_Circunscripcion V="NACIONAL"/>
      <Detalle_Pregunta>
        <lin>
          <Pregunta V="001"/>
          <Total_Sufragantes V="8880"/>
          <Porc_Sufragantes V="100,00"/>
          <Abstencion V="0"/>
          <Porc_Abstencion V="000,00"/>
          <Votos_Validos V="3803"/>
          <Porc_Votos_Validos V="042,82"/>
          <Votos_No_Marcados V="2293"/>
          <Porc_Votos_No_Marcados V="025,82"/>
          <Votos_Nulos V="2784"/>
          <Porc_Votos_Nulos V="031,35"/>
        </lin>
        <lin>
          <Pregunta V="002"/>
          <Total_Sufragantes V="8880"/>
          <Porc_Sufragantes V="100,00"/>
          <Abstencion V="0"/>
          <Porc_Abstencion V="000,00"/>
          <Votos_Validos V="4344"/>
          <Porc_Votos_Validos V="048,91"/>
          <Votos_No_Marcados V="2609"/>
          <Porc_Votos_No_Marcados V="029,38"/>
          <Votos_Nulos V="1927"/>
          <Porc_Votos_Nulos V="021,70"/>
        </lin>
        <lin>
          <Pregunta V="003"/>
          <Total_Sufragantes V="8880"/>
          <Porc_Sufragantes V="100,00"/>
          <Abstencion V="0"/>
          <Porc_Abstencion V="000,00"/>
          <Votos_Validos V="4488"/>
          <Porc_Votos_Validos V="050,54"/>
          <Votos_No_Marcados V="1899"/>
          <Porc_Votos_No_Marcados V="021,38"/>
          <Votos_Nulos V="2493"/>
          <Porc_Votos_Nulos V="028,07"/>
        </lin>
        <lin>
          <Pregunta V="004"/>
          <Total_Sufragantes V="8880"/>
          <Porc_Sufragantes V="100,00"/>
          <Abstencion V="0"/>
          <Porc_Abstencion V="000,00"/>
          <Votos_Validos V="4305"/>
          <Porc_Votos_Validos V="048,47"/>
          <Votos_No_Marcados V="2185"/>
          <Porc_Votos_No_Marcados V="024,60"/>
          <Votos_Nulos V="2390"/>
          <Porc_Votos_Nulos V="026,91"/>
        </lin>
        <lin>
          <Pregunta V="005"/>
          <Total_Sufragantes V="8880"/>
          <Porc_Sufragantes V="100,00"/>
          <Abstencion V="0"/>
          <Porc_Abstencion V="000,00"/>
          <Votos_Validos V="4317"/>
          <Porc_Votos_Validos V="048,61"/>
          <Votos_No_Marcados V="1801"/>
          <Porc_Votos_No_Marcados V="020,28"/>
          <Votos_Nulos V="2762"/>
          <Porc_Votos_Nulos V="031,10"/>
        </lin>
        <lin>
          <Pregunta V="006"/>
          <Total_Sufragantes V="8880"/>
          <Porc_Sufragantes V="100,00"/>
          <Abstencion V="0"/>
          <Porc_Abstencion V="000,00"/>
          <Votos_Validos V="4850"/>
          <Porc_Votos_Validos V="054,61"/>
          <Votos_No_Marcados V="1962"/>
          <Porc_Votos_No_Marcados V="022,09"/>
          <Votos_Nulos V="2068"/>
          <Porc_Votos_Nulos V="023,28"/>
        </lin>
        <lin>
          <Pregunta V="007"/>
          <Total_Sufragantes V="8880"/>
          <Porc_Sufragantes V="100,00"/>
          <Abstencion V="0"/>
          <Porc_Abstencion V="000,00"/>
          <Votos_Validos V="4035"/>
          <Porc_Votos_Validos V="045,43"/>
          <Votos_No_Marcados V="2692"/>
          <Porc_Votos_No_Marcados V="030,31"/>
          <Votos_Nulos V="2153"/>
          <Porc_Votos_Nulos V="024,24"/>
        </lin>
      </Detalle_Pregunta>
      <Detalle_Opcion>
        <lin>
          <Opcion V="001"/>
          <Votos V="1819"/>
          <Porc V="047,83"/>
          <Pregunta V="001"/>
        </lin>
        <lin>
          <Opcion V="002"/>
          <Votos V="1984"/>
          <Porc V="052,16"/>
          <Pregunta V="001"/>
        </lin>
        <lin>
          <Opcion V="001"/>
          <Votos V="2379"/>
          <Porc V="054,76"/>
          <Pregunta V="002"/>
        </lin>
        <lin>
          <Opcion V="002"/>
          <Votos V="1965"/>
          <Porc V="045,23"/>
          <Pregunta V="002"/>
        </lin>
        <lin>
          <Opcion V="001"/>
          <Votos V="2201"/>
          <Porc V="049,04"/>
          <Pregunta V="003"/>
        </lin>
        <lin>
          <Opcion V="002"/>
          <Votos V="2287"/>
          <Porc V="050,95"/>
          <Pregunta V="003"/>
        </lin>
        <lin>
          <Opcion V="001"/>
          <Votos V="2043"/>
          <Porc V="047,45"/>
          <Pregunta V="004"/>
        </lin>
        <lin>
          <Opcion V="002"/>
          <Votos V="2262"/>
          <Porc V="052,54"/>
          <Pregunta V="004"/>
        </lin>
        <lin>
          <Opcion V="001"/>
          <Votos V="2318"/>
          <Porc V="053,69"/>
          <Pregunta V="005"/>
        </lin>
        <lin>
          <Opcion V="002"/>
          <Votos V="1999"/>
          <Porc V="046,30"/>
          <Pregunta V="005"/>
        </lin>
        <lin>
          <Opcion V="001"/>
          <Votos V="2593"/>
          <Porc V="053,46"/>
          <Pregunta V="006"/>
        </lin>
        <lin>
          <Opcion V="002"/>
          <Votos V="2257"/>
          <Porc V="046,53"/>
          <Pregunta V="006"/>
        </lin>
        <lin>
          <Opcion V="001"/>
          <Votos V="2366"/>
          <Porc V="058,63"/>
          <Pregunta V="007"/>
        </lin>
        <lin>
          <Opcion V="002"/>
          <Votos V="1669"/>
          <Porc V="041,36"/>
          <Pregunta V="007"/>
        </lin>
      </Detalle_Opcion>
    </lin>
  </Detalle_Circunscripcion>
</Boletin>
</Boletin_Consolidado>