<Boletin_Consolidado><Boletin>
  <Numero V="0008"/>
  <Boletin_Departamental V="0012"/>
  <Tipo_Boletin V="DEPARTAMENTAL"/>
  <Desc_Corporacion V="CONSULTA POPULAR"/>
  <Departamento V="07"/>
  <Desc_Departamento V="BOYACA"/>
  <Municipio V="043"/>
  <Desc_Municipio V="CERINZA"/>
  <Dia V="21"/>
  <Mes V="8"/>
  <Anio V="2018"/>
  <Hora V="14"/>
  <Minuto V="15"/>
  <Mesas_Instaladas V="10"/>
  <Mesas_Informadas V="10"/>
  <Porc_Mesas_Informadas V="100,00"/>
  <Potencial_Sufragantes V="3493"/>
  <Detalle_Circunscripcion>
    <lin>
      <Circunscripcion V="0"/>
      <Desc_Circunscripcion V="NACIONAL"/>
      <Detalle_Pregunta>
        <lin>
          <Pregunta V="001"/>
          <Total_Sufragantes V="3493"/>
          <Porc_Sufragantes V="100,00"/>
          <Abstencion V="0"/>
          <Porc_Abstencion V="000,00"/>
          <Votos_Validos V="1701"/>
          <Porc_Votos_Validos V="048,69"/>
          <Votos_No_Marcados V="957"/>
          <Porc_Votos_No_Marcados V="027,39"/>
          <Votos_Nulos V="835"/>
          <Porc_Votos_Nulos V="023,90"/>
        </lin>
        <lin>
          <Pregunta V="002"/>
          <Total_Sufragantes V="3493"/>
          <Porc_Sufragantes V="100,00"/>
          <Abstencion V="0"/>
          <Porc_Abstencion V="000,00"/>
          <Votos_Validos V="1587"/>
          <Porc_Votos_Validos V="045,43"/>
          <Votos_No_Marcados V="892"/>
          <Porc_Votos_No_Marcados V="025,53"/>
          <Votos_Nulos V="1014"/>
          <Porc_Votos_Nulos V="029,02"/>
        </lin>
        <lin>
          <Pregunta V="003"/>
          <Total_Sufragantes V="3493"/>
          <Porc_Sufragantes V="100,00"/>
          <Abstencion V="0"/>
          <Porc_Abstencion V="000,00"/>
          <Votos_Validos V="2025"/>
          <Porc_Votos_Validos V="057,97"/>
          <Votos_No_Marcados V="593"/>
          <Porc_Votos_No_Marcados V="016,97"/>
          <Votos_Nulos V="875"/>
          <Porc_Votos_Nulos V="025,05"/>
        </lin>
        <lin>
          <Pregunta V="004"/>
          <Total_Sufragantes V="3493"/>
          <Porc_Sufragantes V="100,00"/>
          <Abstencion V="0"/>
          <Porc_Abstencion V="000,00"/>
          <Votos_Validos V="1701"/>
          <Porc_Votos_Validos V="048,69"/>
          <Votos_No_Marcados V="888"/>
          <Porc_Votos_No_Marcados V="025,42"/>
          <Votos_Nulos V="904"/>
          <Porc_Votos_Nulos V="025,88"/>
        </lin>
        <lin>
          <Pregunta V="005"/>
          <Total_Sufragantes V="3493"/>
          <Porc_Sufragantes V="100,00"/>
          <Abstencion V="0"/>
          <Porc_Abstencion V="000,00"/>
          <Votos_Validos V="1452"/>
          <Porc_Votos_Validos V="041,56"/>
          <Votos_No_Marcados V="1146"/>
          <Porc_Votos_No_Marcados V="032,80"/>
          <Votos_Nulos V="895"/>
          <Porc_Votos_Nulos V="025,62"/>
        </lin>
        <lin>
          <Pregunta V="006"/>
          <Total_Sufragantes V="3493"/>
          <Porc_Sufragantes V="100,00"/>
          <Abstencion V="0"/>
          <Porc_Abstencion V="000,00"/>
          <Votos_Validos V="1598"/>
          <Porc_Votos_Validos V="045,74"/>
          <Votos_No_Marcados V="1235"/>
          <Porc_Votos_No_Marcados V="035,35"/>
          <Votos_Nulos V="660"/>
          <Porc_Votos_Nulos V="018,89"/>
        </lin>
        <lin>
          <Pregunta V="007"/>
          <Total_Sufragantes V="3493"/>
          <Porc_Sufragantes V="100,00"/>
          <Abstencion V="0"/>
          <Porc_Abstencion V="000,00"/>
          <Votos_Validos V="1881"/>
          <Porc_Votos_Validos V="053,85"/>
          <Votos_No_Marcados V="1085"/>
          <Porc_Votos_No_Marcados V="031,06"/>
          <Votos_Nulos V="527"/>
          <Porc_Votos_Nulos V="015,08"/>
        </lin>
      </Detalle_Pregunta>
      <Detalle_Opcion>
        <lin>
          <Opcion V="001"/>
          <Votos V="865"/>
          <Porc V="050,85"/>
          <Pregunta V="001"/>
        </lin>
        <lin>
          <Opcion V="002"/>
          <Votos V="836"/>
          <Porc V="049,14"/>
          <Pregunta V="001"/>
        </lin>
        <lin>
          <Opcion V="001"/>
          <Votos V="909"/>
          <Porc V="057,27"/>
          <Pregunta V="002"/>
        </lin>
        <lin>
          <Opcion V="002"/>
          <Votos V="678"/>
          <Porc V="042,72"/>
          <Pregunta V="002"/>
        </lin>
        <lin>
          <Opcion V="001"/>
          <Votos V="1170"/>
          <Porc V="057,77"/>
          <Pregunta V="003"/>
        </lin>
        <lin>
          <Opcion V="002"/>
          <Votos V="855"/>
          <Porc V="042,22"/>
          <Pregunta V="003"/>
        </lin>
        <lin>
          <Opcion V="001"/>
          <Votos V="781"/>
          <Porc V="045,91"/>
          <Pregunta V="004"/>
        </lin>
        <lin>
          <Opcion V="002"/>
          <Votos V="920"/>
          <Porc V="054,08"/>
          <Pregunta V="004"/>
        </lin>
        <lin>
          <Opcion V="001"/>
          <Votos V="646"/>
          <Porc V="044,49"/>
          <Pregunta V="005"/>
        </lin>
        <lin>
          <Opcion V="002"/>
          <Votos V="806"/>
          <Porc V="055,50"/>
          <Pregunta V="005"/>
        </lin>
        <lin>
          <Opcion V="001"/>
          <Votos V="1045"/>
          <Porc V="065,39"/>
          <Pregunta V="006"/>
        </lin>
        <lin>
          <Opcion V="002"/>
          <Votos V="553"/>
          <Porc V="034,60"/>
          <Pregunta V="006"/>
        </lin>
        <lin>
          <Opcion V="001"/>
          <Votos V="1346"/>
          <Porc V="071,55"/>
          <Pregunta V="007"/>
        </lin>
        <lin>
          <Opcion V="002"/>
          <Votos V="535"/>
          <Porc V="028,44"/>
          <Pregunta V="007"/>
        </lin>
      </Detalle_Opcion>
    </lin>
  </Detalle_Circunscripcion>
</Boletin>
</Boletin_Consolidado>