<Boletin_Consolidado><Boletin>
  <Numero V="0008"/>
  <Boletin_Departamental V="0011"/>
  <Tipo_Boletin V="DEPARTAMENTAL"/>
  <Desc_Corporacion V="CONSULTA POPULAR"/>
  <Departamento V="07"/>
  <Desc_Departamento V="BOYACA"/>
  <Municipio V="334"/>
  <Desc_Municipio V="UMBITA"/>
  <Dia V="21"/>
  <Mes V="8"/>
  <Anio V="2018"/>
  <Hora V="14"/>
  <Minuto V="15"/>
  <Mesas_Instaladas V="15"/>
  <Mesas_Informadas V="15"/>
  <Porc_Mesas_Informadas V="100,00"/>
  <Potencial_Sufragantes V="5663"/>
  <Detalle_Circunscripcion>
    <lin>
      <Circunscripcion V="0"/>
      <Desc_Circunscripcion V="NACIONAL"/>
      <Detalle_Pregunta>
        <lin>
          <Pregunta V="001"/>
          <Total_Sufragantes V="5663"/>
          <Porc_Sufragantes V="100,00"/>
          <Abstencion V="0"/>
          <Porc_Abstencion V="000,00"/>
          <Votos_Validos V="2755"/>
          <Porc_Votos_Validos V="048,64"/>
          <Votos_No_Marcados V="1201"/>
          <Porc_Votos_No_Marcados V="021,20"/>
          <Votos_Nulos V="1707"/>
          <Porc_Votos_Nulos V="030,14"/>
        </lin>
        <lin>
          <Pregunta V="002"/>
          <Total_Sufragantes V="5663"/>
          <Porc_Sufragantes V="100,00"/>
          <Abstencion V="0"/>
          <Porc_Abstencion V="000,00"/>
          <Votos_Validos V="2354"/>
          <Porc_Votos_Validos V="041,56"/>
          <Votos_No_Marcados V="2196"/>
          <Porc_Votos_No_Marcados V="038,77"/>
          <Votos_Nulos V="1113"/>
          <Porc_Votos_Nulos V="019,65"/>
        </lin>
        <lin>
          <Pregunta V="003"/>
          <Total_Sufragantes V="5663"/>
          <Porc_Sufragantes V="100,00"/>
          <Abstencion V="0"/>
          <Porc_Abstencion V="000,00"/>
          <Votos_Validos V="2632"/>
          <Porc_Votos_Validos V="046,47"/>
          <Votos_No_Marcados V="1556"/>
          <Porc_Votos_No_Marcados V="027,47"/>
          <Votos_Nulos V="1475"/>
          <Porc_Votos_Nulos V="026,04"/>
        </lin>
        <lin>
          <Pregunta V="004"/>
          <Total_Sufragantes V="5663"/>
          <Porc_Sufragantes V="100,00"/>
          <Abstencion V="0"/>
          <Porc_Abstencion V="000,00"/>
          <Votos_Validos V="2502"/>
          <Porc_Votos_Validos V="044,18"/>
          <Votos_No_Marcados V="1784"/>
          <Porc_Votos_No_Marcados V="031,50"/>
          <Votos_Nulos V="1377"/>
          <Porc_Votos_Nulos V="024,31"/>
        </lin>
        <lin>
          <Pregunta V="005"/>
          <Total_Sufragantes V="5663"/>
          <Porc_Sufragantes V="100,00"/>
          <Abstencion V="0"/>
          <Porc_Abstencion V="000,00"/>
          <Votos_Validos V="3151"/>
          <Porc_Votos_Validos V="055,64"/>
          <Votos_No_Marcados V="1273"/>
          <Porc_Votos_No_Marcados V="022,47"/>
          <Votos_Nulos V="1239"/>
          <Porc_Votos_Nulos V="021,87"/>
        </lin>
        <lin>
          <Pregunta V="006"/>
          <Total_Sufragantes V="5663"/>
          <Porc_Sufragantes V="100,00"/>
          <Abstencion V="0"/>
          <Porc_Abstencion V="000,00"/>
          <Votos_Validos V="2848"/>
          <Porc_Votos_Validos V="050,29"/>
          <Votos_No_Marcados V="1184"/>
          <Porc_Votos_No_Marcados V="020,90"/>
          <Votos_Nulos V="1631"/>
          <Porc_Votos_Nulos V="028,80"/>
        </lin>
        <lin>
          <Pregunta V="007"/>
          <Total_Sufragantes V="5663"/>
          <Porc_Sufragantes V="100,00"/>
          <Abstencion V="0"/>
          <Porc_Abstencion V="000,00"/>
          <Votos_Validos V="2556"/>
          <Porc_Votos_Validos V="045,13"/>
          <Votos_No_Marcados V="1665"/>
          <Porc_Votos_No_Marcados V="029,40"/>
          <Votos_Nulos V="1442"/>
          <Porc_Votos_Nulos V="025,46"/>
        </lin>
      </Detalle_Pregunta>
      <Detalle_Opcion>
        <lin>
          <Opcion V="001"/>
          <Votos V="1183"/>
          <Porc V="042,94"/>
          <Pregunta V="001"/>
        </lin>
        <lin>
          <Opcion V="002"/>
          <Votos V="1572"/>
          <Porc V="057,05"/>
          <Pregunta V="001"/>
        </lin>
        <lin>
          <Opcion V="001"/>
          <Votos V="1423"/>
          <Porc V="060,45"/>
          <Pregunta V="002"/>
        </lin>
        <lin>
          <Opcion V="002"/>
          <Votos V="931"/>
          <Porc V="039,54"/>
          <Pregunta V="002"/>
        </lin>
        <lin>
          <Opcion V="001"/>
          <Votos V="1403"/>
          <Porc V="053,30"/>
          <Pregunta V="003"/>
        </lin>
        <lin>
          <Opcion V="002"/>
          <Votos V="1229"/>
          <Porc V="046,69"/>
          <Pregunta V="003"/>
        </lin>
        <lin>
          <Opcion V="001"/>
          <Votos V="1149"/>
          <Porc V="045,92"/>
          <Pregunta V="004"/>
        </lin>
        <lin>
          <Opcion V="002"/>
          <Votos V="1353"/>
          <Porc V="054,07"/>
          <Pregunta V="004"/>
        </lin>
        <lin>
          <Opcion V="001"/>
          <Votos V="1515"/>
          <Porc V="048,07"/>
          <Pregunta V="005"/>
        </lin>
        <lin>
          <Opcion V="002"/>
          <Votos V="1636"/>
          <Porc V="051,92"/>
          <Pregunta V="005"/>
        </lin>
        <lin>
          <Opcion V="001"/>
          <Votos V="1344"/>
          <Porc V="047,19"/>
          <Pregunta V="006"/>
        </lin>
        <lin>
          <Opcion V="002"/>
          <Votos V="1504"/>
          <Porc V="052,80"/>
          <Pregunta V="006"/>
        </lin>
        <lin>
          <Opcion V="001"/>
          <Votos V="1392"/>
          <Porc V="054,46"/>
          <Pregunta V="007"/>
        </lin>
        <lin>
          <Opcion V="002"/>
          <Votos V="1164"/>
          <Porc V="045,53"/>
          <Pregunta V="007"/>
        </lin>
      </Detalle_Opcion>
    </lin>
  </Detalle_Circunscripcion>
</Boletin>
</Boletin_Consolidado>