<Boletin_Consolidado><Boletin>
  <Numero V="0008"/>
  <Boletin_Departamental V="0012"/>
  <Tipo_Boletin V="DEPARTAMENTAL"/>
  <Desc_Corporacion V="CONSULTA POPULAR"/>
  <Departamento V="03"/>
  <Desc_Departamento V="ATLANTICO"/>
  <Municipio V="046"/>
  <Desc_Municipio V="SABANALARGA"/>
  <Dia V="21"/>
  <Mes V="8"/>
  <Anio V="2018"/>
  <Hora V="14"/>
  <Minuto V="15"/>
  <Mesas_Instaladas V="181"/>
  <Mesas_Informadas V="181"/>
  <Porc_Mesas_Informadas V="100,00"/>
  <Potencial_Sufragantes V="67507"/>
  <Detalle_Circunscripcion>
    <lin>
      <Circunscripcion V="0"/>
      <Desc_Circunscripcion V="NACIONAL"/>
      <Detalle_Pregunta>
        <lin>
          <Pregunta V="001"/>
          <Total_Sufragantes V="67507"/>
          <Porc_Sufragantes V="100,00"/>
          <Abstencion V="0"/>
          <Porc_Abstencion V="000,00"/>
          <Votos_Validos V="32493"/>
          <Porc_Votos_Validos V="048,13"/>
          <Votos_No_Marcados V="17359"/>
          <Porc_Votos_No_Marcados V="025,71"/>
          <Votos_Nulos V="17655"/>
          <Porc_Votos_Nulos V="026,15"/>
        </lin>
        <lin>
          <Pregunta V="002"/>
          <Total_Sufragantes V="67507"/>
          <Porc_Sufragantes V="100,00"/>
          <Abstencion V="0"/>
          <Porc_Abstencion V="000,00"/>
          <Votos_Validos V="33554"/>
          <Porc_Votos_Validos V="049,70"/>
          <Votos_No_Marcados V="17910"/>
          <Porc_Votos_No_Marcados V="026,53"/>
          <Votos_Nulos V="16043"/>
          <Porc_Votos_Nulos V="023,76"/>
        </lin>
        <lin>
          <Pregunta V="003"/>
          <Total_Sufragantes V="67507"/>
          <Porc_Sufragantes V="100,00"/>
          <Abstencion V="0"/>
          <Porc_Abstencion V="000,00"/>
          <Votos_Validos V="32245"/>
          <Porc_Votos_Validos V="047,76"/>
          <Votos_No_Marcados V="18419"/>
          <Porc_Votos_No_Marcados V="027,28"/>
          <Votos_Nulos V="16843"/>
          <Porc_Votos_Nulos V="024,95"/>
        </lin>
        <lin>
          <Pregunta V="004"/>
          <Total_Sufragantes V="67507"/>
          <Porc_Sufragantes V="100,00"/>
          <Abstencion V="0"/>
          <Porc_Abstencion V="000,00"/>
          <Votos_Validos V="34087"/>
          <Porc_Votos_Validos V="050,49"/>
          <Votos_No_Marcados V="17070"/>
          <Porc_Votos_No_Marcados V="025,28"/>
          <Votos_Nulos V="16350"/>
          <Porc_Votos_Nulos V="024,21"/>
        </lin>
        <lin>
          <Pregunta V="005"/>
          <Total_Sufragantes V="67507"/>
          <Porc_Sufragantes V="100,00"/>
          <Abstencion V="0"/>
          <Porc_Abstencion V="000,00"/>
          <Votos_Validos V="32409"/>
          <Porc_Votos_Validos V="048,00"/>
          <Votos_No_Marcados V="16259"/>
          <Porc_Votos_No_Marcados V="024,08"/>
          <Votos_Nulos V="18839"/>
          <Porc_Votos_Nulos V="027,90"/>
        </lin>
        <lin>
          <Pregunta V="006"/>
          <Total_Sufragantes V="67507"/>
          <Porc_Sufragantes V="100,00"/>
          <Abstencion V="0"/>
          <Porc_Abstencion V="000,00"/>
          <Votos_Validos V="34027"/>
          <Porc_Votos_Validos V="050,40"/>
          <Votos_No_Marcados V="17286"/>
          <Porc_Votos_No_Marcados V="025,60"/>
          <Votos_Nulos V="16194"/>
          <Porc_Votos_Nulos V="023,98"/>
        </lin>
        <lin>
          <Pregunta V="007"/>
          <Total_Sufragantes V="67507"/>
          <Porc_Sufragantes V="100,00"/>
          <Abstencion V="0"/>
          <Porc_Abstencion V="000,00"/>
          <Votos_Validos V="34118"/>
          <Porc_Votos_Validos V="050,53"/>
          <Votos_No_Marcados V="17529"/>
          <Porc_Votos_No_Marcados V="025,96"/>
          <Votos_Nulos V="15860"/>
          <Porc_Votos_Nulos V="023,49"/>
        </lin>
      </Detalle_Pregunta>
      <Detalle_Opcion>
        <lin>
          <Opcion V="001"/>
          <Votos V="15393"/>
          <Porc V="047,37"/>
          <Pregunta V="001"/>
        </lin>
        <lin>
          <Opcion V="002"/>
          <Votos V="17100"/>
          <Porc V="052,62"/>
          <Pregunta V="001"/>
        </lin>
        <lin>
          <Opcion V="001"/>
          <Votos V="15973"/>
          <Porc V="047,60"/>
          <Pregunta V="002"/>
        </lin>
        <lin>
          <Opcion V="002"/>
          <Votos V="17581"/>
          <Porc V="052,39"/>
          <Pregunta V="002"/>
        </lin>
        <lin>
          <Opcion V="001"/>
          <Votos V="16450"/>
          <Porc V="051,01"/>
          <Pregunta V="003"/>
        </lin>
        <lin>
          <Opcion V="002"/>
          <Votos V="15795"/>
          <Porc V="048,98"/>
          <Pregunta V="003"/>
        </lin>
        <lin>
          <Opcion V="001"/>
          <Votos V="17659"/>
          <Porc V="051,80"/>
          <Pregunta V="004"/>
        </lin>
        <lin>
          <Opcion V="002"/>
          <Votos V="16428"/>
          <Porc V="048,19"/>
          <Pregunta V="004"/>
        </lin>
        <lin>
          <Opcion V="001"/>
          <Votos V="16675"/>
          <Porc V="051,45"/>
          <Pregunta V="005"/>
        </lin>
        <lin>
          <Opcion V="002"/>
          <Votos V="15734"/>
          <Porc V="048,54"/>
          <Pregunta V="005"/>
        </lin>
        <lin>
          <Opcion V="001"/>
          <Votos V="16961"/>
          <Porc V="049,84"/>
          <Pregunta V="006"/>
        </lin>
        <lin>
          <Opcion V="002"/>
          <Votos V="17066"/>
          <Porc V="050,15"/>
          <Pregunta V="006"/>
        </lin>
        <lin>
          <Opcion V="001"/>
          <Votos V="17786"/>
          <Porc V="052,13"/>
          <Pregunta V="007"/>
        </lin>
        <lin>
          <Opcion V="002"/>
          <Votos V="16332"/>
          <Porc V="047,86"/>
          <Pregunta V="007"/>
        </lin>
      </Detalle_Opcion>
    </lin>
  </Detalle_Circunscripcion>
</Boletin>
</Boletin_Consolidado>