<Boletin_Consolidado><Boletin>
  <Numero V="0008"/>
  <Boletin_Departamental V="0012"/>
  <Tipo_Boletin V="DEPARTAMENTAL"/>
  <Desc_Corporacion V="CONSULTA POPULAR"/>
  <Departamento V="12"/>
  <Desc_Departamento V="CESAR"/>
  <Municipio V="225"/>
  <Desc_Municipio V="CURUMANI"/>
  <Dia V="21"/>
  <Mes V="8"/>
  <Anio V="2018"/>
  <Hora V="14"/>
  <Minuto V="15"/>
  <Mesas_Instaladas V="75"/>
  <Mesas_Informadas V="75"/>
  <Porc_Mesas_Informadas V="100,00"/>
  <Potencial_Sufragantes V="26436"/>
  <Detalle_Circunscripcion>
    <lin>
      <Circunscripcion V="0"/>
      <Desc_Circunscripcion V="NACIONAL"/>
      <Detalle_Pregunta>
        <lin>
          <Pregunta V="001"/>
          <Total_Sufragantes V="26436"/>
          <Porc_Sufragantes V="100,00"/>
          <Abstencion V="0"/>
          <Porc_Abstencion V="000,00"/>
          <Votos_Validos V="14469"/>
          <Porc_Votos_Validos V="054,73"/>
          <Votos_No_Marcados V="6353"/>
          <Porc_Votos_No_Marcados V="024,03"/>
          <Votos_Nulos V="5614"/>
          <Porc_Votos_Nulos V="021,23"/>
        </lin>
        <lin>
          <Pregunta V="002"/>
          <Total_Sufragantes V="26436"/>
          <Porc_Sufragantes V="100,00"/>
          <Abstencion V="0"/>
          <Porc_Abstencion V="000,00"/>
          <Votos_Validos V="13453"/>
          <Porc_Votos_Validos V="050,88"/>
          <Votos_No_Marcados V="5821"/>
          <Porc_Votos_No_Marcados V="022,01"/>
          <Votos_Nulos V="7162"/>
          <Porc_Votos_Nulos V="027,09"/>
        </lin>
        <lin>
          <Pregunta V="003"/>
          <Total_Sufragantes V="26436"/>
          <Porc_Sufragantes V="100,00"/>
          <Abstencion V="0"/>
          <Porc_Abstencion V="000,00"/>
          <Votos_Validos V="13897"/>
          <Porc_Votos_Validos V="052,56"/>
          <Votos_No_Marcados V="6446"/>
          <Porc_Votos_No_Marcados V="024,38"/>
          <Votos_Nulos V="6093"/>
          <Porc_Votos_Nulos V="023,04"/>
        </lin>
        <lin>
          <Pregunta V="004"/>
          <Total_Sufragantes V="26436"/>
          <Porc_Sufragantes V="100,00"/>
          <Abstencion V="0"/>
          <Porc_Abstencion V="000,00"/>
          <Votos_Validos V="13090"/>
          <Porc_Votos_Validos V="049,51"/>
          <Votos_No_Marcados V="6543"/>
          <Porc_Votos_No_Marcados V="024,75"/>
          <Votos_Nulos V="6803"/>
          <Porc_Votos_Nulos V="025,73"/>
        </lin>
        <lin>
          <Pregunta V="005"/>
          <Total_Sufragantes V="26436"/>
          <Porc_Sufragantes V="100,00"/>
          <Abstencion V="0"/>
          <Porc_Abstencion V="000,00"/>
          <Votos_Validos V="14073"/>
          <Porc_Votos_Validos V="053,23"/>
          <Votos_No_Marcados V="6357"/>
          <Porc_Votos_No_Marcados V="024,04"/>
          <Votos_Nulos V="6006"/>
          <Porc_Votos_Nulos V="022,71"/>
        </lin>
        <lin>
          <Pregunta V="006"/>
          <Total_Sufragantes V="26436"/>
          <Porc_Sufragantes V="100,00"/>
          <Abstencion V="0"/>
          <Porc_Abstencion V="000,00"/>
          <Votos_Validos V="12902"/>
          <Porc_Votos_Validos V="048,80"/>
          <Votos_No_Marcados V="6349"/>
          <Porc_Votos_No_Marcados V="024,01"/>
          <Votos_Nulos V="7185"/>
          <Porc_Votos_Nulos V="027,17"/>
        </lin>
        <lin>
          <Pregunta V="007"/>
          <Total_Sufragantes V="26436"/>
          <Porc_Sufragantes V="100,00"/>
          <Abstencion V="0"/>
          <Porc_Abstencion V="000,00"/>
          <Votos_Validos V="12439"/>
          <Porc_Votos_Validos V="047,05"/>
          <Votos_No_Marcados V="7079"/>
          <Porc_Votos_No_Marcados V="026,77"/>
          <Votos_Nulos V="6918"/>
          <Porc_Votos_Nulos V="026,16"/>
        </lin>
      </Detalle_Pregunta>
      <Detalle_Opcion>
        <lin>
          <Opcion V="001"/>
          <Votos V="6728"/>
          <Porc V="046,49"/>
          <Pregunta V="001"/>
        </lin>
        <lin>
          <Opcion V="002"/>
          <Votos V="7741"/>
          <Porc V="053,50"/>
          <Pregunta V="001"/>
        </lin>
        <lin>
          <Opcion V="001"/>
          <Votos V="7049"/>
          <Porc V="052,39"/>
          <Pregunta V="002"/>
        </lin>
        <lin>
          <Opcion V="002"/>
          <Votos V="6404"/>
          <Porc V="047,60"/>
          <Pregunta V="002"/>
        </lin>
        <lin>
          <Opcion V="001"/>
          <Votos V="6339"/>
          <Porc V="045,61"/>
          <Pregunta V="003"/>
        </lin>
        <lin>
          <Opcion V="002"/>
          <Votos V="7558"/>
          <Porc V="054,38"/>
          <Pregunta V="003"/>
        </lin>
        <lin>
          <Opcion V="001"/>
          <Votos V="6524"/>
          <Porc V="049,83"/>
          <Pregunta V="004"/>
        </lin>
        <lin>
          <Opcion V="002"/>
          <Votos V="6566"/>
          <Porc V="050,16"/>
          <Pregunta V="004"/>
        </lin>
        <lin>
          <Opcion V="001"/>
          <Votos V="7908"/>
          <Porc V="056,19"/>
          <Pregunta V="005"/>
        </lin>
        <lin>
          <Opcion V="002"/>
          <Votos V="6165"/>
          <Porc V="043,80"/>
          <Pregunta V="005"/>
        </lin>
        <lin>
          <Opcion V="001"/>
          <Votos V="6063"/>
          <Porc V="046,99"/>
          <Pregunta V="006"/>
        </lin>
        <lin>
          <Opcion V="002"/>
          <Votos V="6839"/>
          <Porc V="053,00"/>
          <Pregunta V="006"/>
        </lin>
        <lin>
          <Opcion V="001"/>
          <Votos V="6675"/>
          <Porc V="053,66"/>
          <Pregunta V="007"/>
        </lin>
        <lin>
          <Opcion V="002"/>
          <Votos V="5764"/>
          <Porc V="046,33"/>
          <Pregunta V="007"/>
        </lin>
      </Detalle_Opcion>
    </lin>
  </Detalle_Circunscripcion>
</Boletin>
</Boletin_Consolidado>