<Boletin_Consolidado><Boletin>
  <Numero V="0008"/>
  <Boletin_Departamental V="0012"/>
  <Tipo_Boletin V="DEPARTAMENTAL"/>
  <Desc_Corporacion V="CONSULTA POPULAR"/>
  <Departamento V="15"/>
  <Desc_Departamento V="CUNDINAMARCA"/>
  <Municipio V="132"/>
  <Desc_Municipio V="GRANADA"/>
  <Dia V="21"/>
  <Mes V="8"/>
  <Anio V="2018"/>
  <Hora V="14"/>
  <Minuto V="15"/>
  <Mesas_Instaladas V="16"/>
  <Mesas_Informadas V="16"/>
  <Porc_Mesas_Informadas V="100,00"/>
  <Potencial_Sufragantes V="5888"/>
  <Detalle_Circunscripcion>
    <lin>
      <Circunscripcion V="0"/>
      <Desc_Circunscripcion V="NACIONAL"/>
      <Detalle_Pregunta>
        <lin>
          <Pregunta V="001"/>
          <Total_Sufragantes V="5888"/>
          <Porc_Sufragantes V="100,00"/>
          <Abstencion V="0"/>
          <Porc_Abstencion V="000,00"/>
          <Votos_Validos V="3155"/>
          <Porc_Votos_Validos V="053,58"/>
          <Votos_No_Marcados V="1247"/>
          <Porc_Votos_No_Marcados V="021,17"/>
          <Votos_Nulos V="1486"/>
          <Porc_Votos_Nulos V="025,23"/>
        </lin>
        <lin>
          <Pregunta V="002"/>
          <Total_Sufragantes V="5888"/>
          <Porc_Sufragantes V="100,00"/>
          <Abstencion V="0"/>
          <Porc_Abstencion V="000,00"/>
          <Votos_Validos V="2936"/>
          <Porc_Votos_Validos V="049,86"/>
          <Votos_No_Marcados V="1425"/>
          <Porc_Votos_No_Marcados V="024,20"/>
          <Votos_Nulos V="1527"/>
          <Porc_Votos_Nulos V="025,93"/>
        </lin>
        <lin>
          <Pregunta V="003"/>
          <Total_Sufragantes V="5888"/>
          <Porc_Sufragantes V="100,00"/>
          <Abstencion V="0"/>
          <Porc_Abstencion V="000,00"/>
          <Votos_Validos V="2840"/>
          <Porc_Votos_Validos V="048,23"/>
          <Votos_No_Marcados V="1734"/>
          <Porc_Votos_No_Marcados V="029,44"/>
          <Votos_Nulos V="1314"/>
          <Porc_Votos_Nulos V="022,31"/>
        </lin>
        <lin>
          <Pregunta V="004"/>
          <Total_Sufragantes V="5888"/>
          <Porc_Sufragantes V="100,00"/>
          <Abstencion V="0"/>
          <Porc_Abstencion V="000,00"/>
          <Votos_Validos V="2998"/>
          <Porc_Votos_Validos V="050,91"/>
          <Votos_No_Marcados V="1589"/>
          <Porc_Votos_No_Marcados V="026,98"/>
          <Votos_Nulos V="1301"/>
          <Porc_Votos_Nulos V="022,09"/>
        </lin>
        <lin>
          <Pregunta V="005"/>
          <Total_Sufragantes V="5888"/>
          <Porc_Sufragantes V="100,00"/>
          <Abstencion V="0"/>
          <Porc_Abstencion V="000,00"/>
          <Votos_Validos V="3122"/>
          <Porc_Votos_Validos V="053,02"/>
          <Votos_No_Marcados V="1400"/>
          <Porc_Votos_No_Marcados V="023,77"/>
          <Votos_Nulos V="1366"/>
          <Porc_Votos_Nulos V="023,19"/>
        </lin>
        <lin>
          <Pregunta V="006"/>
          <Total_Sufragantes V="5888"/>
          <Porc_Sufragantes V="100,00"/>
          <Abstencion V="0"/>
          <Porc_Abstencion V="000,00"/>
          <Votos_Validos V="3313"/>
          <Porc_Votos_Validos V="056,26"/>
          <Votos_No_Marcados V="1499"/>
          <Porc_Votos_No_Marcados V="025,45"/>
          <Votos_Nulos V="1076"/>
          <Porc_Votos_Nulos V="018,27"/>
        </lin>
        <lin>
          <Pregunta V="007"/>
          <Total_Sufragantes V="5888"/>
          <Porc_Sufragantes V="100,00"/>
          <Abstencion V="0"/>
          <Porc_Abstencion V="000,00"/>
          <Votos_Validos V="2976"/>
          <Porc_Votos_Validos V="050,54"/>
          <Votos_No_Marcados V="1825"/>
          <Porc_Votos_No_Marcados V="030,99"/>
          <Votos_Nulos V="1087"/>
          <Porc_Votos_Nulos V="018,46"/>
        </lin>
      </Detalle_Pregunta>
      <Detalle_Opcion>
        <lin>
          <Opcion V="001"/>
          <Votos V="1735"/>
          <Porc V="054,99"/>
          <Pregunta V="001"/>
        </lin>
        <lin>
          <Opcion V="002"/>
          <Votos V="1420"/>
          <Porc V="045,00"/>
          <Pregunta V="001"/>
        </lin>
        <lin>
          <Opcion V="001"/>
          <Votos V="1775"/>
          <Porc V="060,45"/>
          <Pregunta V="002"/>
        </lin>
        <lin>
          <Opcion V="002"/>
          <Votos V="1161"/>
          <Porc V="039,54"/>
          <Pregunta V="002"/>
        </lin>
        <lin>
          <Opcion V="001"/>
          <Votos V="1383"/>
          <Porc V="048,69"/>
          <Pregunta V="003"/>
        </lin>
        <lin>
          <Opcion V="002"/>
          <Votos V="1457"/>
          <Porc V="051,30"/>
          <Pregunta V="003"/>
        </lin>
        <lin>
          <Opcion V="001"/>
          <Votos V="1666"/>
          <Porc V="055,57"/>
          <Pregunta V="004"/>
        </lin>
        <lin>
          <Opcion V="002"/>
          <Votos V="1332"/>
          <Porc V="044,42"/>
          <Pregunta V="004"/>
        </lin>
        <lin>
          <Opcion V="001"/>
          <Votos V="1688"/>
          <Porc V="054,06"/>
          <Pregunta V="005"/>
        </lin>
        <lin>
          <Opcion V="002"/>
          <Votos V="1434"/>
          <Porc V="045,93"/>
          <Pregunta V="005"/>
        </lin>
        <lin>
          <Opcion V="001"/>
          <Votos V="1993"/>
          <Porc V="060,15"/>
          <Pregunta V="006"/>
        </lin>
        <lin>
          <Opcion V="002"/>
          <Votos V="1320"/>
          <Porc V="039,84"/>
          <Pregunta V="006"/>
        </lin>
        <lin>
          <Opcion V="001"/>
          <Votos V="1383"/>
          <Porc V="046,47"/>
          <Pregunta V="007"/>
        </lin>
        <lin>
          <Opcion V="002"/>
          <Votos V="1593"/>
          <Porc V="053,52"/>
          <Pregunta V="007"/>
        </lin>
      </Detalle_Opcion>
    </lin>
  </Detalle_Circunscripcion>
</Boletin>
</Boletin_Consolidado>