<Boletin_Consolidado><Boletin>
  <Numero V="0008"/>
  <Boletin_Departamental V="0012"/>
  <Tipo_Boletin V="DEPARTAMENTAL"/>
  <Desc_Corporacion V="CONSULTA POPULAR"/>
  <Departamento V="12"/>
  <Desc_Departamento V="CESAR"/>
  <Municipio V="600"/>
  <Desc_Municipio V="LA GLORIA"/>
  <Dia V="21"/>
  <Mes V="8"/>
  <Anio V="2018"/>
  <Hora V="14"/>
  <Minuto V="15"/>
  <Mesas_Instaladas V="34"/>
  <Mesas_Informadas V="34"/>
  <Porc_Mesas_Informadas V="100,00"/>
  <Potencial_Sufragantes V="10967"/>
  <Detalle_Circunscripcion>
    <lin>
      <Circunscripcion V="0"/>
      <Desc_Circunscripcion V="NACIONAL"/>
      <Detalle_Pregunta>
        <lin>
          <Pregunta V="001"/>
          <Total_Sufragantes V="10967"/>
          <Porc_Sufragantes V="100,00"/>
          <Abstencion V="0"/>
          <Porc_Abstencion V="000,00"/>
          <Votos_Validos V="5481"/>
          <Porc_Votos_Validos V="049,97"/>
          <Votos_No_Marcados V="2941"/>
          <Porc_Votos_No_Marcados V="026,81"/>
          <Votos_Nulos V="2545"/>
          <Porc_Votos_Nulos V="023,20"/>
        </lin>
        <lin>
          <Pregunta V="002"/>
          <Total_Sufragantes V="10967"/>
          <Porc_Sufragantes V="100,00"/>
          <Abstencion V="0"/>
          <Porc_Abstencion V="000,00"/>
          <Votos_Validos V="5662"/>
          <Porc_Votos_Validos V="051,62"/>
          <Votos_No_Marcados V="2515"/>
          <Porc_Votos_No_Marcados V="022,93"/>
          <Votos_Nulos V="2790"/>
          <Porc_Votos_Nulos V="025,43"/>
        </lin>
        <lin>
          <Pregunta V="003"/>
          <Total_Sufragantes V="10967"/>
          <Porc_Sufragantes V="100,00"/>
          <Abstencion V="0"/>
          <Porc_Abstencion V="000,00"/>
          <Votos_Validos V="5446"/>
          <Porc_Votos_Validos V="049,65"/>
          <Votos_No_Marcados V="2991"/>
          <Porc_Votos_No_Marcados V="027,27"/>
          <Votos_Nulos V="2530"/>
          <Porc_Votos_Nulos V="023,06"/>
        </lin>
        <lin>
          <Pregunta V="004"/>
          <Total_Sufragantes V="10967"/>
          <Porc_Sufragantes V="100,00"/>
          <Abstencion V="0"/>
          <Porc_Abstencion V="000,00"/>
          <Votos_Validos V="5648"/>
          <Porc_Votos_Validos V="051,49"/>
          <Votos_No_Marcados V="3018"/>
          <Porc_Votos_No_Marcados V="027,51"/>
          <Votos_Nulos V="2301"/>
          <Porc_Votos_Nulos V="020,98"/>
        </lin>
        <lin>
          <Pregunta V="005"/>
          <Total_Sufragantes V="10967"/>
          <Porc_Sufragantes V="100,00"/>
          <Abstencion V="0"/>
          <Porc_Abstencion V="000,00"/>
          <Votos_Validos V="5654"/>
          <Porc_Votos_Validos V="051,55"/>
          <Votos_No_Marcados V="3033"/>
          <Porc_Votos_No_Marcados V="027,65"/>
          <Votos_Nulos V="2280"/>
          <Porc_Votos_Nulos V="020,78"/>
        </lin>
        <lin>
          <Pregunta V="006"/>
          <Total_Sufragantes V="10967"/>
          <Porc_Sufragantes V="100,00"/>
          <Abstencion V="0"/>
          <Porc_Abstencion V="000,00"/>
          <Votos_Validos V="5138"/>
          <Porc_Votos_Validos V="046,84"/>
          <Votos_No_Marcados V="2895"/>
          <Porc_Votos_No_Marcados V="026,39"/>
          <Votos_Nulos V="2934"/>
          <Porc_Votos_Nulos V="026,75"/>
        </lin>
        <lin>
          <Pregunta V="007"/>
          <Total_Sufragantes V="10967"/>
          <Porc_Sufragantes V="100,00"/>
          <Abstencion V="0"/>
          <Porc_Abstencion V="000,00"/>
          <Votos_Validos V="5351"/>
          <Porc_Votos_Validos V="048,79"/>
          <Votos_No_Marcados V="2976"/>
          <Porc_Votos_No_Marcados V="027,13"/>
          <Votos_Nulos V="2640"/>
          <Porc_Votos_Nulos V="024,07"/>
        </lin>
      </Detalle_Pregunta>
      <Detalle_Opcion>
        <lin>
          <Opcion V="001"/>
          <Votos V="3111"/>
          <Porc V="056,75"/>
          <Pregunta V="001"/>
        </lin>
        <lin>
          <Opcion V="002"/>
          <Votos V="2370"/>
          <Porc V="043,24"/>
          <Pregunta V="001"/>
        </lin>
        <lin>
          <Opcion V="001"/>
          <Votos V="2726"/>
          <Porc V="048,14"/>
          <Pregunta V="002"/>
        </lin>
        <lin>
          <Opcion V="002"/>
          <Votos V="2936"/>
          <Porc V="051,85"/>
          <Pregunta V="002"/>
        </lin>
        <lin>
          <Opcion V="001"/>
          <Votos V="2957"/>
          <Porc V="054,29"/>
          <Pregunta V="003"/>
        </lin>
        <lin>
          <Opcion V="002"/>
          <Votos V="2489"/>
          <Porc V="045,70"/>
          <Pregunta V="003"/>
        </lin>
        <lin>
          <Opcion V="001"/>
          <Votos V="2903"/>
          <Porc V="051,39"/>
          <Pregunta V="004"/>
        </lin>
        <lin>
          <Opcion V="002"/>
          <Votos V="2745"/>
          <Porc V="048,60"/>
          <Pregunta V="004"/>
        </lin>
        <lin>
          <Opcion V="001"/>
          <Votos V="2818"/>
          <Porc V="049,84"/>
          <Pregunta V="005"/>
        </lin>
        <lin>
          <Opcion V="002"/>
          <Votos V="2836"/>
          <Porc V="050,15"/>
          <Pregunta V="005"/>
        </lin>
        <lin>
          <Opcion V="001"/>
          <Votos V="2057"/>
          <Porc V="040,03"/>
          <Pregunta V="006"/>
        </lin>
        <lin>
          <Opcion V="002"/>
          <Votos V="3081"/>
          <Porc V="059,96"/>
          <Pregunta V="006"/>
        </lin>
        <lin>
          <Opcion V="001"/>
          <Votos V="2337"/>
          <Porc V="043,67"/>
          <Pregunta V="007"/>
        </lin>
        <lin>
          <Opcion V="002"/>
          <Votos V="3014"/>
          <Porc V="056,32"/>
          <Pregunta V="007"/>
        </lin>
      </Detalle_Opcion>
    </lin>
  </Detalle_Circunscripcion>
</Boletin>
</Boletin_Consolidado>