<Boletin_Consolidado><Boletin>
  <Numero V="0008"/>
  <Boletin_Departamental V="0012"/>
  <Tipo_Boletin V="DEPARTAMENTAL"/>
  <Desc_Corporacion V="CONSULTA POPULAR"/>
  <Departamento V="15"/>
  <Desc_Departamento V="CUNDINAMARCA"/>
  <Municipio V="004"/>
  <Desc_Municipio V="AGUA DE DIOS"/>
  <Dia V="21"/>
  <Mes V="8"/>
  <Anio V="2018"/>
  <Hora V="14"/>
  <Minuto V="15"/>
  <Mesas_Instaladas V="26"/>
  <Mesas_Informadas V="26"/>
  <Porc_Mesas_Informadas V="100,00"/>
  <Potencial_Sufragantes V="9733"/>
  <Detalle_Circunscripcion>
    <lin>
      <Circunscripcion V="0"/>
      <Desc_Circunscripcion V="NACIONAL"/>
      <Detalle_Pregunta>
        <lin>
          <Pregunta V="001"/>
          <Total_Sufragantes V="9733"/>
          <Porc_Sufragantes V="100,00"/>
          <Abstencion V="0"/>
          <Porc_Abstencion V="000,00"/>
          <Votos_Validos V="4794"/>
          <Porc_Votos_Validos V="049,25"/>
          <Votos_No_Marcados V="2203"/>
          <Porc_Votos_No_Marcados V="022,63"/>
          <Votos_Nulos V="2736"/>
          <Porc_Votos_Nulos V="028,11"/>
        </lin>
        <lin>
          <Pregunta V="002"/>
          <Total_Sufragantes V="9733"/>
          <Porc_Sufragantes V="100,00"/>
          <Abstencion V="0"/>
          <Porc_Abstencion V="000,00"/>
          <Votos_Validos V="5092"/>
          <Porc_Votos_Validos V="052,31"/>
          <Votos_No_Marcados V="2865"/>
          <Porc_Votos_No_Marcados V="029,43"/>
          <Votos_Nulos V="1776"/>
          <Porc_Votos_Nulos V="018,24"/>
        </lin>
        <lin>
          <Pregunta V="003"/>
          <Total_Sufragantes V="9733"/>
          <Porc_Sufragantes V="100,00"/>
          <Abstencion V="0"/>
          <Porc_Abstencion V="000,00"/>
          <Votos_Validos V="4888"/>
          <Porc_Votos_Validos V="050,22"/>
          <Votos_No_Marcados V="3001"/>
          <Porc_Votos_No_Marcados V="030,83"/>
          <Votos_Nulos V="1844"/>
          <Porc_Votos_Nulos V="018,94"/>
        </lin>
        <lin>
          <Pregunta V="004"/>
          <Total_Sufragantes V="9733"/>
          <Porc_Sufragantes V="100,00"/>
          <Abstencion V="0"/>
          <Porc_Abstencion V="000,00"/>
          <Votos_Validos V="4614"/>
          <Porc_Votos_Validos V="047,40"/>
          <Votos_No_Marcados V="2504"/>
          <Porc_Votos_No_Marcados V="025,72"/>
          <Votos_Nulos V="2615"/>
          <Porc_Votos_Nulos V="026,86"/>
        </lin>
        <lin>
          <Pregunta V="005"/>
          <Total_Sufragantes V="9733"/>
          <Porc_Sufragantes V="100,00"/>
          <Abstencion V="0"/>
          <Porc_Abstencion V="000,00"/>
          <Votos_Validos V="4536"/>
          <Porc_Votos_Validos V="046,60"/>
          <Votos_No_Marcados V="2456"/>
          <Porc_Votos_No_Marcados V="025,23"/>
          <Votos_Nulos V="2741"/>
          <Porc_Votos_Nulos V="028,16"/>
        </lin>
        <lin>
          <Pregunta V="006"/>
          <Total_Sufragantes V="9733"/>
          <Porc_Sufragantes V="100,00"/>
          <Abstencion V="0"/>
          <Porc_Abstencion V="000,00"/>
          <Votos_Validos V="4741"/>
          <Porc_Votos_Validos V="048,71"/>
          <Votos_No_Marcados V="2787"/>
          <Porc_Votos_No_Marcados V="028,63"/>
          <Votos_Nulos V="2205"/>
          <Porc_Votos_Nulos V="022,65"/>
        </lin>
        <lin>
          <Pregunta V="007"/>
          <Total_Sufragantes V="9733"/>
          <Porc_Sufragantes V="100,00"/>
          <Abstencion V="0"/>
          <Porc_Abstencion V="000,00"/>
          <Votos_Validos V="5306"/>
          <Porc_Votos_Validos V="054,51"/>
          <Votos_No_Marcados V="2286"/>
          <Porc_Votos_No_Marcados V="023,48"/>
          <Votos_Nulos V="2141"/>
          <Porc_Votos_Nulos V="021,99"/>
        </lin>
      </Detalle_Pregunta>
      <Detalle_Opcion>
        <lin>
          <Opcion V="001"/>
          <Votos V="2669"/>
          <Porc V="055,67"/>
          <Pregunta V="001"/>
        </lin>
        <lin>
          <Opcion V="002"/>
          <Votos V="2125"/>
          <Porc V="044,32"/>
          <Pregunta V="001"/>
        </lin>
        <lin>
          <Opcion V="001"/>
          <Votos V="2381"/>
          <Porc V="046,75"/>
          <Pregunta V="002"/>
        </lin>
        <lin>
          <Opcion V="002"/>
          <Votos V="2711"/>
          <Porc V="053,24"/>
          <Pregunta V="002"/>
        </lin>
        <lin>
          <Opcion V="001"/>
          <Votos V="2834"/>
          <Porc V="057,97"/>
          <Pregunta V="003"/>
        </lin>
        <lin>
          <Opcion V="002"/>
          <Votos V="2054"/>
          <Porc V="042,02"/>
          <Pregunta V="003"/>
        </lin>
        <lin>
          <Opcion V="001"/>
          <Votos V="2628"/>
          <Porc V="056,95"/>
          <Pregunta V="004"/>
        </lin>
        <lin>
          <Opcion V="002"/>
          <Votos V="1986"/>
          <Porc V="043,04"/>
          <Pregunta V="004"/>
        </lin>
        <lin>
          <Opcion V="001"/>
          <Votos V="1735"/>
          <Porc V="038,24"/>
          <Pregunta V="005"/>
        </lin>
        <lin>
          <Opcion V="002"/>
          <Votos V="2801"/>
          <Porc V="061,75"/>
          <Pregunta V="005"/>
        </lin>
        <lin>
          <Opcion V="001"/>
          <Votos V="2435"/>
          <Porc V="051,36"/>
          <Pregunta V="006"/>
        </lin>
        <lin>
          <Opcion V="002"/>
          <Votos V="2306"/>
          <Porc V="048,63"/>
          <Pregunta V="006"/>
        </lin>
        <lin>
          <Opcion V="001"/>
          <Votos V="2641"/>
          <Porc V="049,77"/>
          <Pregunta V="007"/>
        </lin>
        <lin>
          <Opcion V="002"/>
          <Votos V="2665"/>
          <Porc V="050,22"/>
          <Pregunta V="007"/>
        </lin>
      </Detalle_Opcion>
    </lin>
  </Detalle_Circunscripcion>
</Boletin>
</Boletin_Consolidado>