<Boletin_Consolidado><Boletin>
  <Numero V="0008"/>
  <Boletin_Departamental V="0012"/>
  <Tipo_Boletin V="DEPARTAMENTAL"/>
  <Desc_Corporacion V="CONSULTA POPULAR"/>
  <Departamento V="07"/>
  <Desc_Departamento V="BOYACA"/>
  <Municipio V="310"/>
  <Desc_Municipio V="TINJACA"/>
  <Dia V="21"/>
  <Mes V="8"/>
  <Anio V="2018"/>
  <Hora V="14"/>
  <Minuto V="15"/>
  <Mesas_Instaladas V="8"/>
  <Mesas_Informadas V="8"/>
  <Porc_Mesas_Informadas V="100,00"/>
  <Potencial_Sufragantes V="2786"/>
  <Detalle_Circunscripcion>
    <lin>
      <Circunscripcion V="0"/>
      <Desc_Circunscripcion V="NACIONAL"/>
      <Detalle_Pregunta>
        <lin>
          <Pregunta V="001"/>
          <Total_Sufragantes V="2786"/>
          <Porc_Sufragantes V="100,00"/>
          <Abstencion V="0"/>
          <Porc_Abstencion V="000,00"/>
          <Votos_Validos V="1369"/>
          <Porc_Votos_Validos V="049,13"/>
          <Votos_No_Marcados V="705"/>
          <Porc_Votos_No_Marcados V="025,30"/>
          <Votos_Nulos V="712"/>
          <Porc_Votos_Nulos V="025,55"/>
        </lin>
        <lin>
          <Pregunta V="002"/>
          <Total_Sufragantes V="2786"/>
          <Porc_Sufragantes V="100,00"/>
          <Abstencion V="0"/>
          <Porc_Abstencion V="000,00"/>
          <Votos_Validos V="1218"/>
          <Porc_Votos_Validos V="043,71"/>
          <Votos_No_Marcados V="819"/>
          <Porc_Votos_No_Marcados V="029,39"/>
          <Votos_Nulos V="749"/>
          <Porc_Votos_Nulos V="026,88"/>
        </lin>
        <lin>
          <Pregunta V="003"/>
          <Total_Sufragantes V="2786"/>
          <Porc_Sufragantes V="100,00"/>
          <Abstencion V="0"/>
          <Porc_Abstencion V="000,00"/>
          <Votos_Validos V="1371"/>
          <Porc_Votos_Validos V="049,21"/>
          <Votos_No_Marcados V="769"/>
          <Porc_Votos_No_Marcados V="027,60"/>
          <Votos_Nulos V="646"/>
          <Porc_Votos_Nulos V="023,18"/>
        </lin>
        <lin>
          <Pregunta V="004"/>
          <Total_Sufragantes V="2786"/>
          <Porc_Sufragantes V="100,00"/>
          <Abstencion V="0"/>
          <Porc_Abstencion V="000,00"/>
          <Votos_Validos V="1317"/>
          <Porc_Votos_Validos V="047,27"/>
          <Votos_No_Marcados V="637"/>
          <Porc_Votos_No_Marcados V="022,86"/>
          <Votos_Nulos V="832"/>
          <Porc_Votos_Nulos V="029,86"/>
        </lin>
        <lin>
          <Pregunta V="005"/>
          <Total_Sufragantes V="2786"/>
          <Porc_Sufragantes V="100,00"/>
          <Abstencion V="0"/>
          <Porc_Abstencion V="000,00"/>
          <Votos_Validos V="1345"/>
          <Porc_Votos_Validos V="048,27"/>
          <Votos_No_Marcados V="329"/>
          <Porc_Votos_No_Marcados V="011,80"/>
          <Votos_Nulos V="1112"/>
          <Porc_Votos_Nulos V="039,91"/>
        </lin>
        <lin>
          <Pregunta V="006"/>
          <Total_Sufragantes V="2786"/>
          <Porc_Sufragantes V="100,00"/>
          <Abstencion V="0"/>
          <Porc_Abstencion V="000,00"/>
          <Votos_Validos V="1362"/>
          <Porc_Votos_Validos V="048,88"/>
          <Votos_No_Marcados V="595"/>
          <Porc_Votos_No_Marcados V="021,35"/>
          <Votos_Nulos V="829"/>
          <Porc_Votos_Nulos V="029,75"/>
        </lin>
        <lin>
          <Pregunta V="007"/>
          <Total_Sufragantes V="2786"/>
          <Porc_Sufragantes V="100,00"/>
          <Abstencion V="0"/>
          <Porc_Abstencion V="000,00"/>
          <Votos_Validos V="1207"/>
          <Porc_Votos_Validos V="043,32"/>
          <Votos_No_Marcados V="974"/>
          <Porc_Votos_No_Marcados V="034,96"/>
          <Votos_Nulos V="605"/>
          <Porc_Votos_Nulos V="021,71"/>
        </lin>
      </Detalle_Pregunta>
      <Detalle_Opcion>
        <lin>
          <Opcion V="001"/>
          <Votos V="745"/>
          <Porc V="054,41"/>
          <Pregunta V="001"/>
        </lin>
        <lin>
          <Opcion V="002"/>
          <Votos V="624"/>
          <Porc V="045,58"/>
          <Pregunta V="001"/>
        </lin>
        <lin>
          <Opcion V="001"/>
          <Votos V="599"/>
          <Porc V="049,17"/>
          <Pregunta V="002"/>
        </lin>
        <lin>
          <Opcion V="002"/>
          <Votos V="619"/>
          <Porc V="050,82"/>
          <Pregunta V="002"/>
        </lin>
        <lin>
          <Opcion V="001"/>
          <Votos V="583"/>
          <Porc V="042,52"/>
          <Pregunta V="003"/>
        </lin>
        <lin>
          <Opcion V="002"/>
          <Votos V="788"/>
          <Porc V="057,47"/>
          <Pregunta V="003"/>
        </lin>
        <lin>
          <Opcion V="001"/>
          <Votos V="624"/>
          <Porc V="047,38"/>
          <Pregunta V="004"/>
        </lin>
        <lin>
          <Opcion V="002"/>
          <Votos V="693"/>
          <Porc V="052,61"/>
          <Pregunta V="004"/>
        </lin>
        <lin>
          <Opcion V="001"/>
          <Votos V="633"/>
          <Porc V="047,06"/>
          <Pregunta V="005"/>
        </lin>
        <lin>
          <Opcion V="002"/>
          <Votos V="712"/>
          <Porc V="052,93"/>
          <Pregunta V="005"/>
        </lin>
        <lin>
          <Opcion V="001"/>
          <Votos V="803"/>
          <Porc V="058,95"/>
          <Pregunta V="006"/>
        </lin>
        <lin>
          <Opcion V="002"/>
          <Votos V="559"/>
          <Porc V="041,04"/>
          <Pregunta V="006"/>
        </lin>
        <lin>
          <Opcion V="001"/>
          <Votos V="786"/>
          <Porc V="065,12"/>
          <Pregunta V="007"/>
        </lin>
        <lin>
          <Opcion V="002"/>
          <Votos V="421"/>
          <Porc V="034,87"/>
          <Pregunta V="007"/>
        </lin>
      </Detalle_Opcion>
    </lin>
  </Detalle_Circunscripcion>
</Boletin>
</Boletin_Consolidado>