<Boletin_Consolidado><Boletin>
  <Numero V="0008"/>
  <Boletin_Departamental V="0012"/>
  <Tipo_Boletin V="DEPARTAMENTAL"/>
  <Desc_Corporacion V="CONSULTA POPULAR"/>
  <Departamento V="13"/>
  <Desc_Departamento V="CORDOBA"/>
  <Municipio V="023"/>
  <Desc_Municipio V="LOS CORDOBAS"/>
  <Dia V="21"/>
  <Mes V="8"/>
  <Anio V="2018"/>
  <Hora V="14"/>
  <Minuto V="15"/>
  <Mesas_Instaladas V="43"/>
  <Mesas_Informadas V="43"/>
  <Porc_Mesas_Informadas V="100,00"/>
  <Potencial_Sufragantes V="14882"/>
  <Detalle_Circunscripcion>
    <lin>
      <Circunscripcion V="0"/>
      <Desc_Circunscripcion V="NACIONAL"/>
      <Detalle_Pregunta>
        <lin>
          <Pregunta V="001"/>
          <Total_Sufragantes V="14882"/>
          <Porc_Sufragantes V="100,00"/>
          <Abstencion V="0"/>
          <Porc_Abstencion V="000,00"/>
          <Votos_Validos V="7928"/>
          <Porc_Votos_Validos V="053,27"/>
          <Votos_No_Marcados V="3990"/>
          <Porc_Votos_No_Marcados V="026,81"/>
          <Votos_Nulos V="2964"/>
          <Porc_Votos_Nulos V="019,91"/>
        </lin>
        <lin>
          <Pregunta V="002"/>
          <Total_Sufragantes V="14882"/>
          <Porc_Sufragantes V="100,00"/>
          <Abstencion V="0"/>
          <Porc_Abstencion V="000,00"/>
          <Votos_Validos V="6756"/>
          <Porc_Votos_Validos V="045,39"/>
          <Votos_No_Marcados V="3492"/>
          <Porc_Votos_No_Marcados V="023,46"/>
          <Votos_Nulos V="4634"/>
          <Porc_Votos_Nulos V="031,13"/>
        </lin>
        <lin>
          <Pregunta V="003"/>
          <Total_Sufragantes V="14882"/>
          <Porc_Sufragantes V="100,00"/>
          <Abstencion V="0"/>
          <Porc_Abstencion V="000,00"/>
          <Votos_Validos V="7731"/>
          <Porc_Votos_Validos V="051,94"/>
          <Votos_No_Marcados V="3469"/>
          <Porc_Votos_No_Marcados V="023,31"/>
          <Votos_Nulos V="3682"/>
          <Porc_Votos_Nulos V="024,74"/>
        </lin>
        <lin>
          <Pregunta V="004"/>
          <Total_Sufragantes V="14882"/>
          <Porc_Sufragantes V="100,00"/>
          <Abstencion V="0"/>
          <Porc_Abstencion V="000,00"/>
          <Votos_Validos V="7879"/>
          <Porc_Votos_Validos V="052,94"/>
          <Votos_No_Marcados V="3601"/>
          <Porc_Votos_No_Marcados V="024,19"/>
          <Votos_Nulos V="3402"/>
          <Porc_Votos_Nulos V="022,85"/>
        </lin>
        <lin>
          <Pregunta V="005"/>
          <Total_Sufragantes V="14882"/>
          <Porc_Sufragantes V="100,00"/>
          <Abstencion V="0"/>
          <Porc_Abstencion V="000,00"/>
          <Votos_Validos V="6879"/>
          <Porc_Votos_Validos V="046,22"/>
          <Votos_No_Marcados V="3989"/>
          <Porc_Votos_No_Marcados V="026,80"/>
          <Votos_Nulos V="4014"/>
          <Porc_Votos_Nulos V="026,97"/>
        </lin>
        <lin>
          <Pregunta V="006"/>
          <Total_Sufragantes V="14882"/>
          <Porc_Sufragantes V="100,00"/>
          <Abstencion V="0"/>
          <Porc_Abstencion V="000,00"/>
          <Votos_Validos V="7448"/>
          <Porc_Votos_Validos V="050,04"/>
          <Votos_No_Marcados V="3709"/>
          <Porc_Votos_No_Marcados V="024,92"/>
          <Votos_Nulos V="3725"/>
          <Porc_Votos_Nulos V="025,03"/>
        </lin>
        <lin>
          <Pregunta V="007"/>
          <Total_Sufragantes V="14882"/>
          <Porc_Sufragantes V="100,00"/>
          <Abstencion V="0"/>
          <Porc_Abstencion V="000,00"/>
          <Votos_Validos V="6896"/>
          <Porc_Votos_Validos V="046,33"/>
          <Votos_No_Marcados V="3876"/>
          <Porc_Votos_No_Marcados V="026,04"/>
          <Votos_Nulos V="4110"/>
          <Porc_Votos_Nulos V="027,61"/>
        </lin>
      </Detalle_Pregunta>
      <Detalle_Opcion>
        <lin>
          <Opcion V="001"/>
          <Votos V="4183"/>
          <Porc V="052,76"/>
          <Pregunta V="001"/>
        </lin>
        <lin>
          <Opcion V="002"/>
          <Votos V="3745"/>
          <Porc V="047,23"/>
          <Pregunta V="001"/>
        </lin>
        <lin>
          <Opcion V="001"/>
          <Votos V="3584"/>
          <Porc V="053,04"/>
          <Pregunta V="002"/>
        </lin>
        <lin>
          <Opcion V="002"/>
          <Votos V="3172"/>
          <Porc V="046,95"/>
          <Pregunta V="002"/>
        </lin>
        <lin>
          <Opcion V="001"/>
          <Votos V="3703"/>
          <Porc V="047,89"/>
          <Pregunta V="003"/>
        </lin>
        <lin>
          <Opcion V="002"/>
          <Votos V="4028"/>
          <Porc V="052,10"/>
          <Pregunta V="003"/>
        </lin>
        <lin>
          <Opcion V="001"/>
          <Votos V="4024"/>
          <Porc V="051,07"/>
          <Pregunta V="004"/>
        </lin>
        <lin>
          <Opcion V="002"/>
          <Votos V="3855"/>
          <Porc V="048,92"/>
          <Pregunta V="004"/>
        </lin>
        <lin>
          <Opcion V="001"/>
          <Votos V="3516"/>
          <Porc V="051,11"/>
          <Pregunta V="005"/>
        </lin>
        <lin>
          <Opcion V="002"/>
          <Votos V="3363"/>
          <Porc V="048,88"/>
          <Pregunta V="005"/>
        </lin>
        <lin>
          <Opcion V="001"/>
          <Votos V="3106"/>
          <Porc V="041,70"/>
          <Pregunta V="006"/>
        </lin>
        <lin>
          <Opcion V="002"/>
          <Votos V="4342"/>
          <Porc V="058,29"/>
          <Pregunta V="006"/>
        </lin>
        <lin>
          <Opcion V="001"/>
          <Votos V="3399"/>
          <Porc V="049,28"/>
          <Pregunta V="007"/>
        </lin>
        <lin>
          <Opcion V="002"/>
          <Votos V="3497"/>
          <Porc V="050,71"/>
          <Pregunta V="007"/>
        </lin>
      </Detalle_Opcion>
    </lin>
  </Detalle_Circunscripcion>
</Boletin>
</Boletin_Consolidado>