<Boletin_Consolidado><Boletin>
  <Numero V="0008"/>
  <Boletin_Departamental V="0012"/>
  <Tipo_Boletin V="DEPARTAMENTAL"/>
  <Desc_Corporacion V="CONSULTA POPULAR"/>
  <Departamento V="01"/>
  <Desc_Departamento V="ANTIOQUIA"/>
  <Municipio V="062"/>
  <Desc_Municipio V="BRICEÑO"/>
  <Dia V="21"/>
  <Mes V="8"/>
  <Anio V="2018"/>
  <Hora V="14"/>
  <Minuto V="15"/>
  <Mesas_Instaladas V="22"/>
  <Mesas_Informadas V="22"/>
  <Porc_Mesas_Informadas V="100,00"/>
  <Potencial_Sufragantes V="6633"/>
  <Detalle_Circunscripcion>
    <lin>
      <Circunscripcion V="0"/>
      <Desc_Circunscripcion V="NACIONAL"/>
      <Detalle_Pregunta>
        <lin>
          <Pregunta V="001"/>
          <Total_Sufragantes V="6633"/>
          <Porc_Sufragantes V="100,00"/>
          <Abstencion V="0"/>
          <Porc_Abstencion V="000,00"/>
          <Votos_Validos V="3285"/>
          <Porc_Votos_Validos V="049,52"/>
          <Votos_No_Marcados V="1635"/>
          <Porc_Votos_No_Marcados V="024,64"/>
          <Votos_Nulos V="1713"/>
          <Porc_Votos_Nulos V="025,82"/>
        </lin>
        <lin>
          <Pregunta V="002"/>
          <Total_Sufragantes V="6633"/>
          <Porc_Sufragantes V="100,00"/>
          <Abstencion V="0"/>
          <Porc_Abstencion V="000,00"/>
          <Votos_Validos V="3131"/>
          <Porc_Votos_Validos V="047,20"/>
          <Votos_No_Marcados V="1601"/>
          <Porc_Votos_No_Marcados V="024,13"/>
          <Votos_Nulos V="1901"/>
          <Porc_Votos_Nulos V="028,65"/>
        </lin>
        <lin>
          <Pregunta V="003"/>
          <Total_Sufragantes V="6633"/>
          <Porc_Sufragantes V="100,00"/>
          <Abstencion V="0"/>
          <Porc_Abstencion V="000,00"/>
          <Votos_Validos V="3322"/>
          <Porc_Votos_Validos V="050,08"/>
          <Votos_No_Marcados V="1498"/>
          <Porc_Votos_No_Marcados V="022,58"/>
          <Votos_Nulos V="1813"/>
          <Porc_Votos_Nulos V="027,33"/>
        </lin>
        <lin>
          <Pregunta V="004"/>
          <Total_Sufragantes V="6633"/>
          <Porc_Sufragantes V="100,00"/>
          <Abstencion V="0"/>
          <Porc_Abstencion V="000,00"/>
          <Votos_Validos V="3422"/>
          <Porc_Votos_Validos V="051,59"/>
          <Votos_No_Marcados V="1579"/>
          <Porc_Votos_No_Marcados V="023,80"/>
          <Votos_Nulos V="1632"/>
          <Porc_Votos_Nulos V="024,60"/>
        </lin>
        <lin>
          <Pregunta V="005"/>
          <Total_Sufragantes V="6633"/>
          <Porc_Sufragantes V="100,00"/>
          <Abstencion V="0"/>
          <Porc_Abstencion V="000,00"/>
          <Votos_Validos V="3062"/>
          <Porc_Votos_Validos V="046,16"/>
          <Votos_No_Marcados V="2055"/>
          <Porc_Votos_No_Marcados V="030,98"/>
          <Votos_Nulos V="1516"/>
          <Porc_Votos_Nulos V="022,85"/>
        </lin>
        <lin>
          <Pregunta V="006"/>
          <Total_Sufragantes V="6633"/>
          <Porc_Sufragantes V="100,00"/>
          <Abstencion V="0"/>
          <Porc_Abstencion V="000,00"/>
          <Votos_Validos V="3269"/>
          <Porc_Votos_Validos V="049,28"/>
          <Votos_No_Marcados V="2004"/>
          <Porc_Votos_No_Marcados V="030,21"/>
          <Votos_Nulos V="1360"/>
          <Porc_Votos_Nulos V="020,50"/>
        </lin>
        <lin>
          <Pregunta V="007"/>
          <Total_Sufragantes V="6633"/>
          <Porc_Sufragantes V="100,00"/>
          <Abstencion V="0"/>
          <Porc_Abstencion V="000,00"/>
          <Votos_Validos V="2915"/>
          <Porc_Votos_Validos V="043,94"/>
          <Votos_No_Marcados V="1658"/>
          <Porc_Votos_No_Marcados V="024,99"/>
          <Votos_Nulos V="2060"/>
          <Porc_Votos_Nulos V="031,05"/>
        </lin>
      </Detalle_Pregunta>
      <Detalle_Opcion>
        <lin>
          <Opcion V="001"/>
          <Votos V="1656"/>
          <Porc V="050,41"/>
          <Pregunta V="001"/>
        </lin>
        <lin>
          <Opcion V="002"/>
          <Votos V="1629"/>
          <Porc V="049,58"/>
          <Pregunta V="001"/>
        </lin>
        <lin>
          <Opcion V="001"/>
          <Votos V="1838"/>
          <Porc V="058,70"/>
          <Pregunta V="002"/>
        </lin>
        <lin>
          <Opcion V="002"/>
          <Votos V="1293"/>
          <Porc V="041,29"/>
          <Pregunta V="002"/>
        </lin>
        <lin>
          <Opcion V="001"/>
          <Votos V="1813"/>
          <Porc V="054,57"/>
          <Pregunta V="003"/>
        </lin>
        <lin>
          <Opcion V="002"/>
          <Votos V="1509"/>
          <Porc V="045,42"/>
          <Pregunta V="003"/>
        </lin>
        <lin>
          <Opcion V="001"/>
          <Votos V="1671"/>
          <Porc V="048,83"/>
          <Pregunta V="004"/>
        </lin>
        <lin>
          <Opcion V="002"/>
          <Votos V="1751"/>
          <Porc V="051,16"/>
          <Pregunta V="004"/>
        </lin>
        <lin>
          <Opcion V="001"/>
          <Votos V="1261"/>
          <Porc V="041,18"/>
          <Pregunta V="005"/>
        </lin>
        <lin>
          <Opcion V="002"/>
          <Votos V="1801"/>
          <Porc V="058,81"/>
          <Pregunta V="005"/>
        </lin>
        <lin>
          <Opcion V="001"/>
          <Votos V="1598"/>
          <Porc V="048,88"/>
          <Pregunta V="006"/>
        </lin>
        <lin>
          <Opcion V="002"/>
          <Votos V="1671"/>
          <Porc V="051,11"/>
          <Pregunta V="006"/>
        </lin>
        <lin>
          <Opcion V="001"/>
          <Votos V="1272"/>
          <Porc V="043,63"/>
          <Pregunta V="007"/>
        </lin>
        <lin>
          <Opcion V="002"/>
          <Votos V="1643"/>
          <Porc V="056,36"/>
          <Pregunta V="007"/>
        </lin>
      </Detalle_Opcion>
    </lin>
  </Detalle_Circunscripcion>
</Boletin>
</Boletin_Consolidado>