<Boletin_Consolidado><Boletin>
  <Numero V="0008"/>
  <Boletin_Departamental V="0012"/>
  <Tipo_Boletin V="DEPARTAMENTAL"/>
  <Desc_Corporacion V="CONSULTA POPULAR"/>
  <Departamento V="01"/>
  <Desc_Departamento V="ANTIOQUIA"/>
  <Municipio V="237"/>
  <Desc_Municipio V="SAN PEDRO DE URABA"/>
  <Dia V="21"/>
  <Mes V="8"/>
  <Anio V="2018"/>
  <Hora V="14"/>
  <Minuto V="15"/>
  <Mesas_Instaladas V="70"/>
  <Mesas_Informadas V="70"/>
  <Porc_Mesas_Informadas V="100,00"/>
  <Potencial_Sufragantes V="26006"/>
  <Detalle_Circunscripcion>
    <lin>
      <Circunscripcion V="0"/>
      <Desc_Circunscripcion V="NACIONAL"/>
      <Detalle_Pregunta>
        <lin>
          <Pregunta V="001"/>
          <Total_Sufragantes V="26006"/>
          <Porc_Sufragantes V="100,00"/>
          <Abstencion V="0"/>
          <Porc_Abstencion V="000,00"/>
          <Votos_Validos V="13146"/>
          <Porc_Votos_Validos V="050,54"/>
          <Votos_No_Marcados V="6219"/>
          <Porc_Votos_No_Marcados V="023,91"/>
          <Votos_Nulos V="6641"/>
          <Porc_Votos_Nulos V="025,53"/>
        </lin>
        <lin>
          <Pregunta V="002"/>
          <Total_Sufragantes V="26006"/>
          <Porc_Sufragantes V="100,00"/>
          <Abstencion V="0"/>
          <Porc_Abstencion V="000,00"/>
          <Votos_Validos V="13024"/>
          <Porc_Votos_Validos V="050,08"/>
          <Votos_No_Marcados V="6368"/>
          <Porc_Votos_No_Marcados V="024,48"/>
          <Votos_Nulos V="6614"/>
          <Porc_Votos_Nulos V="025,43"/>
        </lin>
        <lin>
          <Pregunta V="003"/>
          <Total_Sufragantes V="26006"/>
          <Porc_Sufragantes V="100,00"/>
          <Abstencion V="0"/>
          <Porc_Abstencion V="000,00"/>
          <Votos_Validos V="12889"/>
          <Porc_Votos_Validos V="049,56"/>
          <Votos_No_Marcados V="6685"/>
          <Porc_Votos_No_Marcados V="025,70"/>
          <Votos_Nulos V="6432"/>
          <Porc_Votos_Nulos V="024,73"/>
        </lin>
        <lin>
          <Pregunta V="004"/>
          <Total_Sufragantes V="26006"/>
          <Porc_Sufragantes V="100,00"/>
          <Abstencion V="0"/>
          <Porc_Abstencion V="000,00"/>
          <Votos_Validos V="12972"/>
          <Porc_Votos_Validos V="049,88"/>
          <Votos_No_Marcados V="7035"/>
          <Porc_Votos_No_Marcados V="027,05"/>
          <Votos_Nulos V="5999"/>
          <Porc_Votos_Nulos V="023,06"/>
        </lin>
        <lin>
          <Pregunta V="005"/>
          <Total_Sufragantes V="26006"/>
          <Porc_Sufragantes V="100,00"/>
          <Abstencion V="0"/>
          <Porc_Abstencion V="000,00"/>
          <Votos_Validos V="12516"/>
          <Porc_Votos_Validos V="048,12"/>
          <Votos_No_Marcados V="6797"/>
          <Porc_Votos_No_Marcados V="026,13"/>
          <Votos_Nulos V="6693"/>
          <Porc_Votos_Nulos V="025,73"/>
        </lin>
        <lin>
          <Pregunta V="006"/>
          <Total_Sufragantes V="26006"/>
          <Porc_Sufragantes V="100,00"/>
          <Abstencion V="0"/>
          <Porc_Abstencion V="000,00"/>
          <Votos_Validos V="13176"/>
          <Porc_Votos_Validos V="050,66"/>
          <Votos_No_Marcados V="6767"/>
          <Porc_Votos_No_Marcados V="026,02"/>
          <Votos_Nulos V="6063"/>
          <Porc_Votos_Nulos V="023,31"/>
        </lin>
        <lin>
          <Pregunta V="007"/>
          <Total_Sufragantes V="26006"/>
          <Porc_Sufragantes V="100,00"/>
          <Abstencion V="0"/>
          <Porc_Abstencion V="000,00"/>
          <Votos_Validos V="13451"/>
          <Porc_Votos_Validos V="051,72"/>
          <Votos_No_Marcados V="6165"/>
          <Porc_Votos_No_Marcados V="023,70"/>
          <Votos_Nulos V="6390"/>
          <Porc_Votos_Nulos V="024,57"/>
        </lin>
      </Detalle_Pregunta>
      <Detalle_Opcion>
        <lin>
          <Opcion V="001"/>
          <Votos V="6475"/>
          <Porc V="049,25"/>
          <Pregunta V="001"/>
        </lin>
        <lin>
          <Opcion V="002"/>
          <Votos V="6671"/>
          <Porc V="050,74"/>
          <Pregunta V="001"/>
        </lin>
        <lin>
          <Opcion V="001"/>
          <Votos V="6833"/>
          <Porc V="052,46"/>
          <Pregunta V="002"/>
        </lin>
        <lin>
          <Opcion V="002"/>
          <Votos V="6191"/>
          <Porc V="047,53"/>
          <Pregunta V="002"/>
        </lin>
        <lin>
          <Opcion V="001"/>
          <Votos V="6523"/>
          <Porc V="050,60"/>
          <Pregunta V="003"/>
        </lin>
        <lin>
          <Opcion V="002"/>
          <Votos V="6366"/>
          <Porc V="049,39"/>
          <Pregunta V="003"/>
        </lin>
        <lin>
          <Opcion V="001"/>
          <Votos V="6431"/>
          <Porc V="049,57"/>
          <Pregunta V="004"/>
        </lin>
        <lin>
          <Opcion V="002"/>
          <Votos V="6541"/>
          <Porc V="050,42"/>
          <Pregunta V="004"/>
        </lin>
        <lin>
          <Opcion V="001"/>
          <Votos V="6427"/>
          <Porc V="051,35"/>
          <Pregunta V="005"/>
        </lin>
        <lin>
          <Opcion V="002"/>
          <Votos V="6089"/>
          <Porc V="048,64"/>
          <Pregunta V="005"/>
        </lin>
        <lin>
          <Opcion V="001"/>
          <Votos V="6498"/>
          <Porc V="049,31"/>
          <Pregunta V="006"/>
        </lin>
        <lin>
          <Opcion V="002"/>
          <Votos V="6678"/>
          <Porc V="050,68"/>
          <Pregunta V="006"/>
        </lin>
        <lin>
          <Opcion V="001"/>
          <Votos V="7258"/>
          <Porc V="053,95"/>
          <Pregunta V="007"/>
        </lin>
        <lin>
          <Opcion V="002"/>
          <Votos V="6193"/>
          <Porc V="046,04"/>
          <Pregunta V="007"/>
        </lin>
      </Detalle_Opcion>
    </lin>
  </Detalle_Circunscripcion>
</Boletin>
</Boletin_Consolidado>