<Boletin_Consolidado><Boletin>
  <Numero V="0008"/>
  <Boletin_Departamental V="0011"/>
  <Tipo_Boletin V="DEPARTAMENTAL"/>
  <Desc_Corporacion V="CONSULTA POPULAR"/>
  <Departamento V="07"/>
  <Desc_Departamento V="BOYACA"/>
  <Municipio V="124"/>
  <Desc_Municipio V="JERICO"/>
  <Dia V="21"/>
  <Mes V="8"/>
  <Anio V="2018"/>
  <Hora V="14"/>
  <Minuto V="15"/>
  <Mesas_Instaladas V="11"/>
  <Mesas_Informadas V="11"/>
  <Porc_Mesas_Informadas V="100,00"/>
  <Potencial_Sufragantes V="3193"/>
  <Detalle_Circunscripcion>
    <lin>
      <Circunscripcion V="0"/>
      <Desc_Circunscripcion V="NACIONAL"/>
      <Detalle_Pregunta>
        <lin>
          <Pregunta V="001"/>
          <Total_Sufragantes V="3193"/>
          <Porc_Sufragantes V="100,00"/>
          <Abstencion V="0"/>
          <Porc_Abstencion V="000,00"/>
          <Votos_Validos V="1506"/>
          <Porc_Votos_Validos V="047,16"/>
          <Votos_No_Marcados V="746"/>
          <Porc_Votos_No_Marcados V="023,36"/>
          <Votos_Nulos V="941"/>
          <Porc_Votos_Nulos V="029,47"/>
        </lin>
        <lin>
          <Pregunta V="002"/>
          <Total_Sufragantes V="3193"/>
          <Porc_Sufragantes V="100,00"/>
          <Abstencion V="0"/>
          <Porc_Abstencion V="000,00"/>
          <Votos_Validos V="1423"/>
          <Porc_Votos_Validos V="044,56"/>
          <Votos_No_Marcados V="860"/>
          <Porc_Votos_No_Marcados V="026,93"/>
          <Votos_Nulos V="910"/>
          <Porc_Votos_Nulos V="028,49"/>
        </lin>
        <lin>
          <Pregunta V="003"/>
          <Total_Sufragantes V="3193"/>
          <Porc_Sufragantes V="100,00"/>
          <Abstencion V="0"/>
          <Porc_Abstencion V="000,00"/>
          <Votos_Validos V="1768"/>
          <Porc_Votos_Validos V="055,37"/>
          <Votos_No_Marcados V="853"/>
          <Porc_Votos_No_Marcados V="026,71"/>
          <Votos_Nulos V="572"/>
          <Porc_Votos_Nulos V="017,91"/>
        </lin>
        <lin>
          <Pregunta V="004"/>
          <Total_Sufragantes V="3193"/>
          <Porc_Sufragantes V="100,00"/>
          <Abstencion V="0"/>
          <Porc_Abstencion V="000,00"/>
          <Votos_Validos V="1804"/>
          <Porc_Votos_Validos V="056,49"/>
          <Votos_No_Marcados V="581"/>
          <Porc_Votos_No_Marcados V="018,19"/>
          <Votos_Nulos V="808"/>
          <Porc_Votos_Nulos V="025,30"/>
        </lin>
        <lin>
          <Pregunta V="005"/>
          <Total_Sufragantes V="3193"/>
          <Porc_Sufragantes V="100,00"/>
          <Abstencion V="0"/>
          <Porc_Abstencion V="000,00"/>
          <Votos_Validos V="1913"/>
          <Porc_Votos_Validos V="059,91"/>
          <Votos_No_Marcados V="629"/>
          <Porc_Votos_No_Marcados V="019,69"/>
          <Votos_Nulos V="651"/>
          <Porc_Votos_Nulos V="020,38"/>
        </lin>
        <lin>
          <Pregunta V="006"/>
          <Total_Sufragantes V="3193"/>
          <Porc_Sufragantes V="100,00"/>
          <Abstencion V="0"/>
          <Porc_Abstencion V="000,00"/>
          <Votos_Validos V="1903"/>
          <Porc_Votos_Validos V="059,59"/>
          <Votos_No_Marcados V="619"/>
          <Porc_Votos_No_Marcados V="019,38"/>
          <Votos_Nulos V="671"/>
          <Porc_Votos_Nulos V="021,01"/>
        </lin>
        <lin>
          <Pregunta V="007"/>
          <Total_Sufragantes V="3193"/>
          <Porc_Sufragantes V="100,00"/>
          <Abstencion V="0"/>
          <Porc_Abstencion V="000,00"/>
          <Votos_Validos V="1276"/>
          <Porc_Votos_Validos V="039,96"/>
          <Votos_No_Marcados V="901"/>
          <Porc_Votos_No_Marcados V="028,21"/>
          <Votos_Nulos V="1016"/>
          <Porc_Votos_Nulos V="031,81"/>
        </lin>
      </Detalle_Pregunta>
      <Detalle_Opcion>
        <lin>
          <Opcion V="001"/>
          <Votos V="743"/>
          <Porc V="049,33"/>
          <Pregunta V="001"/>
        </lin>
        <lin>
          <Opcion V="002"/>
          <Votos V="763"/>
          <Porc V="050,66"/>
          <Pregunta V="001"/>
        </lin>
        <lin>
          <Opcion V="001"/>
          <Votos V="601"/>
          <Porc V="042,23"/>
          <Pregunta V="002"/>
        </lin>
        <lin>
          <Opcion V="002"/>
          <Votos V="822"/>
          <Porc V="057,76"/>
          <Pregunta V="002"/>
        </lin>
        <lin>
          <Opcion V="001"/>
          <Votos V="777"/>
          <Porc V="043,94"/>
          <Pregunta V="003"/>
        </lin>
        <lin>
          <Opcion V="002"/>
          <Votos V="991"/>
          <Porc V="056,05"/>
          <Pregunta V="003"/>
        </lin>
        <lin>
          <Opcion V="001"/>
          <Votos V="948"/>
          <Porc V="052,54"/>
          <Pregunta V="004"/>
        </lin>
        <lin>
          <Opcion V="002"/>
          <Votos V="856"/>
          <Porc V="047,45"/>
          <Pregunta V="004"/>
        </lin>
        <lin>
          <Opcion V="001"/>
          <Votos V="838"/>
          <Porc V="043,80"/>
          <Pregunta V="005"/>
        </lin>
        <lin>
          <Opcion V="002"/>
          <Votos V="1075"/>
          <Porc V="056,19"/>
          <Pregunta V="005"/>
        </lin>
        <lin>
          <Opcion V="001"/>
          <Votos V="1103"/>
          <Porc V="057,96"/>
          <Pregunta V="006"/>
        </lin>
        <lin>
          <Opcion V="002"/>
          <Votos V="800"/>
          <Porc V="042,03"/>
          <Pregunta V="006"/>
        </lin>
        <lin>
          <Opcion V="001"/>
          <Votos V="722"/>
          <Porc V="056,58"/>
          <Pregunta V="007"/>
        </lin>
        <lin>
          <Opcion V="002"/>
          <Votos V="554"/>
          <Porc V="043,41"/>
          <Pregunta V="007"/>
        </lin>
      </Detalle_Opcion>
    </lin>
  </Detalle_Circunscripcion>
</Boletin>
</Boletin_Consolidado>