<Boletin_Consolidado><Boletin>
  <Numero V="0008"/>
  <Boletin_Departamental V="0012"/>
  <Tipo_Boletin V="DEPARTAMENTAL"/>
  <Desc_Corporacion V="CONSULTA POPULAR"/>
  <Departamento V="11"/>
  <Desc_Departamento V="CAUCA"/>
  <Municipio V="007"/>
  <Desc_Municipio V="BOLIVAR"/>
  <Dia V="21"/>
  <Mes V="8"/>
  <Anio V="2018"/>
  <Hora V="14"/>
  <Minuto V="15"/>
  <Mesas_Instaladas V="118"/>
  <Mesas_Informadas V="118"/>
  <Porc_Mesas_Informadas V="100,00"/>
  <Potencial_Sufragantes V="30730"/>
  <Detalle_Circunscripcion>
    <lin>
      <Circunscripcion V="0"/>
      <Desc_Circunscripcion V="NACIONAL"/>
      <Detalle_Pregunta>
        <lin>
          <Pregunta V="001"/>
          <Total_Sufragantes V="30730"/>
          <Porc_Sufragantes V="100,00"/>
          <Abstencion V="0"/>
          <Porc_Abstencion V="000,00"/>
          <Votos_Validos V="15078"/>
          <Porc_Votos_Validos V="049,06"/>
          <Votos_No_Marcados V="7278"/>
          <Porc_Votos_No_Marcados V="023,68"/>
          <Votos_Nulos V="8374"/>
          <Porc_Votos_Nulos V="027,25"/>
        </lin>
        <lin>
          <Pregunta V="002"/>
          <Total_Sufragantes V="30730"/>
          <Porc_Sufragantes V="100,00"/>
          <Abstencion V="0"/>
          <Porc_Abstencion V="000,00"/>
          <Votos_Validos V="16131"/>
          <Porc_Votos_Validos V="052,49"/>
          <Votos_No_Marcados V="6958"/>
          <Porc_Votos_No_Marcados V="022,64"/>
          <Votos_Nulos V="7641"/>
          <Porc_Votos_Nulos V="024,86"/>
        </lin>
        <lin>
          <Pregunta V="003"/>
          <Total_Sufragantes V="30730"/>
          <Porc_Sufragantes V="100,00"/>
          <Abstencion V="0"/>
          <Porc_Abstencion V="000,00"/>
          <Votos_Validos V="15573"/>
          <Porc_Votos_Validos V="050,67"/>
          <Votos_No_Marcados V="7481"/>
          <Porc_Votos_No_Marcados V="024,34"/>
          <Votos_Nulos V="7676"/>
          <Porc_Votos_Nulos V="024,97"/>
        </lin>
        <lin>
          <Pregunta V="004"/>
          <Total_Sufragantes V="30730"/>
          <Porc_Sufragantes V="100,00"/>
          <Abstencion V="0"/>
          <Porc_Abstencion V="000,00"/>
          <Votos_Validos V="15058"/>
          <Porc_Votos_Validos V="049,00"/>
          <Votos_No_Marcados V="8759"/>
          <Porc_Votos_No_Marcados V="028,50"/>
          <Votos_Nulos V="6913"/>
          <Porc_Votos_Nulos V="022,49"/>
        </lin>
        <lin>
          <Pregunta V="005"/>
          <Total_Sufragantes V="30730"/>
          <Porc_Sufragantes V="100,00"/>
          <Abstencion V="0"/>
          <Porc_Abstencion V="000,00"/>
          <Votos_Validos V="14949"/>
          <Porc_Votos_Validos V="048,64"/>
          <Votos_No_Marcados V="7860"/>
          <Porc_Votos_No_Marcados V="025,57"/>
          <Votos_Nulos V="7921"/>
          <Porc_Votos_Nulos V="025,77"/>
        </lin>
        <lin>
          <Pregunta V="006"/>
          <Total_Sufragantes V="30730"/>
          <Porc_Sufragantes V="100,00"/>
          <Abstencion V="0"/>
          <Porc_Abstencion V="000,00"/>
          <Votos_Validos V="15475"/>
          <Porc_Votos_Validos V="050,35"/>
          <Votos_No_Marcados V="7686"/>
          <Porc_Votos_No_Marcados V="025,01"/>
          <Votos_Nulos V="7569"/>
          <Porc_Votos_Nulos V="024,63"/>
        </lin>
        <lin>
          <Pregunta V="007"/>
          <Total_Sufragantes V="30730"/>
          <Porc_Sufragantes V="100,00"/>
          <Abstencion V="0"/>
          <Porc_Abstencion V="000,00"/>
          <Votos_Validos V="15496"/>
          <Porc_Votos_Validos V="050,42"/>
          <Votos_No_Marcados V="6965"/>
          <Porc_Votos_No_Marcados V="022,66"/>
          <Votos_Nulos V="8269"/>
          <Porc_Votos_Nulos V="026,90"/>
        </lin>
      </Detalle_Pregunta>
      <Detalle_Opcion>
        <lin>
          <Opcion V="001"/>
          <Votos V="7009"/>
          <Porc V="046,48"/>
          <Pregunta V="001"/>
        </lin>
        <lin>
          <Opcion V="002"/>
          <Votos V="8069"/>
          <Porc V="053,51"/>
          <Pregunta V="001"/>
        </lin>
        <lin>
          <Opcion V="001"/>
          <Votos V="7504"/>
          <Porc V="046,51"/>
          <Pregunta V="002"/>
        </lin>
        <lin>
          <Opcion V="002"/>
          <Votos V="8627"/>
          <Porc V="053,48"/>
          <Pregunta V="002"/>
        </lin>
        <lin>
          <Opcion V="001"/>
          <Votos V="6551"/>
          <Porc V="042,06"/>
          <Pregunta V="003"/>
        </lin>
        <lin>
          <Opcion V="002"/>
          <Votos V="9022"/>
          <Porc V="057,93"/>
          <Pregunta V="003"/>
        </lin>
        <lin>
          <Opcion V="001"/>
          <Votos V="8260"/>
          <Porc V="054,85"/>
          <Pregunta V="004"/>
        </lin>
        <lin>
          <Opcion V="002"/>
          <Votos V="6798"/>
          <Porc V="045,14"/>
          <Pregunta V="004"/>
        </lin>
        <lin>
          <Opcion V="001"/>
          <Votos V="6784"/>
          <Porc V="045,38"/>
          <Pregunta V="005"/>
        </lin>
        <lin>
          <Opcion V="002"/>
          <Votos V="8165"/>
          <Porc V="054,61"/>
          <Pregunta V="005"/>
        </lin>
        <lin>
          <Opcion V="001"/>
          <Votos V="7374"/>
          <Porc V="047,65"/>
          <Pregunta V="006"/>
        </lin>
        <lin>
          <Opcion V="002"/>
          <Votos V="8101"/>
          <Porc V="052,34"/>
          <Pregunta V="006"/>
        </lin>
        <lin>
          <Opcion V="001"/>
          <Votos V="7861"/>
          <Porc V="050,72"/>
          <Pregunta V="007"/>
        </lin>
        <lin>
          <Opcion V="002"/>
          <Votos V="7635"/>
          <Porc V="049,27"/>
          <Pregunta V="007"/>
        </lin>
      </Detalle_Opcion>
    </lin>
  </Detalle_Circunscripcion>
</Boletin>
</Boletin_Consolidado>