<Boletin_Consolidado><Boletin>
  <Numero V="0008"/>
  <Boletin_Departamental V="0012"/>
  <Tipo_Boletin V="DEPARTAMENTAL"/>
  <Desc_Corporacion V="CONSULTA POPULAR"/>
  <Departamento V="05"/>
  <Desc_Departamento V="BOLIVAR"/>
  <Municipio V="013"/>
  <Desc_Municipio V="CALAMAR"/>
  <Dia V="21"/>
  <Mes V="8"/>
  <Anio V="2018"/>
  <Hora V="14"/>
  <Minuto V="15"/>
  <Mesas_Instaladas V="50"/>
  <Mesas_Informadas V="50"/>
  <Porc_Mesas_Informadas V="100,00"/>
  <Potencial_Sufragantes V="17886"/>
  <Detalle_Circunscripcion>
    <lin>
      <Circunscripcion V="0"/>
      <Desc_Circunscripcion V="NACIONAL"/>
      <Detalle_Pregunta>
        <lin>
          <Pregunta V="001"/>
          <Total_Sufragantes V="17886"/>
          <Porc_Sufragantes V="100,00"/>
          <Abstencion V="0"/>
          <Porc_Abstencion V="000,00"/>
          <Votos_Validos V="10005"/>
          <Porc_Votos_Validos V="055,93"/>
          <Votos_No_Marcados V="3503"/>
          <Porc_Votos_No_Marcados V="019,58"/>
          <Votos_Nulos V="4378"/>
          <Porc_Votos_Nulos V="024,47"/>
        </lin>
        <lin>
          <Pregunta V="002"/>
          <Total_Sufragantes V="17886"/>
          <Porc_Sufragantes V="100,00"/>
          <Abstencion V="0"/>
          <Porc_Abstencion V="000,00"/>
          <Votos_Validos V="9845"/>
          <Porc_Votos_Validos V="055,04"/>
          <Votos_No_Marcados V="3783"/>
          <Porc_Votos_No_Marcados V="021,15"/>
          <Votos_Nulos V="4258"/>
          <Porc_Votos_Nulos V="023,80"/>
        </lin>
        <lin>
          <Pregunta V="003"/>
          <Total_Sufragantes V="17886"/>
          <Porc_Sufragantes V="100,00"/>
          <Abstencion V="0"/>
          <Porc_Abstencion V="000,00"/>
          <Votos_Validos V="8800"/>
          <Porc_Votos_Validos V="049,20"/>
          <Votos_No_Marcados V="5314"/>
          <Porc_Votos_No_Marcados V="029,71"/>
          <Votos_Nulos V="3772"/>
          <Porc_Votos_Nulos V="021,08"/>
        </lin>
        <lin>
          <Pregunta V="004"/>
          <Total_Sufragantes V="17886"/>
          <Porc_Sufragantes V="100,00"/>
          <Abstencion V="0"/>
          <Porc_Abstencion V="000,00"/>
          <Votos_Validos V="9306"/>
          <Porc_Votos_Validos V="052,02"/>
          <Votos_No_Marcados V="4101"/>
          <Porc_Votos_No_Marcados V="022,92"/>
          <Votos_Nulos V="4479"/>
          <Porc_Votos_Nulos V="025,04"/>
        </lin>
        <lin>
          <Pregunta V="005"/>
          <Total_Sufragantes V="17886"/>
          <Porc_Sufragantes V="100,00"/>
          <Abstencion V="0"/>
          <Porc_Abstencion V="000,00"/>
          <Votos_Validos V="9100"/>
          <Porc_Votos_Validos V="050,87"/>
          <Votos_No_Marcados V="4563"/>
          <Porc_Votos_No_Marcados V="025,51"/>
          <Votos_Nulos V="4223"/>
          <Porc_Votos_Nulos V="023,61"/>
        </lin>
        <lin>
          <Pregunta V="006"/>
          <Total_Sufragantes V="17886"/>
          <Porc_Sufragantes V="100,00"/>
          <Abstencion V="0"/>
          <Porc_Abstencion V="000,00"/>
          <Votos_Validos V="8576"/>
          <Porc_Votos_Validos V="047,94"/>
          <Votos_No_Marcados V="3910"/>
          <Porc_Votos_No_Marcados V="021,86"/>
          <Votos_Nulos V="5400"/>
          <Porc_Votos_Nulos V="030,19"/>
        </lin>
        <lin>
          <Pregunta V="007"/>
          <Total_Sufragantes V="17886"/>
          <Porc_Sufragantes V="100,00"/>
          <Abstencion V="0"/>
          <Porc_Abstencion V="000,00"/>
          <Votos_Validos V="8703"/>
          <Porc_Votos_Validos V="048,65"/>
          <Votos_No_Marcados V="4457"/>
          <Porc_Votos_No_Marcados V="024,91"/>
          <Votos_Nulos V="4726"/>
          <Porc_Votos_Nulos V="026,42"/>
        </lin>
      </Detalle_Pregunta>
      <Detalle_Opcion>
        <lin>
          <Opcion V="001"/>
          <Votos V="5132"/>
          <Porc V="051,29"/>
          <Pregunta V="001"/>
        </lin>
        <lin>
          <Opcion V="002"/>
          <Votos V="4873"/>
          <Porc V="048,70"/>
          <Pregunta V="001"/>
        </lin>
        <lin>
          <Opcion V="001"/>
          <Votos V="5084"/>
          <Porc V="051,64"/>
          <Pregunta V="002"/>
        </lin>
        <lin>
          <Opcion V="002"/>
          <Votos V="4761"/>
          <Porc V="048,35"/>
          <Pregunta V="002"/>
        </lin>
        <lin>
          <Opcion V="001"/>
          <Votos V="4261"/>
          <Porc V="048,42"/>
          <Pregunta V="003"/>
        </lin>
        <lin>
          <Opcion V="002"/>
          <Votos V="4539"/>
          <Porc V="051,57"/>
          <Pregunta V="003"/>
        </lin>
        <lin>
          <Opcion V="001"/>
          <Votos V="4643"/>
          <Porc V="049,89"/>
          <Pregunta V="004"/>
        </lin>
        <lin>
          <Opcion V="002"/>
          <Votos V="4663"/>
          <Porc V="050,10"/>
          <Pregunta V="004"/>
        </lin>
        <lin>
          <Opcion V="001"/>
          <Votos V="5210"/>
          <Porc V="057,25"/>
          <Pregunta V="005"/>
        </lin>
        <lin>
          <Opcion V="002"/>
          <Votos V="3890"/>
          <Porc V="042,74"/>
          <Pregunta V="005"/>
        </lin>
        <lin>
          <Opcion V="001"/>
          <Votos V="4007"/>
          <Porc V="046,72"/>
          <Pregunta V="006"/>
        </lin>
        <lin>
          <Opcion V="002"/>
          <Votos V="4569"/>
          <Porc V="053,27"/>
          <Pregunta V="006"/>
        </lin>
        <lin>
          <Opcion V="001"/>
          <Votos V="4474"/>
          <Porc V="051,40"/>
          <Pregunta V="007"/>
        </lin>
        <lin>
          <Opcion V="002"/>
          <Votos V="4229"/>
          <Porc V="048,59"/>
          <Pregunta V="007"/>
        </lin>
      </Detalle_Opcion>
    </lin>
  </Detalle_Circunscripcion>
</Boletin>
</Boletin_Consolidado>