<Boletin_Consolidado><Boletin>
  <Numero V="0008"/>
  <Boletin_Departamental V="0012"/>
  <Tipo_Boletin V="DEPARTAMENTAL"/>
  <Desc_Corporacion V="CONSULTA POPULAR"/>
  <Departamento V="01"/>
  <Desc_Departamento V="ANTIOQUIA"/>
  <Municipio V="192"/>
  <Desc_Municipio V="NECOCLI"/>
  <Dia V="21"/>
  <Mes V="8"/>
  <Anio V="2018"/>
  <Hora V="14"/>
  <Minuto V="15"/>
  <Mesas_Instaladas V="91"/>
  <Mesas_Informadas V="91"/>
  <Porc_Mesas_Informadas V="100,00"/>
  <Potencial_Sufragantes V="33598"/>
  <Detalle_Circunscripcion>
    <lin>
      <Circunscripcion V="0"/>
      <Desc_Circunscripcion V="NACIONAL"/>
      <Detalle_Pregunta>
        <lin>
          <Pregunta V="001"/>
          <Total_Sufragantes V="33598"/>
          <Porc_Sufragantes V="100,00"/>
          <Abstencion V="0"/>
          <Porc_Abstencion V="000,00"/>
          <Votos_Validos V="16410"/>
          <Porc_Votos_Validos V="048,84"/>
          <Votos_No_Marcados V="8446"/>
          <Porc_Votos_No_Marcados V="025,13"/>
          <Votos_Nulos V="8742"/>
          <Porc_Votos_Nulos V="026,01"/>
        </lin>
        <lin>
          <Pregunta V="002"/>
          <Total_Sufragantes V="33598"/>
          <Porc_Sufragantes V="100,00"/>
          <Abstencion V="0"/>
          <Porc_Abstencion V="000,00"/>
          <Votos_Validos V="16754"/>
          <Porc_Votos_Validos V="049,86"/>
          <Votos_No_Marcados V="8203"/>
          <Porc_Votos_No_Marcados V="024,41"/>
          <Votos_Nulos V="8641"/>
          <Porc_Votos_Nulos V="025,71"/>
        </lin>
        <lin>
          <Pregunta V="003"/>
          <Total_Sufragantes V="33598"/>
          <Porc_Sufragantes V="100,00"/>
          <Abstencion V="0"/>
          <Porc_Abstencion V="000,00"/>
          <Votos_Validos V="17421"/>
          <Porc_Votos_Validos V="051,85"/>
          <Votos_No_Marcados V="7600"/>
          <Porc_Votos_No_Marcados V="022,62"/>
          <Votos_Nulos V="8577"/>
          <Porc_Votos_Nulos V="025,52"/>
        </lin>
        <lin>
          <Pregunta V="004"/>
          <Total_Sufragantes V="33598"/>
          <Porc_Sufragantes V="100,00"/>
          <Abstencion V="0"/>
          <Porc_Abstencion V="000,00"/>
          <Votos_Validos V="17287"/>
          <Porc_Votos_Validos V="051,45"/>
          <Votos_No_Marcados V="8585"/>
          <Porc_Votos_No_Marcados V="025,55"/>
          <Votos_Nulos V="7726"/>
          <Porc_Votos_Nulos V="022,99"/>
        </lin>
        <lin>
          <Pregunta V="005"/>
          <Total_Sufragantes V="33598"/>
          <Porc_Sufragantes V="100,00"/>
          <Abstencion V="0"/>
          <Porc_Abstencion V="000,00"/>
          <Votos_Validos V="16447"/>
          <Porc_Votos_Validos V="048,95"/>
          <Votos_No_Marcados V="8427"/>
          <Porc_Votos_No_Marcados V="025,08"/>
          <Votos_Nulos V="8724"/>
          <Porc_Votos_Nulos V="025,96"/>
        </lin>
        <lin>
          <Pregunta V="006"/>
          <Total_Sufragantes V="33598"/>
          <Porc_Sufragantes V="100,00"/>
          <Abstencion V="0"/>
          <Porc_Abstencion V="000,00"/>
          <Votos_Validos V="17035"/>
          <Porc_Votos_Validos V="050,70"/>
          <Votos_No_Marcados V="8257"/>
          <Porc_Votos_No_Marcados V="024,57"/>
          <Votos_Nulos V="8306"/>
          <Porc_Votos_Nulos V="024,72"/>
        </lin>
        <lin>
          <Pregunta V="007"/>
          <Total_Sufragantes V="33598"/>
          <Porc_Sufragantes V="100,00"/>
          <Abstencion V="0"/>
          <Porc_Abstencion V="000,00"/>
          <Votos_Validos V="17375"/>
          <Porc_Votos_Validos V="051,71"/>
          <Votos_No_Marcados V="7962"/>
          <Porc_Votos_No_Marcados V="023,69"/>
          <Votos_Nulos V="8261"/>
          <Porc_Votos_Nulos V="024,58"/>
        </lin>
      </Detalle_Pregunta>
      <Detalle_Opcion>
        <lin>
          <Opcion V="001"/>
          <Votos V="8843"/>
          <Porc V="053,88"/>
          <Pregunta V="001"/>
        </lin>
        <lin>
          <Opcion V="002"/>
          <Votos V="7567"/>
          <Porc V="046,11"/>
          <Pregunta V="001"/>
        </lin>
        <lin>
          <Opcion V="001"/>
          <Votos V="8384"/>
          <Porc V="050,04"/>
          <Pregunta V="002"/>
        </lin>
        <lin>
          <Opcion V="002"/>
          <Votos V="8370"/>
          <Porc V="049,95"/>
          <Pregunta V="002"/>
        </lin>
        <lin>
          <Opcion V="001"/>
          <Votos V="8116"/>
          <Porc V="046,58"/>
          <Pregunta V="003"/>
        </lin>
        <lin>
          <Opcion V="002"/>
          <Votos V="9305"/>
          <Porc V="053,41"/>
          <Pregunta V="003"/>
        </lin>
        <lin>
          <Opcion V="001"/>
          <Votos V="8321"/>
          <Porc V="048,13"/>
          <Pregunta V="004"/>
        </lin>
        <lin>
          <Opcion V="002"/>
          <Votos V="8966"/>
          <Porc V="051,86"/>
          <Pregunta V="004"/>
        </lin>
        <lin>
          <Opcion V="001"/>
          <Votos V="8194"/>
          <Porc V="049,82"/>
          <Pregunta V="005"/>
        </lin>
        <lin>
          <Opcion V="002"/>
          <Votos V="8253"/>
          <Porc V="050,17"/>
          <Pregunta V="005"/>
        </lin>
        <lin>
          <Opcion V="001"/>
          <Votos V="8010"/>
          <Porc V="047,02"/>
          <Pregunta V="006"/>
        </lin>
        <lin>
          <Opcion V="002"/>
          <Votos V="9025"/>
          <Porc V="052,97"/>
          <Pregunta V="006"/>
        </lin>
        <lin>
          <Opcion V="001"/>
          <Votos V="8981"/>
          <Porc V="051,68"/>
          <Pregunta V="007"/>
        </lin>
        <lin>
          <Opcion V="002"/>
          <Votos V="8394"/>
          <Porc V="048,31"/>
          <Pregunta V="007"/>
        </lin>
      </Detalle_Opcion>
    </lin>
  </Detalle_Circunscripcion>
</Boletin>
</Boletin_Consolidado>