<Boletin_Consolidado><Boletin>
  <Numero V="0008"/>
  <Boletin_Departamental V="0012"/>
  <Tipo_Boletin V="DEPARTAMENTAL"/>
  <Desc_Corporacion V="CONSULTA POPULAR"/>
  <Departamento V="07"/>
  <Desc_Departamento V="BOYACA"/>
  <Municipio V="256"/>
  <Desc_Municipio V="SANTA SOFIA"/>
  <Dia V="21"/>
  <Mes V="8"/>
  <Anio V="2018"/>
  <Hora V="14"/>
  <Minuto V="15"/>
  <Mesas_Instaladas V="8"/>
  <Mesas_Informadas V="8"/>
  <Porc_Mesas_Informadas V="100,00"/>
  <Potencial_Sufragantes V="3059"/>
  <Detalle_Circunscripcion>
    <lin>
      <Circunscripcion V="0"/>
      <Desc_Circunscripcion V="NACIONAL"/>
      <Detalle_Pregunta>
        <lin>
          <Pregunta V="001"/>
          <Total_Sufragantes V="3059"/>
          <Porc_Sufragantes V="100,00"/>
          <Abstencion V="0"/>
          <Porc_Abstencion V="000,00"/>
          <Votos_Validos V="1626"/>
          <Porc_Votos_Validos V="053,15"/>
          <Votos_No_Marcados V="432"/>
          <Porc_Votos_No_Marcados V="014,12"/>
          <Votos_Nulos V="1001"/>
          <Porc_Votos_Nulos V="032,72"/>
        </lin>
        <lin>
          <Pregunta V="002"/>
          <Total_Sufragantes V="3059"/>
          <Porc_Sufragantes V="100,00"/>
          <Abstencion V="0"/>
          <Porc_Abstencion V="000,00"/>
          <Votos_Validos V="1730"/>
          <Porc_Votos_Validos V="056,55"/>
          <Votos_No_Marcados V="912"/>
          <Porc_Votos_No_Marcados V="029,81"/>
          <Votos_Nulos V="417"/>
          <Porc_Votos_Nulos V="013,63"/>
        </lin>
        <lin>
          <Pregunta V="003"/>
          <Total_Sufragantes V="3059"/>
          <Porc_Sufragantes V="100,00"/>
          <Abstencion V="0"/>
          <Porc_Abstencion V="000,00"/>
          <Votos_Validos V="1265"/>
          <Porc_Votos_Validos V="041,35"/>
          <Votos_No_Marcados V="849"/>
          <Porc_Votos_No_Marcados V="027,75"/>
          <Votos_Nulos V="945"/>
          <Porc_Votos_Nulos V="030,89"/>
        </lin>
        <lin>
          <Pregunta V="004"/>
          <Total_Sufragantes V="3059"/>
          <Porc_Sufragantes V="100,00"/>
          <Abstencion V="0"/>
          <Porc_Abstencion V="000,00"/>
          <Votos_Validos V="1650"/>
          <Porc_Votos_Validos V="053,93"/>
          <Votos_No_Marcados V="625"/>
          <Porc_Votos_No_Marcados V="020,43"/>
          <Votos_Nulos V="784"/>
          <Porc_Votos_Nulos V="025,62"/>
        </lin>
        <lin>
          <Pregunta V="005"/>
          <Total_Sufragantes V="3059"/>
          <Porc_Sufragantes V="100,00"/>
          <Abstencion V="0"/>
          <Porc_Abstencion V="000,00"/>
          <Votos_Validos V="1632"/>
          <Porc_Votos_Validos V="053,35"/>
          <Votos_No_Marcados V="633"/>
          <Porc_Votos_No_Marcados V="020,69"/>
          <Votos_Nulos V="794"/>
          <Porc_Votos_Nulos V="025,95"/>
        </lin>
        <lin>
          <Pregunta V="006"/>
          <Total_Sufragantes V="3059"/>
          <Porc_Sufragantes V="100,00"/>
          <Abstencion V="0"/>
          <Porc_Abstencion V="000,00"/>
          <Votos_Validos V="1625"/>
          <Porc_Votos_Validos V="053,12"/>
          <Votos_No_Marcados V="798"/>
          <Porc_Votos_No_Marcados V="026,08"/>
          <Votos_Nulos V="636"/>
          <Porc_Votos_Nulos V="020,79"/>
        </lin>
        <lin>
          <Pregunta V="007"/>
          <Total_Sufragantes V="3059"/>
          <Porc_Sufragantes V="100,00"/>
          <Abstencion V="0"/>
          <Porc_Abstencion V="000,00"/>
          <Votos_Validos V="1879"/>
          <Porc_Votos_Validos V="061,42"/>
          <Votos_No_Marcados V="400"/>
          <Porc_Votos_No_Marcados V="013,07"/>
          <Votos_Nulos V="780"/>
          <Porc_Votos_Nulos V="025,49"/>
        </lin>
      </Detalle_Pregunta>
      <Detalle_Opcion>
        <lin>
          <Opcion V="001"/>
          <Votos V="811"/>
          <Porc V="049,87"/>
          <Pregunta V="001"/>
        </lin>
        <lin>
          <Opcion V="002"/>
          <Votos V="815"/>
          <Porc V="050,12"/>
          <Pregunta V="001"/>
        </lin>
        <lin>
          <Opcion V="001"/>
          <Votos V="596"/>
          <Porc V="034,45"/>
          <Pregunta V="002"/>
        </lin>
        <lin>
          <Opcion V="002"/>
          <Votos V="1134"/>
          <Porc V="065,54"/>
          <Pregunta V="002"/>
        </lin>
        <lin>
          <Opcion V="001"/>
          <Votos V="667"/>
          <Porc V="052,72"/>
          <Pregunta V="003"/>
        </lin>
        <lin>
          <Opcion V="002"/>
          <Votos V="598"/>
          <Porc V="047,27"/>
          <Pregunta V="003"/>
        </lin>
        <lin>
          <Opcion V="001"/>
          <Votos V="621"/>
          <Porc V="037,63"/>
          <Pregunta V="004"/>
        </lin>
        <lin>
          <Opcion V="002"/>
          <Votos V="1029"/>
          <Porc V="062,36"/>
          <Pregunta V="004"/>
        </lin>
        <lin>
          <Opcion V="001"/>
          <Votos V="855"/>
          <Porc V="052,38"/>
          <Pregunta V="005"/>
        </lin>
        <lin>
          <Opcion V="002"/>
          <Votos V="777"/>
          <Porc V="047,61"/>
          <Pregunta V="005"/>
        </lin>
        <lin>
          <Opcion V="001"/>
          <Votos V="921"/>
          <Porc V="056,67"/>
          <Pregunta V="006"/>
        </lin>
        <lin>
          <Opcion V="002"/>
          <Votos V="704"/>
          <Porc V="043,32"/>
          <Pregunta V="006"/>
        </lin>
        <lin>
          <Opcion V="001"/>
          <Votos V="904"/>
          <Porc V="048,11"/>
          <Pregunta V="007"/>
        </lin>
        <lin>
          <Opcion V="002"/>
          <Votos V="975"/>
          <Porc V="051,88"/>
          <Pregunta V="007"/>
        </lin>
      </Detalle_Opcion>
    </lin>
  </Detalle_Circunscripcion>
</Boletin>
</Boletin_Consolidado>