<Boletin_Consolidado><Boletin>
  <Numero V="0008"/>
  <Boletin_Departamental V="0012"/>
  <Tipo_Boletin V="DEPARTAMENTAL"/>
  <Desc_Corporacion V="CONSULTA POPULAR"/>
  <Departamento V="03"/>
  <Desc_Departamento V="ATLANTICO"/>
  <Municipio V="013"/>
  <Desc_Municipio V="GALAPA"/>
  <Dia V="21"/>
  <Mes V="8"/>
  <Anio V="2018"/>
  <Hora V="14"/>
  <Minuto V="15"/>
  <Mesas_Instaladas V="106"/>
  <Mesas_Informadas V="106"/>
  <Porc_Mesas_Informadas V="100,00"/>
  <Potencial_Sufragantes V="39223"/>
  <Detalle_Circunscripcion>
    <lin>
      <Circunscripcion V="0"/>
      <Desc_Circunscripcion V="NACIONAL"/>
      <Detalle_Pregunta>
        <lin>
          <Pregunta V="001"/>
          <Total_Sufragantes V="39223"/>
          <Porc_Sufragantes V="100,00"/>
          <Abstencion V="0"/>
          <Porc_Abstencion V="000,00"/>
          <Votos_Validos V="19513"/>
          <Porc_Votos_Validos V="049,74"/>
          <Votos_No_Marcados V="10731"/>
          <Porc_Votos_No_Marcados V="027,35"/>
          <Votos_Nulos V="8979"/>
          <Porc_Votos_Nulos V="022,89"/>
        </lin>
        <lin>
          <Pregunta V="002"/>
          <Total_Sufragantes V="39223"/>
          <Porc_Sufragantes V="100,00"/>
          <Abstencion V="0"/>
          <Porc_Abstencion V="000,00"/>
          <Votos_Validos V="19661"/>
          <Porc_Votos_Validos V="050,12"/>
          <Votos_No_Marcados V="9968"/>
          <Porc_Votos_No_Marcados V="025,41"/>
          <Votos_Nulos V="9594"/>
          <Porc_Votos_Nulos V="024,46"/>
        </lin>
        <lin>
          <Pregunta V="003"/>
          <Total_Sufragantes V="39223"/>
          <Porc_Sufragantes V="100,00"/>
          <Abstencion V="0"/>
          <Porc_Abstencion V="000,00"/>
          <Votos_Validos V="20407"/>
          <Porc_Votos_Validos V="052,02"/>
          <Votos_No_Marcados V="9653"/>
          <Porc_Votos_No_Marcados V="024,61"/>
          <Votos_Nulos V="9163"/>
          <Porc_Votos_Nulos V="023,36"/>
        </lin>
        <lin>
          <Pregunta V="004"/>
          <Total_Sufragantes V="39223"/>
          <Porc_Sufragantes V="100,00"/>
          <Abstencion V="0"/>
          <Porc_Abstencion V="000,00"/>
          <Votos_Validos V="19032"/>
          <Porc_Votos_Validos V="048,52"/>
          <Votos_No_Marcados V="10574"/>
          <Porc_Votos_No_Marcados V="026,95"/>
          <Votos_Nulos V="9617"/>
          <Porc_Votos_Nulos V="024,51"/>
        </lin>
        <lin>
          <Pregunta V="005"/>
          <Total_Sufragantes V="39223"/>
          <Porc_Sufragantes V="100,00"/>
          <Abstencion V="0"/>
          <Porc_Abstencion V="000,00"/>
          <Votos_Validos V="20809"/>
          <Porc_Votos_Validos V="053,05"/>
          <Votos_No_Marcados V="9684"/>
          <Porc_Votos_No_Marcados V="024,68"/>
          <Votos_Nulos V="8730"/>
          <Porc_Votos_Nulos V="022,25"/>
        </lin>
        <lin>
          <Pregunta V="006"/>
          <Total_Sufragantes V="39223"/>
          <Porc_Sufragantes V="100,00"/>
          <Abstencion V="0"/>
          <Porc_Abstencion V="000,00"/>
          <Votos_Validos V="18769"/>
          <Porc_Votos_Validos V="047,85"/>
          <Votos_No_Marcados V="10603"/>
          <Porc_Votos_No_Marcados V="027,03"/>
          <Votos_Nulos V="9851"/>
          <Porc_Votos_Nulos V="025,11"/>
        </lin>
        <lin>
          <Pregunta V="007"/>
          <Total_Sufragantes V="39223"/>
          <Porc_Sufragantes V="100,00"/>
          <Abstencion V="0"/>
          <Porc_Abstencion V="000,00"/>
          <Votos_Validos V="19979"/>
          <Porc_Votos_Validos V="050,93"/>
          <Votos_No_Marcados V="9751"/>
          <Porc_Votos_No_Marcados V="024,86"/>
          <Votos_Nulos V="9493"/>
          <Porc_Votos_Nulos V="024,20"/>
        </lin>
      </Detalle_Pregunta>
      <Detalle_Opcion>
        <lin>
          <Opcion V="001"/>
          <Votos V="9535"/>
          <Porc V="048,86"/>
          <Pregunta V="001"/>
        </lin>
        <lin>
          <Opcion V="002"/>
          <Votos V="9978"/>
          <Porc V="051,13"/>
          <Pregunta V="001"/>
        </lin>
        <lin>
          <Opcion V="001"/>
          <Votos V="9806"/>
          <Porc V="049,87"/>
          <Pregunta V="002"/>
        </lin>
        <lin>
          <Opcion V="002"/>
          <Votos V="9855"/>
          <Porc V="050,12"/>
          <Pregunta V="002"/>
        </lin>
        <lin>
          <Opcion V="001"/>
          <Votos V="10553"/>
          <Porc V="051,71"/>
          <Pregunta V="003"/>
        </lin>
        <lin>
          <Opcion V="002"/>
          <Votos V="9854"/>
          <Porc V="048,28"/>
          <Pregunta V="003"/>
        </lin>
        <lin>
          <Opcion V="001"/>
          <Votos V="8987"/>
          <Porc V="047,22"/>
          <Pregunta V="004"/>
        </lin>
        <lin>
          <Opcion V="002"/>
          <Votos V="10045"/>
          <Porc V="052,77"/>
          <Pregunta V="004"/>
        </lin>
        <lin>
          <Opcion V="001"/>
          <Votos V="10227"/>
          <Porc V="049,14"/>
          <Pregunta V="005"/>
        </lin>
        <lin>
          <Opcion V="002"/>
          <Votos V="10582"/>
          <Porc V="050,85"/>
          <Pregunta V="005"/>
        </lin>
        <lin>
          <Opcion V="001"/>
          <Votos V="9248"/>
          <Porc V="049,27"/>
          <Pregunta V="006"/>
        </lin>
        <lin>
          <Opcion V="002"/>
          <Votos V="9521"/>
          <Porc V="050,72"/>
          <Pregunta V="006"/>
        </lin>
        <lin>
          <Opcion V="001"/>
          <Votos V="10164"/>
          <Porc V="050,87"/>
          <Pregunta V="007"/>
        </lin>
        <lin>
          <Opcion V="002"/>
          <Votos V="9815"/>
          <Porc V="049,12"/>
          <Pregunta V="007"/>
        </lin>
      </Detalle_Opcion>
    </lin>
  </Detalle_Circunscripcion>
</Boletin>
</Boletin_Consolidado>