<Boletin_Consolidado><Boletin>
  <Numero V="0008"/>
  <Boletin_Departamental V="0012"/>
  <Tipo_Boletin V="DEPARTAMENTAL"/>
  <Desc_Corporacion V="CONSULTA POPULAR"/>
  <Departamento V="01"/>
  <Desc_Departamento V="ANTIOQUIA"/>
  <Municipio V="298"/>
  <Desc_Municipio V="YOLOMBO"/>
  <Dia V="21"/>
  <Mes V="8"/>
  <Anio V="2018"/>
  <Hora V="14"/>
  <Minuto V="15"/>
  <Mesas_Instaladas V="45"/>
  <Mesas_Informadas V="45"/>
  <Porc_Mesas_Informadas V="100,00"/>
  <Potencial_Sufragantes V="15785"/>
  <Detalle_Circunscripcion>
    <lin>
      <Circunscripcion V="0"/>
      <Desc_Circunscripcion V="NACIONAL"/>
      <Detalle_Pregunta>
        <lin>
          <Pregunta V="001"/>
          <Total_Sufragantes V="15785"/>
          <Porc_Sufragantes V="100,00"/>
          <Abstencion V="0"/>
          <Porc_Abstencion V="000,00"/>
          <Votos_Validos V="8814"/>
          <Porc_Votos_Validos V="055,83"/>
          <Votos_No_Marcados V="3579"/>
          <Porc_Votos_No_Marcados V="022,67"/>
          <Votos_Nulos V="3392"/>
          <Porc_Votos_Nulos V="021,48"/>
        </lin>
        <lin>
          <Pregunta V="002"/>
          <Total_Sufragantes V="15785"/>
          <Porc_Sufragantes V="100,00"/>
          <Abstencion V="0"/>
          <Porc_Abstencion V="000,00"/>
          <Votos_Validos V="7823"/>
          <Porc_Votos_Validos V="049,55"/>
          <Votos_No_Marcados V="4234"/>
          <Porc_Votos_No_Marcados V="026,82"/>
          <Votos_Nulos V="3728"/>
          <Porc_Votos_Nulos V="023,61"/>
        </lin>
        <lin>
          <Pregunta V="003"/>
          <Total_Sufragantes V="15785"/>
          <Porc_Sufragantes V="100,00"/>
          <Abstencion V="0"/>
          <Porc_Abstencion V="000,00"/>
          <Votos_Validos V="8243"/>
          <Porc_Votos_Validos V="052,22"/>
          <Votos_No_Marcados V="3944"/>
          <Porc_Votos_No_Marcados V="024,98"/>
          <Votos_Nulos V="3598"/>
          <Porc_Votos_Nulos V="022,79"/>
        </lin>
        <lin>
          <Pregunta V="004"/>
          <Total_Sufragantes V="15785"/>
          <Porc_Sufragantes V="100,00"/>
          <Abstencion V="0"/>
          <Porc_Abstencion V="000,00"/>
          <Votos_Validos V="7582"/>
          <Porc_Votos_Validos V="048,03"/>
          <Votos_No_Marcados V="4223"/>
          <Porc_Votos_No_Marcados V="026,75"/>
          <Votos_Nulos V="3980"/>
          <Porc_Votos_Nulos V="025,21"/>
        </lin>
        <lin>
          <Pregunta V="005"/>
          <Total_Sufragantes V="15785"/>
          <Porc_Sufragantes V="100,00"/>
          <Abstencion V="0"/>
          <Porc_Abstencion V="000,00"/>
          <Votos_Validos V="7166"/>
          <Porc_Votos_Validos V="045,39"/>
          <Votos_No_Marcados V="4207"/>
          <Porc_Votos_No_Marcados V="026,65"/>
          <Votos_Nulos V="4412"/>
          <Porc_Votos_Nulos V="027,95"/>
        </lin>
        <lin>
          <Pregunta V="006"/>
          <Total_Sufragantes V="15785"/>
          <Porc_Sufragantes V="100,00"/>
          <Abstencion V="0"/>
          <Porc_Abstencion V="000,00"/>
          <Votos_Validos V="6730"/>
          <Porc_Votos_Validos V="042,63"/>
          <Votos_No_Marcados V="4478"/>
          <Porc_Votos_No_Marcados V="028,36"/>
          <Votos_Nulos V="4577"/>
          <Porc_Votos_Nulos V="028,99"/>
        </lin>
        <lin>
          <Pregunta V="007"/>
          <Total_Sufragantes V="15785"/>
          <Porc_Sufragantes V="100,00"/>
          <Abstencion V="0"/>
          <Porc_Abstencion V="000,00"/>
          <Votos_Validos V="7858"/>
          <Porc_Votos_Validos V="049,78"/>
          <Votos_No_Marcados V="3528"/>
          <Porc_Votos_No_Marcados V="022,35"/>
          <Votos_Nulos V="4399"/>
          <Porc_Votos_Nulos V="027,86"/>
        </lin>
      </Detalle_Pregunta>
      <Detalle_Opcion>
        <lin>
          <Opcion V="001"/>
          <Votos V="4369"/>
          <Porc V="049,56"/>
          <Pregunta V="001"/>
        </lin>
        <lin>
          <Opcion V="002"/>
          <Votos V="4445"/>
          <Porc V="050,43"/>
          <Pregunta V="001"/>
        </lin>
        <lin>
          <Opcion V="001"/>
          <Votos V="4020"/>
          <Porc V="051,38"/>
          <Pregunta V="002"/>
        </lin>
        <lin>
          <Opcion V="002"/>
          <Votos V="3803"/>
          <Porc V="048,61"/>
          <Pregunta V="002"/>
        </lin>
        <lin>
          <Opcion V="001"/>
          <Votos V="4632"/>
          <Porc V="056,19"/>
          <Pregunta V="003"/>
        </lin>
        <lin>
          <Opcion V="002"/>
          <Votos V="3611"/>
          <Porc V="043,80"/>
          <Pregunta V="003"/>
        </lin>
        <lin>
          <Opcion V="001"/>
          <Votos V="3775"/>
          <Porc V="049,78"/>
          <Pregunta V="004"/>
        </lin>
        <lin>
          <Opcion V="002"/>
          <Votos V="3807"/>
          <Porc V="050,21"/>
          <Pregunta V="004"/>
        </lin>
        <lin>
          <Opcion V="001"/>
          <Votos V="3219"/>
          <Porc V="044,92"/>
          <Pregunta V="005"/>
        </lin>
        <lin>
          <Opcion V="002"/>
          <Votos V="3947"/>
          <Porc V="055,07"/>
          <Pregunta V="005"/>
        </lin>
        <lin>
          <Opcion V="001"/>
          <Votos V="3318"/>
          <Porc V="049,30"/>
          <Pregunta V="006"/>
        </lin>
        <lin>
          <Opcion V="002"/>
          <Votos V="3412"/>
          <Porc V="050,69"/>
          <Pregunta V="006"/>
        </lin>
        <lin>
          <Opcion V="001"/>
          <Votos V="4043"/>
          <Porc V="051,45"/>
          <Pregunta V="007"/>
        </lin>
        <lin>
          <Opcion V="002"/>
          <Votos V="3815"/>
          <Porc V="048,54"/>
          <Pregunta V="007"/>
        </lin>
      </Detalle_Opcion>
    </lin>
  </Detalle_Circunscripcion>
</Boletin>
</Boletin_Consolidado>