<Boletin_Consolidado><Boletin>
  <Numero V="0008"/>
  <Boletin_Departamental V="0012"/>
  <Tipo_Boletin V="DEPARTAMENTAL"/>
  <Desc_Corporacion V="CONSULTA POPULAR"/>
  <Departamento V="07"/>
  <Desc_Departamento V="BOYACA"/>
  <Municipio V="142"/>
  <Desc_Municipio V="MACANAL"/>
  <Dia V="21"/>
  <Mes V="8"/>
  <Anio V="2018"/>
  <Hora V="14"/>
  <Minuto V="15"/>
  <Mesas_Instaladas V="11"/>
  <Mesas_Informadas V="11"/>
  <Porc_Mesas_Informadas V="100,00"/>
  <Potencial_Sufragantes V="3542"/>
  <Detalle_Circunscripcion>
    <lin>
      <Circunscripcion V="0"/>
      <Desc_Circunscripcion V="NACIONAL"/>
      <Detalle_Pregunta>
        <lin>
          <Pregunta V="001"/>
          <Total_Sufragantes V="3542"/>
          <Porc_Sufragantes V="100,00"/>
          <Abstencion V="0"/>
          <Porc_Abstencion V="000,00"/>
          <Votos_Validos V="1636"/>
          <Porc_Votos_Validos V="046,18"/>
          <Votos_No_Marcados V="995"/>
          <Porc_Votos_No_Marcados V="028,09"/>
          <Votos_Nulos V="911"/>
          <Porc_Votos_Nulos V="025,71"/>
        </lin>
        <lin>
          <Pregunta V="002"/>
          <Total_Sufragantes V="3542"/>
          <Porc_Sufragantes V="100,00"/>
          <Abstencion V="0"/>
          <Porc_Abstencion V="000,00"/>
          <Votos_Validos V="1849"/>
          <Porc_Votos_Validos V="052,20"/>
          <Votos_No_Marcados V="773"/>
          <Porc_Votos_No_Marcados V="021,82"/>
          <Votos_Nulos V="920"/>
          <Porc_Votos_Nulos V="025,97"/>
        </lin>
        <lin>
          <Pregunta V="003"/>
          <Total_Sufragantes V="3542"/>
          <Porc_Sufragantes V="100,00"/>
          <Abstencion V="0"/>
          <Porc_Abstencion V="000,00"/>
          <Votos_Validos V="1641"/>
          <Porc_Votos_Validos V="046,32"/>
          <Votos_No_Marcados V="822"/>
          <Porc_Votos_No_Marcados V="023,20"/>
          <Votos_Nulos V="1079"/>
          <Porc_Votos_Nulos V="030,46"/>
        </lin>
        <lin>
          <Pregunta V="004"/>
          <Total_Sufragantes V="3542"/>
          <Porc_Sufragantes V="100,00"/>
          <Abstencion V="0"/>
          <Porc_Abstencion V="000,00"/>
          <Votos_Validos V="1808"/>
          <Porc_Votos_Validos V="051,04"/>
          <Votos_No_Marcados V="686"/>
          <Porc_Votos_No_Marcados V="019,36"/>
          <Votos_Nulos V="1048"/>
          <Porc_Votos_Nulos V="029,58"/>
        </lin>
        <lin>
          <Pregunta V="005"/>
          <Total_Sufragantes V="3542"/>
          <Porc_Sufragantes V="100,00"/>
          <Abstencion V="0"/>
          <Porc_Abstencion V="000,00"/>
          <Votos_Validos V="2013"/>
          <Porc_Votos_Validos V="056,83"/>
          <Votos_No_Marcados V="842"/>
          <Porc_Votos_No_Marcados V="023,77"/>
          <Votos_Nulos V="687"/>
          <Porc_Votos_Nulos V="019,39"/>
        </lin>
        <lin>
          <Pregunta V="006"/>
          <Total_Sufragantes V="3542"/>
          <Porc_Sufragantes V="100,00"/>
          <Abstencion V="0"/>
          <Porc_Abstencion V="000,00"/>
          <Votos_Validos V="1785"/>
          <Porc_Votos_Validos V="050,39"/>
          <Votos_No_Marcados V="980"/>
          <Porc_Votos_No_Marcados V="027,66"/>
          <Votos_Nulos V="777"/>
          <Porc_Votos_Nulos V="021,93"/>
        </lin>
        <lin>
          <Pregunta V="007"/>
          <Total_Sufragantes V="3542"/>
          <Porc_Sufragantes V="100,00"/>
          <Abstencion V="0"/>
          <Porc_Abstencion V="000,00"/>
          <Votos_Validos V="1664"/>
          <Porc_Votos_Validos V="046,97"/>
          <Votos_No_Marcados V="773"/>
          <Porc_Votos_No_Marcados V="021,82"/>
          <Votos_Nulos V="1105"/>
          <Porc_Votos_Nulos V="031,19"/>
        </lin>
      </Detalle_Pregunta>
      <Detalle_Opcion>
        <lin>
          <Opcion V="001"/>
          <Votos V="967"/>
          <Porc V="059,10"/>
          <Pregunta V="001"/>
        </lin>
        <lin>
          <Opcion V="002"/>
          <Votos V="669"/>
          <Porc V="040,89"/>
          <Pregunta V="001"/>
        </lin>
        <lin>
          <Opcion V="001"/>
          <Votos V="1019"/>
          <Porc V="055,11"/>
          <Pregunta V="002"/>
        </lin>
        <lin>
          <Opcion V="002"/>
          <Votos V="830"/>
          <Porc V="044,88"/>
          <Pregunta V="002"/>
        </lin>
        <lin>
          <Opcion V="001"/>
          <Votos V="659"/>
          <Porc V="040,15"/>
          <Pregunta V="003"/>
        </lin>
        <lin>
          <Opcion V="002"/>
          <Votos V="982"/>
          <Porc V="059,84"/>
          <Pregunta V="003"/>
        </lin>
        <lin>
          <Opcion V="001"/>
          <Votos V="824"/>
          <Porc V="045,57"/>
          <Pregunta V="004"/>
        </lin>
        <lin>
          <Opcion V="002"/>
          <Votos V="984"/>
          <Porc V="054,42"/>
          <Pregunta V="004"/>
        </lin>
        <lin>
          <Opcion V="001"/>
          <Votos V="810"/>
          <Porc V="040,23"/>
          <Pregunta V="005"/>
        </lin>
        <lin>
          <Opcion V="002"/>
          <Votos V="1203"/>
          <Porc V="059,76"/>
          <Pregunta V="005"/>
        </lin>
        <lin>
          <Opcion V="001"/>
          <Votos V="847"/>
          <Porc V="047,45"/>
          <Pregunta V="006"/>
        </lin>
        <lin>
          <Opcion V="002"/>
          <Votos V="938"/>
          <Porc V="052,54"/>
          <Pregunta V="006"/>
        </lin>
        <lin>
          <Opcion V="001"/>
          <Votos V="787"/>
          <Porc V="047,29"/>
          <Pregunta V="007"/>
        </lin>
        <lin>
          <Opcion V="002"/>
          <Votos V="877"/>
          <Porc V="052,70"/>
          <Pregunta V="007"/>
        </lin>
      </Detalle_Opcion>
    </lin>
  </Detalle_Circunscripcion>
</Boletin>
</Boletin_Consolidado>