<Boletin_Consolidado><Boletin>
  <Numero V="0008"/>
  <Boletin_Departamental V="0012"/>
  <Tipo_Boletin V="DEPARTAMENTAL"/>
  <Desc_Corporacion V="CONSULTA POPULAR"/>
  <Departamento V="09"/>
  <Desc_Departamento V="CALDAS"/>
  <Municipio V="133"/>
  <Desc_Municipio V="VITERBO"/>
  <Dia V="21"/>
  <Mes V="8"/>
  <Anio V="2018"/>
  <Hora V="14"/>
  <Minuto V="15"/>
  <Mesas_Instaladas V="38"/>
  <Mesas_Informadas V="38"/>
  <Porc_Mesas_Informadas V="100,00"/>
  <Potencial_Sufragantes V="13156"/>
  <Detalle_Circunscripcion>
    <lin>
      <Circunscripcion V="0"/>
      <Desc_Circunscripcion V="NACIONAL"/>
      <Detalle_Pregunta>
        <lin>
          <Pregunta V="001"/>
          <Total_Sufragantes V="13156"/>
          <Porc_Sufragantes V="100,00"/>
          <Abstencion V="0"/>
          <Porc_Abstencion V="000,00"/>
          <Votos_Validos V="6525"/>
          <Porc_Votos_Validos V="049,59"/>
          <Votos_No_Marcados V="3207"/>
          <Porc_Votos_No_Marcados V="024,37"/>
          <Votos_Nulos V="3424"/>
          <Porc_Votos_Nulos V="026,02"/>
        </lin>
        <lin>
          <Pregunta V="002"/>
          <Total_Sufragantes V="13156"/>
          <Porc_Sufragantes V="100,00"/>
          <Abstencion V="0"/>
          <Porc_Abstencion V="000,00"/>
          <Votos_Validos V="5869"/>
          <Porc_Votos_Validos V="044,61"/>
          <Votos_No_Marcados V="3373"/>
          <Porc_Votos_No_Marcados V="025,63"/>
          <Votos_Nulos V="3914"/>
          <Porc_Votos_Nulos V="029,75"/>
        </lin>
        <lin>
          <Pregunta V="003"/>
          <Total_Sufragantes V="13156"/>
          <Porc_Sufragantes V="100,00"/>
          <Abstencion V="0"/>
          <Porc_Abstencion V="000,00"/>
          <Votos_Validos V="6469"/>
          <Porc_Votos_Validos V="049,17"/>
          <Votos_No_Marcados V="3742"/>
          <Porc_Votos_No_Marcados V="028,44"/>
          <Votos_Nulos V="2945"/>
          <Porc_Votos_Nulos V="022,38"/>
        </lin>
        <lin>
          <Pregunta V="004"/>
          <Total_Sufragantes V="13156"/>
          <Porc_Sufragantes V="100,00"/>
          <Abstencion V="0"/>
          <Porc_Abstencion V="000,00"/>
          <Votos_Validos V="6600"/>
          <Porc_Votos_Validos V="050,16"/>
          <Votos_No_Marcados V="3140"/>
          <Porc_Votos_No_Marcados V="023,86"/>
          <Votos_Nulos V="3416"/>
          <Porc_Votos_Nulos V="025,96"/>
        </lin>
        <lin>
          <Pregunta V="005"/>
          <Total_Sufragantes V="13156"/>
          <Porc_Sufragantes V="100,00"/>
          <Abstencion V="0"/>
          <Porc_Abstencion V="000,00"/>
          <Votos_Validos V="5967"/>
          <Porc_Votos_Validos V="045,35"/>
          <Votos_No_Marcados V="2970"/>
          <Porc_Votos_No_Marcados V="022,57"/>
          <Votos_Nulos V="4219"/>
          <Porc_Votos_Nulos V="032,06"/>
        </lin>
        <lin>
          <Pregunta V="006"/>
          <Total_Sufragantes V="13156"/>
          <Porc_Sufragantes V="100,00"/>
          <Abstencion V="0"/>
          <Porc_Abstencion V="000,00"/>
          <Votos_Validos V="5805"/>
          <Porc_Votos_Validos V="044,12"/>
          <Votos_No_Marcados V="3389"/>
          <Porc_Votos_No_Marcados V="025,76"/>
          <Votos_Nulos V="3962"/>
          <Porc_Votos_Nulos V="030,11"/>
        </lin>
        <lin>
          <Pregunta V="007"/>
          <Total_Sufragantes V="13156"/>
          <Porc_Sufragantes V="100,00"/>
          <Abstencion V="0"/>
          <Porc_Abstencion V="000,00"/>
          <Votos_Validos V="6498"/>
          <Porc_Votos_Validos V="049,39"/>
          <Votos_No_Marcados V="3559"/>
          <Porc_Votos_No_Marcados V="027,05"/>
          <Votos_Nulos V="3099"/>
          <Porc_Votos_Nulos V="023,55"/>
        </lin>
      </Detalle_Pregunta>
      <Detalle_Opcion>
        <lin>
          <Opcion V="001"/>
          <Votos V="2994"/>
          <Porc V="045,88"/>
          <Pregunta V="001"/>
        </lin>
        <lin>
          <Opcion V="002"/>
          <Votos V="3531"/>
          <Porc V="054,11"/>
          <Pregunta V="001"/>
        </lin>
        <lin>
          <Opcion V="001"/>
          <Votos V="2836"/>
          <Porc V="048,32"/>
          <Pregunta V="002"/>
        </lin>
        <lin>
          <Opcion V="002"/>
          <Votos V="3033"/>
          <Porc V="051,67"/>
          <Pregunta V="002"/>
        </lin>
        <lin>
          <Opcion V="001"/>
          <Votos V="3192"/>
          <Porc V="049,34"/>
          <Pregunta V="003"/>
        </lin>
        <lin>
          <Opcion V="002"/>
          <Votos V="3277"/>
          <Porc V="050,65"/>
          <Pregunta V="003"/>
        </lin>
        <lin>
          <Opcion V="001"/>
          <Votos V="2946"/>
          <Porc V="044,63"/>
          <Pregunta V="004"/>
        </lin>
        <lin>
          <Opcion V="002"/>
          <Votos V="3654"/>
          <Porc V="055,36"/>
          <Pregunta V="004"/>
        </lin>
        <lin>
          <Opcion V="001"/>
          <Votos V="3111"/>
          <Porc V="052,13"/>
          <Pregunta V="005"/>
        </lin>
        <lin>
          <Opcion V="002"/>
          <Votos V="2856"/>
          <Porc V="047,86"/>
          <Pregunta V="005"/>
        </lin>
        <lin>
          <Opcion V="001"/>
          <Votos V="3042"/>
          <Porc V="052,40"/>
          <Pregunta V="006"/>
        </lin>
        <lin>
          <Opcion V="002"/>
          <Votos V="2763"/>
          <Porc V="047,59"/>
          <Pregunta V="006"/>
        </lin>
        <lin>
          <Opcion V="001"/>
          <Votos V="2720"/>
          <Porc V="041,85"/>
          <Pregunta V="007"/>
        </lin>
        <lin>
          <Opcion V="002"/>
          <Votos V="3778"/>
          <Porc V="058,14"/>
          <Pregunta V="007"/>
        </lin>
      </Detalle_Opcion>
    </lin>
  </Detalle_Circunscripcion>
</Boletin>
</Boletin_Consolidado>