<Boletin_Consolidado><Boletin>
  <Numero V="0008"/>
  <Boletin_Departamental V="0012"/>
  <Tipo_Boletin V="DEPARTAMENTAL"/>
  <Desc_Corporacion V="CONSULTA POPULAR"/>
  <Departamento V="01"/>
  <Desc_Departamento V="ANTIOQUIA"/>
  <Municipio V="078"/>
  <Desc_Municipio V="CARACOLI"/>
  <Dia V="21"/>
  <Mes V="8"/>
  <Anio V="2018"/>
  <Hora V="14"/>
  <Minuto V="15"/>
  <Mesas_Instaladas V="15"/>
  <Mesas_Informadas V="15"/>
  <Porc_Mesas_Informadas V="100,00"/>
  <Potencial_Sufragantes V="4727"/>
  <Detalle_Circunscripcion>
    <lin>
      <Circunscripcion V="0"/>
      <Desc_Circunscripcion V="NACIONAL"/>
      <Detalle_Pregunta>
        <lin>
          <Pregunta V="001"/>
          <Total_Sufragantes V="4727"/>
          <Porc_Sufragantes V="100,00"/>
          <Abstencion V="0"/>
          <Porc_Abstencion V="000,00"/>
          <Votos_Validos V="2029"/>
          <Porc_Votos_Validos V="042,92"/>
          <Votos_No_Marcados V="901"/>
          <Porc_Votos_No_Marcados V="019,06"/>
          <Votos_Nulos V="1797"/>
          <Porc_Votos_Nulos V="038,01"/>
        </lin>
        <lin>
          <Pregunta V="002"/>
          <Total_Sufragantes V="4727"/>
          <Porc_Sufragantes V="100,00"/>
          <Abstencion V="0"/>
          <Porc_Abstencion V="000,00"/>
          <Votos_Validos V="1932"/>
          <Porc_Votos_Validos V="040,87"/>
          <Votos_No_Marcados V="1033"/>
          <Porc_Votos_No_Marcados V="021,85"/>
          <Votos_Nulos V="1762"/>
          <Porc_Votos_Nulos V="037,27"/>
        </lin>
        <lin>
          <Pregunta V="003"/>
          <Total_Sufragantes V="4727"/>
          <Porc_Sufragantes V="100,00"/>
          <Abstencion V="0"/>
          <Porc_Abstencion V="000,00"/>
          <Votos_Validos V="2257"/>
          <Porc_Votos_Validos V="047,74"/>
          <Votos_No_Marcados V="1421"/>
          <Porc_Votos_No_Marcados V="030,06"/>
          <Votos_Nulos V="1049"/>
          <Porc_Votos_Nulos V="022,19"/>
        </lin>
        <lin>
          <Pregunta V="004"/>
          <Total_Sufragantes V="4727"/>
          <Porc_Sufragantes V="100,00"/>
          <Abstencion V="0"/>
          <Porc_Abstencion V="000,00"/>
          <Votos_Validos V="2458"/>
          <Porc_Votos_Validos V="051,99"/>
          <Votos_No_Marcados V="1186"/>
          <Porc_Votos_No_Marcados V="025,08"/>
          <Votos_Nulos V="1083"/>
          <Porc_Votos_Nulos V="022,91"/>
        </lin>
        <lin>
          <Pregunta V="005"/>
          <Total_Sufragantes V="4727"/>
          <Porc_Sufragantes V="100,00"/>
          <Abstencion V="0"/>
          <Porc_Abstencion V="000,00"/>
          <Votos_Validos V="2361"/>
          <Porc_Votos_Validos V="049,94"/>
          <Votos_No_Marcados V="1453"/>
          <Porc_Votos_No_Marcados V="030,73"/>
          <Votos_Nulos V="913"/>
          <Porc_Votos_Nulos V="019,31"/>
        </lin>
        <lin>
          <Pregunta V="006"/>
          <Total_Sufragantes V="4727"/>
          <Porc_Sufragantes V="100,00"/>
          <Abstencion V="0"/>
          <Porc_Abstencion V="000,00"/>
          <Votos_Validos V="2798"/>
          <Porc_Votos_Validos V="059,19"/>
          <Votos_No_Marcados V="1010"/>
          <Porc_Votos_No_Marcados V="021,36"/>
          <Votos_Nulos V="919"/>
          <Porc_Votos_Nulos V="019,44"/>
        </lin>
        <lin>
          <Pregunta V="007"/>
          <Total_Sufragantes V="4727"/>
          <Porc_Sufragantes V="100,00"/>
          <Abstencion V="0"/>
          <Porc_Abstencion V="000,00"/>
          <Votos_Validos V="2205"/>
          <Porc_Votos_Validos V="046,64"/>
          <Votos_No_Marcados V="1120"/>
          <Porc_Votos_No_Marcados V="023,69"/>
          <Votos_Nulos V="1402"/>
          <Porc_Votos_Nulos V="029,65"/>
        </lin>
      </Detalle_Pregunta>
      <Detalle_Opcion>
        <lin>
          <Opcion V="001"/>
          <Votos V="861"/>
          <Porc V="042,43"/>
          <Pregunta V="001"/>
        </lin>
        <lin>
          <Opcion V="002"/>
          <Votos V="1168"/>
          <Porc V="057,56"/>
          <Pregunta V="001"/>
        </lin>
        <lin>
          <Opcion V="001"/>
          <Votos V="834"/>
          <Porc V="043,16"/>
          <Pregunta V="002"/>
        </lin>
        <lin>
          <Opcion V="002"/>
          <Votos V="1098"/>
          <Porc V="056,83"/>
          <Pregunta V="002"/>
        </lin>
        <lin>
          <Opcion V="001"/>
          <Votos V="1122"/>
          <Porc V="049,71"/>
          <Pregunta V="003"/>
        </lin>
        <lin>
          <Opcion V="002"/>
          <Votos V="1135"/>
          <Porc V="050,28"/>
          <Pregunta V="003"/>
        </lin>
        <lin>
          <Opcion V="001"/>
          <Votos V="1282"/>
          <Porc V="052,15"/>
          <Pregunta V="004"/>
        </lin>
        <lin>
          <Opcion V="002"/>
          <Votos V="1176"/>
          <Porc V="047,84"/>
          <Pregunta V="004"/>
        </lin>
        <lin>
          <Opcion V="001"/>
          <Votos V="1284"/>
          <Porc V="054,38"/>
          <Pregunta V="005"/>
        </lin>
        <lin>
          <Opcion V="002"/>
          <Votos V="1077"/>
          <Porc V="045,61"/>
          <Pregunta V="005"/>
        </lin>
        <lin>
          <Opcion V="001"/>
          <Votos V="1651"/>
          <Porc V="059,00"/>
          <Pregunta V="006"/>
        </lin>
        <lin>
          <Opcion V="002"/>
          <Votos V="1147"/>
          <Porc V="040,99"/>
          <Pregunta V="006"/>
        </lin>
        <lin>
          <Opcion V="001"/>
          <Votos V="1160"/>
          <Porc V="052,60"/>
          <Pregunta V="007"/>
        </lin>
        <lin>
          <Opcion V="002"/>
          <Votos V="1045"/>
          <Porc V="047,39"/>
          <Pregunta V="007"/>
        </lin>
      </Detalle_Opcion>
    </lin>
  </Detalle_Circunscripcion>
</Boletin>
</Boletin_Consolidado>