<Boletin_Consolidado><Boletin>
  <Numero V="0008"/>
  <Boletin_Departamental V="0012"/>
  <Tipo_Boletin V="DEPARTAMENTAL"/>
  <Desc_Corporacion V="CONSULTA POPULAR"/>
  <Departamento V="07"/>
  <Desc_Departamento V="BOYACA"/>
  <Municipio V="238"/>
  <Desc_Municipio V="SAN JOSE DE PARE"/>
  <Dia V="21"/>
  <Mes V="8"/>
  <Anio V="2018"/>
  <Hora V="14"/>
  <Minuto V="15"/>
  <Mesas_Instaladas V="15"/>
  <Mesas_Informadas V="15"/>
  <Porc_Mesas_Informadas V="100,00"/>
  <Potencial_Sufragantes V="5386"/>
  <Detalle_Circunscripcion>
    <lin>
      <Circunscripcion V="0"/>
      <Desc_Circunscripcion V="NACIONAL"/>
      <Detalle_Pregunta>
        <lin>
          <Pregunta V="001"/>
          <Total_Sufragantes V="5386"/>
          <Porc_Sufragantes V="100,00"/>
          <Abstencion V="0"/>
          <Porc_Abstencion V="000,00"/>
          <Votos_Validos V="2546"/>
          <Porc_Votos_Validos V="047,27"/>
          <Votos_No_Marcados V="1203"/>
          <Porc_Votos_No_Marcados V="022,33"/>
          <Votos_Nulos V="1637"/>
          <Porc_Votos_Nulos V="030,39"/>
        </lin>
        <lin>
          <Pregunta V="002"/>
          <Total_Sufragantes V="5386"/>
          <Porc_Sufragantes V="100,00"/>
          <Abstencion V="0"/>
          <Porc_Abstencion V="000,00"/>
          <Votos_Validos V="3035"/>
          <Porc_Votos_Validos V="056,34"/>
          <Votos_No_Marcados V="842"/>
          <Porc_Votos_No_Marcados V="015,63"/>
          <Votos_Nulos V="1509"/>
          <Porc_Votos_Nulos V="028,01"/>
        </lin>
        <lin>
          <Pregunta V="003"/>
          <Total_Sufragantes V="5386"/>
          <Porc_Sufragantes V="100,00"/>
          <Abstencion V="0"/>
          <Porc_Abstencion V="000,00"/>
          <Votos_Validos V="2646"/>
          <Porc_Votos_Validos V="049,12"/>
          <Votos_No_Marcados V="1276"/>
          <Porc_Votos_No_Marcados V="023,69"/>
          <Votos_Nulos V="1464"/>
          <Porc_Votos_Nulos V="027,18"/>
        </lin>
        <lin>
          <Pregunta V="004"/>
          <Total_Sufragantes V="5386"/>
          <Porc_Sufragantes V="100,00"/>
          <Abstencion V="0"/>
          <Porc_Abstencion V="000,00"/>
          <Votos_Validos V="2455"/>
          <Porc_Votos_Validos V="045,58"/>
          <Votos_No_Marcados V="1582"/>
          <Porc_Votos_No_Marcados V="029,37"/>
          <Votos_Nulos V="1349"/>
          <Porc_Votos_Nulos V="025,04"/>
        </lin>
        <lin>
          <Pregunta V="005"/>
          <Total_Sufragantes V="5386"/>
          <Porc_Sufragantes V="100,00"/>
          <Abstencion V="0"/>
          <Porc_Abstencion V="000,00"/>
          <Votos_Validos V="2670"/>
          <Porc_Votos_Validos V="049,57"/>
          <Votos_No_Marcados V="1616"/>
          <Porc_Votos_No_Marcados V="030,00"/>
          <Votos_Nulos V="1100"/>
          <Porc_Votos_Nulos V="020,42"/>
        </lin>
        <lin>
          <Pregunta V="006"/>
          <Total_Sufragantes V="5386"/>
          <Porc_Sufragantes V="100,00"/>
          <Abstencion V="0"/>
          <Porc_Abstencion V="000,00"/>
          <Votos_Validos V="2829"/>
          <Porc_Votos_Validos V="052,52"/>
          <Votos_No_Marcados V="1447"/>
          <Porc_Votos_No_Marcados V="026,86"/>
          <Votos_Nulos V="1110"/>
          <Porc_Votos_Nulos V="020,60"/>
        </lin>
        <lin>
          <Pregunta V="007"/>
          <Total_Sufragantes V="5386"/>
          <Porc_Sufragantes V="100,00"/>
          <Abstencion V="0"/>
          <Porc_Abstencion V="000,00"/>
          <Votos_Validos V="2568"/>
          <Porc_Votos_Validos V="047,67"/>
          <Votos_No_Marcados V="1356"/>
          <Porc_Votos_No_Marcados V="025,17"/>
          <Votos_Nulos V="1462"/>
          <Porc_Votos_Nulos V="027,14"/>
        </lin>
      </Detalle_Pregunta>
      <Detalle_Opcion>
        <lin>
          <Opcion V="001"/>
          <Votos V="1246"/>
          <Porc V="048,93"/>
          <Pregunta V="001"/>
        </lin>
        <lin>
          <Opcion V="002"/>
          <Votos V="1300"/>
          <Porc V="051,06"/>
          <Pregunta V="001"/>
        </lin>
        <lin>
          <Opcion V="001"/>
          <Votos V="1520"/>
          <Porc V="050,08"/>
          <Pregunta V="002"/>
        </lin>
        <lin>
          <Opcion V="002"/>
          <Votos V="1515"/>
          <Porc V="049,91"/>
          <Pregunta V="002"/>
        </lin>
        <lin>
          <Opcion V="001"/>
          <Votos V="1491"/>
          <Porc V="056,34"/>
          <Pregunta V="003"/>
        </lin>
        <lin>
          <Opcion V="002"/>
          <Votos V="1155"/>
          <Porc V="043,65"/>
          <Pregunta V="003"/>
        </lin>
        <lin>
          <Opcion V="001"/>
          <Votos V="1006"/>
          <Porc V="040,97"/>
          <Pregunta V="004"/>
        </lin>
        <lin>
          <Opcion V="002"/>
          <Votos V="1449"/>
          <Porc V="059,02"/>
          <Pregunta V="004"/>
        </lin>
        <lin>
          <Opcion V="001"/>
          <Votos V="1150"/>
          <Porc V="043,07"/>
          <Pregunta V="005"/>
        </lin>
        <lin>
          <Opcion V="002"/>
          <Votos V="1520"/>
          <Porc V="056,92"/>
          <Pregunta V="005"/>
        </lin>
        <lin>
          <Opcion V="001"/>
          <Votos V="1602"/>
          <Porc V="056,62"/>
          <Pregunta V="006"/>
        </lin>
        <lin>
          <Opcion V="002"/>
          <Votos V="1227"/>
          <Porc V="043,37"/>
          <Pregunta V="006"/>
        </lin>
        <lin>
          <Opcion V="001"/>
          <Votos V="1093"/>
          <Porc V="042,56"/>
          <Pregunta V="007"/>
        </lin>
        <lin>
          <Opcion V="002"/>
          <Votos V="1475"/>
          <Porc V="057,43"/>
          <Pregunta V="007"/>
        </lin>
      </Detalle_Opcion>
    </lin>
  </Detalle_Circunscripcion>
</Boletin>
</Boletin_Consolidado>