<Boletin_Consolidado><Boletin>
  <Numero V="0008"/>
  <Boletin_Departamental V="0012"/>
  <Tipo_Boletin V="DEPARTAMENTAL"/>
  <Desc_Corporacion V="CONSULTA POPULAR"/>
  <Departamento V="01"/>
  <Desc_Departamento V="ANTIOQUIA"/>
  <Municipio V="247"/>
  <Desc_Municipio V="SANTA BARBARA"/>
  <Dia V="21"/>
  <Mes V="8"/>
  <Anio V="2018"/>
  <Hora V="14"/>
  <Minuto V="15"/>
  <Mesas_Instaladas V="62"/>
  <Mesas_Informadas V="62"/>
  <Porc_Mesas_Informadas V="100,00"/>
  <Potencial_Sufragantes V="22182"/>
  <Detalle_Circunscripcion>
    <lin>
      <Circunscripcion V="0"/>
      <Desc_Circunscripcion V="NACIONAL"/>
      <Detalle_Pregunta>
        <lin>
          <Pregunta V="001"/>
          <Total_Sufragantes V="22182"/>
          <Porc_Sufragantes V="100,00"/>
          <Abstencion V="0"/>
          <Porc_Abstencion V="000,00"/>
          <Votos_Validos V="12069"/>
          <Porc_Votos_Validos V="054,40"/>
          <Votos_No_Marcados V="4252"/>
          <Porc_Votos_No_Marcados V="019,16"/>
          <Votos_Nulos V="5861"/>
          <Porc_Votos_Nulos V="026,42"/>
        </lin>
        <lin>
          <Pregunta V="002"/>
          <Total_Sufragantes V="22182"/>
          <Porc_Sufragantes V="100,00"/>
          <Abstencion V="0"/>
          <Porc_Abstencion V="000,00"/>
          <Votos_Validos V="10707"/>
          <Porc_Votos_Validos V="048,26"/>
          <Votos_No_Marcados V="5701"/>
          <Porc_Votos_No_Marcados V="025,70"/>
          <Votos_Nulos V="5774"/>
          <Porc_Votos_Nulos V="026,03"/>
        </lin>
        <lin>
          <Pregunta V="003"/>
          <Total_Sufragantes V="22182"/>
          <Porc_Sufragantes V="100,00"/>
          <Abstencion V="0"/>
          <Porc_Abstencion V="000,00"/>
          <Votos_Validos V="10989"/>
          <Porc_Votos_Validos V="049,54"/>
          <Votos_No_Marcados V="5173"/>
          <Porc_Votos_No_Marcados V="023,32"/>
          <Votos_Nulos V="6020"/>
          <Porc_Votos_Nulos V="027,13"/>
        </lin>
        <lin>
          <Pregunta V="004"/>
          <Total_Sufragantes V="22182"/>
          <Porc_Sufragantes V="100,00"/>
          <Abstencion V="0"/>
          <Porc_Abstencion V="000,00"/>
          <Votos_Validos V="10852"/>
          <Porc_Votos_Validos V="048,92"/>
          <Votos_No_Marcados V="5606"/>
          <Porc_Votos_No_Marcados V="025,27"/>
          <Votos_Nulos V="5724"/>
          <Porc_Votos_Nulos V="025,80"/>
        </lin>
        <lin>
          <Pregunta V="005"/>
          <Total_Sufragantes V="22182"/>
          <Porc_Sufragantes V="100,00"/>
          <Abstencion V="0"/>
          <Porc_Abstencion V="000,00"/>
          <Votos_Validos V="11065"/>
          <Porc_Votos_Validos V="049,88"/>
          <Votos_No_Marcados V="5650"/>
          <Porc_Votos_No_Marcados V="025,47"/>
          <Votos_Nulos V="5467"/>
          <Porc_Votos_Nulos V="024,64"/>
        </lin>
        <lin>
          <Pregunta V="006"/>
          <Total_Sufragantes V="22182"/>
          <Porc_Sufragantes V="100,00"/>
          <Abstencion V="0"/>
          <Porc_Abstencion V="000,00"/>
          <Votos_Validos V="11201"/>
          <Porc_Votos_Validos V="050,49"/>
          <Votos_No_Marcados V="6076"/>
          <Porc_Votos_No_Marcados V="027,39"/>
          <Votos_Nulos V="4905"/>
          <Porc_Votos_Nulos V="022,11"/>
        </lin>
        <lin>
          <Pregunta V="007"/>
          <Total_Sufragantes V="22182"/>
          <Porc_Sufragantes V="100,00"/>
          <Abstencion V="0"/>
          <Porc_Abstencion V="000,00"/>
          <Votos_Validos V="11358"/>
          <Porc_Votos_Validos V="051,20"/>
          <Votos_No_Marcados V="5483"/>
          <Porc_Votos_No_Marcados V="024,71"/>
          <Votos_Nulos V="5341"/>
          <Porc_Votos_Nulos V="024,07"/>
        </lin>
      </Detalle_Pregunta>
      <Detalle_Opcion>
        <lin>
          <Opcion V="001"/>
          <Votos V="6293"/>
          <Porc V="052,14"/>
          <Pregunta V="001"/>
        </lin>
        <lin>
          <Opcion V="002"/>
          <Votos V="5776"/>
          <Porc V="047,85"/>
          <Pregunta V="001"/>
        </lin>
        <lin>
          <Opcion V="001"/>
          <Votos V="5171"/>
          <Porc V="048,29"/>
          <Pregunta V="002"/>
        </lin>
        <lin>
          <Opcion V="002"/>
          <Votos V="5536"/>
          <Porc V="051,70"/>
          <Pregunta V="002"/>
        </lin>
        <lin>
          <Opcion V="001"/>
          <Votos V="5937"/>
          <Porc V="054,02"/>
          <Pregunta V="003"/>
        </lin>
        <lin>
          <Opcion V="002"/>
          <Votos V="5052"/>
          <Porc V="045,97"/>
          <Pregunta V="003"/>
        </lin>
        <lin>
          <Opcion V="001"/>
          <Votos V="5623"/>
          <Porc V="051,81"/>
          <Pregunta V="004"/>
        </lin>
        <lin>
          <Opcion V="002"/>
          <Votos V="5229"/>
          <Porc V="048,18"/>
          <Pregunta V="004"/>
        </lin>
        <lin>
          <Opcion V="001"/>
          <Votos V="5297"/>
          <Porc V="047,87"/>
          <Pregunta V="005"/>
        </lin>
        <lin>
          <Opcion V="002"/>
          <Votos V="5768"/>
          <Porc V="052,12"/>
          <Pregunta V="005"/>
        </lin>
        <lin>
          <Opcion V="001"/>
          <Votos V="5856"/>
          <Porc V="052,28"/>
          <Pregunta V="006"/>
        </lin>
        <lin>
          <Opcion V="002"/>
          <Votos V="5345"/>
          <Porc V="047,71"/>
          <Pregunta V="006"/>
        </lin>
        <lin>
          <Opcion V="001"/>
          <Votos V="5361"/>
          <Porc V="047,20"/>
          <Pregunta V="007"/>
        </lin>
        <lin>
          <Opcion V="002"/>
          <Votos V="5997"/>
          <Porc V="052,79"/>
          <Pregunta V="007"/>
        </lin>
      </Detalle_Opcion>
    </lin>
  </Detalle_Circunscripcion>
</Boletin>
</Boletin_Consolidado>