<Boletin_Consolidado><Boletin>
  <Numero V="0008"/>
  <Boletin_Departamental V="0012"/>
  <Tipo_Boletin V="DEPARTAMENTAL"/>
  <Desc_Corporacion V="CONSULTA POPULAR"/>
  <Departamento V="03"/>
  <Desc_Departamento V="ATLANTICO"/>
  <Municipio V="007"/>
  <Desc_Municipio V="CAMPO DE LA CRUZ"/>
  <Dia V="21"/>
  <Mes V="8"/>
  <Anio V="2018"/>
  <Hora V="14"/>
  <Minuto V="15"/>
  <Mesas_Instaladas V="55"/>
  <Mesas_Informadas V="55"/>
  <Porc_Mesas_Informadas V="100,00"/>
  <Potencial_Sufragantes V="20770"/>
  <Detalle_Circunscripcion>
    <lin>
      <Circunscripcion V="0"/>
      <Desc_Circunscripcion V="NACIONAL"/>
      <Detalle_Pregunta>
        <lin>
          <Pregunta V="001"/>
          <Total_Sufragantes V="20770"/>
          <Porc_Sufragantes V="100,00"/>
          <Abstencion V="0"/>
          <Porc_Abstencion V="000,00"/>
          <Votos_Validos V="9832"/>
          <Porc_Votos_Validos V="047,33"/>
          <Votos_No_Marcados V="4918"/>
          <Porc_Votos_No_Marcados V="023,67"/>
          <Votos_Nulos V="6020"/>
          <Porc_Votos_Nulos V="028,98"/>
        </lin>
        <lin>
          <Pregunta V="002"/>
          <Total_Sufragantes V="20770"/>
          <Porc_Sufragantes V="100,00"/>
          <Abstencion V="0"/>
          <Porc_Abstencion V="000,00"/>
          <Votos_Validos V="9845"/>
          <Porc_Votos_Validos V="047,40"/>
          <Votos_No_Marcados V="5644"/>
          <Porc_Votos_No_Marcados V="027,17"/>
          <Votos_Nulos V="5281"/>
          <Porc_Votos_Nulos V="025,42"/>
        </lin>
        <lin>
          <Pregunta V="003"/>
          <Total_Sufragantes V="20770"/>
          <Porc_Sufragantes V="100,00"/>
          <Abstencion V="0"/>
          <Porc_Abstencion V="000,00"/>
          <Votos_Validos V="10372"/>
          <Porc_Votos_Validos V="049,93"/>
          <Votos_No_Marcados V="5077"/>
          <Porc_Votos_No_Marcados V="024,44"/>
          <Votos_Nulos V="5321"/>
          <Porc_Votos_Nulos V="025,61"/>
        </lin>
        <lin>
          <Pregunta V="004"/>
          <Total_Sufragantes V="20770"/>
          <Porc_Sufragantes V="100,00"/>
          <Abstencion V="0"/>
          <Porc_Abstencion V="000,00"/>
          <Votos_Validos V="10422"/>
          <Porc_Votos_Validos V="050,17"/>
          <Votos_No_Marcados V="5476"/>
          <Porc_Votos_No_Marcados V="026,36"/>
          <Votos_Nulos V="4872"/>
          <Porc_Votos_Nulos V="023,45"/>
        </lin>
        <lin>
          <Pregunta V="005"/>
          <Total_Sufragantes V="20770"/>
          <Porc_Sufragantes V="100,00"/>
          <Abstencion V="0"/>
          <Porc_Abstencion V="000,00"/>
          <Votos_Validos V="9905"/>
          <Porc_Votos_Validos V="047,68"/>
          <Votos_No_Marcados V="5670"/>
          <Porc_Votos_No_Marcados V="027,29"/>
          <Votos_Nulos V="5195"/>
          <Porc_Votos_Nulos V="025,01"/>
        </lin>
        <lin>
          <Pregunta V="006"/>
          <Total_Sufragantes V="20770"/>
          <Porc_Sufragantes V="100,00"/>
          <Abstencion V="0"/>
          <Porc_Abstencion V="000,00"/>
          <Votos_Validos V="10049"/>
          <Porc_Votos_Validos V="048,38"/>
          <Votos_No_Marcados V="5306"/>
          <Porc_Votos_No_Marcados V="025,54"/>
          <Votos_Nulos V="5415"/>
          <Porc_Votos_Nulos V="026,07"/>
        </lin>
        <lin>
          <Pregunta V="007"/>
          <Total_Sufragantes V="20770"/>
          <Porc_Sufragantes V="100,00"/>
          <Abstencion V="0"/>
          <Porc_Abstencion V="000,00"/>
          <Votos_Validos V="10720"/>
          <Porc_Votos_Validos V="051,61"/>
          <Votos_No_Marcados V="4799"/>
          <Porc_Votos_No_Marcados V="023,10"/>
          <Votos_Nulos V="5251"/>
          <Porc_Votos_Nulos V="025,28"/>
        </lin>
      </Detalle_Pregunta>
      <Detalle_Opcion>
        <lin>
          <Opcion V="001"/>
          <Votos V="4744"/>
          <Porc V="048,25"/>
          <Pregunta V="001"/>
        </lin>
        <lin>
          <Opcion V="002"/>
          <Votos V="5088"/>
          <Porc V="051,74"/>
          <Pregunta V="001"/>
        </lin>
        <lin>
          <Opcion V="001"/>
          <Votos V="4377"/>
          <Porc V="044,45"/>
          <Pregunta V="002"/>
        </lin>
        <lin>
          <Opcion V="002"/>
          <Votos V="5468"/>
          <Porc V="055,54"/>
          <Pregunta V="002"/>
        </lin>
        <lin>
          <Opcion V="001"/>
          <Votos V="5416"/>
          <Porc V="052,21"/>
          <Pregunta V="003"/>
        </lin>
        <lin>
          <Opcion V="002"/>
          <Votos V="4956"/>
          <Porc V="047,78"/>
          <Pregunta V="003"/>
        </lin>
        <lin>
          <Opcion V="001"/>
          <Votos V="4931"/>
          <Porc V="047,31"/>
          <Pregunta V="004"/>
        </lin>
        <lin>
          <Opcion V="002"/>
          <Votos V="5491"/>
          <Porc V="052,68"/>
          <Pregunta V="004"/>
        </lin>
        <lin>
          <Opcion V="001"/>
          <Votos V="4310"/>
          <Porc V="043,51"/>
          <Pregunta V="005"/>
        </lin>
        <lin>
          <Opcion V="002"/>
          <Votos V="5595"/>
          <Porc V="056,48"/>
          <Pregunta V="005"/>
        </lin>
        <lin>
          <Opcion V="001"/>
          <Votos V="4986"/>
          <Porc V="049,61"/>
          <Pregunta V="006"/>
        </lin>
        <lin>
          <Opcion V="002"/>
          <Votos V="5063"/>
          <Porc V="050,38"/>
          <Pregunta V="006"/>
        </lin>
        <lin>
          <Opcion V="001"/>
          <Votos V="4833"/>
          <Porc V="045,08"/>
          <Pregunta V="007"/>
        </lin>
        <lin>
          <Opcion V="002"/>
          <Votos V="5887"/>
          <Porc V="054,91"/>
          <Pregunta V="007"/>
        </lin>
      </Detalle_Opcion>
    </lin>
  </Detalle_Circunscripcion>
</Boletin>
</Boletin_Consolidado>