<Boletin_Consolidado><Boletin>
  <Numero V="0008"/>
  <Boletin_Departamental V="0012"/>
  <Tipo_Boletin V="DEPARTAMENTAL"/>
  <Desc_Corporacion V="CONSULTA POPULAR"/>
  <Departamento V="11"/>
  <Desc_Departamento V="CAUCA"/>
  <Municipio V="049"/>
  <Desc_Municipio V="MIRANDA"/>
  <Dia V="21"/>
  <Mes V="8"/>
  <Anio V="2018"/>
  <Hora V="14"/>
  <Minuto V="15"/>
  <Mesas_Instaladas V="58"/>
  <Mesas_Informadas V="58"/>
  <Porc_Mesas_Informadas V="100,00"/>
  <Potencial_Sufragantes V="19884"/>
  <Detalle_Circunscripcion>
    <lin>
      <Circunscripcion V="0"/>
      <Desc_Circunscripcion V="NACIONAL"/>
      <Detalle_Pregunta>
        <lin>
          <Pregunta V="001"/>
          <Total_Sufragantes V="19884"/>
          <Porc_Sufragantes V="100,00"/>
          <Abstencion V="0"/>
          <Porc_Abstencion V="000,00"/>
          <Votos_Validos V="10110"/>
          <Porc_Votos_Validos V="050,84"/>
          <Votos_No_Marcados V="4379"/>
          <Porc_Votos_No_Marcados V="022,02"/>
          <Votos_Nulos V="5395"/>
          <Porc_Votos_Nulos V="027,13"/>
        </lin>
        <lin>
          <Pregunta V="002"/>
          <Total_Sufragantes V="19884"/>
          <Porc_Sufragantes V="100,00"/>
          <Abstencion V="0"/>
          <Porc_Abstencion V="000,00"/>
          <Votos_Validos V="9943"/>
          <Porc_Votos_Validos V="050,00"/>
          <Votos_No_Marcados V="4681"/>
          <Porc_Votos_No_Marcados V="023,54"/>
          <Votos_Nulos V="5260"/>
          <Porc_Votos_Nulos V="026,45"/>
        </lin>
        <lin>
          <Pregunta V="003"/>
          <Total_Sufragantes V="19884"/>
          <Porc_Sufragantes V="100,00"/>
          <Abstencion V="0"/>
          <Porc_Abstencion V="000,00"/>
          <Votos_Validos V="10192"/>
          <Porc_Votos_Validos V="051,25"/>
          <Votos_No_Marcados V="4742"/>
          <Porc_Votos_No_Marcados V="023,84"/>
          <Votos_Nulos V="4950"/>
          <Porc_Votos_Nulos V="024,89"/>
        </lin>
        <lin>
          <Pregunta V="004"/>
          <Total_Sufragantes V="19884"/>
          <Porc_Sufragantes V="100,00"/>
          <Abstencion V="0"/>
          <Porc_Abstencion V="000,00"/>
          <Votos_Validos V="10153"/>
          <Porc_Votos_Validos V="051,06"/>
          <Votos_No_Marcados V="5463"/>
          <Porc_Votos_No_Marcados V="027,47"/>
          <Votos_Nulos V="4268"/>
          <Porc_Votos_Nulos V="021,46"/>
        </lin>
        <lin>
          <Pregunta V="005"/>
          <Total_Sufragantes V="19884"/>
          <Porc_Sufragantes V="100,00"/>
          <Abstencion V="0"/>
          <Porc_Abstencion V="000,00"/>
          <Votos_Validos V="9612"/>
          <Porc_Votos_Validos V="048,34"/>
          <Votos_No_Marcados V="5384"/>
          <Porc_Votos_No_Marcados V="027,07"/>
          <Votos_Nulos V="4888"/>
          <Porc_Votos_Nulos V="024,58"/>
        </lin>
        <lin>
          <Pregunta V="006"/>
          <Total_Sufragantes V="19884"/>
          <Porc_Sufragantes V="100,00"/>
          <Abstencion V="0"/>
          <Porc_Abstencion V="000,00"/>
          <Votos_Validos V="9841"/>
          <Porc_Votos_Validos V="049,49"/>
          <Votos_No_Marcados V="4991"/>
          <Porc_Votos_No_Marcados V="025,10"/>
          <Votos_Nulos V="5052"/>
          <Porc_Votos_Nulos V="025,40"/>
        </lin>
        <lin>
          <Pregunta V="007"/>
          <Total_Sufragantes V="19884"/>
          <Porc_Sufragantes V="100,00"/>
          <Abstencion V="0"/>
          <Porc_Abstencion V="000,00"/>
          <Votos_Validos V="9929"/>
          <Porc_Votos_Validos V="049,93"/>
          <Votos_No_Marcados V="5024"/>
          <Porc_Votos_No_Marcados V="025,26"/>
          <Votos_Nulos V="4931"/>
          <Porc_Votos_Nulos V="024,79"/>
        </lin>
      </Detalle_Pregunta>
      <Detalle_Opcion>
        <lin>
          <Opcion V="001"/>
          <Votos V="4706"/>
          <Porc V="046,54"/>
          <Pregunta V="001"/>
        </lin>
        <lin>
          <Opcion V="002"/>
          <Votos V="5404"/>
          <Porc V="053,45"/>
          <Pregunta V="001"/>
        </lin>
        <lin>
          <Opcion V="001"/>
          <Votos V="4921"/>
          <Porc V="049,49"/>
          <Pregunta V="002"/>
        </lin>
        <lin>
          <Opcion V="002"/>
          <Votos V="5022"/>
          <Porc V="050,50"/>
          <Pregunta V="002"/>
        </lin>
        <lin>
          <Opcion V="001"/>
          <Votos V="5287"/>
          <Porc V="051,87"/>
          <Pregunta V="003"/>
        </lin>
        <lin>
          <Opcion V="002"/>
          <Votos V="4905"/>
          <Porc V="048,12"/>
          <Pregunta V="003"/>
        </lin>
        <lin>
          <Opcion V="001"/>
          <Votos V="5117"/>
          <Porc V="050,39"/>
          <Pregunta V="004"/>
        </lin>
        <lin>
          <Opcion V="002"/>
          <Votos V="5036"/>
          <Porc V="049,60"/>
          <Pregunta V="004"/>
        </lin>
        <lin>
          <Opcion V="001"/>
          <Votos V="4633"/>
          <Porc V="048,20"/>
          <Pregunta V="005"/>
        </lin>
        <lin>
          <Opcion V="002"/>
          <Votos V="4979"/>
          <Porc V="051,79"/>
          <Pregunta V="005"/>
        </lin>
        <lin>
          <Opcion V="001"/>
          <Votos V="4725"/>
          <Porc V="048,01"/>
          <Pregunta V="006"/>
        </lin>
        <lin>
          <Opcion V="002"/>
          <Votos V="5116"/>
          <Porc V="051,98"/>
          <Pregunta V="006"/>
        </lin>
        <lin>
          <Opcion V="001"/>
          <Votos V="4502"/>
          <Porc V="045,34"/>
          <Pregunta V="007"/>
        </lin>
        <lin>
          <Opcion V="002"/>
          <Votos V="5427"/>
          <Porc V="054,65"/>
          <Pregunta V="007"/>
        </lin>
      </Detalle_Opcion>
    </lin>
  </Detalle_Circunscripcion>
</Boletin>
</Boletin_Consolidado>