<Boletin_Consolidado><Boletin>
  <Numero V="0008"/>
  <Boletin_Departamental V="0012"/>
  <Tipo_Boletin V="DEPARTAMENTAL"/>
  <Desc_Corporacion V="CONSULTA POPULAR"/>
  <Departamento V="15"/>
  <Desc_Departamento V="CUNDINAMARCA"/>
  <Municipio V="100"/>
  <Desc_Municipio V="GACHANCIPA"/>
  <Dia V="21"/>
  <Mes V="8"/>
  <Anio V="2018"/>
  <Hora V="14"/>
  <Minuto V="15"/>
  <Mesas_Instaladas V="27"/>
  <Mesas_Informadas V="27"/>
  <Porc_Mesas_Informadas V="100,00"/>
  <Potencial_Sufragantes V="10138"/>
  <Detalle_Circunscripcion>
    <lin>
      <Circunscripcion V="0"/>
      <Desc_Circunscripcion V="NACIONAL"/>
      <Detalle_Pregunta>
        <lin>
          <Pregunta V="001"/>
          <Total_Sufragantes V="10138"/>
          <Porc_Sufragantes V="100,00"/>
          <Abstencion V="0"/>
          <Porc_Abstencion V="000,00"/>
          <Votos_Validos V="4887"/>
          <Porc_Votos_Validos V="048,20"/>
          <Votos_No_Marcados V="2457"/>
          <Porc_Votos_No_Marcados V="024,23"/>
          <Votos_Nulos V="2794"/>
          <Porc_Votos_Nulos V="027,55"/>
        </lin>
        <lin>
          <Pregunta V="002"/>
          <Total_Sufragantes V="10138"/>
          <Porc_Sufragantes V="100,00"/>
          <Abstencion V="0"/>
          <Porc_Abstencion V="000,00"/>
          <Votos_Validos V="5767"/>
          <Porc_Votos_Validos V="056,88"/>
          <Votos_No_Marcados V="1669"/>
          <Porc_Votos_No_Marcados V="016,46"/>
          <Votos_Nulos V="2702"/>
          <Porc_Votos_Nulos V="026,65"/>
        </lin>
        <lin>
          <Pregunta V="003"/>
          <Total_Sufragantes V="10138"/>
          <Porc_Sufragantes V="100,00"/>
          <Abstencion V="0"/>
          <Porc_Abstencion V="000,00"/>
          <Votos_Validos V="4548"/>
          <Porc_Votos_Validos V="044,86"/>
          <Votos_No_Marcados V="2691"/>
          <Porc_Votos_No_Marcados V="026,54"/>
          <Votos_Nulos V="2899"/>
          <Porc_Votos_Nulos V="028,59"/>
        </lin>
        <lin>
          <Pregunta V="004"/>
          <Total_Sufragantes V="10138"/>
          <Porc_Sufragantes V="100,00"/>
          <Abstencion V="0"/>
          <Porc_Abstencion V="000,00"/>
          <Votos_Validos V="5125"/>
          <Porc_Votos_Validos V="050,55"/>
          <Votos_No_Marcados V="2758"/>
          <Porc_Votos_No_Marcados V="027,20"/>
          <Votos_Nulos V="2255"/>
          <Porc_Votos_Nulos V="022,24"/>
        </lin>
        <lin>
          <Pregunta V="005"/>
          <Total_Sufragantes V="10138"/>
          <Porc_Sufragantes V="100,00"/>
          <Abstencion V="0"/>
          <Porc_Abstencion V="000,00"/>
          <Votos_Validos V="5078"/>
          <Porc_Votos_Validos V="050,08"/>
          <Votos_No_Marcados V="2791"/>
          <Porc_Votos_No_Marcados V="027,53"/>
          <Votos_Nulos V="2269"/>
          <Porc_Votos_Nulos V="022,38"/>
        </lin>
        <lin>
          <Pregunta V="006"/>
          <Total_Sufragantes V="10138"/>
          <Porc_Sufragantes V="100,00"/>
          <Abstencion V="0"/>
          <Porc_Abstencion V="000,00"/>
          <Votos_Validos V="4898"/>
          <Porc_Votos_Validos V="048,31"/>
          <Votos_No_Marcados V="2430"/>
          <Porc_Votos_No_Marcados V="023,96"/>
          <Votos_Nulos V="2810"/>
          <Porc_Votos_Nulos V="027,71"/>
        </lin>
        <lin>
          <Pregunta V="007"/>
          <Total_Sufragantes V="10138"/>
          <Porc_Sufragantes V="100,00"/>
          <Abstencion V="0"/>
          <Porc_Abstencion V="000,00"/>
          <Votos_Validos V="4500"/>
          <Porc_Votos_Validos V="044,38"/>
          <Votos_No_Marcados V="2701"/>
          <Porc_Votos_No_Marcados V="026,64"/>
          <Votos_Nulos V="2937"/>
          <Porc_Votos_Nulos V="028,97"/>
        </lin>
      </Detalle_Pregunta>
      <Detalle_Opcion>
        <lin>
          <Opcion V="001"/>
          <Votos V="2123"/>
          <Porc V="043,44"/>
          <Pregunta V="001"/>
        </lin>
        <lin>
          <Opcion V="002"/>
          <Votos V="2764"/>
          <Porc V="056,55"/>
          <Pregunta V="001"/>
        </lin>
        <lin>
          <Opcion V="001"/>
          <Votos V="2523"/>
          <Porc V="043,74"/>
          <Pregunta V="002"/>
        </lin>
        <lin>
          <Opcion V="002"/>
          <Votos V="3244"/>
          <Porc V="056,25"/>
          <Pregunta V="002"/>
        </lin>
        <lin>
          <Opcion V="001"/>
          <Votos V="1903"/>
          <Porc V="041,84"/>
          <Pregunta V="003"/>
        </lin>
        <lin>
          <Opcion V="002"/>
          <Votos V="2645"/>
          <Porc V="058,15"/>
          <Pregunta V="003"/>
        </lin>
        <lin>
          <Opcion V="001"/>
          <Votos V="2583"/>
          <Porc V="050,40"/>
          <Pregunta V="004"/>
        </lin>
        <lin>
          <Opcion V="002"/>
          <Votos V="2542"/>
          <Porc V="049,60"/>
          <Pregunta V="004"/>
        </lin>
        <lin>
          <Opcion V="001"/>
          <Votos V="2088"/>
          <Porc V="041,11"/>
          <Pregunta V="005"/>
        </lin>
        <lin>
          <Opcion V="002"/>
          <Votos V="2990"/>
          <Porc V="058,88"/>
          <Pregunta V="005"/>
        </lin>
        <lin>
          <Opcion V="001"/>
          <Votos V="2511"/>
          <Porc V="051,26"/>
          <Pregunta V="006"/>
        </lin>
        <lin>
          <Opcion V="002"/>
          <Votos V="2387"/>
          <Porc V="048,73"/>
          <Pregunta V="006"/>
        </lin>
        <lin>
          <Opcion V="001"/>
          <Votos V="2321"/>
          <Porc V="051,57"/>
          <Pregunta V="007"/>
        </lin>
        <lin>
          <Opcion V="002"/>
          <Votos V="2179"/>
          <Porc V="048,42"/>
          <Pregunta V="007"/>
        </lin>
      </Detalle_Opcion>
    </lin>
  </Detalle_Circunscripcion>
</Boletin>
</Boletin_Consolidado>