<Boletin_Consolidado><Boletin>
  <Numero V="0008"/>
  <Boletin_Departamental V="0012"/>
  <Tipo_Boletin V="DEPARTAMENTAL"/>
  <Desc_Corporacion V="CONSULTA POPULAR"/>
  <Departamento V="07"/>
  <Desc_Departamento V="BOYACA"/>
  <Municipio V="148"/>
  <Desc_Municipio V="MARIPI"/>
  <Dia V="21"/>
  <Mes V="8"/>
  <Anio V="2018"/>
  <Hora V="14"/>
  <Minuto V="15"/>
  <Mesas_Instaladas V="18"/>
  <Mesas_Informadas V="18"/>
  <Porc_Mesas_Informadas V="100,00"/>
  <Potencial_Sufragantes V="6153"/>
  <Detalle_Circunscripcion>
    <lin>
      <Circunscripcion V="0"/>
      <Desc_Circunscripcion V="NACIONAL"/>
      <Detalle_Pregunta>
        <lin>
          <Pregunta V="001"/>
          <Total_Sufragantes V="6153"/>
          <Porc_Sufragantes V="100,00"/>
          <Abstencion V="0"/>
          <Porc_Abstencion V="000,00"/>
          <Votos_Validos V="3027"/>
          <Porc_Votos_Validos V="049,19"/>
          <Votos_No_Marcados V="1553"/>
          <Porc_Votos_No_Marcados V="025,23"/>
          <Votos_Nulos V="1573"/>
          <Porc_Votos_Nulos V="025,56"/>
        </lin>
        <lin>
          <Pregunta V="002"/>
          <Total_Sufragantes V="6153"/>
          <Porc_Sufragantes V="100,00"/>
          <Abstencion V="0"/>
          <Porc_Abstencion V="000,00"/>
          <Votos_Validos V="2883"/>
          <Porc_Votos_Validos V="046,85"/>
          <Votos_No_Marcados V="1810"/>
          <Porc_Votos_No_Marcados V="029,41"/>
          <Votos_Nulos V="1460"/>
          <Porc_Votos_Nulos V="023,72"/>
        </lin>
        <lin>
          <Pregunta V="003"/>
          <Total_Sufragantes V="6153"/>
          <Porc_Sufragantes V="100,00"/>
          <Abstencion V="0"/>
          <Porc_Abstencion V="000,00"/>
          <Votos_Validos V="2527"/>
          <Porc_Votos_Validos V="041,06"/>
          <Votos_No_Marcados V="1996"/>
          <Porc_Votos_No_Marcados V="032,43"/>
          <Votos_Nulos V="1630"/>
          <Porc_Votos_Nulos V="026,49"/>
        </lin>
        <lin>
          <Pregunta V="004"/>
          <Total_Sufragantes V="6153"/>
          <Porc_Sufragantes V="100,00"/>
          <Abstencion V="0"/>
          <Porc_Abstencion V="000,00"/>
          <Votos_Validos V="3159"/>
          <Porc_Votos_Validos V="051,34"/>
          <Votos_No_Marcados V="2011"/>
          <Porc_Votos_No_Marcados V="032,68"/>
          <Votos_Nulos V="983"/>
          <Porc_Votos_Nulos V="015,97"/>
        </lin>
        <lin>
          <Pregunta V="005"/>
          <Total_Sufragantes V="6153"/>
          <Porc_Sufragantes V="100,00"/>
          <Abstencion V="0"/>
          <Porc_Abstencion V="000,00"/>
          <Votos_Validos V="2940"/>
          <Porc_Votos_Validos V="047,78"/>
          <Votos_No_Marcados V="1708"/>
          <Porc_Votos_No_Marcados V="027,75"/>
          <Votos_Nulos V="1505"/>
          <Porc_Votos_Nulos V="024,45"/>
        </lin>
        <lin>
          <Pregunta V="006"/>
          <Total_Sufragantes V="6153"/>
          <Porc_Sufragantes V="100,00"/>
          <Abstencion V="0"/>
          <Porc_Abstencion V="000,00"/>
          <Votos_Validos V="2519"/>
          <Porc_Votos_Validos V="040,93"/>
          <Votos_No_Marcados V="1687"/>
          <Porc_Votos_No_Marcados V="027,41"/>
          <Votos_Nulos V="1947"/>
          <Porc_Votos_Nulos V="031,64"/>
        </lin>
        <lin>
          <Pregunta V="007"/>
          <Total_Sufragantes V="6153"/>
          <Porc_Sufragantes V="100,00"/>
          <Abstencion V="0"/>
          <Porc_Abstencion V="000,00"/>
          <Votos_Validos V="3184"/>
          <Porc_Votos_Validos V="051,74"/>
          <Votos_No_Marcados V="1462"/>
          <Porc_Votos_No_Marcados V="023,76"/>
          <Votos_Nulos V="1507"/>
          <Porc_Votos_Nulos V="024,49"/>
        </lin>
      </Detalle_Pregunta>
      <Detalle_Opcion>
        <lin>
          <Opcion V="001"/>
          <Votos V="1233"/>
          <Porc V="040,73"/>
          <Pregunta V="001"/>
        </lin>
        <lin>
          <Opcion V="002"/>
          <Votos V="1794"/>
          <Porc V="059,26"/>
          <Pregunta V="001"/>
        </lin>
        <lin>
          <Opcion V="001"/>
          <Votos V="1043"/>
          <Porc V="036,17"/>
          <Pregunta V="002"/>
        </lin>
        <lin>
          <Opcion V="002"/>
          <Votos V="1840"/>
          <Porc V="063,82"/>
          <Pregunta V="002"/>
        </lin>
        <lin>
          <Opcion V="001"/>
          <Votos V="869"/>
          <Porc V="034,38"/>
          <Pregunta V="003"/>
        </lin>
        <lin>
          <Opcion V="002"/>
          <Votos V="1658"/>
          <Porc V="065,61"/>
          <Pregunta V="003"/>
        </lin>
        <lin>
          <Opcion V="001"/>
          <Votos V="1478"/>
          <Porc V="046,78"/>
          <Pregunta V="004"/>
        </lin>
        <lin>
          <Opcion V="002"/>
          <Votos V="1681"/>
          <Porc V="053,21"/>
          <Pregunta V="004"/>
        </lin>
        <lin>
          <Opcion V="001"/>
          <Votos V="1451"/>
          <Porc V="049,35"/>
          <Pregunta V="005"/>
        </lin>
        <lin>
          <Opcion V="002"/>
          <Votos V="1489"/>
          <Porc V="050,64"/>
          <Pregunta V="005"/>
        </lin>
        <lin>
          <Opcion V="001"/>
          <Votos V="1320"/>
          <Porc V="052,40"/>
          <Pregunta V="006"/>
        </lin>
        <lin>
          <Opcion V="002"/>
          <Votos V="1199"/>
          <Porc V="047,59"/>
          <Pregunta V="006"/>
        </lin>
        <lin>
          <Opcion V="001"/>
          <Votos V="1848"/>
          <Porc V="058,04"/>
          <Pregunta V="007"/>
        </lin>
        <lin>
          <Opcion V="002"/>
          <Votos V="1336"/>
          <Porc V="041,95"/>
          <Pregunta V="007"/>
        </lin>
      </Detalle_Opcion>
    </lin>
  </Detalle_Circunscripcion>
</Boletin>
</Boletin_Consolidado>