<Boletin_Consolidado><Boletin>
  <Numero V="0008"/>
  <Boletin_Departamental V="0012"/>
  <Tipo_Boletin V="DEPARTAMENTAL"/>
  <Desc_Corporacion V="CONSULTA POPULAR"/>
  <Departamento V="07"/>
  <Desc_Departamento V="BOYACA"/>
  <Municipio V="271"/>
  <Desc_Municipio V="SOCOTA"/>
  <Dia V="21"/>
  <Mes V="8"/>
  <Anio V="2018"/>
  <Hora V="14"/>
  <Minuto V="15"/>
  <Mesas_Instaladas V="19"/>
  <Mesas_Informadas V="19"/>
  <Porc_Mesas_Informadas V="100,00"/>
  <Potencial_Sufragantes V="5779"/>
  <Detalle_Circunscripcion>
    <lin>
      <Circunscripcion V="0"/>
      <Desc_Circunscripcion V="NACIONAL"/>
      <Detalle_Pregunta>
        <lin>
          <Pregunta V="001"/>
          <Total_Sufragantes V="5779"/>
          <Porc_Sufragantes V="100,00"/>
          <Abstencion V="0"/>
          <Porc_Abstencion V="000,00"/>
          <Votos_Validos V="3297"/>
          <Porc_Votos_Validos V="057,05"/>
          <Votos_No_Marcados V="1218"/>
          <Porc_Votos_No_Marcados V="021,07"/>
          <Votos_Nulos V="1264"/>
          <Porc_Votos_Nulos V="021,87"/>
        </lin>
        <lin>
          <Pregunta V="002"/>
          <Total_Sufragantes V="5779"/>
          <Porc_Sufragantes V="100,00"/>
          <Abstencion V="0"/>
          <Porc_Abstencion V="000,00"/>
          <Votos_Validos V="3170"/>
          <Porc_Votos_Validos V="054,85"/>
          <Votos_No_Marcados V="1317"/>
          <Porc_Votos_No_Marcados V="022,78"/>
          <Votos_Nulos V="1292"/>
          <Porc_Votos_Nulos V="022,35"/>
        </lin>
        <lin>
          <Pregunta V="003"/>
          <Total_Sufragantes V="5779"/>
          <Porc_Sufragantes V="100,00"/>
          <Abstencion V="0"/>
          <Porc_Abstencion V="000,00"/>
          <Votos_Validos V="2912"/>
          <Porc_Votos_Validos V="050,38"/>
          <Votos_No_Marcados V="1499"/>
          <Porc_Votos_No_Marcados V="025,93"/>
          <Votos_Nulos V="1368"/>
          <Porc_Votos_Nulos V="023,67"/>
        </lin>
        <lin>
          <Pregunta V="004"/>
          <Total_Sufragantes V="5779"/>
          <Porc_Sufragantes V="100,00"/>
          <Abstencion V="0"/>
          <Porc_Abstencion V="000,00"/>
          <Votos_Validos V="2761"/>
          <Porc_Votos_Validos V="047,77"/>
          <Votos_No_Marcados V="1090"/>
          <Porc_Votos_No_Marcados V="018,86"/>
          <Votos_Nulos V="1928"/>
          <Porc_Votos_Nulos V="033,36"/>
        </lin>
        <lin>
          <Pregunta V="005"/>
          <Total_Sufragantes V="5779"/>
          <Porc_Sufragantes V="100,00"/>
          <Abstencion V="0"/>
          <Porc_Abstencion V="000,00"/>
          <Votos_Validos V="3368"/>
          <Porc_Votos_Validos V="058,27"/>
          <Votos_No_Marcados V="1060"/>
          <Porc_Votos_No_Marcados V="018,34"/>
          <Votos_Nulos V="1351"/>
          <Porc_Votos_Nulos V="023,37"/>
        </lin>
        <lin>
          <Pregunta V="006"/>
          <Total_Sufragantes V="5779"/>
          <Porc_Sufragantes V="100,00"/>
          <Abstencion V="0"/>
          <Porc_Abstencion V="000,00"/>
          <Votos_Validos V="3197"/>
          <Porc_Votos_Validos V="055,32"/>
          <Votos_No_Marcados V="1624"/>
          <Porc_Votos_No_Marcados V="028,10"/>
          <Votos_Nulos V="958"/>
          <Porc_Votos_Nulos V="016,57"/>
        </lin>
        <lin>
          <Pregunta V="007"/>
          <Total_Sufragantes V="5779"/>
          <Porc_Sufragantes V="100,00"/>
          <Abstencion V="0"/>
          <Porc_Abstencion V="000,00"/>
          <Votos_Validos V="2948"/>
          <Porc_Votos_Validos V="051,01"/>
          <Votos_No_Marcados V="1625"/>
          <Porc_Votos_No_Marcados V="028,11"/>
          <Votos_Nulos V="1206"/>
          <Porc_Votos_Nulos V="020,86"/>
        </lin>
      </Detalle_Pregunta>
      <Detalle_Opcion>
        <lin>
          <Opcion V="001"/>
          <Votos V="1553"/>
          <Porc V="047,10"/>
          <Pregunta V="001"/>
        </lin>
        <lin>
          <Opcion V="002"/>
          <Votos V="1744"/>
          <Porc V="052,89"/>
          <Pregunta V="001"/>
        </lin>
        <lin>
          <Opcion V="001"/>
          <Votos V="1469"/>
          <Porc V="046,34"/>
          <Pregunta V="002"/>
        </lin>
        <lin>
          <Opcion V="002"/>
          <Votos V="1701"/>
          <Porc V="053,65"/>
          <Pregunta V="002"/>
        </lin>
        <lin>
          <Opcion V="001"/>
          <Votos V="1302"/>
          <Porc V="044,71"/>
          <Pregunta V="003"/>
        </lin>
        <lin>
          <Opcion V="002"/>
          <Votos V="1610"/>
          <Porc V="055,28"/>
          <Pregunta V="003"/>
        </lin>
        <lin>
          <Opcion V="001"/>
          <Votos V="1016"/>
          <Porc V="036,79"/>
          <Pregunta V="004"/>
        </lin>
        <lin>
          <Opcion V="002"/>
          <Votos V="1745"/>
          <Porc V="063,20"/>
          <Pregunta V="004"/>
        </lin>
        <lin>
          <Opcion V="001"/>
          <Votos V="1744"/>
          <Porc V="051,78"/>
          <Pregunta V="005"/>
        </lin>
        <lin>
          <Opcion V="002"/>
          <Votos V="1624"/>
          <Porc V="048,21"/>
          <Pregunta V="005"/>
        </lin>
        <lin>
          <Opcion V="001"/>
          <Votos V="1795"/>
          <Porc V="056,14"/>
          <Pregunta V="006"/>
        </lin>
        <lin>
          <Opcion V="002"/>
          <Votos V="1402"/>
          <Porc V="043,85"/>
          <Pregunta V="006"/>
        </lin>
        <lin>
          <Opcion V="001"/>
          <Votos V="1434"/>
          <Porc V="048,64"/>
          <Pregunta V="007"/>
        </lin>
        <lin>
          <Opcion V="002"/>
          <Votos V="1514"/>
          <Porc V="051,35"/>
          <Pregunta V="007"/>
        </lin>
      </Detalle_Opcion>
    </lin>
  </Detalle_Circunscripcion>
</Boletin>
</Boletin_Consolidado>