<Boletin_Consolidado><Boletin>
  <Numero V="0008"/>
  <Boletin_Departamental V="0012"/>
  <Tipo_Boletin V="DEPARTAMENTAL"/>
  <Desc_Corporacion V="CONSULTA POPULAR"/>
  <Departamento V="15"/>
  <Desc_Departamento V="CUNDINAMARCA"/>
  <Municipio V="121"/>
  <Desc_Municipio V="GUATAQUI"/>
  <Dia V="21"/>
  <Mes V="8"/>
  <Anio V="2018"/>
  <Hora V="14"/>
  <Minuto V="15"/>
  <Mesas_Instaladas V="7"/>
  <Mesas_Informadas V="7"/>
  <Porc_Mesas_Informadas V="100,00"/>
  <Potencial_Sufragantes V="2313"/>
  <Detalle_Circunscripcion>
    <lin>
      <Circunscripcion V="0"/>
      <Desc_Circunscripcion V="NACIONAL"/>
      <Detalle_Pregunta>
        <lin>
          <Pregunta V="001"/>
          <Total_Sufragantes V="2313"/>
          <Porc_Sufragantes V="100,00"/>
          <Abstencion V="0"/>
          <Porc_Abstencion V="000,00"/>
          <Votos_Validos V="877"/>
          <Porc_Votos_Validos V="037,91"/>
          <Votos_No_Marcados V="480"/>
          <Porc_Votos_No_Marcados V="020,75"/>
          <Votos_Nulos V="956"/>
          <Porc_Votos_Nulos V="041,33"/>
        </lin>
        <lin>
          <Pregunta V="002"/>
          <Total_Sufragantes V="2313"/>
          <Porc_Sufragantes V="100,00"/>
          <Abstencion V="0"/>
          <Porc_Abstencion V="000,00"/>
          <Votos_Validos V="1021"/>
          <Porc_Votos_Validos V="044,14"/>
          <Votos_No_Marcados V="636"/>
          <Porc_Votos_No_Marcados V="027,49"/>
          <Votos_Nulos V="656"/>
          <Porc_Votos_Nulos V="028,36"/>
        </lin>
        <lin>
          <Pregunta V="003"/>
          <Total_Sufragantes V="2313"/>
          <Porc_Sufragantes V="100,00"/>
          <Abstencion V="0"/>
          <Porc_Abstencion V="000,00"/>
          <Votos_Validos V="1144"/>
          <Porc_Votos_Validos V="049,45"/>
          <Votos_No_Marcados V="704"/>
          <Porc_Votos_No_Marcados V="030,43"/>
          <Votos_Nulos V="465"/>
          <Porc_Votos_Nulos V="020,10"/>
        </lin>
        <lin>
          <Pregunta V="004"/>
          <Total_Sufragantes V="2313"/>
          <Porc_Sufragantes V="100,00"/>
          <Abstencion V="0"/>
          <Porc_Abstencion V="000,00"/>
          <Votos_Validos V="1106"/>
          <Porc_Votos_Validos V="047,81"/>
          <Votos_No_Marcados V="562"/>
          <Porc_Votos_No_Marcados V="024,29"/>
          <Votos_Nulos V="645"/>
          <Porc_Votos_Nulos V="027,88"/>
        </lin>
        <lin>
          <Pregunta V="005"/>
          <Total_Sufragantes V="2313"/>
          <Porc_Sufragantes V="100,00"/>
          <Abstencion V="0"/>
          <Porc_Abstencion V="000,00"/>
          <Votos_Validos V="1312"/>
          <Porc_Votos_Validos V="056,72"/>
          <Votos_No_Marcados V="529"/>
          <Porc_Votos_No_Marcados V="022,87"/>
          <Votos_Nulos V="472"/>
          <Porc_Votos_Nulos V="020,40"/>
        </lin>
        <lin>
          <Pregunta V="006"/>
          <Total_Sufragantes V="2313"/>
          <Porc_Sufragantes V="100,00"/>
          <Abstencion V="0"/>
          <Porc_Abstencion V="000,00"/>
          <Votos_Validos V="1230"/>
          <Porc_Votos_Validos V="053,17"/>
          <Votos_No_Marcados V="562"/>
          <Porc_Votos_No_Marcados V="024,29"/>
          <Votos_Nulos V="521"/>
          <Porc_Votos_Nulos V="022,52"/>
        </lin>
        <lin>
          <Pregunta V="007"/>
          <Total_Sufragantes V="2313"/>
          <Porc_Sufragantes V="100,00"/>
          <Abstencion V="0"/>
          <Porc_Abstencion V="000,00"/>
          <Votos_Validos V="1144"/>
          <Porc_Votos_Validos V="049,45"/>
          <Votos_No_Marcados V="556"/>
          <Porc_Votos_No_Marcados V="024,03"/>
          <Votos_Nulos V="613"/>
          <Porc_Votos_Nulos V="026,50"/>
        </lin>
      </Detalle_Pregunta>
      <Detalle_Opcion>
        <lin>
          <Opcion V="001"/>
          <Votos V="374"/>
          <Porc V="042,64"/>
          <Pregunta V="001"/>
        </lin>
        <lin>
          <Opcion V="002"/>
          <Votos V="503"/>
          <Porc V="057,35"/>
          <Pregunta V="001"/>
        </lin>
        <lin>
          <Opcion V="001"/>
          <Votos V="412"/>
          <Porc V="040,35"/>
          <Pregunta V="002"/>
        </lin>
        <lin>
          <Opcion V="002"/>
          <Votos V="609"/>
          <Porc V="059,64"/>
          <Pregunta V="002"/>
        </lin>
        <lin>
          <Opcion V="001"/>
          <Votos V="410"/>
          <Porc V="035,83"/>
          <Pregunta V="003"/>
        </lin>
        <lin>
          <Opcion V="002"/>
          <Votos V="734"/>
          <Porc V="064,16"/>
          <Pregunta V="003"/>
        </lin>
        <lin>
          <Opcion V="001"/>
          <Votos V="541"/>
          <Porc V="048,91"/>
          <Pregunta V="004"/>
        </lin>
        <lin>
          <Opcion V="002"/>
          <Votos V="565"/>
          <Porc V="051,08"/>
          <Pregunta V="004"/>
        </lin>
        <lin>
          <Opcion V="001"/>
          <Votos V="757"/>
          <Porc V="057,69"/>
          <Pregunta V="005"/>
        </lin>
        <lin>
          <Opcion V="002"/>
          <Votos V="555"/>
          <Porc V="042,30"/>
          <Pregunta V="005"/>
        </lin>
        <lin>
          <Opcion V="001"/>
          <Votos V="684"/>
          <Porc V="055,60"/>
          <Pregunta V="006"/>
        </lin>
        <lin>
          <Opcion V="002"/>
          <Votos V="546"/>
          <Porc V="044,39"/>
          <Pregunta V="006"/>
        </lin>
        <lin>
          <Opcion V="001"/>
          <Votos V="646"/>
          <Porc V="056,46"/>
          <Pregunta V="007"/>
        </lin>
        <lin>
          <Opcion V="002"/>
          <Votos V="498"/>
          <Porc V="043,53"/>
          <Pregunta V="007"/>
        </lin>
      </Detalle_Opcion>
    </lin>
  </Detalle_Circunscripcion>
</Boletin>
</Boletin_Consolidado>