<Boletin_Consolidado><Boletin>
  <Numero V="0008"/>
  <Boletin_Departamental V="0012"/>
  <Tipo_Boletin V="DEPARTAMENTAL"/>
  <Desc_Corporacion V="CONSULTA POPULAR"/>
  <Departamento V="05"/>
  <Desc_Departamento V="BOLIVAR"/>
  <Municipio V="124"/>
  <Desc_Municipio V="VILLANUEVA"/>
  <Dia V="21"/>
  <Mes V="8"/>
  <Anio V="2018"/>
  <Hora V="14"/>
  <Minuto V="15"/>
  <Mesas_Instaladas V="42"/>
  <Mesas_Informadas V="42"/>
  <Porc_Mesas_Informadas V="100,00"/>
  <Potencial_Sufragantes V="15661"/>
  <Detalle_Circunscripcion>
    <lin>
      <Circunscripcion V="0"/>
      <Desc_Circunscripcion V="NACIONAL"/>
      <Detalle_Pregunta>
        <lin>
          <Pregunta V="001"/>
          <Total_Sufragantes V="15661"/>
          <Porc_Sufragantes V="100,00"/>
          <Abstencion V="0"/>
          <Porc_Abstencion V="000,00"/>
          <Votos_Validos V="7834"/>
          <Porc_Votos_Validos V="050,02"/>
          <Votos_No_Marcados V="4310"/>
          <Porc_Votos_No_Marcados V="027,52"/>
          <Votos_Nulos V="3517"/>
          <Porc_Votos_Nulos V="022,45"/>
        </lin>
        <lin>
          <Pregunta V="002"/>
          <Total_Sufragantes V="15661"/>
          <Porc_Sufragantes V="100,00"/>
          <Abstencion V="0"/>
          <Porc_Abstencion V="000,00"/>
          <Votos_Validos V="8490"/>
          <Porc_Votos_Validos V="054,21"/>
          <Votos_No_Marcados V="3054"/>
          <Porc_Votos_No_Marcados V="019,50"/>
          <Votos_Nulos V="4117"/>
          <Porc_Votos_Nulos V="026,28"/>
        </lin>
        <lin>
          <Pregunta V="003"/>
          <Total_Sufragantes V="15661"/>
          <Porc_Sufragantes V="100,00"/>
          <Abstencion V="0"/>
          <Porc_Abstencion V="000,00"/>
          <Votos_Validos V="7164"/>
          <Porc_Votos_Validos V="045,74"/>
          <Votos_No_Marcados V="4730"/>
          <Porc_Votos_No_Marcados V="030,20"/>
          <Votos_Nulos V="3767"/>
          <Porc_Votos_Nulos V="024,05"/>
        </lin>
        <lin>
          <Pregunta V="004"/>
          <Total_Sufragantes V="15661"/>
          <Porc_Sufragantes V="100,00"/>
          <Abstencion V="0"/>
          <Porc_Abstencion V="000,00"/>
          <Votos_Validos V="7372"/>
          <Porc_Votos_Validos V="047,07"/>
          <Votos_No_Marcados V="4271"/>
          <Porc_Votos_No_Marcados V="027,27"/>
          <Votos_Nulos V="4018"/>
          <Porc_Votos_Nulos V="025,65"/>
        </lin>
        <lin>
          <Pregunta V="005"/>
          <Total_Sufragantes V="15661"/>
          <Porc_Sufragantes V="100,00"/>
          <Abstencion V="0"/>
          <Porc_Abstencion V="000,00"/>
          <Votos_Validos V="7800"/>
          <Porc_Votos_Validos V="049,80"/>
          <Votos_No_Marcados V="4550"/>
          <Porc_Votos_No_Marcados V="029,05"/>
          <Votos_Nulos V="3311"/>
          <Porc_Votos_Nulos V="021,14"/>
        </lin>
        <lin>
          <Pregunta V="006"/>
          <Total_Sufragantes V="15661"/>
          <Porc_Sufragantes V="100,00"/>
          <Abstencion V="0"/>
          <Porc_Abstencion V="000,00"/>
          <Votos_Validos V="7445"/>
          <Porc_Votos_Validos V="047,53"/>
          <Votos_No_Marcados V="4759"/>
          <Porc_Votos_No_Marcados V="030,38"/>
          <Votos_Nulos V="3457"/>
          <Porc_Votos_Nulos V="022,07"/>
        </lin>
        <lin>
          <Pregunta V="007"/>
          <Total_Sufragantes V="15661"/>
          <Porc_Sufragantes V="100,00"/>
          <Abstencion V="0"/>
          <Porc_Abstencion V="000,00"/>
          <Votos_Validos V="8350"/>
          <Porc_Votos_Validos V="053,31"/>
          <Votos_No_Marcados V="3751"/>
          <Porc_Votos_No_Marcados V="023,95"/>
          <Votos_Nulos V="3560"/>
          <Porc_Votos_Nulos V="022,73"/>
        </lin>
      </Detalle_Pregunta>
      <Detalle_Opcion>
        <lin>
          <Opcion V="001"/>
          <Votos V="4285"/>
          <Porc V="054,69"/>
          <Pregunta V="001"/>
        </lin>
        <lin>
          <Opcion V="002"/>
          <Votos V="3549"/>
          <Porc V="045,30"/>
          <Pregunta V="001"/>
        </lin>
        <lin>
          <Opcion V="001"/>
          <Votos V="4497"/>
          <Porc V="052,96"/>
          <Pregunta V="002"/>
        </lin>
        <lin>
          <Opcion V="002"/>
          <Votos V="3993"/>
          <Porc V="047,03"/>
          <Pregunta V="002"/>
        </lin>
        <lin>
          <Opcion V="001"/>
          <Votos V="3178"/>
          <Porc V="044,36"/>
          <Pregunta V="003"/>
        </lin>
        <lin>
          <Opcion V="002"/>
          <Votos V="3986"/>
          <Porc V="055,63"/>
          <Pregunta V="003"/>
        </lin>
        <lin>
          <Opcion V="001"/>
          <Votos V="3464"/>
          <Porc V="046,98"/>
          <Pregunta V="004"/>
        </lin>
        <lin>
          <Opcion V="002"/>
          <Votos V="3908"/>
          <Porc V="053,01"/>
          <Pregunta V="004"/>
        </lin>
        <lin>
          <Opcion V="001"/>
          <Votos V="4232"/>
          <Porc V="054,25"/>
          <Pregunta V="005"/>
        </lin>
        <lin>
          <Opcion V="002"/>
          <Votos V="3568"/>
          <Porc V="045,74"/>
          <Pregunta V="005"/>
        </lin>
        <lin>
          <Opcion V="001"/>
          <Votos V="4480"/>
          <Porc V="060,17"/>
          <Pregunta V="006"/>
        </lin>
        <lin>
          <Opcion V="002"/>
          <Votos V="2965"/>
          <Porc V="039,82"/>
          <Pregunta V="006"/>
        </lin>
        <lin>
          <Opcion V="001"/>
          <Votos V="3627"/>
          <Porc V="043,43"/>
          <Pregunta V="007"/>
        </lin>
        <lin>
          <Opcion V="002"/>
          <Votos V="4723"/>
          <Porc V="056,56"/>
          <Pregunta V="007"/>
        </lin>
      </Detalle_Opcion>
    </lin>
  </Detalle_Circunscripcion>
</Boletin>
</Boletin_Consolidado>