<Boletin_Consolidado><Boletin>
  <Numero V="0008"/>
  <Boletin_Departamental V="0012"/>
  <Tipo_Boletin V="DEPARTAMENTAL"/>
  <Desc_Corporacion V="CONSULTA POPULAR"/>
  <Departamento V="07"/>
  <Desc_Departamento V="BOYACA"/>
  <Municipio V="249"/>
  <Desc_Municipio V="SAN PABLO DE BORBUR"/>
  <Dia V="21"/>
  <Mes V="8"/>
  <Anio V="2018"/>
  <Hora V="14"/>
  <Minuto V="15"/>
  <Mesas_Instaladas V="18"/>
  <Mesas_Informadas V="18"/>
  <Porc_Mesas_Informadas V="100,00"/>
  <Potencial_Sufragantes V="5799"/>
  <Detalle_Circunscripcion>
    <lin>
      <Circunscripcion V="0"/>
      <Desc_Circunscripcion V="NACIONAL"/>
      <Detalle_Pregunta>
        <lin>
          <Pregunta V="001"/>
          <Total_Sufragantes V="5799"/>
          <Porc_Sufragantes V="100,00"/>
          <Abstencion V="0"/>
          <Porc_Abstencion V="000,00"/>
          <Votos_Validos V="2553"/>
          <Porc_Votos_Validos V="044,02"/>
          <Votos_No_Marcados V="1704"/>
          <Porc_Votos_No_Marcados V="029,38"/>
          <Votos_Nulos V="1542"/>
          <Porc_Votos_Nulos V="026,59"/>
        </lin>
        <lin>
          <Pregunta V="002"/>
          <Total_Sufragantes V="5799"/>
          <Porc_Sufragantes V="100,00"/>
          <Abstencion V="0"/>
          <Porc_Abstencion V="000,00"/>
          <Votos_Validos V="2554"/>
          <Porc_Votos_Validos V="044,04"/>
          <Votos_No_Marcados V="1655"/>
          <Porc_Votos_No_Marcados V="028,53"/>
          <Votos_Nulos V="1590"/>
          <Porc_Votos_Nulos V="027,41"/>
        </lin>
        <lin>
          <Pregunta V="003"/>
          <Total_Sufragantes V="5799"/>
          <Porc_Sufragantes V="100,00"/>
          <Abstencion V="0"/>
          <Porc_Abstencion V="000,00"/>
          <Votos_Validos V="1998"/>
          <Porc_Votos_Validos V="034,45"/>
          <Votos_No_Marcados V="1929"/>
          <Porc_Votos_No_Marcados V="033,26"/>
          <Votos_Nulos V="1872"/>
          <Porc_Votos_Nulos V="032,28"/>
        </lin>
        <lin>
          <Pregunta V="004"/>
          <Total_Sufragantes V="5799"/>
          <Porc_Sufragantes V="100,00"/>
          <Abstencion V="0"/>
          <Porc_Abstencion V="000,00"/>
          <Votos_Validos V="2414"/>
          <Porc_Votos_Validos V="041,62"/>
          <Votos_No_Marcados V="1522"/>
          <Porc_Votos_No_Marcados V="026,24"/>
          <Votos_Nulos V="1863"/>
          <Porc_Votos_Nulos V="032,12"/>
        </lin>
        <lin>
          <Pregunta V="005"/>
          <Total_Sufragantes V="5799"/>
          <Porc_Sufragantes V="100,00"/>
          <Abstencion V="0"/>
          <Porc_Abstencion V="000,00"/>
          <Votos_Validos V="3143"/>
          <Porc_Votos_Validos V="054,19"/>
          <Votos_No_Marcados V="1234"/>
          <Porc_Votos_No_Marcados V="021,27"/>
          <Votos_Nulos V="1422"/>
          <Porc_Votos_Nulos V="024,52"/>
        </lin>
        <lin>
          <Pregunta V="006"/>
          <Total_Sufragantes V="5799"/>
          <Porc_Sufragantes V="100,00"/>
          <Abstencion V="0"/>
          <Porc_Abstencion V="000,00"/>
          <Votos_Validos V="3489"/>
          <Porc_Votos_Validos V="060,16"/>
          <Votos_No_Marcados V="1182"/>
          <Porc_Votos_No_Marcados V="020,38"/>
          <Votos_Nulos V="1128"/>
          <Porc_Votos_Nulos V="019,45"/>
        </lin>
        <lin>
          <Pregunta V="007"/>
          <Total_Sufragantes V="5799"/>
          <Porc_Sufragantes V="100,00"/>
          <Abstencion V="0"/>
          <Porc_Abstencion V="000,00"/>
          <Votos_Validos V="2502"/>
          <Porc_Votos_Validos V="043,14"/>
          <Votos_No_Marcados V="1880"/>
          <Porc_Votos_No_Marcados V="032,41"/>
          <Votos_Nulos V="1417"/>
          <Porc_Votos_Nulos V="024,43"/>
        </lin>
      </Detalle_Pregunta>
      <Detalle_Opcion>
        <lin>
          <Opcion V="001"/>
          <Votos V="1468"/>
          <Porc V="057,50"/>
          <Pregunta V="001"/>
        </lin>
        <lin>
          <Opcion V="002"/>
          <Votos V="1085"/>
          <Porc V="042,49"/>
          <Pregunta V="001"/>
        </lin>
        <lin>
          <Opcion V="001"/>
          <Votos V="1547"/>
          <Porc V="060,57"/>
          <Pregunta V="002"/>
        </lin>
        <lin>
          <Opcion V="002"/>
          <Votos V="1007"/>
          <Porc V="039,42"/>
          <Pregunta V="002"/>
        </lin>
        <lin>
          <Opcion V="001"/>
          <Votos V="836"/>
          <Porc V="041,84"/>
          <Pregunta V="003"/>
        </lin>
        <lin>
          <Opcion V="002"/>
          <Votos V="1162"/>
          <Porc V="058,15"/>
          <Pregunta V="003"/>
        </lin>
        <lin>
          <Opcion V="001"/>
          <Votos V="1037"/>
          <Porc V="042,95"/>
          <Pregunta V="004"/>
        </lin>
        <lin>
          <Opcion V="002"/>
          <Votos V="1377"/>
          <Porc V="057,04"/>
          <Pregunta V="004"/>
        </lin>
        <lin>
          <Opcion V="001"/>
          <Votos V="1291"/>
          <Porc V="041,07"/>
          <Pregunta V="005"/>
        </lin>
        <lin>
          <Opcion V="002"/>
          <Votos V="1852"/>
          <Porc V="058,92"/>
          <Pregunta V="005"/>
        </lin>
        <lin>
          <Opcion V="001"/>
          <Votos V="1755"/>
          <Porc V="050,30"/>
          <Pregunta V="006"/>
        </lin>
        <lin>
          <Opcion V="002"/>
          <Votos V="1734"/>
          <Porc V="049,69"/>
          <Pregunta V="006"/>
        </lin>
        <lin>
          <Opcion V="001"/>
          <Votos V="1130"/>
          <Porc V="045,16"/>
          <Pregunta V="007"/>
        </lin>
        <lin>
          <Opcion V="002"/>
          <Votos V="1372"/>
          <Porc V="054,83"/>
          <Pregunta V="007"/>
        </lin>
      </Detalle_Opcion>
    </lin>
  </Detalle_Circunscripcion>
</Boletin>
</Boletin_Consolidado>