<Boletin_Consolidado><Boletin>
  <Numero V="0008"/>
  <Boletin_Departamental V="0012"/>
  <Tipo_Boletin V="DEPARTAMENTAL"/>
  <Desc_Corporacion V="CONSULTA POPULAR"/>
  <Departamento V="01"/>
  <Desc_Departamento V="ANTIOQUIA"/>
  <Municipio V="112"/>
  <Desc_Municipio V="DON MATIAS"/>
  <Dia V="21"/>
  <Mes V="8"/>
  <Anio V="2018"/>
  <Hora V="14"/>
  <Minuto V="15"/>
  <Mesas_Instaladas V="47"/>
  <Mesas_Informadas V="47"/>
  <Porc_Mesas_Informadas V="100,00"/>
  <Potencial_Sufragantes V="17120"/>
  <Detalle_Circunscripcion>
    <lin>
      <Circunscripcion V="0"/>
      <Desc_Circunscripcion V="NACIONAL"/>
      <Detalle_Pregunta>
        <lin>
          <Pregunta V="001"/>
          <Total_Sufragantes V="17120"/>
          <Porc_Sufragantes V="100,00"/>
          <Abstencion V="0"/>
          <Porc_Abstencion V="000,00"/>
          <Votos_Validos V="8299"/>
          <Porc_Votos_Validos V="048,47"/>
          <Votos_No_Marcados V="3954"/>
          <Porc_Votos_No_Marcados V="023,09"/>
          <Votos_Nulos V="4867"/>
          <Porc_Votos_Nulos V="028,42"/>
        </lin>
        <lin>
          <Pregunta V="002"/>
          <Total_Sufragantes V="17120"/>
          <Porc_Sufragantes V="100,00"/>
          <Abstencion V="0"/>
          <Porc_Abstencion V="000,00"/>
          <Votos_Validos V="8113"/>
          <Porc_Votos_Validos V="047,38"/>
          <Votos_No_Marcados V="3971"/>
          <Porc_Votos_No_Marcados V="023,19"/>
          <Votos_Nulos V="5036"/>
          <Porc_Votos_Nulos V="029,41"/>
        </lin>
        <lin>
          <Pregunta V="003"/>
          <Total_Sufragantes V="17120"/>
          <Porc_Sufragantes V="100,00"/>
          <Abstencion V="0"/>
          <Porc_Abstencion V="000,00"/>
          <Votos_Validos V="9415"/>
          <Porc_Votos_Validos V="054,99"/>
          <Votos_No_Marcados V="3281"/>
          <Porc_Votos_No_Marcados V="019,16"/>
          <Votos_Nulos V="4424"/>
          <Porc_Votos_Nulos V="025,84"/>
        </lin>
        <lin>
          <Pregunta V="004"/>
          <Total_Sufragantes V="17120"/>
          <Porc_Sufragantes V="100,00"/>
          <Abstencion V="0"/>
          <Porc_Abstencion V="000,00"/>
          <Votos_Validos V="8034"/>
          <Porc_Votos_Validos V="046,92"/>
          <Votos_No_Marcados V="3982"/>
          <Porc_Votos_No_Marcados V="023,25"/>
          <Votos_Nulos V="5104"/>
          <Porc_Votos_Nulos V="029,81"/>
        </lin>
        <lin>
          <Pregunta V="005"/>
          <Total_Sufragantes V="17120"/>
          <Porc_Sufragantes V="100,00"/>
          <Abstencion V="0"/>
          <Porc_Abstencion V="000,00"/>
          <Votos_Validos V="8649"/>
          <Porc_Votos_Validos V="050,51"/>
          <Votos_No_Marcados V="4271"/>
          <Porc_Votos_No_Marcados V="024,94"/>
          <Votos_Nulos V="4200"/>
          <Porc_Votos_Nulos V="024,53"/>
        </lin>
        <lin>
          <Pregunta V="006"/>
          <Total_Sufragantes V="17120"/>
          <Porc_Sufragantes V="100,00"/>
          <Abstencion V="0"/>
          <Porc_Abstencion V="000,00"/>
          <Votos_Validos V="8957"/>
          <Porc_Votos_Validos V="052,31"/>
          <Votos_No_Marcados V="3941"/>
          <Porc_Votos_No_Marcados V="023,01"/>
          <Votos_Nulos V="4222"/>
          <Porc_Votos_Nulos V="024,66"/>
        </lin>
        <lin>
          <Pregunta V="007"/>
          <Total_Sufragantes V="17120"/>
          <Porc_Sufragantes V="100,00"/>
          <Abstencion V="0"/>
          <Porc_Abstencion V="000,00"/>
          <Votos_Validos V="8647"/>
          <Porc_Votos_Validos V="050,50"/>
          <Votos_No_Marcados V="4046"/>
          <Porc_Votos_No_Marcados V="023,63"/>
          <Votos_Nulos V="4427"/>
          <Porc_Votos_Nulos V="025,85"/>
        </lin>
      </Detalle_Pregunta>
      <Detalle_Opcion>
        <lin>
          <Opcion V="001"/>
          <Votos V="4467"/>
          <Porc V="053,82"/>
          <Pregunta V="001"/>
        </lin>
        <lin>
          <Opcion V="002"/>
          <Votos V="3832"/>
          <Porc V="046,17"/>
          <Pregunta V="001"/>
        </lin>
        <lin>
          <Opcion V="001"/>
          <Votos V="4023"/>
          <Porc V="049,58"/>
          <Pregunta V="002"/>
        </lin>
        <lin>
          <Opcion V="002"/>
          <Votos V="4090"/>
          <Porc V="050,41"/>
          <Pregunta V="002"/>
        </lin>
        <lin>
          <Opcion V="001"/>
          <Votos V="4844"/>
          <Porc V="051,44"/>
          <Pregunta V="003"/>
        </lin>
        <lin>
          <Opcion V="002"/>
          <Votos V="4571"/>
          <Porc V="048,55"/>
          <Pregunta V="003"/>
        </lin>
        <lin>
          <Opcion V="001"/>
          <Votos V="4562"/>
          <Porc V="056,78"/>
          <Pregunta V="004"/>
        </lin>
        <lin>
          <Opcion V="002"/>
          <Votos V="3472"/>
          <Porc V="043,21"/>
          <Pregunta V="004"/>
        </lin>
        <lin>
          <Opcion V="001"/>
          <Votos V="3840"/>
          <Porc V="044,39"/>
          <Pregunta V="005"/>
        </lin>
        <lin>
          <Opcion V="002"/>
          <Votos V="4809"/>
          <Porc V="055,60"/>
          <Pregunta V="005"/>
        </lin>
        <lin>
          <Opcion V="001"/>
          <Votos V="4441"/>
          <Porc V="049,58"/>
          <Pregunta V="006"/>
        </lin>
        <lin>
          <Opcion V="002"/>
          <Votos V="4516"/>
          <Porc V="050,41"/>
          <Pregunta V="006"/>
        </lin>
        <lin>
          <Opcion V="001"/>
          <Votos V="4557"/>
          <Porc V="052,70"/>
          <Pregunta V="007"/>
        </lin>
        <lin>
          <Opcion V="002"/>
          <Votos V="4090"/>
          <Porc V="047,29"/>
          <Pregunta V="007"/>
        </lin>
      </Detalle_Opcion>
    </lin>
  </Detalle_Circunscripcion>
</Boletin>
</Boletin_Consolidado>