<Boletin_Consolidado><Boletin>
  <Numero V="0008"/>
  <Boletin_Departamental V="0012"/>
  <Tipo_Boletin V="DEPARTAMENTAL"/>
  <Desc_Corporacion V="CONSULTA POPULAR"/>
  <Departamento V="09"/>
  <Desc_Departamento V="CALDAS"/>
  <Municipio V="058"/>
  <Desc_Municipio V="MARMATO"/>
  <Dia V="21"/>
  <Mes V="8"/>
  <Anio V="2018"/>
  <Hora V="14"/>
  <Minuto V="15"/>
  <Mesas_Instaladas V="21"/>
  <Mesas_Informadas V="21"/>
  <Porc_Mesas_Informadas V="100,00"/>
  <Potencial_Sufragantes V="6924"/>
  <Detalle_Circunscripcion>
    <lin>
      <Circunscripcion V="0"/>
      <Desc_Circunscripcion V="NACIONAL"/>
      <Detalle_Pregunta>
        <lin>
          <Pregunta V="001"/>
          <Total_Sufragantes V="6924"/>
          <Porc_Sufragantes V="100,00"/>
          <Abstencion V="0"/>
          <Porc_Abstencion V="000,00"/>
          <Votos_Validos V="3098"/>
          <Porc_Votos_Validos V="044,74"/>
          <Votos_No_Marcados V="1965"/>
          <Porc_Votos_No_Marcados V="028,37"/>
          <Votos_Nulos V="1861"/>
          <Porc_Votos_Nulos V="026,87"/>
        </lin>
        <lin>
          <Pregunta V="002"/>
          <Total_Sufragantes V="6924"/>
          <Porc_Sufragantes V="100,00"/>
          <Abstencion V="0"/>
          <Porc_Abstencion V="000,00"/>
          <Votos_Validos V="3478"/>
          <Porc_Votos_Validos V="050,23"/>
          <Votos_No_Marcados V="1440"/>
          <Porc_Votos_No_Marcados V="020,79"/>
          <Votos_Nulos V="2006"/>
          <Porc_Votos_Nulos V="028,97"/>
        </lin>
        <lin>
          <Pregunta V="003"/>
          <Total_Sufragantes V="6924"/>
          <Porc_Sufragantes V="100,00"/>
          <Abstencion V="0"/>
          <Porc_Abstencion V="000,00"/>
          <Votos_Validos V="3884"/>
          <Porc_Votos_Validos V="056,09"/>
          <Votos_No_Marcados V="1026"/>
          <Porc_Votos_No_Marcados V="014,81"/>
          <Votos_Nulos V="2014"/>
          <Porc_Votos_Nulos V="029,08"/>
        </lin>
        <lin>
          <Pregunta V="004"/>
          <Total_Sufragantes V="6924"/>
          <Porc_Sufragantes V="100,00"/>
          <Abstencion V="0"/>
          <Porc_Abstencion V="000,00"/>
          <Votos_Validos V="3531"/>
          <Porc_Votos_Validos V="050,99"/>
          <Votos_No_Marcados V="1853"/>
          <Porc_Votos_No_Marcados V="026,76"/>
          <Votos_Nulos V="1540"/>
          <Porc_Votos_Nulos V="022,24"/>
        </lin>
        <lin>
          <Pregunta V="005"/>
          <Total_Sufragantes V="6924"/>
          <Porc_Sufragantes V="100,00"/>
          <Abstencion V="0"/>
          <Porc_Abstencion V="000,00"/>
          <Votos_Validos V="3503"/>
          <Porc_Votos_Validos V="050,59"/>
          <Votos_No_Marcados V="1802"/>
          <Porc_Votos_No_Marcados V="026,02"/>
          <Votos_Nulos V="1619"/>
          <Porc_Votos_Nulos V="023,38"/>
        </lin>
        <lin>
          <Pregunta V="006"/>
          <Total_Sufragantes V="6924"/>
          <Porc_Sufragantes V="100,00"/>
          <Abstencion V="0"/>
          <Porc_Abstencion V="000,00"/>
          <Votos_Validos V="3755"/>
          <Porc_Votos_Validos V="054,23"/>
          <Votos_No_Marcados V="1454"/>
          <Porc_Votos_No_Marcados V="020,99"/>
          <Votos_Nulos V="1715"/>
          <Porc_Votos_Nulos V="024,76"/>
        </lin>
        <lin>
          <Pregunta V="007"/>
          <Total_Sufragantes V="6924"/>
          <Porc_Sufragantes V="100,00"/>
          <Abstencion V="0"/>
          <Porc_Abstencion V="000,00"/>
          <Votos_Validos V="3699"/>
          <Porc_Votos_Validos V="053,42"/>
          <Votos_No_Marcados V="1719"/>
          <Porc_Votos_No_Marcados V="024,82"/>
          <Votos_Nulos V="1506"/>
          <Porc_Votos_Nulos V="021,75"/>
        </lin>
      </Detalle_Pregunta>
      <Detalle_Opcion>
        <lin>
          <Opcion V="001"/>
          <Votos V="1448"/>
          <Porc V="046,73"/>
          <Pregunta V="001"/>
        </lin>
        <lin>
          <Opcion V="002"/>
          <Votos V="1650"/>
          <Porc V="053,26"/>
          <Pregunta V="001"/>
        </lin>
        <lin>
          <Opcion V="001"/>
          <Votos V="1925"/>
          <Porc V="055,34"/>
          <Pregunta V="002"/>
        </lin>
        <lin>
          <Opcion V="002"/>
          <Votos V="1553"/>
          <Porc V="044,65"/>
          <Pregunta V="002"/>
        </lin>
        <lin>
          <Opcion V="001"/>
          <Votos V="2389"/>
          <Porc V="061,50"/>
          <Pregunta V="003"/>
        </lin>
        <lin>
          <Opcion V="002"/>
          <Votos V="1495"/>
          <Porc V="038,49"/>
          <Pregunta V="003"/>
        </lin>
        <lin>
          <Opcion V="001"/>
          <Votos V="1635"/>
          <Porc V="046,30"/>
          <Pregunta V="004"/>
        </lin>
        <lin>
          <Opcion V="002"/>
          <Votos V="1896"/>
          <Porc V="053,69"/>
          <Pregunta V="004"/>
        </lin>
        <lin>
          <Opcion V="001"/>
          <Votos V="1155"/>
          <Porc V="032,97"/>
          <Pregunta V="005"/>
        </lin>
        <lin>
          <Opcion V="002"/>
          <Votos V="2348"/>
          <Porc V="067,02"/>
          <Pregunta V="005"/>
        </lin>
        <lin>
          <Opcion V="001"/>
          <Votos V="2017"/>
          <Porc V="053,71"/>
          <Pregunta V="006"/>
        </lin>
        <lin>
          <Opcion V="002"/>
          <Votos V="1738"/>
          <Porc V="046,28"/>
          <Pregunta V="006"/>
        </lin>
        <lin>
          <Opcion V="001"/>
          <Votos V="1556"/>
          <Porc V="042,06"/>
          <Pregunta V="007"/>
        </lin>
        <lin>
          <Opcion V="002"/>
          <Votos V="2143"/>
          <Porc V="057,93"/>
          <Pregunta V="007"/>
        </lin>
      </Detalle_Opcion>
    </lin>
  </Detalle_Circunscripcion>
</Boletin>
</Boletin_Consolidado>