<Boletin_Consolidado><Boletin>
  <Numero V="0008"/>
  <Boletin_Departamental V="0012"/>
  <Tipo_Boletin V="DEPARTAMENTAL"/>
  <Desc_Corporacion V="CONSULTA POPULAR"/>
  <Departamento V="01"/>
  <Desc_Departamento V="ANTIOQUIA"/>
  <Municipio V="001"/>
  <Desc_Municipio V="MEDELLIN"/>
  <Dia V="21"/>
  <Mes V="8"/>
  <Anio V="2018"/>
  <Hora V="14"/>
  <Minuto V="15"/>
  <Mesas_Instaladas V="4066"/>
  <Mesas_Informadas V="4066"/>
  <Porc_Mesas_Informadas V="100,00"/>
  <Potencial_Sufragantes V="1594785"/>
  <Detalle_Circunscripcion>
    <lin>
      <Circunscripcion V="0"/>
      <Desc_Circunscripcion V="NACIONAL"/>
      <Detalle_Pregunta>
        <lin>
          <Pregunta V="001"/>
          <Total_Sufragantes V="1594785"/>
          <Porc_Sufragantes V="100,00"/>
          <Abstencion V="0"/>
          <Porc_Abstencion V="000,00"/>
          <Votos_Validos V="786844"/>
          <Porc_Votos_Validos V="049,33"/>
          <Votos_No_Marcados V="404094"/>
          <Porc_Votos_No_Marcados V="025,33"/>
          <Votos_Nulos V="403847"/>
          <Porc_Votos_Nulos V="025,32"/>
        </lin>
        <lin>
          <Pregunta V="002"/>
          <Total_Sufragantes V="1594785"/>
          <Porc_Sufragantes V="100,00"/>
          <Abstencion V="0"/>
          <Porc_Abstencion V="000,00"/>
          <Votos_Validos V="796873"/>
          <Porc_Votos_Validos V="049,96"/>
          <Votos_No_Marcados V="400380"/>
          <Porc_Votos_No_Marcados V="025,10"/>
          <Votos_Nulos V="397532"/>
          <Porc_Votos_Nulos V="024,92"/>
        </lin>
        <lin>
          <Pregunta V="003"/>
          <Total_Sufragantes V="1594785"/>
          <Porc_Sufragantes V="100,00"/>
          <Abstencion V="0"/>
          <Porc_Abstencion V="000,00"/>
          <Votos_Validos V="799329"/>
          <Porc_Votos_Validos V="050,12"/>
          <Votos_No_Marcados V="397419"/>
          <Porc_Votos_No_Marcados V="024,91"/>
          <Votos_Nulos V="398037"/>
          <Porc_Votos_Nulos V="024,95"/>
        </lin>
        <lin>
          <Pregunta V="004"/>
          <Total_Sufragantes V="1594785"/>
          <Porc_Sufragantes V="100,00"/>
          <Abstencion V="0"/>
          <Porc_Abstencion V="000,00"/>
          <Votos_Validos V="792386"/>
          <Porc_Votos_Validos V="049,68"/>
          <Votos_No_Marcados V="393937"/>
          <Porc_Votos_No_Marcados V="024,70"/>
          <Votos_Nulos V="408462"/>
          <Porc_Votos_Nulos V="025,61"/>
        </lin>
        <lin>
          <Pregunta V="005"/>
          <Total_Sufragantes V="1594785"/>
          <Porc_Sufragantes V="100,00"/>
          <Abstencion V="0"/>
          <Porc_Abstencion V="000,00"/>
          <Votos_Validos V="803921"/>
          <Porc_Votos_Validos V="050,40"/>
          <Votos_No_Marcados V="399117"/>
          <Porc_Votos_No_Marcados V="025,02"/>
          <Votos_Nulos V="391747"/>
          <Porc_Votos_Nulos V="024,56"/>
        </lin>
        <lin>
          <Pregunta V="006"/>
          <Total_Sufragantes V="1594785"/>
          <Porc_Sufragantes V="100,00"/>
          <Abstencion V="0"/>
          <Porc_Abstencion V="000,00"/>
          <Votos_Validos V="793476"/>
          <Porc_Votos_Validos V="049,75"/>
          <Votos_No_Marcados V="400918"/>
          <Porc_Votos_No_Marcados V="025,13"/>
          <Votos_Nulos V="400391"/>
          <Porc_Votos_Nulos V="025,10"/>
        </lin>
        <lin>
          <Pregunta V="007"/>
          <Total_Sufragantes V="1594785"/>
          <Porc_Sufragantes V="100,00"/>
          <Abstencion V="0"/>
          <Porc_Abstencion V="000,00"/>
          <Votos_Validos V="805775"/>
          <Porc_Votos_Validos V="050,52"/>
          <Votos_No_Marcados V="394173"/>
          <Porc_Votos_No_Marcados V="024,71"/>
          <Votos_Nulos V="394837"/>
          <Porc_Votos_Nulos V="024,75"/>
        </lin>
      </Detalle_Pregunta>
      <Detalle_Opcion>
        <lin>
          <Opcion V="001"/>
          <Votos V="396065"/>
          <Porc V="050,33"/>
          <Pregunta V="001"/>
        </lin>
        <lin>
          <Opcion V="002"/>
          <Votos V="390779"/>
          <Porc V="049,66"/>
          <Pregunta V="001"/>
        </lin>
        <lin>
          <Opcion V="001"/>
          <Votos V="394616"/>
          <Porc V="049,52"/>
          <Pregunta V="002"/>
        </lin>
        <lin>
          <Opcion V="002"/>
          <Votos V="402257"/>
          <Porc V="050,47"/>
          <Pregunta V="002"/>
        </lin>
        <lin>
          <Opcion V="001"/>
          <Votos V="395235"/>
          <Porc V="049,44"/>
          <Pregunta V="003"/>
        </lin>
        <lin>
          <Opcion V="002"/>
          <Votos V="404094"/>
          <Porc V="050,55"/>
          <Pregunta V="003"/>
        </lin>
        <lin>
          <Opcion V="001"/>
          <Votos V="397867"/>
          <Porc V="050,21"/>
          <Pregunta V="004"/>
        </lin>
        <lin>
          <Opcion V="002"/>
          <Votos V="394519"/>
          <Porc V="049,78"/>
          <Pregunta V="004"/>
        </lin>
        <lin>
          <Opcion V="001"/>
          <Votos V="402775"/>
          <Porc V="050,10"/>
          <Pregunta V="005"/>
        </lin>
        <lin>
          <Opcion V="002"/>
          <Votos V="401146"/>
          <Porc V="049,89"/>
          <Pregunta V="005"/>
        </lin>
        <lin>
          <Opcion V="001"/>
          <Votos V="397330"/>
          <Porc V="050,07"/>
          <Pregunta V="006"/>
        </lin>
        <lin>
          <Opcion V="002"/>
          <Votos V="396146"/>
          <Porc V="049,92"/>
          <Pregunta V="006"/>
        </lin>
        <lin>
          <Opcion V="001"/>
          <Votos V="398454"/>
          <Porc V="049,44"/>
          <Pregunta V="007"/>
        </lin>
        <lin>
          <Opcion V="002"/>
          <Votos V="407321"/>
          <Porc V="050,55"/>
          <Pregunta V="007"/>
        </lin>
      </Detalle_Opcion>
    </lin>
  </Detalle_Circunscripcion>
</Boletin>
</Boletin_Consolidado>