<Boletin_Consolidado><Boletin>
  <Numero V="0008"/>
  <Boletin_Departamental V="0012"/>
  <Tipo_Boletin V="DEPARTAMENTAL"/>
  <Desc_Corporacion V="CONSULTA POPULAR"/>
  <Departamento V="09"/>
  <Desc_Departamento V="CALDAS"/>
  <Municipio V="076"/>
  <Desc_Municipio V="NEIRA"/>
  <Dia V="21"/>
  <Mes V="8"/>
  <Anio V="2018"/>
  <Hora V="14"/>
  <Minuto V="15"/>
  <Mesas_Instaladas V="52"/>
  <Mesas_Informadas V="52"/>
  <Porc_Mesas_Informadas V="100,00"/>
  <Potencial_Sufragantes V="19622"/>
  <Detalle_Circunscripcion>
    <lin>
      <Circunscripcion V="0"/>
      <Desc_Circunscripcion V="NACIONAL"/>
      <Detalle_Pregunta>
        <lin>
          <Pregunta V="001"/>
          <Total_Sufragantes V="19622"/>
          <Porc_Sufragantes V="100,00"/>
          <Abstencion V="0"/>
          <Porc_Abstencion V="000,00"/>
          <Votos_Validos V="9543"/>
          <Porc_Votos_Validos V="048,63"/>
          <Votos_No_Marcados V="5408"/>
          <Porc_Votos_No_Marcados V="027,56"/>
          <Votos_Nulos V="4671"/>
          <Porc_Votos_Nulos V="023,80"/>
        </lin>
        <lin>
          <Pregunta V="002"/>
          <Total_Sufragantes V="19622"/>
          <Porc_Sufragantes V="100,00"/>
          <Abstencion V="0"/>
          <Porc_Abstencion V="000,00"/>
          <Votos_Validos V="10324"/>
          <Porc_Votos_Validos V="052,61"/>
          <Votos_No_Marcados V="4715"/>
          <Porc_Votos_No_Marcados V="024,02"/>
          <Votos_Nulos V="4583"/>
          <Porc_Votos_Nulos V="023,35"/>
        </lin>
        <lin>
          <Pregunta V="003"/>
          <Total_Sufragantes V="19622"/>
          <Porc_Sufragantes V="100,00"/>
          <Abstencion V="0"/>
          <Porc_Abstencion V="000,00"/>
          <Votos_Validos V="9582"/>
          <Porc_Votos_Validos V="048,83"/>
          <Votos_No_Marcados V="4668"/>
          <Porc_Votos_No_Marcados V="023,78"/>
          <Votos_Nulos V="5372"/>
          <Porc_Votos_Nulos V="027,37"/>
        </lin>
        <lin>
          <Pregunta V="004"/>
          <Total_Sufragantes V="19622"/>
          <Porc_Sufragantes V="100,00"/>
          <Abstencion V="0"/>
          <Porc_Abstencion V="000,00"/>
          <Votos_Validos V="9063"/>
          <Porc_Votos_Validos V="046,18"/>
          <Votos_No_Marcados V="5460"/>
          <Porc_Votos_No_Marcados V="027,82"/>
          <Votos_Nulos V="5099"/>
          <Porc_Votos_Nulos V="025,98"/>
        </lin>
        <lin>
          <Pregunta V="005"/>
          <Total_Sufragantes V="19622"/>
          <Porc_Sufragantes V="100,00"/>
          <Abstencion V="0"/>
          <Porc_Abstencion V="000,00"/>
          <Votos_Validos V="9472"/>
          <Porc_Votos_Validos V="048,27"/>
          <Votos_No_Marcados V="4918"/>
          <Porc_Votos_No_Marcados V="025,06"/>
          <Votos_Nulos V="5232"/>
          <Porc_Votos_Nulos V="026,66"/>
        </lin>
        <lin>
          <Pregunta V="006"/>
          <Total_Sufragantes V="19622"/>
          <Porc_Sufragantes V="100,00"/>
          <Abstencion V="0"/>
          <Porc_Abstencion V="000,00"/>
          <Votos_Validos V="9714"/>
          <Porc_Votos_Validos V="049,50"/>
          <Votos_No_Marcados V="5355"/>
          <Porc_Votos_No_Marcados V="027,29"/>
          <Votos_Nulos V="4553"/>
          <Porc_Votos_Nulos V="023,20"/>
        </lin>
        <lin>
          <Pregunta V="007"/>
          <Total_Sufragantes V="19622"/>
          <Porc_Sufragantes V="100,00"/>
          <Abstencion V="0"/>
          <Porc_Abstencion V="000,00"/>
          <Votos_Validos V="10269"/>
          <Porc_Votos_Validos V="052,33"/>
          <Votos_No_Marcados V="4788"/>
          <Porc_Votos_No_Marcados V="024,40"/>
          <Votos_Nulos V="4565"/>
          <Porc_Votos_Nulos V="023,26"/>
        </lin>
      </Detalle_Pregunta>
      <Detalle_Opcion>
        <lin>
          <Opcion V="001"/>
          <Votos V="4737"/>
          <Porc V="049,63"/>
          <Pregunta V="001"/>
        </lin>
        <lin>
          <Opcion V="002"/>
          <Votos V="4806"/>
          <Porc V="050,36"/>
          <Pregunta V="001"/>
        </lin>
        <lin>
          <Opcion V="001"/>
          <Votos V="5203"/>
          <Porc V="050,39"/>
          <Pregunta V="002"/>
        </lin>
        <lin>
          <Opcion V="002"/>
          <Votos V="5121"/>
          <Porc V="049,60"/>
          <Pregunta V="002"/>
        </lin>
        <lin>
          <Opcion V="001"/>
          <Votos V="4231"/>
          <Porc V="044,15"/>
          <Pregunta V="003"/>
        </lin>
        <lin>
          <Opcion V="002"/>
          <Votos V="5351"/>
          <Porc V="055,84"/>
          <Pregunta V="003"/>
        </lin>
        <lin>
          <Opcion V="001"/>
          <Votos V="4693"/>
          <Porc V="051,78"/>
          <Pregunta V="004"/>
        </lin>
        <lin>
          <Opcion V="002"/>
          <Votos V="4370"/>
          <Porc V="048,21"/>
          <Pregunta V="004"/>
        </lin>
        <lin>
          <Opcion V="001"/>
          <Votos V="5084"/>
          <Porc V="053,67"/>
          <Pregunta V="005"/>
        </lin>
        <lin>
          <Opcion V="002"/>
          <Votos V="4388"/>
          <Porc V="046,32"/>
          <Pregunta V="005"/>
        </lin>
        <lin>
          <Opcion V="001"/>
          <Votos V="5374"/>
          <Porc V="055,32"/>
          <Pregunta V="006"/>
        </lin>
        <lin>
          <Opcion V="002"/>
          <Votos V="4340"/>
          <Porc V="044,67"/>
          <Pregunta V="006"/>
        </lin>
        <lin>
          <Opcion V="001"/>
          <Votos V="5083"/>
          <Porc V="049,49"/>
          <Pregunta V="007"/>
        </lin>
        <lin>
          <Opcion V="002"/>
          <Votos V="5186"/>
          <Porc V="050,50"/>
          <Pregunta V="007"/>
        </lin>
      </Detalle_Opcion>
    </lin>
  </Detalle_Circunscripcion>
</Boletin>
</Boletin_Consolidado>