<Boletin_Consolidado><Boletin>
  <Numero V="0008"/>
  <Boletin_Departamental V="0012"/>
  <Tipo_Boletin V="DEPARTAMENTAL"/>
  <Desc_Corporacion V="CONSULTA POPULAR"/>
  <Departamento V="12"/>
  <Desc_Departamento V="CESAR"/>
  <Municipio V="720"/>
  <Desc_Municipio V="PUEBLO BELLO"/>
  <Dia V="21"/>
  <Mes V="8"/>
  <Anio V="2018"/>
  <Hora V="14"/>
  <Minuto V="15"/>
  <Mesas_Instaladas V="50"/>
  <Mesas_Informadas V="50"/>
  <Porc_Mesas_Informadas V="100,00"/>
  <Potencial_Sufragantes V="18277"/>
  <Detalle_Circunscripcion>
    <lin>
      <Circunscripcion V="0"/>
      <Desc_Circunscripcion V="NACIONAL"/>
      <Detalle_Pregunta>
        <lin>
          <Pregunta V="001"/>
          <Total_Sufragantes V="18277"/>
          <Porc_Sufragantes V="100,00"/>
          <Abstencion V="0"/>
          <Porc_Abstencion V="000,00"/>
          <Votos_Validos V="9479"/>
          <Porc_Votos_Validos V="051,86"/>
          <Votos_No_Marcados V="4163"/>
          <Porc_Votos_No_Marcados V="022,77"/>
          <Votos_Nulos V="4635"/>
          <Porc_Votos_Nulos V="025,35"/>
        </lin>
        <lin>
          <Pregunta V="002"/>
          <Total_Sufragantes V="18277"/>
          <Porc_Sufragantes V="100,00"/>
          <Abstencion V="0"/>
          <Porc_Abstencion V="000,00"/>
          <Votos_Validos V="9213"/>
          <Porc_Votos_Validos V="050,40"/>
          <Votos_No_Marcados V="5540"/>
          <Porc_Votos_No_Marcados V="030,31"/>
          <Votos_Nulos V="3524"/>
          <Porc_Votos_Nulos V="019,28"/>
        </lin>
        <lin>
          <Pregunta V="003"/>
          <Total_Sufragantes V="18277"/>
          <Porc_Sufragantes V="100,00"/>
          <Abstencion V="0"/>
          <Porc_Abstencion V="000,00"/>
          <Votos_Validos V="9599"/>
          <Porc_Votos_Validos V="052,51"/>
          <Votos_No_Marcados V="4357"/>
          <Porc_Votos_No_Marcados V="023,83"/>
          <Votos_Nulos V="4321"/>
          <Porc_Votos_Nulos V="023,64"/>
        </lin>
        <lin>
          <Pregunta V="004"/>
          <Total_Sufragantes V="18277"/>
          <Porc_Sufragantes V="100,00"/>
          <Abstencion V="0"/>
          <Porc_Abstencion V="000,00"/>
          <Votos_Validos V="9351"/>
          <Porc_Votos_Validos V="051,16"/>
          <Votos_No_Marcados V="4658"/>
          <Porc_Votos_No_Marcados V="025,48"/>
          <Votos_Nulos V="4268"/>
          <Porc_Votos_Nulos V="023,35"/>
        </lin>
        <lin>
          <Pregunta V="005"/>
          <Total_Sufragantes V="18277"/>
          <Porc_Sufragantes V="100,00"/>
          <Abstencion V="0"/>
          <Porc_Abstencion V="000,00"/>
          <Votos_Validos V="10080"/>
          <Porc_Votos_Validos V="055,15"/>
          <Votos_No_Marcados V="4564"/>
          <Porc_Votos_No_Marcados V="024,97"/>
          <Votos_Nulos V="3633"/>
          <Porc_Votos_Nulos V="019,87"/>
        </lin>
        <lin>
          <Pregunta V="006"/>
          <Total_Sufragantes V="18277"/>
          <Porc_Sufragantes V="100,00"/>
          <Abstencion V="0"/>
          <Porc_Abstencion V="000,00"/>
          <Votos_Validos V="9647"/>
          <Porc_Votos_Validos V="052,78"/>
          <Votos_No_Marcados V="4328"/>
          <Porc_Votos_No_Marcados V="023,68"/>
          <Votos_Nulos V="4302"/>
          <Porc_Votos_Nulos V="023,53"/>
        </lin>
        <lin>
          <Pregunta V="007"/>
          <Total_Sufragantes V="18277"/>
          <Porc_Sufragantes V="100,00"/>
          <Abstencion V="0"/>
          <Porc_Abstencion V="000,00"/>
          <Votos_Validos V="8547"/>
          <Porc_Votos_Validos V="046,76"/>
          <Votos_No_Marcados V="5037"/>
          <Porc_Votos_No_Marcados V="027,55"/>
          <Votos_Nulos V="4693"/>
          <Porc_Votos_Nulos V="025,67"/>
        </lin>
      </Detalle_Pregunta>
      <Detalle_Opcion>
        <lin>
          <Opcion V="001"/>
          <Votos V="4535"/>
          <Porc V="047,84"/>
          <Pregunta V="001"/>
        </lin>
        <lin>
          <Opcion V="002"/>
          <Votos V="4944"/>
          <Porc V="052,15"/>
          <Pregunta V="001"/>
        </lin>
        <lin>
          <Opcion V="001"/>
          <Votos V="4411"/>
          <Porc V="047,87"/>
          <Pregunta V="002"/>
        </lin>
        <lin>
          <Opcion V="002"/>
          <Votos V="4802"/>
          <Porc V="052,12"/>
          <Pregunta V="002"/>
        </lin>
        <lin>
          <Opcion V="001"/>
          <Votos V="5093"/>
          <Porc V="053,05"/>
          <Pregunta V="003"/>
        </lin>
        <lin>
          <Opcion V="002"/>
          <Votos V="4506"/>
          <Porc V="046,94"/>
          <Pregunta V="003"/>
        </lin>
        <lin>
          <Opcion V="001"/>
          <Votos V="4805"/>
          <Porc V="051,38"/>
          <Pregunta V="004"/>
        </lin>
        <lin>
          <Opcion V="002"/>
          <Votos V="4546"/>
          <Porc V="048,61"/>
          <Pregunta V="004"/>
        </lin>
        <lin>
          <Opcion V="001"/>
          <Votos V="4438"/>
          <Porc V="044,02"/>
          <Pregunta V="005"/>
        </lin>
        <lin>
          <Opcion V="002"/>
          <Votos V="5642"/>
          <Porc V="055,97"/>
          <Pregunta V="005"/>
        </lin>
        <lin>
          <Opcion V="001"/>
          <Votos V="4656"/>
          <Porc V="048,26"/>
          <Pregunta V="006"/>
        </lin>
        <lin>
          <Opcion V="002"/>
          <Votos V="4991"/>
          <Porc V="051,73"/>
          <Pregunta V="006"/>
        </lin>
        <lin>
          <Opcion V="001"/>
          <Votos V="4116"/>
          <Porc V="048,15"/>
          <Pregunta V="007"/>
        </lin>
        <lin>
          <Opcion V="002"/>
          <Votos V="4431"/>
          <Porc V="051,84"/>
          <Pregunta V="007"/>
        </lin>
      </Detalle_Opcion>
    </lin>
  </Detalle_Circunscripcion>
</Boletin>
</Boletin_Consolidado>