<Boletin_Consolidado><Boletin>
  <Numero V="0008"/>
  <Boletin_Departamental V="0012"/>
  <Tipo_Boletin V="DEPARTAMENTAL"/>
  <Desc_Corporacion V="CONSULTA POPULAR"/>
  <Departamento V="01"/>
  <Desc_Departamento V="ANTIOQUIA"/>
  <Municipio V="199"/>
  <Desc_Municipio V="PEQUE"/>
  <Dia V="21"/>
  <Mes V="8"/>
  <Anio V="2018"/>
  <Hora V="14"/>
  <Minuto V="15"/>
  <Mesas_Instaladas V="20"/>
  <Mesas_Informadas V="20"/>
  <Porc_Mesas_Informadas V="100,00"/>
  <Potencial_Sufragantes V="6106"/>
  <Detalle_Circunscripcion>
    <lin>
      <Circunscripcion V="0"/>
      <Desc_Circunscripcion V="NACIONAL"/>
      <Detalle_Pregunta>
        <lin>
          <Pregunta V="001"/>
          <Total_Sufragantes V="6106"/>
          <Porc_Sufragantes V="100,00"/>
          <Abstencion V="0"/>
          <Porc_Abstencion V="000,00"/>
          <Votos_Validos V="2921"/>
          <Porc_Votos_Validos V="047,83"/>
          <Votos_No_Marcados V="1845"/>
          <Porc_Votos_No_Marcados V="030,21"/>
          <Votos_Nulos V="1340"/>
          <Porc_Votos_Nulos V="021,94"/>
        </lin>
        <lin>
          <Pregunta V="002"/>
          <Total_Sufragantes V="6106"/>
          <Porc_Sufragantes V="100,00"/>
          <Abstencion V="0"/>
          <Porc_Abstencion V="000,00"/>
          <Votos_Validos V="3151"/>
          <Porc_Votos_Validos V="051,60"/>
          <Votos_No_Marcados V="1297"/>
          <Porc_Votos_No_Marcados V="021,24"/>
          <Votos_Nulos V="1658"/>
          <Porc_Votos_Nulos V="027,15"/>
        </lin>
        <lin>
          <Pregunta V="003"/>
          <Total_Sufragantes V="6106"/>
          <Porc_Sufragantes V="100,00"/>
          <Abstencion V="0"/>
          <Porc_Abstencion V="000,00"/>
          <Votos_Validos V="3385"/>
          <Porc_Votos_Validos V="055,43"/>
          <Votos_No_Marcados V="1221"/>
          <Porc_Votos_No_Marcados V="019,99"/>
          <Votos_Nulos V="1500"/>
          <Porc_Votos_Nulos V="024,56"/>
        </lin>
        <lin>
          <Pregunta V="004"/>
          <Total_Sufragantes V="6106"/>
          <Porc_Sufragantes V="100,00"/>
          <Abstencion V="0"/>
          <Porc_Abstencion V="000,00"/>
          <Votos_Validos V="3142"/>
          <Porc_Votos_Validos V="051,45"/>
          <Votos_No_Marcados V="1449"/>
          <Porc_Votos_No_Marcados V="023,73"/>
          <Votos_Nulos V="1515"/>
          <Porc_Votos_Nulos V="024,81"/>
        </lin>
        <lin>
          <Pregunta V="005"/>
          <Total_Sufragantes V="6106"/>
          <Porc_Sufragantes V="100,00"/>
          <Abstencion V="0"/>
          <Porc_Abstencion V="000,00"/>
          <Votos_Validos V="2971"/>
          <Porc_Votos_Validos V="048,65"/>
          <Votos_No_Marcados V="1930"/>
          <Porc_Votos_No_Marcados V="031,60"/>
          <Votos_Nulos V="1205"/>
          <Porc_Votos_Nulos V="019,73"/>
        </lin>
        <lin>
          <Pregunta V="006"/>
          <Total_Sufragantes V="6106"/>
          <Porc_Sufragantes V="100,00"/>
          <Abstencion V="0"/>
          <Porc_Abstencion V="000,00"/>
          <Votos_Validos V="3249"/>
          <Porc_Votos_Validos V="053,20"/>
          <Votos_No_Marcados V="1736"/>
          <Porc_Votos_No_Marcados V="028,43"/>
          <Votos_Nulos V="1121"/>
          <Porc_Votos_Nulos V="018,35"/>
        </lin>
        <lin>
          <Pregunta V="007"/>
          <Total_Sufragantes V="6106"/>
          <Porc_Sufragantes V="100,00"/>
          <Abstencion V="0"/>
          <Porc_Abstencion V="000,00"/>
          <Votos_Validos V="3097"/>
          <Porc_Votos_Validos V="050,72"/>
          <Votos_No_Marcados V="1831"/>
          <Porc_Votos_No_Marcados V="029,98"/>
          <Votos_Nulos V="1178"/>
          <Porc_Votos_Nulos V="019,29"/>
        </lin>
      </Detalle_Pregunta>
      <Detalle_Opcion>
        <lin>
          <Opcion V="001"/>
          <Votos V="1660"/>
          <Porc V="056,82"/>
          <Pregunta V="001"/>
        </lin>
        <lin>
          <Opcion V="002"/>
          <Votos V="1261"/>
          <Porc V="043,17"/>
          <Pregunta V="001"/>
        </lin>
        <lin>
          <Opcion V="001"/>
          <Votos V="1695"/>
          <Porc V="053,79"/>
          <Pregunta V="002"/>
        </lin>
        <lin>
          <Opcion V="002"/>
          <Votos V="1456"/>
          <Porc V="046,20"/>
          <Pregunta V="002"/>
        </lin>
        <lin>
          <Opcion V="001"/>
          <Votos V="1386"/>
          <Porc V="040,94"/>
          <Pregunta V="003"/>
        </lin>
        <lin>
          <Opcion V="002"/>
          <Votos V="1999"/>
          <Porc V="059,05"/>
          <Pregunta V="003"/>
        </lin>
        <lin>
          <Opcion V="001"/>
          <Votos V="1452"/>
          <Porc V="046,21"/>
          <Pregunta V="004"/>
        </lin>
        <lin>
          <Opcion V="002"/>
          <Votos V="1690"/>
          <Porc V="053,78"/>
          <Pregunta V="004"/>
        </lin>
        <lin>
          <Opcion V="001"/>
          <Votos V="1274"/>
          <Porc V="042,88"/>
          <Pregunta V="005"/>
        </lin>
        <lin>
          <Opcion V="002"/>
          <Votos V="1697"/>
          <Porc V="057,11"/>
          <Pregunta V="005"/>
        </lin>
        <lin>
          <Opcion V="001"/>
          <Votos V="1580"/>
          <Porc V="048,63"/>
          <Pregunta V="006"/>
        </lin>
        <lin>
          <Opcion V="002"/>
          <Votos V="1669"/>
          <Porc V="051,36"/>
          <Pregunta V="006"/>
        </lin>
        <lin>
          <Opcion V="001"/>
          <Votos V="1610"/>
          <Porc V="051,98"/>
          <Pregunta V="007"/>
        </lin>
        <lin>
          <Opcion V="002"/>
          <Votos V="1487"/>
          <Porc V="048,01"/>
          <Pregunta V="007"/>
        </lin>
      </Detalle_Opcion>
    </lin>
  </Detalle_Circunscripcion>
</Boletin>
</Boletin_Consolidado>