<Boletin_Consolidado><Boletin>
  <Numero V="0008"/>
  <Boletin_Departamental V="0012"/>
  <Tipo_Boletin V="DEPARTAMENTAL"/>
  <Desc_Corporacion V="CONSULTA POPULAR"/>
  <Departamento V="05"/>
  <Desc_Departamento V="BOLIVAR"/>
  <Municipio V="097"/>
  <Desc_Municipio V="SIMITI"/>
  <Dia V="21"/>
  <Mes V="8"/>
  <Anio V="2018"/>
  <Hora V="14"/>
  <Minuto V="15"/>
  <Mesas_Instaladas V="37"/>
  <Mesas_Informadas V="37"/>
  <Porc_Mesas_Informadas V="100,00"/>
  <Potencial_Sufragantes V="11964"/>
  <Detalle_Circunscripcion>
    <lin>
      <Circunscripcion V="0"/>
      <Desc_Circunscripcion V="NACIONAL"/>
      <Detalle_Pregunta>
        <lin>
          <Pregunta V="001"/>
          <Total_Sufragantes V="11964"/>
          <Porc_Sufragantes V="100,00"/>
          <Abstencion V="0"/>
          <Porc_Abstencion V="000,00"/>
          <Votos_Validos V="6019"/>
          <Porc_Votos_Validos V="050,30"/>
          <Votos_No_Marcados V="2883"/>
          <Porc_Votos_No_Marcados V="024,09"/>
          <Votos_Nulos V="3062"/>
          <Porc_Votos_Nulos V="025,59"/>
        </lin>
        <lin>
          <Pregunta V="002"/>
          <Total_Sufragantes V="11964"/>
          <Porc_Sufragantes V="100,00"/>
          <Abstencion V="0"/>
          <Porc_Abstencion V="000,00"/>
          <Votos_Validos V="5422"/>
          <Porc_Votos_Validos V="045,31"/>
          <Votos_No_Marcados V="3117"/>
          <Porc_Votos_No_Marcados V="026,05"/>
          <Votos_Nulos V="3425"/>
          <Porc_Votos_Nulos V="028,62"/>
        </lin>
        <lin>
          <Pregunta V="003"/>
          <Total_Sufragantes V="11964"/>
          <Porc_Sufragantes V="100,00"/>
          <Abstencion V="0"/>
          <Porc_Abstencion V="000,00"/>
          <Votos_Validos V="6099"/>
          <Porc_Votos_Validos V="050,97"/>
          <Votos_No_Marcados V="3178"/>
          <Porc_Votos_No_Marcados V="026,56"/>
          <Votos_Nulos V="2687"/>
          <Porc_Votos_Nulos V="022,45"/>
        </lin>
        <lin>
          <Pregunta V="004"/>
          <Total_Sufragantes V="11964"/>
          <Porc_Sufragantes V="100,00"/>
          <Abstencion V="0"/>
          <Porc_Abstencion V="000,00"/>
          <Votos_Validos V="6140"/>
          <Porc_Votos_Validos V="051,32"/>
          <Votos_No_Marcados V="2851"/>
          <Porc_Votos_No_Marcados V="023,82"/>
          <Votos_Nulos V="2973"/>
          <Porc_Votos_Nulos V="024,84"/>
        </lin>
        <lin>
          <Pregunta V="005"/>
          <Total_Sufragantes V="11964"/>
          <Porc_Sufragantes V="100,00"/>
          <Abstencion V="0"/>
          <Porc_Abstencion V="000,00"/>
          <Votos_Validos V="5522"/>
          <Porc_Votos_Validos V="046,15"/>
          <Votos_No_Marcados V="3368"/>
          <Porc_Votos_No_Marcados V="028,15"/>
          <Votos_Nulos V="3074"/>
          <Porc_Votos_Nulos V="025,69"/>
        </lin>
        <lin>
          <Pregunta V="006"/>
          <Total_Sufragantes V="11964"/>
          <Porc_Sufragantes V="100,00"/>
          <Abstencion V="0"/>
          <Porc_Abstencion V="000,00"/>
          <Votos_Validos V="6669"/>
          <Porc_Votos_Validos V="055,74"/>
          <Votos_No_Marcados V="2569"/>
          <Porc_Votos_No_Marcados V="021,47"/>
          <Votos_Nulos V="2726"/>
          <Porc_Votos_Nulos V="022,78"/>
        </lin>
        <lin>
          <Pregunta V="007"/>
          <Total_Sufragantes V="11964"/>
          <Porc_Sufragantes V="100,00"/>
          <Abstencion V="0"/>
          <Porc_Abstencion V="000,00"/>
          <Votos_Validos V="6135"/>
          <Porc_Votos_Validos V="051,27"/>
          <Votos_No_Marcados V="2909"/>
          <Porc_Votos_No_Marcados V="024,31"/>
          <Votos_Nulos V="2920"/>
          <Porc_Votos_Nulos V="024,40"/>
        </lin>
      </Detalle_Pregunta>
      <Detalle_Opcion>
        <lin>
          <Opcion V="001"/>
          <Votos V="3212"/>
          <Porc V="053,36"/>
          <Pregunta V="001"/>
        </lin>
        <lin>
          <Opcion V="002"/>
          <Votos V="2807"/>
          <Porc V="046,63"/>
          <Pregunta V="001"/>
        </lin>
        <lin>
          <Opcion V="001"/>
          <Votos V="2980"/>
          <Porc V="054,96"/>
          <Pregunta V="002"/>
        </lin>
        <lin>
          <Opcion V="002"/>
          <Votos V="2442"/>
          <Porc V="045,03"/>
          <Pregunta V="002"/>
        </lin>
        <lin>
          <Opcion V="001"/>
          <Votos V="3158"/>
          <Porc V="051,77"/>
          <Pregunta V="003"/>
        </lin>
        <lin>
          <Opcion V="002"/>
          <Votos V="2941"/>
          <Porc V="048,22"/>
          <Pregunta V="003"/>
        </lin>
        <lin>
          <Opcion V="001"/>
          <Votos V="2952"/>
          <Porc V="048,07"/>
          <Pregunta V="004"/>
        </lin>
        <lin>
          <Opcion V="002"/>
          <Votos V="3188"/>
          <Porc V="051,92"/>
          <Pregunta V="004"/>
        </lin>
        <lin>
          <Opcion V="001"/>
          <Votos V="2684"/>
          <Porc V="048,60"/>
          <Pregunta V="005"/>
        </lin>
        <lin>
          <Opcion V="002"/>
          <Votos V="2838"/>
          <Porc V="051,39"/>
          <Pregunta V="005"/>
        </lin>
        <lin>
          <Opcion V="001"/>
          <Votos V="3285"/>
          <Porc V="049,25"/>
          <Pregunta V="006"/>
        </lin>
        <lin>
          <Opcion V="002"/>
          <Votos V="3384"/>
          <Porc V="050,74"/>
          <Pregunta V="006"/>
        </lin>
        <lin>
          <Opcion V="001"/>
          <Votos V="3613"/>
          <Porc V="058,89"/>
          <Pregunta V="007"/>
        </lin>
        <lin>
          <Opcion V="002"/>
          <Votos V="2522"/>
          <Porc V="041,10"/>
          <Pregunta V="007"/>
        </lin>
      </Detalle_Opcion>
    </lin>
  </Detalle_Circunscripcion>
</Boletin>
</Boletin_Consolidado>