<Boletin_Consolidado><Boletin>
  <Numero V="0008"/>
  <Boletin_Departamental V="0012"/>
  <Tipo_Boletin V="DEPARTAMENTAL"/>
  <Desc_Corporacion V="CONSULTA POPULAR"/>
  <Departamento V="09"/>
  <Desc_Departamento V="CALDAS"/>
  <Municipio V="004"/>
  <Desc_Municipio V="AGUADAS"/>
  <Dia V="21"/>
  <Mes V="8"/>
  <Anio V="2018"/>
  <Hora V="14"/>
  <Minuto V="15"/>
  <Mesas_Instaladas V="54"/>
  <Mesas_Informadas V="54"/>
  <Porc_Mesas_Informadas V="100,00"/>
  <Potencial_Sufragantes V="18640"/>
  <Detalle_Circunscripcion>
    <lin>
      <Circunscripcion V="0"/>
      <Desc_Circunscripcion V="NACIONAL"/>
      <Detalle_Pregunta>
        <lin>
          <Pregunta V="001"/>
          <Total_Sufragantes V="18640"/>
          <Porc_Sufragantes V="100,00"/>
          <Abstencion V="0"/>
          <Porc_Abstencion V="000,00"/>
          <Votos_Validos V="9482"/>
          <Porc_Votos_Validos V="050,86"/>
          <Votos_No_Marcados V="4449"/>
          <Porc_Votos_No_Marcados V="023,86"/>
          <Votos_Nulos V="4709"/>
          <Porc_Votos_Nulos V="025,26"/>
        </lin>
        <lin>
          <Pregunta V="002"/>
          <Total_Sufragantes V="18640"/>
          <Porc_Sufragantes V="100,00"/>
          <Abstencion V="0"/>
          <Porc_Abstencion V="000,00"/>
          <Votos_Validos V="9524"/>
          <Porc_Votos_Validos V="051,09"/>
          <Votos_No_Marcados V="4796"/>
          <Porc_Votos_No_Marcados V="025,72"/>
          <Votos_Nulos V="4320"/>
          <Porc_Votos_Nulos V="023,17"/>
        </lin>
        <lin>
          <Pregunta V="003"/>
          <Total_Sufragantes V="18640"/>
          <Porc_Sufragantes V="100,00"/>
          <Abstencion V="0"/>
          <Porc_Abstencion V="000,00"/>
          <Votos_Validos V="9045"/>
          <Porc_Votos_Validos V="048,52"/>
          <Votos_No_Marcados V="4579"/>
          <Porc_Votos_No_Marcados V="024,56"/>
          <Votos_Nulos V="5016"/>
          <Porc_Votos_Nulos V="026,90"/>
        </lin>
        <lin>
          <Pregunta V="004"/>
          <Total_Sufragantes V="18640"/>
          <Porc_Sufragantes V="100,00"/>
          <Abstencion V="0"/>
          <Porc_Abstencion V="000,00"/>
          <Votos_Validos V="8228"/>
          <Porc_Votos_Validos V="044,14"/>
          <Votos_No_Marcados V="5299"/>
          <Porc_Votos_No_Marcados V="028,42"/>
          <Votos_Nulos V="5113"/>
          <Porc_Votos_Nulos V="027,43"/>
        </lin>
        <lin>
          <Pregunta V="005"/>
          <Total_Sufragantes V="18640"/>
          <Porc_Sufragantes V="100,00"/>
          <Abstencion V="0"/>
          <Porc_Abstencion V="000,00"/>
          <Votos_Validos V="9394"/>
          <Porc_Votos_Validos V="050,39"/>
          <Votos_No_Marcados V="4616"/>
          <Porc_Votos_No_Marcados V="024,76"/>
          <Votos_Nulos V="4630"/>
          <Porc_Votos_Nulos V="024,83"/>
        </lin>
        <lin>
          <Pregunta V="006"/>
          <Total_Sufragantes V="18640"/>
          <Porc_Sufragantes V="100,00"/>
          <Abstencion V="0"/>
          <Porc_Abstencion V="000,00"/>
          <Votos_Validos V="8664"/>
          <Porc_Votos_Validos V="046,48"/>
          <Votos_No_Marcados V="5232"/>
          <Porc_Votos_No_Marcados V="028,06"/>
          <Votos_Nulos V="4744"/>
          <Porc_Votos_Nulos V="025,45"/>
        </lin>
        <lin>
          <Pregunta V="007"/>
          <Total_Sufragantes V="18640"/>
          <Porc_Sufragantes V="100,00"/>
          <Abstencion V="0"/>
          <Porc_Abstencion V="000,00"/>
          <Votos_Validos V="9386"/>
          <Porc_Votos_Validos V="050,35"/>
          <Votos_No_Marcados V="4618"/>
          <Porc_Votos_No_Marcados V="024,77"/>
          <Votos_Nulos V="4636"/>
          <Porc_Votos_Nulos V="024,87"/>
        </lin>
      </Detalle_Pregunta>
      <Detalle_Opcion>
        <lin>
          <Opcion V="001"/>
          <Votos V="4405"/>
          <Porc V="046,45"/>
          <Pregunta V="001"/>
        </lin>
        <lin>
          <Opcion V="002"/>
          <Votos V="5077"/>
          <Porc V="053,54"/>
          <Pregunta V="001"/>
        </lin>
        <lin>
          <Opcion V="001"/>
          <Votos V="4330"/>
          <Porc V="045,46"/>
          <Pregunta V="002"/>
        </lin>
        <lin>
          <Opcion V="002"/>
          <Votos V="5194"/>
          <Porc V="054,53"/>
          <Pregunta V="002"/>
        </lin>
        <lin>
          <Opcion V="001"/>
          <Votos V="3602"/>
          <Porc V="039,82"/>
          <Pregunta V="003"/>
        </lin>
        <lin>
          <Opcion V="002"/>
          <Votos V="5443"/>
          <Porc V="060,17"/>
          <Pregunta V="003"/>
        </lin>
        <lin>
          <Opcion V="001"/>
          <Votos V="3929"/>
          <Porc V="047,75"/>
          <Pregunta V="004"/>
        </lin>
        <lin>
          <Opcion V="002"/>
          <Votos V="4299"/>
          <Porc V="052,24"/>
          <Pregunta V="004"/>
        </lin>
        <lin>
          <Opcion V="001"/>
          <Votos V="4693"/>
          <Porc V="049,95"/>
          <Pregunta V="005"/>
        </lin>
        <lin>
          <Opcion V="002"/>
          <Votos V="4701"/>
          <Porc V="050,04"/>
          <Pregunta V="005"/>
        </lin>
        <lin>
          <Opcion V="001"/>
          <Votos V="4625"/>
          <Porc V="053,38"/>
          <Pregunta V="006"/>
        </lin>
        <lin>
          <Opcion V="002"/>
          <Votos V="4039"/>
          <Porc V="046,61"/>
          <Pregunta V="006"/>
        </lin>
        <lin>
          <Opcion V="001"/>
          <Votos V="4369"/>
          <Porc V="046,54"/>
          <Pregunta V="007"/>
        </lin>
        <lin>
          <Opcion V="002"/>
          <Votos V="5017"/>
          <Porc V="053,45"/>
          <Pregunta V="007"/>
        </lin>
      </Detalle_Opcion>
    </lin>
  </Detalle_Circunscripcion>
</Boletin>
</Boletin_Consolidado>