<Boletin_Consolidado><Boletin>
  <Numero V="0008"/>
  <Boletin_Departamental V="0012"/>
  <Tipo_Boletin V="DEPARTAMENTAL"/>
  <Desc_Corporacion V="CONSULTA POPULAR"/>
  <Departamento V="01"/>
  <Desc_Departamento V="ANTIOQUIA"/>
  <Municipio V="205"/>
  <Desc_Municipio V="PUERTO BERRIO"/>
  <Dia V="21"/>
  <Mes V="8"/>
  <Anio V="2018"/>
  <Hora V="14"/>
  <Minuto V="15"/>
  <Mesas_Instaladas V="96"/>
  <Mesas_Informadas V="96"/>
  <Porc_Mesas_Informadas V="100,00"/>
  <Potencial_Sufragantes V="34308"/>
  <Detalle_Circunscripcion>
    <lin>
      <Circunscripcion V="0"/>
      <Desc_Circunscripcion V="NACIONAL"/>
      <Detalle_Pregunta>
        <lin>
          <Pregunta V="001"/>
          <Total_Sufragantes V="34308"/>
          <Porc_Sufragantes V="100,00"/>
          <Abstencion V="0"/>
          <Porc_Abstencion V="000,00"/>
          <Votos_Validos V="18106"/>
          <Porc_Votos_Validos V="052,77"/>
          <Votos_No_Marcados V="8391"/>
          <Porc_Votos_No_Marcados V="024,45"/>
          <Votos_Nulos V="7811"/>
          <Porc_Votos_Nulos V="022,76"/>
        </lin>
        <lin>
          <Pregunta V="002"/>
          <Total_Sufragantes V="34308"/>
          <Porc_Sufragantes V="100,00"/>
          <Abstencion V="0"/>
          <Porc_Abstencion V="000,00"/>
          <Votos_Validos V="16445"/>
          <Porc_Votos_Validos V="047,93"/>
          <Votos_No_Marcados V="9393"/>
          <Porc_Votos_No_Marcados V="027,37"/>
          <Votos_Nulos V="8470"/>
          <Porc_Votos_Nulos V="024,68"/>
        </lin>
        <lin>
          <Pregunta V="003"/>
          <Total_Sufragantes V="34308"/>
          <Porc_Sufragantes V="100,00"/>
          <Abstencion V="0"/>
          <Porc_Abstencion V="000,00"/>
          <Votos_Validos V="17724"/>
          <Porc_Votos_Validos V="051,66"/>
          <Votos_No_Marcados V="8958"/>
          <Porc_Votos_No_Marcados V="026,11"/>
          <Votos_Nulos V="7626"/>
          <Porc_Votos_Nulos V="022,22"/>
        </lin>
        <lin>
          <Pregunta V="004"/>
          <Total_Sufragantes V="34308"/>
          <Porc_Sufragantes V="100,00"/>
          <Abstencion V="0"/>
          <Porc_Abstencion V="000,00"/>
          <Votos_Validos V="16720"/>
          <Porc_Votos_Validos V="048,73"/>
          <Votos_No_Marcados V="8504"/>
          <Porc_Votos_No_Marcados V="024,78"/>
          <Votos_Nulos V="9084"/>
          <Porc_Votos_Nulos V="026,47"/>
        </lin>
        <lin>
          <Pregunta V="005"/>
          <Total_Sufragantes V="34308"/>
          <Porc_Sufragantes V="100,00"/>
          <Abstencion V="0"/>
          <Porc_Abstencion V="000,00"/>
          <Votos_Validos V="17539"/>
          <Porc_Votos_Validos V="051,12"/>
          <Votos_No_Marcados V="8135"/>
          <Porc_Votos_No_Marcados V="023,71"/>
          <Votos_Nulos V="8634"/>
          <Porc_Votos_Nulos V="025,16"/>
        </lin>
        <lin>
          <Pregunta V="006"/>
          <Total_Sufragantes V="34308"/>
          <Porc_Sufragantes V="100,00"/>
          <Abstencion V="0"/>
          <Porc_Abstencion V="000,00"/>
          <Votos_Validos V="16736"/>
          <Porc_Votos_Validos V="048,78"/>
          <Votos_No_Marcados V="8929"/>
          <Porc_Votos_No_Marcados V="026,02"/>
          <Votos_Nulos V="8643"/>
          <Porc_Votos_Nulos V="025,19"/>
        </lin>
        <lin>
          <Pregunta V="007"/>
          <Total_Sufragantes V="34308"/>
          <Porc_Sufragantes V="100,00"/>
          <Abstencion V="0"/>
          <Porc_Abstencion V="000,00"/>
          <Votos_Validos V="16538"/>
          <Porc_Votos_Validos V="048,20"/>
          <Votos_No_Marcados V="9221"/>
          <Porc_Votos_No_Marcados V="026,87"/>
          <Votos_Nulos V="8549"/>
          <Porc_Votos_Nulos V="024,91"/>
        </lin>
      </Detalle_Pregunta>
      <Detalle_Opcion>
        <lin>
          <Opcion V="001"/>
          <Votos V="8226"/>
          <Porc V="045,43"/>
          <Pregunta V="001"/>
        </lin>
        <lin>
          <Opcion V="002"/>
          <Votos V="9880"/>
          <Porc V="054,56"/>
          <Pregunta V="001"/>
        </lin>
        <lin>
          <Opcion V="001"/>
          <Votos V="8351"/>
          <Porc V="050,78"/>
          <Pregunta V="002"/>
        </lin>
        <lin>
          <Opcion V="002"/>
          <Votos V="8094"/>
          <Porc V="049,21"/>
          <Pregunta V="002"/>
        </lin>
        <lin>
          <Opcion V="001"/>
          <Votos V="8651"/>
          <Porc V="048,80"/>
          <Pregunta V="003"/>
        </lin>
        <lin>
          <Opcion V="002"/>
          <Votos V="9073"/>
          <Porc V="051,19"/>
          <Pregunta V="003"/>
        </lin>
        <lin>
          <Opcion V="001"/>
          <Votos V="8450"/>
          <Porc V="050,53"/>
          <Pregunta V="004"/>
        </lin>
        <lin>
          <Opcion V="002"/>
          <Votos V="8270"/>
          <Porc V="049,46"/>
          <Pregunta V="004"/>
        </lin>
        <lin>
          <Opcion V="001"/>
          <Votos V="8979"/>
          <Porc V="051,19"/>
          <Pregunta V="005"/>
        </lin>
        <lin>
          <Opcion V="002"/>
          <Votos V="8560"/>
          <Porc V="048,80"/>
          <Pregunta V="005"/>
        </lin>
        <lin>
          <Opcion V="001"/>
          <Votos V="7970"/>
          <Porc V="047,62"/>
          <Pregunta V="006"/>
        </lin>
        <lin>
          <Opcion V="002"/>
          <Votos V="8766"/>
          <Porc V="052,37"/>
          <Pregunta V="006"/>
        </lin>
        <lin>
          <Opcion V="001"/>
          <Votos V="8170"/>
          <Porc V="049,40"/>
          <Pregunta V="007"/>
        </lin>
        <lin>
          <Opcion V="002"/>
          <Votos V="8368"/>
          <Porc V="050,59"/>
          <Pregunta V="007"/>
        </lin>
      </Detalle_Opcion>
    </lin>
  </Detalle_Circunscripcion>
</Boletin>
</Boletin_Consolidado>