<Boletin_Consolidado><Boletin>
  <Numero V="0008"/>
  <Boletin_Departamental V="0012"/>
  <Tipo_Boletin V="DEPARTAMENTAL"/>
  <Desc_Corporacion V="CONSULTA POPULAR"/>
  <Departamento V="15"/>
  <Desc_Departamento V="CUNDINAMARCA"/>
  <Municipio V="070"/>
  <Desc_Municipio V="EL PEÑON"/>
  <Dia V="21"/>
  <Mes V="8"/>
  <Anio V="2018"/>
  <Hora V="14"/>
  <Minuto V="15"/>
  <Mesas_Instaladas V="13"/>
  <Mesas_Informadas V="13"/>
  <Porc_Mesas_Informadas V="100,00"/>
  <Potencial_Sufragantes V="4345"/>
  <Detalle_Circunscripcion>
    <lin>
      <Circunscripcion V="0"/>
      <Desc_Circunscripcion V="NACIONAL"/>
      <Detalle_Pregunta>
        <lin>
          <Pregunta V="001"/>
          <Total_Sufragantes V="4345"/>
          <Porc_Sufragantes V="100,00"/>
          <Abstencion V="0"/>
          <Porc_Abstencion V="000,00"/>
          <Votos_Validos V="2367"/>
          <Porc_Votos_Validos V="054,47"/>
          <Votos_No_Marcados V="976"/>
          <Porc_Votos_No_Marcados V="022,46"/>
          <Votos_Nulos V="1002"/>
          <Porc_Votos_Nulos V="023,06"/>
        </lin>
        <lin>
          <Pregunta V="002"/>
          <Total_Sufragantes V="4345"/>
          <Porc_Sufragantes V="100,00"/>
          <Abstencion V="0"/>
          <Porc_Abstencion V="000,00"/>
          <Votos_Validos V="1546"/>
          <Porc_Votos_Validos V="035,58"/>
          <Votos_No_Marcados V="1362"/>
          <Porc_Votos_No_Marcados V="031,34"/>
          <Votos_Nulos V="1437"/>
          <Porc_Votos_Nulos V="033,07"/>
        </lin>
        <lin>
          <Pregunta V="003"/>
          <Total_Sufragantes V="4345"/>
          <Porc_Sufragantes V="100,00"/>
          <Abstencion V="0"/>
          <Porc_Abstencion V="000,00"/>
          <Votos_Validos V="2211"/>
          <Porc_Votos_Validos V="050,88"/>
          <Votos_No_Marcados V="1014"/>
          <Porc_Votos_No_Marcados V="023,33"/>
          <Votos_Nulos V="1120"/>
          <Porc_Votos_Nulos V="025,77"/>
        </lin>
        <lin>
          <Pregunta V="004"/>
          <Total_Sufragantes V="4345"/>
          <Porc_Sufragantes V="100,00"/>
          <Abstencion V="0"/>
          <Porc_Abstencion V="000,00"/>
          <Votos_Validos V="2198"/>
          <Porc_Votos_Validos V="050,58"/>
          <Votos_No_Marcados V="950"/>
          <Porc_Votos_No_Marcados V="021,86"/>
          <Votos_Nulos V="1197"/>
          <Porc_Votos_Nulos V="027,54"/>
        </lin>
        <lin>
          <Pregunta V="005"/>
          <Total_Sufragantes V="4345"/>
          <Porc_Sufragantes V="100,00"/>
          <Abstencion V="0"/>
          <Porc_Abstencion V="000,00"/>
          <Votos_Validos V="2280"/>
          <Porc_Votos_Validos V="052,47"/>
          <Votos_No_Marcados V="1058"/>
          <Porc_Votos_No_Marcados V="024,34"/>
          <Votos_Nulos V="1007"/>
          <Porc_Votos_Nulos V="023,17"/>
        </lin>
        <lin>
          <Pregunta V="006"/>
          <Total_Sufragantes V="4345"/>
          <Porc_Sufragantes V="100,00"/>
          <Abstencion V="0"/>
          <Porc_Abstencion V="000,00"/>
          <Votos_Validos V="2028"/>
          <Porc_Votos_Validos V="046,67"/>
          <Votos_No_Marcados V="1133"/>
          <Porc_Votos_No_Marcados V="026,07"/>
          <Votos_Nulos V="1184"/>
          <Porc_Votos_Nulos V="027,24"/>
        </lin>
        <lin>
          <Pregunta V="007"/>
          <Total_Sufragantes V="4345"/>
          <Porc_Sufragantes V="100,00"/>
          <Abstencion V="0"/>
          <Porc_Abstencion V="000,00"/>
          <Votos_Validos V="2034"/>
          <Porc_Votos_Validos V="046,81"/>
          <Votos_No_Marcados V="1340"/>
          <Porc_Votos_No_Marcados V="030,84"/>
          <Votos_Nulos V="971"/>
          <Porc_Votos_Nulos V="022,34"/>
        </lin>
      </Detalle_Pregunta>
      <Detalle_Opcion>
        <lin>
          <Opcion V="001"/>
          <Votos V="1204"/>
          <Porc V="050,86"/>
          <Pregunta V="001"/>
        </lin>
        <lin>
          <Opcion V="002"/>
          <Votos V="1163"/>
          <Porc V="049,13"/>
          <Pregunta V="001"/>
        </lin>
        <lin>
          <Opcion V="001"/>
          <Votos V="776"/>
          <Porc V="050,19"/>
          <Pregunta V="002"/>
        </lin>
        <lin>
          <Opcion V="002"/>
          <Votos V="770"/>
          <Porc V="049,80"/>
          <Pregunta V="002"/>
        </lin>
        <lin>
          <Opcion V="001"/>
          <Votos V="1296"/>
          <Porc V="058,61"/>
          <Pregunta V="003"/>
        </lin>
        <lin>
          <Opcion V="002"/>
          <Votos V="915"/>
          <Porc V="041,38"/>
          <Pregunta V="003"/>
        </lin>
        <lin>
          <Opcion V="001"/>
          <Votos V="1022"/>
          <Porc V="046,49"/>
          <Pregunta V="004"/>
        </lin>
        <lin>
          <Opcion V="002"/>
          <Votos V="1176"/>
          <Porc V="053,50"/>
          <Pregunta V="004"/>
        </lin>
        <lin>
          <Opcion V="001"/>
          <Votos V="927"/>
          <Porc V="040,65"/>
          <Pregunta V="005"/>
        </lin>
        <lin>
          <Opcion V="002"/>
          <Votos V="1353"/>
          <Porc V="059,34"/>
          <Pregunta V="005"/>
        </lin>
        <lin>
          <Opcion V="001"/>
          <Votos V="858"/>
          <Porc V="042,30"/>
          <Pregunta V="006"/>
        </lin>
        <lin>
          <Opcion V="002"/>
          <Votos V="1170"/>
          <Porc V="057,69"/>
          <Pregunta V="006"/>
        </lin>
        <lin>
          <Opcion V="001"/>
          <Votos V="1083"/>
          <Porc V="053,24"/>
          <Pregunta V="007"/>
        </lin>
        <lin>
          <Opcion V="002"/>
          <Votos V="951"/>
          <Porc V="046,75"/>
          <Pregunta V="007"/>
        </lin>
      </Detalle_Opcion>
    </lin>
  </Detalle_Circunscripcion>
</Boletin>
</Boletin_Consolidado>