<Boletin_Consolidado><Boletin>
  <Numero V="0008"/>
  <Boletin_Departamental V="0012"/>
  <Tipo_Boletin V="DEPARTAMENTAL"/>
  <Desc_Corporacion V="CONSULTA POPULAR"/>
  <Departamento V="01"/>
  <Desc_Departamento V="ANTIOQUIA"/>
  <Municipio V="301"/>
  <Desc_Municipio V="ZARAGOZA"/>
  <Dia V="21"/>
  <Mes V="8"/>
  <Anio V="2018"/>
  <Hora V="14"/>
  <Minuto V="15"/>
  <Mesas_Instaladas V="53"/>
  <Mesas_Informadas V="53"/>
  <Porc_Mesas_Informadas V="100,00"/>
  <Potencial_Sufragantes V="19338"/>
  <Detalle_Circunscripcion>
    <lin>
      <Circunscripcion V="0"/>
      <Desc_Circunscripcion V="NACIONAL"/>
      <Detalle_Pregunta>
        <lin>
          <Pregunta V="001"/>
          <Total_Sufragantes V="19338"/>
          <Porc_Sufragantes V="100,00"/>
          <Abstencion V="0"/>
          <Porc_Abstencion V="000,00"/>
          <Votos_Validos V="9352"/>
          <Porc_Votos_Validos V="048,36"/>
          <Votos_No_Marcados V="5252"/>
          <Porc_Votos_No_Marcados V="027,15"/>
          <Votos_Nulos V="4734"/>
          <Porc_Votos_Nulos V="024,48"/>
        </lin>
        <lin>
          <Pregunta V="002"/>
          <Total_Sufragantes V="19338"/>
          <Porc_Sufragantes V="100,00"/>
          <Abstencion V="0"/>
          <Porc_Abstencion V="000,00"/>
          <Votos_Validos V="9763"/>
          <Porc_Votos_Validos V="050,48"/>
          <Votos_No_Marcados V="4618"/>
          <Porc_Votos_No_Marcados V="023,88"/>
          <Votos_Nulos V="4957"/>
          <Porc_Votos_Nulos V="025,63"/>
        </lin>
        <lin>
          <Pregunta V="003"/>
          <Total_Sufragantes V="19338"/>
          <Porc_Sufragantes V="100,00"/>
          <Abstencion V="0"/>
          <Porc_Abstencion V="000,00"/>
          <Votos_Validos V="9317"/>
          <Porc_Votos_Validos V="048,17"/>
          <Votos_No_Marcados V="5164"/>
          <Porc_Votos_No_Marcados V="026,70"/>
          <Votos_Nulos V="4857"/>
          <Porc_Votos_Nulos V="025,11"/>
        </lin>
        <lin>
          <Pregunta V="004"/>
          <Total_Sufragantes V="19338"/>
          <Porc_Sufragantes V="100,00"/>
          <Abstencion V="0"/>
          <Porc_Abstencion V="000,00"/>
          <Votos_Validos V="10193"/>
          <Porc_Votos_Validos V="052,70"/>
          <Votos_No_Marcados V="4820"/>
          <Porc_Votos_No_Marcados V="024,92"/>
          <Votos_Nulos V="4325"/>
          <Porc_Votos_Nulos V="022,36"/>
        </lin>
        <lin>
          <Pregunta V="005"/>
          <Total_Sufragantes V="19338"/>
          <Porc_Sufragantes V="100,00"/>
          <Abstencion V="0"/>
          <Porc_Abstencion V="000,00"/>
          <Votos_Validos V="9766"/>
          <Porc_Votos_Validos V="050,50"/>
          <Votos_No_Marcados V="5054"/>
          <Porc_Votos_No_Marcados V="026,13"/>
          <Votos_Nulos V="4518"/>
          <Porc_Votos_Nulos V="023,36"/>
        </lin>
        <lin>
          <Pregunta V="006"/>
          <Total_Sufragantes V="19338"/>
          <Porc_Sufragantes V="100,00"/>
          <Abstencion V="0"/>
          <Porc_Abstencion V="000,00"/>
          <Votos_Validos V="10180"/>
          <Porc_Votos_Validos V="052,64"/>
          <Votos_No_Marcados V="4119"/>
          <Porc_Votos_No_Marcados V="021,30"/>
          <Votos_Nulos V="5039"/>
          <Porc_Votos_Nulos V="026,05"/>
        </lin>
        <lin>
          <Pregunta V="007"/>
          <Total_Sufragantes V="19338"/>
          <Porc_Sufragantes V="100,00"/>
          <Abstencion V="0"/>
          <Porc_Abstencion V="000,00"/>
          <Votos_Validos V="9388"/>
          <Porc_Votos_Validos V="048,54"/>
          <Votos_No_Marcados V="4693"/>
          <Porc_Votos_No_Marcados V="024,26"/>
          <Votos_Nulos V="5257"/>
          <Porc_Votos_Nulos V="027,18"/>
        </lin>
      </Detalle_Pregunta>
      <Detalle_Opcion>
        <lin>
          <Opcion V="001"/>
          <Votos V="4587"/>
          <Porc V="049,04"/>
          <Pregunta V="001"/>
        </lin>
        <lin>
          <Opcion V="002"/>
          <Votos V="4765"/>
          <Porc V="050,95"/>
          <Pregunta V="001"/>
        </lin>
        <lin>
          <Opcion V="001"/>
          <Votos V="4780"/>
          <Porc V="048,96"/>
          <Pregunta V="002"/>
        </lin>
        <lin>
          <Opcion V="002"/>
          <Votos V="4983"/>
          <Porc V="051,03"/>
          <Pregunta V="002"/>
        </lin>
        <lin>
          <Opcion V="001"/>
          <Votos V="4330"/>
          <Porc V="046,47"/>
          <Pregunta V="003"/>
        </lin>
        <lin>
          <Opcion V="002"/>
          <Votos V="4987"/>
          <Porc V="053,52"/>
          <Pregunta V="003"/>
        </lin>
        <lin>
          <Opcion V="001"/>
          <Votos V="4776"/>
          <Porc V="046,85"/>
          <Pregunta V="004"/>
        </lin>
        <lin>
          <Opcion V="002"/>
          <Votos V="5417"/>
          <Porc V="053,14"/>
          <Pregunta V="004"/>
        </lin>
        <lin>
          <Opcion V="001"/>
          <Votos V="4844"/>
          <Porc V="049,60"/>
          <Pregunta V="005"/>
        </lin>
        <lin>
          <Opcion V="002"/>
          <Votos V="4922"/>
          <Porc V="050,39"/>
          <Pregunta V="005"/>
        </lin>
        <lin>
          <Opcion V="001"/>
          <Votos V="4800"/>
          <Porc V="047,15"/>
          <Pregunta V="006"/>
        </lin>
        <lin>
          <Opcion V="002"/>
          <Votos V="5380"/>
          <Porc V="052,84"/>
          <Pregunta V="006"/>
        </lin>
        <lin>
          <Opcion V="001"/>
          <Votos V="4189"/>
          <Porc V="044,62"/>
          <Pregunta V="007"/>
        </lin>
        <lin>
          <Opcion V="002"/>
          <Votos V="5199"/>
          <Porc V="055,37"/>
          <Pregunta V="007"/>
        </lin>
      </Detalle_Opcion>
    </lin>
  </Detalle_Circunscripcion>
</Boletin>
</Boletin_Consolidado>