<Boletin_Consolidado><Boletin>
  <Numero V="0008"/>
  <Boletin_Departamental V="0012"/>
  <Tipo_Boletin V="DEPARTAMENTAL"/>
  <Desc_Corporacion V="CONSULTA POPULAR"/>
  <Departamento V="13"/>
  <Desc_Departamento V="CORDOBA"/>
  <Municipio V="046"/>
  <Desc_Municipio V="SAN BERNARDO DEL VIENTO"/>
  <Dia V="21"/>
  <Mes V="8"/>
  <Anio V="2018"/>
  <Hora V="14"/>
  <Minuto V="15"/>
  <Mesas_Instaladas V="79"/>
  <Mesas_Informadas V="79"/>
  <Porc_Mesas_Informadas V="100,00"/>
  <Potencial_Sufragantes V="26856"/>
  <Detalle_Circunscripcion>
    <lin>
      <Circunscripcion V="0"/>
      <Desc_Circunscripcion V="NACIONAL"/>
      <Detalle_Pregunta>
        <lin>
          <Pregunta V="001"/>
          <Total_Sufragantes V="26856"/>
          <Porc_Sufragantes V="100,00"/>
          <Abstencion V="0"/>
          <Porc_Abstencion V="000,00"/>
          <Votos_Validos V="13821"/>
          <Porc_Votos_Validos V="051,46"/>
          <Votos_No_Marcados V="7003"/>
          <Porc_Votos_No_Marcados V="026,07"/>
          <Votos_Nulos V="6032"/>
          <Porc_Votos_Nulos V="022,46"/>
        </lin>
        <lin>
          <Pregunta V="002"/>
          <Total_Sufragantes V="26856"/>
          <Porc_Sufragantes V="100,00"/>
          <Abstencion V="0"/>
          <Porc_Abstencion V="000,00"/>
          <Votos_Validos V="13760"/>
          <Porc_Votos_Validos V="051,23"/>
          <Votos_No_Marcados V="6838"/>
          <Porc_Votos_No_Marcados V="025,46"/>
          <Votos_Nulos V="6258"/>
          <Porc_Votos_Nulos V="023,30"/>
        </lin>
        <lin>
          <Pregunta V="003"/>
          <Total_Sufragantes V="26856"/>
          <Porc_Sufragantes V="100,00"/>
          <Abstencion V="0"/>
          <Porc_Abstencion V="000,00"/>
          <Votos_Validos V="13877"/>
          <Porc_Votos_Validos V="051,67"/>
          <Votos_No_Marcados V="6108"/>
          <Porc_Votos_No_Marcados V="022,74"/>
          <Votos_Nulos V="6871"/>
          <Porc_Votos_Nulos V="025,58"/>
        </lin>
        <lin>
          <Pregunta V="004"/>
          <Total_Sufragantes V="26856"/>
          <Porc_Sufragantes V="100,00"/>
          <Abstencion V="0"/>
          <Porc_Abstencion V="000,00"/>
          <Votos_Validos V="13123"/>
          <Porc_Votos_Validos V="048,86"/>
          <Votos_No_Marcados V="6614"/>
          <Porc_Votos_No_Marcados V="024,62"/>
          <Votos_Nulos V="7119"/>
          <Porc_Votos_Nulos V="026,50"/>
        </lin>
        <lin>
          <Pregunta V="005"/>
          <Total_Sufragantes V="26856"/>
          <Porc_Sufragantes V="100,00"/>
          <Abstencion V="0"/>
          <Porc_Abstencion V="000,00"/>
          <Votos_Validos V="13763"/>
          <Porc_Votos_Validos V="051,24"/>
          <Votos_No_Marcados V="7421"/>
          <Porc_Votos_No_Marcados V="027,63"/>
          <Votos_Nulos V="5672"/>
          <Porc_Votos_Nulos V="021,12"/>
        </lin>
        <lin>
          <Pregunta V="006"/>
          <Total_Sufragantes V="26856"/>
          <Porc_Sufragantes V="100,00"/>
          <Abstencion V="0"/>
          <Porc_Abstencion V="000,00"/>
          <Votos_Validos V="13744"/>
          <Porc_Votos_Validos V="051,17"/>
          <Votos_No_Marcados V="6431"/>
          <Porc_Votos_No_Marcados V="023,94"/>
          <Votos_Nulos V="6681"/>
          <Porc_Votos_Nulos V="024,87"/>
        </lin>
        <lin>
          <Pregunta V="007"/>
          <Total_Sufragantes V="26856"/>
          <Porc_Sufragantes V="100,00"/>
          <Abstencion V="0"/>
          <Porc_Abstencion V="000,00"/>
          <Votos_Validos V="13939"/>
          <Porc_Votos_Validos V="051,90"/>
          <Votos_No_Marcados V="6473"/>
          <Porc_Votos_No_Marcados V="024,10"/>
          <Votos_Nulos V="6444"/>
          <Porc_Votos_Nulos V="023,99"/>
        </lin>
      </Detalle_Pregunta>
      <Detalle_Opcion>
        <lin>
          <Opcion V="001"/>
          <Votos V="6603"/>
          <Porc V="047,77"/>
          <Pregunta V="001"/>
        </lin>
        <lin>
          <Opcion V="002"/>
          <Votos V="7218"/>
          <Porc V="052,22"/>
          <Pregunta V="001"/>
        </lin>
        <lin>
          <Opcion V="001"/>
          <Votos V="6664"/>
          <Porc V="048,43"/>
          <Pregunta V="002"/>
        </lin>
        <lin>
          <Opcion V="002"/>
          <Votos V="7096"/>
          <Porc V="051,56"/>
          <Pregunta V="002"/>
        </lin>
        <lin>
          <Opcion V="001"/>
          <Votos V="6913"/>
          <Porc V="049,81"/>
          <Pregunta V="003"/>
        </lin>
        <lin>
          <Opcion V="002"/>
          <Votos V="6964"/>
          <Porc V="050,18"/>
          <Pregunta V="003"/>
        </lin>
        <lin>
          <Opcion V="001"/>
          <Votos V="6974"/>
          <Porc V="053,14"/>
          <Pregunta V="004"/>
        </lin>
        <lin>
          <Opcion V="002"/>
          <Votos V="6149"/>
          <Porc V="046,85"/>
          <Pregunta V="004"/>
        </lin>
        <lin>
          <Opcion V="001"/>
          <Votos V="6768"/>
          <Porc V="049,17"/>
          <Pregunta V="005"/>
        </lin>
        <lin>
          <Opcion V="002"/>
          <Votos V="6995"/>
          <Porc V="050,82"/>
          <Pregunta V="005"/>
        </lin>
        <lin>
          <Opcion V="001"/>
          <Votos V="7010"/>
          <Porc V="051,00"/>
          <Pregunta V="006"/>
        </lin>
        <lin>
          <Opcion V="002"/>
          <Votos V="6734"/>
          <Porc V="048,99"/>
          <Pregunta V="006"/>
        </lin>
        <lin>
          <Opcion V="001"/>
          <Votos V="6701"/>
          <Porc V="048,07"/>
          <Pregunta V="007"/>
        </lin>
        <lin>
          <Opcion V="002"/>
          <Votos V="7238"/>
          <Porc V="051,92"/>
          <Pregunta V="007"/>
        </lin>
      </Detalle_Opcion>
    </lin>
  </Detalle_Circunscripcion>
</Boletin>
</Boletin_Consolidado>