<Boletin_Consolidado><Boletin>
  <Numero V="0008"/>
  <Boletin_Departamental V="0012"/>
  <Tipo_Boletin V="DEPARTAMENTAL"/>
  <Desc_Corporacion V="CONSULTA POPULAR"/>
  <Departamento V="11"/>
  <Desc_Departamento V="CAUCA"/>
  <Municipio V="025"/>
  <Desc_Municipio V="EL TAMBO"/>
  <Dia V="21"/>
  <Mes V="8"/>
  <Anio V="2018"/>
  <Hora V="14"/>
  <Minuto V="15"/>
  <Mesas_Instaladas V="123"/>
  <Mesas_Informadas V="123"/>
  <Porc_Mesas_Informadas V="100,00"/>
  <Potencial_Sufragantes V="34661"/>
  <Detalle_Circunscripcion>
    <lin>
      <Circunscripcion V="0"/>
      <Desc_Circunscripcion V="NACIONAL"/>
      <Detalle_Pregunta>
        <lin>
          <Pregunta V="001"/>
          <Total_Sufragantes V="34661"/>
          <Porc_Sufragantes V="100,00"/>
          <Abstencion V="0"/>
          <Porc_Abstencion V="000,00"/>
          <Votos_Validos V="16464"/>
          <Porc_Votos_Validos V="047,50"/>
          <Votos_No_Marcados V="9037"/>
          <Porc_Votos_No_Marcados V="026,07"/>
          <Votos_Nulos V="9160"/>
          <Porc_Votos_Nulos V="026,42"/>
        </lin>
        <lin>
          <Pregunta V="002"/>
          <Total_Sufragantes V="34661"/>
          <Porc_Sufragantes V="100,00"/>
          <Abstencion V="0"/>
          <Porc_Abstencion V="000,00"/>
          <Votos_Validos V="17617"/>
          <Porc_Votos_Validos V="050,82"/>
          <Votos_No_Marcados V="8144"/>
          <Porc_Votos_No_Marcados V="023,49"/>
          <Votos_Nulos V="8900"/>
          <Porc_Votos_Nulos V="025,67"/>
        </lin>
        <lin>
          <Pregunta V="003"/>
          <Total_Sufragantes V="34661"/>
          <Porc_Sufragantes V="100,00"/>
          <Abstencion V="0"/>
          <Porc_Abstencion V="000,00"/>
          <Votos_Validos V="17574"/>
          <Porc_Votos_Validos V="050,70"/>
          <Votos_No_Marcados V="8498"/>
          <Porc_Votos_No_Marcados V="024,51"/>
          <Votos_Nulos V="8589"/>
          <Porc_Votos_Nulos V="024,78"/>
        </lin>
        <lin>
          <Pregunta V="004"/>
          <Total_Sufragantes V="34661"/>
          <Porc_Sufragantes V="100,00"/>
          <Abstencion V="0"/>
          <Porc_Abstencion V="000,00"/>
          <Votos_Validos V="18183"/>
          <Porc_Votos_Validos V="052,45"/>
          <Votos_No_Marcados V="7475"/>
          <Porc_Votos_No_Marcados V="021,56"/>
          <Votos_Nulos V="9003"/>
          <Porc_Votos_Nulos V="025,97"/>
        </lin>
        <lin>
          <Pregunta V="005"/>
          <Total_Sufragantes V="34661"/>
          <Porc_Sufragantes V="100,00"/>
          <Abstencion V="0"/>
          <Porc_Abstencion V="000,00"/>
          <Votos_Validos V="17066"/>
          <Porc_Votos_Validos V="049,23"/>
          <Votos_No_Marcados V="9141"/>
          <Porc_Votos_No_Marcados V="026,37"/>
          <Votos_Nulos V="8454"/>
          <Porc_Votos_Nulos V="024,39"/>
        </lin>
        <lin>
          <Pregunta V="006"/>
          <Total_Sufragantes V="34661"/>
          <Porc_Sufragantes V="100,00"/>
          <Abstencion V="0"/>
          <Porc_Abstencion V="000,00"/>
          <Votos_Validos V="17885"/>
          <Porc_Votos_Validos V="051,59"/>
          <Votos_No_Marcados V="7726"/>
          <Porc_Votos_No_Marcados V="022,29"/>
          <Votos_Nulos V="9050"/>
          <Porc_Votos_Nulos V="026,11"/>
        </lin>
        <lin>
          <Pregunta V="007"/>
          <Total_Sufragantes V="34661"/>
          <Porc_Sufragantes V="100,00"/>
          <Abstencion V="0"/>
          <Porc_Abstencion V="000,00"/>
          <Votos_Validos V="18201"/>
          <Porc_Votos_Validos V="052,51"/>
          <Votos_No_Marcados V="7559"/>
          <Porc_Votos_No_Marcados V="021,80"/>
          <Votos_Nulos V="8901"/>
          <Porc_Votos_Nulos V="025,68"/>
        </lin>
      </Detalle_Pregunta>
      <Detalle_Opcion>
        <lin>
          <Opcion V="001"/>
          <Votos V="7622"/>
          <Porc V="046,29"/>
          <Pregunta V="001"/>
        </lin>
        <lin>
          <Opcion V="002"/>
          <Votos V="8842"/>
          <Porc V="053,70"/>
          <Pregunta V="001"/>
        </lin>
        <lin>
          <Opcion V="001"/>
          <Votos V="8545"/>
          <Porc V="048,50"/>
          <Pregunta V="002"/>
        </lin>
        <lin>
          <Opcion V="002"/>
          <Votos V="9072"/>
          <Porc V="051,49"/>
          <Pregunta V="002"/>
        </lin>
        <lin>
          <Opcion V="001"/>
          <Votos V="8833"/>
          <Porc V="050,26"/>
          <Pregunta V="003"/>
        </lin>
        <lin>
          <Opcion V="002"/>
          <Votos V="8741"/>
          <Porc V="049,73"/>
          <Pregunta V="003"/>
        </lin>
        <lin>
          <Opcion V="001"/>
          <Votos V="9159"/>
          <Porc V="050,37"/>
          <Pregunta V="004"/>
        </lin>
        <lin>
          <Opcion V="002"/>
          <Votos V="9024"/>
          <Porc V="049,62"/>
          <Pregunta V="004"/>
        </lin>
        <lin>
          <Opcion V="001"/>
          <Votos V="8306"/>
          <Porc V="048,66"/>
          <Pregunta V="005"/>
        </lin>
        <lin>
          <Opcion V="002"/>
          <Votos V="8760"/>
          <Porc V="051,33"/>
          <Pregunta V="005"/>
        </lin>
        <lin>
          <Opcion V="001"/>
          <Votos V="8190"/>
          <Porc V="045,79"/>
          <Pregunta V="006"/>
        </lin>
        <lin>
          <Opcion V="002"/>
          <Votos V="9695"/>
          <Porc V="054,20"/>
          <Pregunta V="006"/>
        </lin>
        <lin>
          <Opcion V="001"/>
          <Votos V="9441"/>
          <Porc V="051,87"/>
          <Pregunta V="007"/>
        </lin>
        <lin>
          <Opcion V="002"/>
          <Votos V="8760"/>
          <Porc V="048,12"/>
          <Pregunta V="007"/>
        </lin>
      </Detalle_Opcion>
    </lin>
  </Detalle_Circunscripcion>
</Boletin>
</Boletin_Consolidado>