<Boletin_Consolidado><Boletin>
  <Numero V="0008"/>
  <Boletin_Departamental V="0011"/>
  <Tipo_Boletin V="DEPARTAMENTAL"/>
  <Desc_Corporacion V="CONSULTA POPULAR"/>
  <Departamento V="07"/>
  <Desc_Departamento V="BOYACA"/>
  <Municipio V="232"/>
  <Desc_Municipio V="SACHICA"/>
  <Dia V="21"/>
  <Mes V="8"/>
  <Anio V="2018"/>
  <Hora V="14"/>
  <Minuto V="15"/>
  <Mesas_Instaladas V="10"/>
  <Mesas_Informadas V="10"/>
  <Porc_Mesas_Informadas V="100,00"/>
  <Potencial_Sufragantes V="3507"/>
  <Detalle_Circunscripcion>
    <lin>
      <Circunscripcion V="0"/>
      <Desc_Circunscripcion V="NACIONAL"/>
      <Detalle_Pregunta>
        <lin>
          <Pregunta V="001"/>
          <Total_Sufragantes V="3507"/>
          <Porc_Sufragantes V="100,00"/>
          <Abstencion V="0"/>
          <Porc_Abstencion V="000,00"/>
          <Votos_Validos V="1921"/>
          <Porc_Votos_Validos V="054,77"/>
          <Votos_No_Marcados V="641"/>
          <Porc_Votos_No_Marcados V="018,27"/>
          <Votos_Nulos V="945"/>
          <Porc_Votos_Nulos V="026,94"/>
        </lin>
        <lin>
          <Pregunta V="002"/>
          <Total_Sufragantes V="3507"/>
          <Porc_Sufragantes V="100,00"/>
          <Abstencion V="0"/>
          <Porc_Abstencion V="000,00"/>
          <Votos_Validos V="1277"/>
          <Porc_Votos_Validos V="036,41"/>
          <Votos_No_Marcados V="987"/>
          <Porc_Votos_No_Marcados V="028,14"/>
          <Votos_Nulos V="1243"/>
          <Porc_Votos_Nulos V="035,44"/>
        </lin>
        <lin>
          <Pregunta V="003"/>
          <Total_Sufragantes V="3507"/>
          <Porc_Sufragantes V="100,00"/>
          <Abstencion V="0"/>
          <Porc_Abstencion V="000,00"/>
          <Votos_Validos V="1784"/>
          <Porc_Votos_Validos V="050,86"/>
          <Votos_No_Marcados V="941"/>
          <Porc_Votos_No_Marcados V="026,83"/>
          <Votos_Nulos V="782"/>
          <Porc_Votos_Nulos V="022,29"/>
        </lin>
        <lin>
          <Pregunta V="004"/>
          <Total_Sufragantes V="3507"/>
          <Porc_Sufragantes V="100,00"/>
          <Abstencion V="0"/>
          <Porc_Abstencion V="000,00"/>
          <Votos_Validos V="1541"/>
          <Porc_Votos_Validos V="043,94"/>
          <Votos_No_Marcados V="685"/>
          <Porc_Votos_No_Marcados V="019,53"/>
          <Votos_Nulos V="1281"/>
          <Porc_Votos_Nulos V="036,52"/>
        </lin>
        <lin>
          <Pregunta V="005"/>
          <Total_Sufragantes V="3507"/>
          <Porc_Sufragantes V="100,00"/>
          <Abstencion V="0"/>
          <Porc_Abstencion V="000,00"/>
          <Votos_Validos V="1879"/>
          <Porc_Votos_Validos V="053,57"/>
          <Votos_No_Marcados V="547"/>
          <Porc_Votos_No_Marcados V="015,59"/>
          <Votos_Nulos V="1081"/>
          <Porc_Votos_Nulos V="030,82"/>
        </lin>
        <lin>
          <Pregunta V="006"/>
          <Total_Sufragantes V="3507"/>
          <Porc_Sufragantes V="100,00"/>
          <Abstencion V="0"/>
          <Porc_Abstencion V="000,00"/>
          <Votos_Validos V="1970"/>
          <Porc_Votos_Validos V="056,17"/>
          <Votos_No_Marcados V="933"/>
          <Porc_Votos_No_Marcados V="026,60"/>
          <Votos_Nulos V="604"/>
          <Porc_Votos_Nulos V="017,22"/>
        </lin>
        <lin>
          <Pregunta V="007"/>
          <Total_Sufragantes V="3507"/>
          <Porc_Sufragantes V="100,00"/>
          <Abstencion V="0"/>
          <Porc_Abstencion V="000,00"/>
          <Votos_Validos V="2110"/>
          <Porc_Votos_Validos V="060,16"/>
          <Votos_No_Marcados V="443"/>
          <Porc_Votos_No_Marcados V="012,63"/>
          <Votos_Nulos V="954"/>
          <Porc_Votos_Nulos V="027,20"/>
        </lin>
      </Detalle_Pregunta>
      <Detalle_Opcion>
        <lin>
          <Opcion V="001"/>
          <Votos V="1020"/>
          <Porc V="053,09"/>
          <Pregunta V="001"/>
        </lin>
        <lin>
          <Opcion V="002"/>
          <Votos V="901"/>
          <Porc V="046,90"/>
          <Pregunta V="001"/>
        </lin>
        <lin>
          <Opcion V="001"/>
          <Votos V="657"/>
          <Porc V="051,44"/>
          <Pregunta V="002"/>
        </lin>
        <lin>
          <Opcion V="002"/>
          <Votos V="620"/>
          <Porc V="048,55"/>
          <Pregunta V="002"/>
        </lin>
        <lin>
          <Opcion V="001"/>
          <Votos V="649"/>
          <Porc V="036,37"/>
          <Pregunta V="003"/>
        </lin>
        <lin>
          <Opcion V="002"/>
          <Votos V="1135"/>
          <Porc V="063,62"/>
          <Pregunta V="003"/>
        </lin>
        <lin>
          <Opcion V="001"/>
          <Votos V="847"/>
          <Porc V="054,96"/>
          <Pregunta V="004"/>
        </lin>
        <lin>
          <Opcion V="002"/>
          <Votos V="694"/>
          <Porc V="045,03"/>
          <Pregunta V="004"/>
        </lin>
        <lin>
          <Opcion V="001"/>
          <Votos V="947"/>
          <Porc V="050,39"/>
          <Pregunta V="005"/>
        </lin>
        <lin>
          <Opcion V="002"/>
          <Votos V="932"/>
          <Porc V="049,60"/>
          <Pregunta V="005"/>
        </lin>
        <lin>
          <Opcion V="001"/>
          <Votos V="831"/>
          <Porc V="042,18"/>
          <Pregunta V="006"/>
        </lin>
        <lin>
          <Opcion V="002"/>
          <Votos V="1139"/>
          <Porc V="057,81"/>
          <Pregunta V="006"/>
        </lin>
        <lin>
          <Opcion V="001"/>
          <Votos V="725"/>
          <Porc V="034,36"/>
          <Pregunta V="007"/>
        </lin>
        <lin>
          <Opcion V="002"/>
          <Votos V="1385"/>
          <Porc V="065,63"/>
          <Pregunta V="007"/>
        </lin>
      </Detalle_Opcion>
    </lin>
  </Detalle_Circunscripcion>
</Boletin>
</Boletin_Consolidado>