<Boletin_Consolidado><Boletin>
  <Numero V="0008"/>
  <Boletin_Departamental V="0012"/>
  <Tipo_Boletin V="DEPARTAMENTAL"/>
  <Desc_Corporacion V="CONSULTA POPULAR"/>
  <Departamento V="15"/>
  <Desc_Departamento V="CUNDINAMARCA"/>
  <Municipio V="052"/>
  <Desc_Municipio V="CHAGUANI"/>
  <Dia V="21"/>
  <Mes V="8"/>
  <Anio V="2018"/>
  <Hora V="14"/>
  <Minuto V="15"/>
  <Mesas_Instaladas V="10"/>
  <Mesas_Informadas V="10"/>
  <Porc_Mesas_Informadas V="100,00"/>
  <Potencial_Sufragantes V="3690"/>
  <Detalle_Circunscripcion>
    <lin>
      <Circunscripcion V="0"/>
      <Desc_Circunscripcion V="NACIONAL"/>
      <Detalle_Pregunta>
        <lin>
          <Pregunta V="001"/>
          <Total_Sufragantes V="3690"/>
          <Porc_Sufragantes V="100,00"/>
          <Abstencion V="0"/>
          <Porc_Abstencion V="000,00"/>
          <Votos_Validos V="1962"/>
          <Porc_Votos_Validos V="053,17"/>
          <Votos_No_Marcados V="801"/>
          <Porc_Votos_No_Marcados V="021,70"/>
          <Votos_Nulos V="927"/>
          <Porc_Votos_Nulos V="025,12"/>
        </lin>
        <lin>
          <Pregunta V="002"/>
          <Total_Sufragantes V="3690"/>
          <Porc_Sufragantes V="100,00"/>
          <Abstencion V="0"/>
          <Porc_Abstencion V="000,00"/>
          <Votos_Validos V="1564"/>
          <Porc_Votos_Validos V="042,38"/>
          <Votos_No_Marcados V="1376"/>
          <Porc_Votos_No_Marcados V="037,28"/>
          <Votos_Nulos V="750"/>
          <Porc_Votos_Nulos V="020,32"/>
        </lin>
        <lin>
          <Pregunta V="003"/>
          <Total_Sufragantes V="3690"/>
          <Porc_Sufragantes V="100,00"/>
          <Abstencion V="0"/>
          <Porc_Abstencion V="000,00"/>
          <Votos_Validos V="1566"/>
          <Porc_Votos_Validos V="042,43"/>
          <Votos_No_Marcados V="1030"/>
          <Porc_Votos_No_Marcados V="027,91"/>
          <Votos_Nulos V="1094"/>
          <Porc_Votos_Nulos V="029,64"/>
        </lin>
        <lin>
          <Pregunta V="004"/>
          <Total_Sufragantes V="3690"/>
          <Porc_Sufragantes V="100,00"/>
          <Abstencion V="0"/>
          <Porc_Abstencion V="000,00"/>
          <Votos_Validos V="2389"/>
          <Porc_Votos_Validos V="064,74"/>
          <Votos_No_Marcados V="779"/>
          <Porc_Votos_No_Marcados V="021,11"/>
          <Votos_Nulos V="522"/>
          <Porc_Votos_Nulos V="014,14"/>
        </lin>
        <lin>
          <Pregunta V="005"/>
          <Total_Sufragantes V="3690"/>
          <Porc_Sufragantes V="100,00"/>
          <Abstencion V="0"/>
          <Porc_Abstencion V="000,00"/>
          <Votos_Validos V="1696"/>
          <Porc_Votos_Validos V="045,96"/>
          <Votos_No_Marcados V="1004"/>
          <Porc_Votos_No_Marcados V="027,20"/>
          <Votos_Nulos V="990"/>
          <Porc_Votos_Nulos V="026,82"/>
        </lin>
        <lin>
          <Pregunta V="006"/>
          <Total_Sufragantes V="3690"/>
          <Porc_Sufragantes V="100,00"/>
          <Abstencion V="0"/>
          <Porc_Abstencion V="000,00"/>
          <Votos_Validos V="2032"/>
          <Porc_Votos_Validos V="055,06"/>
          <Votos_No_Marcados V="959"/>
          <Porc_Votos_No_Marcados V="025,98"/>
          <Votos_Nulos V="699"/>
          <Porc_Votos_Nulos V="018,94"/>
        </lin>
        <lin>
          <Pregunta V="007"/>
          <Total_Sufragantes V="3690"/>
          <Porc_Sufragantes V="100,00"/>
          <Abstencion V="0"/>
          <Porc_Abstencion V="000,00"/>
          <Votos_Validos V="2209"/>
          <Porc_Votos_Validos V="059,86"/>
          <Votos_No_Marcados V="735"/>
          <Porc_Votos_No_Marcados V="019,91"/>
          <Votos_Nulos V="746"/>
          <Porc_Votos_Nulos V="020,21"/>
        </lin>
      </Detalle_Pregunta>
      <Detalle_Opcion>
        <lin>
          <Opcion V="001"/>
          <Votos V="1111"/>
          <Porc V="056,62"/>
          <Pregunta V="001"/>
        </lin>
        <lin>
          <Opcion V="002"/>
          <Votos V="851"/>
          <Porc V="043,37"/>
          <Pregunta V="001"/>
        </lin>
        <lin>
          <Opcion V="001"/>
          <Votos V="857"/>
          <Porc V="054,79"/>
          <Pregunta V="002"/>
        </lin>
        <lin>
          <Opcion V="002"/>
          <Votos V="707"/>
          <Porc V="045,20"/>
          <Pregunta V="002"/>
        </lin>
        <lin>
          <Opcion V="001"/>
          <Votos V="826"/>
          <Porc V="052,74"/>
          <Pregunta V="003"/>
        </lin>
        <lin>
          <Opcion V="002"/>
          <Votos V="740"/>
          <Porc V="047,25"/>
          <Pregunta V="003"/>
        </lin>
        <lin>
          <Opcion V="001"/>
          <Votos V="1278"/>
          <Porc V="053,49"/>
          <Pregunta V="004"/>
        </lin>
        <lin>
          <Opcion V="002"/>
          <Votos V="1111"/>
          <Porc V="046,50"/>
          <Pregunta V="004"/>
        </lin>
        <lin>
          <Opcion V="001"/>
          <Votos V="1001"/>
          <Porc V="059,02"/>
          <Pregunta V="005"/>
        </lin>
        <lin>
          <Opcion V="002"/>
          <Votos V="695"/>
          <Porc V="040,97"/>
          <Pregunta V="005"/>
        </lin>
        <lin>
          <Opcion V="001"/>
          <Votos V="894"/>
          <Porc V="043,99"/>
          <Pregunta V="006"/>
        </lin>
        <lin>
          <Opcion V="002"/>
          <Votos V="1138"/>
          <Porc V="056,00"/>
          <Pregunta V="006"/>
        </lin>
        <lin>
          <Opcion V="001"/>
          <Votos V="1397"/>
          <Porc V="063,24"/>
          <Pregunta V="007"/>
        </lin>
        <lin>
          <Opcion V="002"/>
          <Votos V="812"/>
          <Porc V="036,75"/>
          <Pregunta V="007"/>
        </lin>
      </Detalle_Opcion>
    </lin>
  </Detalle_Circunscripcion>
</Boletin>
</Boletin_Consolidado>