<Boletin_Consolidado><Boletin>
  <Numero V="0008"/>
  <Boletin_Departamental V="0011"/>
  <Tipo_Boletin V="DEPARTAMENTAL"/>
  <Desc_Corporacion V="CONSULTA POPULAR"/>
  <Departamento V="07"/>
  <Desc_Departamento V="BOYACA"/>
  <Municipio V="028"/>
  <Desc_Municipio V="BRICEÑO"/>
  <Dia V="21"/>
  <Mes V="8"/>
  <Anio V="2018"/>
  <Hora V="14"/>
  <Minuto V="15"/>
  <Mesas_Instaladas V="6"/>
  <Mesas_Informadas V="6"/>
  <Porc_Mesas_Informadas V="100,00"/>
  <Potencial_Sufragantes V="2202"/>
  <Detalle_Circunscripcion>
    <lin>
      <Circunscripcion V="0"/>
      <Desc_Circunscripcion V="NACIONAL"/>
      <Detalle_Pregunta>
        <lin>
          <Pregunta V="001"/>
          <Total_Sufragantes V="2202"/>
          <Porc_Sufragantes V="100,00"/>
          <Abstencion V="0"/>
          <Porc_Abstencion V="000,00"/>
          <Votos_Validos V="921"/>
          <Porc_Votos_Validos V="041,82"/>
          <Votos_No_Marcados V="652"/>
          <Porc_Votos_No_Marcados V="029,60"/>
          <Votos_Nulos V="629"/>
          <Porc_Votos_Nulos V="028,56"/>
        </lin>
        <lin>
          <Pregunta V="002"/>
          <Total_Sufragantes V="2202"/>
          <Porc_Sufragantes V="100,00"/>
          <Abstencion V="0"/>
          <Porc_Abstencion V="000,00"/>
          <Votos_Validos V="1078"/>
          <Porc_Votos_Validos V="048,95"/>
          <Votos_No_Marcados V="577"/>
          <Porc_Votos_No_Marcados V="026,20"/>
          <Votos_Nulos V="547"/>
          <Porc_Votos_Nulos V="024,84"/>
        </lin>
        <lin>
          <Pregunta V="003"/>
          <Total_Sufragantes V="2202"/>
          <Porc_Sufragantes V="100,00"/>
          <Abstencion V="0"/>
          <Porc_Abstencion V="000,00"/>
          <Votos_Validos V="1152"/>
          <Porc_Votos_Validos V="052,31"/>
          <Votos_No_Marcados V="644"/>
          <Porc_Votos_No_Marcados V="029,24"/>
          <Votos_Nulos V="406"/>
          <Porc_Votos_Nulos V="018,43"/>
        </lin>
        <lin>
          <Pregunta V="004"/>
          <Total_Sufragantes V="2202"/>
          <Porc_Sufragantes V="100,00"/>
          <Abstencion V="0"/>
          <Porc_Abstencion V="000,00"/>
          <Votos_Validos V="982"/>
          <Porc_Votos_Validos V="044,59"/>
          <Votos_No_Marcados V="435"/>
          <Porc_Votos_No_Marcados V="019,75"/>
          <Votos_Nulos V="785"/>
          <Porc_Votos_Nulos V="035,64"/>
        </lin>
        <lin>
          <Pregunta V="005"/>
          <Total_Sufragantes V="2202"/>
          <Porc_Sufragantes V="100,00"/>
          <Abstencion V="0"/>
          <Porc_Abstencion V="000,00"/>
          <Votos_Validos V="1370"/>
          <Porc_Votos_Validos V="062,21"/>
          <Votos_No_Marcados V="270"/>
          <Porc_Votos_No_Marcados V="012,26"/>
          <Votos_Nulos V="562"/>
          <Porc_Votos_Nulos V="025,52"/>
        </lin>
        <lin>
          <Pregunta V="006"/>
          <Total_Sufragantes V="2202"/>
          <Porc_Sufragantes V="100,00"/>
          <Abstencion V="0"/>
          <Porc_Abstencion V="000,00"/>
          <Votos_Validos V="1118"/>
          <Porc_Votos_Validos V="050,77"/>
          <Votos_No_Marcados V="377"/>
          <Porc_Votos_No_Marcados V="017,12"/>
          <Votos_Nulos V="707"/>
          <Porc_Votos_Nulos V="032,10"/>
        </lin>
        <lin>
          <Pregunta V="007"/>
          <Total_Sufragantes V="2202"/>
          <Porc_Sufragantes V="100,00"/>
          <Abstencion V="0"/>
          <Porc_Abstencion V="000,00"/>
          <Votos_Validos V="1102"/>
          <Porc_Votos_Validos V="050,04"/>
          <Votos_No_Marcados V="432"/>
          <Porc_Votos_No_Marcados V="019,61"/>
          <Votos_Nulos V="668"/>
          <Porc_Votos_Nulos V="030,33"/>
        </lin>
      </Detalle_Pregunta>
      <Detalle_Opcion>
        <lin>
          <Opcion V="001"/>
          <Votos V="320"/>
          <Porc V="034,74"/>
          <Pregunta V="001"/>
        </lin>
        <lin>
          <Opcion V="002"/>
          <Votos V="601"/>
          <Porc V="065,25"/>
          <Pregunta V="001"/>
        </lin>
        <lin>
          <Opcion V="001"/>
          <Votos V="761"/>
          <Porc V="070,59"/>
          <Pregunta V="002"/>
        </lin>
        <lin>
          <Opcion V="002"/>
          <Votos V="317"/>
          <Porc V="029,40"/>
          <Pregunta V="002"/>
        </lin>
        <lin>
          <Opcion V="001"/>
          <Votos V="601"/>
          <Porc V="052,17"/>
          <Pregunta V="003"/>
        </lin>
        <lin>
          <Opcion V="002"/>
          <Votos V="551"/>
          <Porc V="047,82"/>
          <Pregunta V="003"/>
        </lin>
        <lin>
          <Opcion V="001"/>
          <Votos V="635"/>
          <Porc V="064,66"/>
          <Pregunta V="004"/>
        </lin>
        <lin>
          <Opcion V="002"/>
          <Votos V="347"/>
          <Porc V="035,33"/>
          <Pregunta V="004"/>
        </lin>
        <lin>
          <Opcion V="001"/>
          <Votos V="791"/>
          <Porc V="057,73"/>
          <Pregunta V="005"/>
        </lin>
        <lin>
          <Opcion V="002"/>
          <Votos V="579"/>
          <Porc V="042,26"/>
          <Pregunta V="005"/>
        </lin>
        <lin>
          <Opcion V="001"/>
          <Votos V="681"/>
          <Porc V="060,91"/>
          <Pregunta V="006"/>
        </lin>
        <lin>
          <Opcion V="002"/>
          <Votos V="437"/>
          <Porc V="039,08"/>
          <Pregunta V="006"/>
        </lin>
        <lin>
          <Opcion V="001"/>
          <Votos V="434"/>
          <Porc V="039,38"/>
          <Pregunta V="007"/>
        </lin>
        <lin>
          <Opcion V="002"/>
          <Votos V="668"/>
          <Porc V="060,61"/>
          <Pregunta V="007"/>
        </lin>
      </Detalle_Opcion>
    </lin>
  </Detalle_Circunscripcion>
</Boletin>
</Boletin_Consolidado>