<Boletin_Consolidado><Boletin>
  <Numero V="0008"/>
  <Boletin_Departamental V="0012"/>
  <Tipo_Boletin V="DEPARTAMENTAL"/>
  <Desc_Corporacion V="CONSULTA POPULAR"/>
  <Departamento V="15"/>
  <Desc_Departamento V="CUNDINAMARCA"/>
  <Municipio V="127"/>
  <Desc_Municipio V="GUAYABAL DE SIQUIMA"/>
  <Dia V="21"/>
  <Mes V="8"/>
  <Anio V="2018"/>
  <Hora V="14"/>
  <Minuto V="15"/>
  <Mesas_Instaladas V="11"/>
  <Mesas_Informadas V="11"/>
  <Porc_Mesas_Informadas V="100,00"/>
  <Potencial_Sufragantes V="3867"/>
  <Detalle_Circunscripcion>
    <lin>
      <Circunscripcion V="0"/>
      <Desc_Circunscripcion V="NACIONAL"/>
      <Detalle_Pregunta>
        <lin>
          <Pregunta V="001"/>
          <Total_Sufragantes V="3867"/>
          <Porc_Sufragantes V="100,00"/>
          <Abstencion V="0"/>
          <Porc_Abstencion V="000,00"/>
          <Votos_Validos V="1651"/>
          <Porc_Votos_Validos V="042,69"/>
          <Votos_No_Marcados V="772"/>
          <Porc_Votos_No_Marcados V="019,96"/>
          <Votos_Nulos V="1444"/>
          <Porc_Votos_Nulos V="037,34"/>
        </lin>
        <lin>
          <Pregunta V="002"/>
          <Total_Sufragantes V="3867"/>
          <Porc_Sufragantes V="100,00"/>
          <Abstencion V="0"/>
          <Porc_Abstencion V="000,00"/>
          <Votos_Validos V="1739"/>
          <Porc_Votos_Validos V="044,97"/>
          <Votos_No_Marcados V="795"/>
          <Porc_Votos_No_Marcados V="020,55"/>
          <Votos_Nulos V="1333"/>
          <Porc_Votos_Nulos V="034,47"/>
        </lin>
        <lin>
          <Pregunta V="003"/>
          <Total_Sufragantes V="3867"/>
          <Porc_Sufragantes V="100,00"/>
          <Abstencion V="0"/>
          <Porc_Abstencion V="000,00"/>
          <Votos_Validos V="2152"/>
          <Porc_Votos_Validos V="055,65"/>
          <Votos_No_Marcados V="747"/>
          <Porc_Votos_No_Marcados V="019,31"/>
          <Votos_Nulos V="968"/>
          <Porc_Votos_Nulos V="025,03"/>
        </lin>
        <lin>
          <Pregunta V="004"/>
          <Total_Sufragantes V="3867"/>
          <Porc_Sufragantes V="100,00"/>
          <Abstencion V="0"/>
          <Porc_Abstencion V="000,00"/>
          <Votos_Validos V="1904"/>
          <Porc_Votos_Validos V="049,23"/>
          <Votos_No_Marcados V="832"/>
          <Porc_Votos_No_Marcados V="021,51"/>
          <Votos_Nulos V="1131"/>
          <Porc_Votos_Nulos V="029,24"/>
        </lin>
        <lin>
          <Pregunta V="005"/>
          <Total_Sufragantes V="3867"/>
          <Porc_Sufragantes V="100,00"/>
          <Abstencion V="0"/>
          <Porc_Abstencion V="000,00"/>
          <Votos_Validos V="2157"/>
          <Porc_Votos_Validos V="055,77"/>
          <Votos_No_Marcados V="1108"/>
          <Porc_Votos_No_Marcados V="028,65"/>
          <Votos_Nulos V="602"/>
          <Porc_Votos_Nulos V="015,56"/>
        </lin>
        <lin>
          <Pregunta V="006"/>
          <Total_Sufragantes V="3867"/>
          <Porc_Sufragantes V="100,00"/>
          <Abstencion V="0"/>
          <Porc_Abstencion V="000,00"/>
          <Votos_Validos V="1778"/>
          <Porc_Votos_Validos V="045,97"/>
          <Votos_No_Marcados V="788"/>
          <Porc_Votos_No_Marcados V="020,37"/>
          <Votos_Nulos V="1301"/>
          <Porc_Votos_Nulos V="033,64"/>
        </lin>
        <lin>
          <Pregunta V="007"/>
          <Total_Sufragantes V="3867"/>
          <Porc_Sufragantes V="100,00"/>
          <Abstencion V="0"/>
          <Porc_Abstencion V="000,00"/>
          <Votos_Validos V="2007"/>
          <Porc_Votos_Validos V="051,90"/>
          <Votos_No_Marcados V="982"/>
          <Porc_Votos_No_Marcados V="025,39"/>
          <Votos_Nulos V="878"/>
          <Porc_Votos_Nulos V="022,70"/>
        </lin>
      </Detalle_Pregunta>
      <Detalle_Opcion>
        <lin>
          <Opcion V="001"/>
          <Votos V="906"/>
          <Porc V="054,87"/>
          <Pregunta V="001"/>
        </lin>
        <lin>
          <Opcion V="002"/>
          <Votos V="745"/>
          <Porc V="045,12"/>
          <Pregunta V="001"/>
        </lin>
        <lin>
          <Opcion V="001"/>
          <Votos V="1073"/>
          <Porc V="061,70"/>
          <Pregunta V="002"/>
        </lin>
        <lin>
          <Opcion V="002"/>
          <Votos V="666"/>
          <Porc V="038,29"/>
          <Pregunta V="002"/>
        </lin>
        <lin>
          <Opcion V="001"/>
          <Votos V="932"/>
          <Porc V="043,30"/>
          <Pregunta V="003"/>
        </lin>
        <lin>
          <Opcion V="002"/>
          <Votos V="1220"/>
          <Porc V="056,69"/>
          <Pregunta V="003"/>
        </lin>
        <lin>
          <Opcion V="001"/>
          <Votos V="894"/>
          <Porc V="046,95"/>
          <Pregunta V="004"/>
        </lin>
        <lin>
          <Opcion V="002"/>
          <Votos V="1010"/>
          <Porc V="053,04"/>
          <Pregunta V="004"/>
        </lin>
        <lin>
          <Opcion V="001"/>
          <Votos V="1010"/>
          <Porc V="046,82"/>
          <Pregunta V="005"/>
        </lin>
        <lin>
          <Opcion V="002"/>
          <Votos V="1147"/>
          <Porc V="053,17"/>
          <Pregunta V="005"/>
        </lin>
        <lin>
          <Opcion V="001"/>
          <Votos V="976"/>
          <Porc V="054,89"/>
          <Pregunta V="006"/>
        </lin>
        <lin>
          <Opcion V="002"/>
          <Votos V="802"/>
          <Porc V="045,10"/>
          <Pregunta V="006"/>
        </lin>
        <lin>
          <Opcion V="001"/>
          <Votos V="1160"/>
          <Porc V="057,79"/>
          <Pregunta V="007"/>
        </lin>
        <lin>
          <Opcion V="002"/>
          <Votos V="847"/>
          <Porc V="042,20"/>
          <Pregunta V="007"/>
        </lin>
      </Detalle_Opcion>
    </lin>
  </Detalle_Circunscripcion>
</Boletin>
</Boletin_Consolidado>