<Boletin_Consolidado><Boletin>
  <Numero V="0008"/>
  <Boletin_Departamental V="0012"/>
  <Tipo_Boletin V="DEPARTAMENTAL"/>
  <Desc_Corporacion V="CONSULTA POPULAR"/>
  <Departamento V="05"/>
  <Desc_Departamento V="BOLIVAR"/>
  <Municipio V="009"/>
  <Desc_Municipio V="ARROYO HONDO"/>
  <Dia V="21"/>
  <Mes V="8"/>
  <Anio V="2018"/>
  <Hora V="14"/>
  <Minuto V="15"/>
  <Mesas_Instaladas V="27"/>
  <Mesas_Informadas V="27"/>
  <Porc_Mesas_Informadas V="100,00"/>
  <Potencial_Sufragantes V="8830"/>
  <Detalle_Circunscripcion>
    <lin>
      <Circunscripcion V="0"/>
      <Desc_Circunscripcion V="NACIONAL"/>
      <Detalle_Pregunta>
        <lin>
          <Pregunta V="001"/>
          <Total_Sufragantes V="8830"/>
          <Porc_Sufragantes V="100,00"/>
          <Abstencion V="0"/>
          <Porc_Abstencion V="000,00"/>
          <Votos_Validos V="5099"/>
          <Porc_Votos_Validos V="057,74"/>
          <Votos_No_Marcados V="1975"/>
          <Porc_Votos_No_Marcados V="022,36"/>
          <Votos_Nulos V="1756"/>
          <Porc_Votos_Nulos V="019,88"/>
        </lin>
        <lin>
          <Pregunta V="002"/>
          <Total_Sufragantes V="8830"/>
          <Porc_Sufragantes V="100,00"/>
          <Abstencion V="0"/>
          <Porc_Abstencion V="000,00"/>
          <Votos_Validos V="4302"/>
          <Porc_Votos_Validos V="048,72"/>
          <Votos_No_Marcados V="2196"/>
          <Porc_Votos_No_Marcados V="024,86"/>
          <Votos_Nulos V="2332"/>
          <Porc_Votos_Nulos V="026,40"/>
        </lin>
        <lin>
          <Pregunta V="003"/>
          <Total_Sufragantes V="8830"/>
          <Porc_Sufragantes V="100,00"/>
          <Abstencion V="0"/>
          <Porc_Abstencion V="000,00"/>
          <Votos_Validos V="4039"/>
          <Porc_Votos_Validos V="045,74"/>
          <Votos_No_Marcados V="2274"/>
          <Porc_Votos_No_Marcados V="025,75"/>
          <Votos_Nulos V="2517"/>
          <Porc_Votos_Nulos V="028,50"/>
        </lin>
        <lin>
          <Pregunta V="004"/>
          <Total_Sufragantes V="8830"/>
          <Porc_Sufragantes V="100,00"/>
          <Abstencion V="0"/>
          <Porc_Abstencion V="000,00"/>
          <Votos_Validos V="4838"/>
          <Porc_Votos_Validos V="054,79"/>
          <Votos_No_Marcados V="1908"/>
          <Porc_Votos_No_Marcados V="021,60"/>
          <Votos_Nulos V="2084"/>
          <Porc_Votos_Nulos V="023,60"/>
        </lin>
        <lin>
          <Pregunta V="005"/>
          <Total_Sufragantes V="8830"/>
          <Porc_Sufragantes V="100,00"/>
          <Abstencion V="0"/>
          <Porc_Abstencion V="000,00"/>
          <Votos_Validos V="3984"/>
          <Porc_Votos_Validos V="045,11"/>
          <Votos_No_Marcados V="2021"/>
          <Porc_Votos_No_Marcados V="022,88"/>
          <Votos_Nulos V="2825"/>
          <Porc_Votos_Nulos V="031,99"/>
        </lin>
        <lin>
          <Pregunta V="006"/>
          <Total_Sufragantes V="8830"/>
          <Porc_Sufragantes V="100,00"/>
          <Abstencion V="0"/>
          <Porc_Abstencion V="000,00"/>
          <Votos_Validos V="4363"/>
          <Porc_Votos_Validos V="049,41"/>
          <Votos_No_Marcados V="2297"/>
          <Porc_Votos_No_Marcados V="026,01"/>
          <Votos_Nulos V="2170"/>
          <Porc_Votos_Nulos V="024,57"/>
        </lin>
        <lin>
          <Pregunta V="007"/>
          <Total_Sufragantes V="8830"/>
          <Porc_Sufragantes V="100,00"/>
          <Abstencion V="0"/>
          <Porc_Abstencion V="000,00"/>
          <Votos_Validos V="4739"/>
          <Porc_Votos_Validos V="053,66"/>
          <Votos_No_Marcados V="1969"/>
          <Porc_Votos_No_Marcados V="022,29"/>
          <Votos_Nulos V="2122"/>
          <Porc_Votos_Nulos V="024,03"/>
        </lin>
      </Detalle_Pregunta>
      <Detalle_Opcion>
        <lin>
          <Opcion V="001"/>
          <Votos V="3344"/>
          <Porc V="065,58"/>
          <Pregunta V="001"/>
        </lin>
        <lin>
          <Opcion V="002"/>
          <Votos V="1755"/>
          <Porc V="034,41"/>
          <Pregunta V="001"/>
        </lin>
        <lin>
          <Opcion V="001"/>
          <Votos V="2061"/>
          <Porc V="047,90"/>
          <Pregunta V="002"/>
        </lin>
        <lin>
          <Opcion V="002"/>
          <Votos V="2241"/>
          <Porc V="052,09"/>
          <Pregunta V="002"/>
        </lin>
        <lin>
          <Opcion V="001"/>
          <Votos V="2141"/>
          <Porc V="053,00"/>
          <Pregunta V="003"/>
        </lin>
        <lin>
          <Opcion V="002"/>
          <Votos V="1898"/>
          <Porc V="046,99"/>
          <Pregunta V="003"/>
        </lin>
        <lin>
          <Opcion V="001"/>
          <Votos V="2699"/>
          <Porc V="055,78"/>
          <Pregunta V="004"/>
        </lin>
        <lin>
          <Opcion V="002"/>
          <Votos V="2139"/>
          <Porc V="044,21"/>
          <Pregunta V="004"/>
        </lin>
        <lin>
          <Opcion V="001"/>
          <Votos V="1959"/>
          <Porc V="049,17"/>
          <Pregunta V="005"/>
        </lin>
        <lin>
          <Opcion V="002"/>
          <Votos V="2025"/>
          <Porc V="050,82"/>
          <Pregunta V="005"/>
        </lin>
        <lin>
          <Opcion V="001"/>
          <Votos V="2381"/>
          <Porc V="054,57"/>
          <Pregunta V="006"/>
        </lin>
        <lin>
          <Opcion V="002"/>
          <Votos V="1982"/>
          <Porc V="045,42"/>
          <Pregunta V="006"/>
        </lin>
        <lin>
          <Opcion V="001"/>
          <Votos V="2418"/>
          <Porc V="051,02"/>
          <Pregunta V="007"/>
        </lin>
        <lin>
          <Opcion V="002"/>
          <Votos V="2321"/>
          <Porc V="048,97"/>
          <Pregunta V="007"/>
        </lin>
      </Detalle_Opcion>
    </lin>
  </Detalle_Circunscripcion>
</Boletin>
</Boletin_Consolidado>