<Boletin_Consolidado><Boletin>
  <Numero V="0008"/>
  <Boletin_Departamental V="0012"/>
  <Tipo_Boletin V="DEPARTAMENTAL"/>
  <Desc_Corporacion V="CONSULTA POPULAR"/>
  <Departamento V="07"/>
  <Desc_Departamento V="BOYACA"/>
  <Municipio V="304"/>
  <Desc_Municipio V="TIBANA"/>
  <Dia V="21"/>
  <Mes V="8"/>
  <Anio V="2018"/>
  <Hora V="14"/>
  <Minuto V="15"/>
  <Mesas_Instaladas V="21"/>
  <Mesas_Informadas V="21"/>
  <Porc_Mesas_Informadas V="100,00"/>
  <Potencial_Sufragantes V="7351"/>
  <Detalle_Circunscripcion>
    <lin>
      <Circunscripcion V="0"/>
      <Desc_Circunscripcion V="NACIONAL"/>
      <Detalle_Pregunta>
        <lin>
          <Pregunta V="001"/>
          <Total_Sufragantes V="7351"/>
          <Porc_Sufragantes V="100,00"/>
          <Abstencion V="0"/>
          <Porc_Abstencion V="000,00"/>
          <Votos_Validos V="3901"/>
          <Porc_Votos_Validos V="053,06"/>
          <Votos_No_Marcados V="1940"/>
          <Porc_Votos_No_Marcados V="026,39"/>
          <Votos_Nulos V="1510"/>
          <Porc_Votos_Nulos V="020,54"/>
        </lin>
        <lin>
          <Pregunta V="002"/>
          <Total_Sufragantes V="7351"/>
          <Porc_Sufragantes V="100,00"/>
          <Abstencion V="0"/>
          <Porc_Abstencion V="000,00"/>
          <Votos_Validos V="3231"/>
          <Porc_Votos_Validos V="043,95"/>
          <Votos_No_Marcados V="2163"/>
          <Porc_Votos_No_Marcados V="029,42"/>
          <Votos_Nulos V="1957"/>
          <Porc_Votos_Nulos V="026,62"/>
        </lin>
        <lin>
          <Pregunta V="003"/>
          <Total_Sufragantes V="7351"/>
          <Porc_Sufragantes V="100,00"/>
          <Abstencion V="0"/>
          <Porc_Abstencion V="000,00"/>
          <Votos_Validos V="3894"/>
          <Porc_Votos_Validos V="052,97"/>
          <Votos_No_Marcados V="1371"/>
          <Porc_Votos_No_Marcados V="018,65"/>
          <Votos_Nulos V="2086"/>
          <Porc_Votos_Nulos V="028,37"/>
        </lin>
        <lin>
          <Pregunta V="004"/>
          <Total_Sufragantes V="7351"/>
          <Porc_Sufragantes V="100,00"/>
          <Abstencion V="0"/>
          <Porc_Abstencion V="000,00"/>
          <Votos_Validos V="3708"/>
          <Porc_Votos_Validos V="050,44"/>
          <Votos_No_Marcados V="1790"/>
          <Porc_Votos_No_Marcados V="024,35"/>
          <Votos_Nulos V="1853"/>
          <Porc_Votos_Nulos V="025,20"/>
        </lin>
        <lin>
          <Pregunta V="005"/>
          <Total_Sufragantes V="7351"/>
          <Porc_Sufragantes V="100,00"/>
          <Abstencion V="0"/>
          <Porc_Abstencion V="000,00"/>
          <Votos_Validos V="3618"/>
          <Porc_Votos_Validos V="049,21"/>
          <Votos_No_Marcados V="1930"/>
          <Porc_Votos_No_Marcados V="026,25"/>
          <Votos_Nulos V="1803"/>
          <Porc_Votos_Nulos V="024,52"/>
        </lin>
        <lin>
          <Pregunta V="006"/>
          <Total_Sufragantes V="7351"/>
          <Porc_Sufragantes V="100,00"/>
          <Abstencion V="0"/>
          <Porc_Abstencion V="000,00"/>
          <Votos_Validos V="3800"/>
          <Porc_Votos_Validos V="051,69"/>
          <Votos_No_Marcados V="2094"/>
          <Porc_Votos_No_Marcados V="028,48"/>
          <Votos_Nulos V="1457"/>
          <Porc_Votos_Nulos V="019,82"/>
        </lin>
        <lin>
          <Pregunta V="007"/>
          <Total_Sufragantes V="7351"/>
          <Porc_Sufragantes V="100,00"/>
          <Abstencion V="0"/>
          <Porc_Abstencion V="000,00"/>
          <Votos_Validos V="3896"/>
          <Porc_Votos_Validos V="052,99"/>
          <Votos_No_Marcados V="1606"/>
          <Porc_Votos_No_Marcados V="021,84"/>
          <Votos_Nulos V="1849"/>
          <Porc_Votos_Nulos V="025,15"/>
        </lin>
      </Detalle_Pregunta>
      <Detalle_Opcion>
        <lin>
          <Opcion V="001"/>
          <Votos V="1947"/>
          <Porc V="049,91"/>
          <Pregunta V="001"/>
        </lin>
        <lin>
          <Opcion V="002"/>
          <Votos V="1954"/>
          <Porc V="050,08"/>
          <Pregunta V="001"/>
        </lin>
        <lin>
          <Opcion V="001"/>
          <Votos V="1753"/>
          <Porc V="054,25"/>
          <Pregunta V="002"/>
        </lin>
        <lin>
          <Opcion V="002"/>
          <Votos V="1478"/>
          <Porc V="045,74"/>
          <Pregunta V="002"/>
        </lin>
        <lin>
          <Opcion V="001"/>
          <Votos V="2080"/>
          <Porc V="053,41"/>
          <Pregunta V="003"/>
        </lin>
        <lin>
          <Opcion V="002"/>
          <Votos V="1814"/>
          <Porc V="046,58"/>
          <Pregunta V="003"/>
        </lin>
        <lin>
          <Opcion V="001"/>
          <Votos V="1817"/>
          <Porc V="049,00"/>
          <Pregunta V="004"/>
        </lin>
        <lin>
          <Opcion V="002"/>
          <Votos V="1891"/>
          <Porc V="050,99"/>
          <Pregunta V="004"/>
        </lin>
        <lin>
          <Opcion V="001"/>
          <Votos V="2113"/>
          <Porc V="058,40"/>
          <Pregunta V="005"/>
        </lin>
        <lin>
          <Opcion V="002"/>
          <Votos V="1505"/>
          <Porc V="041,59"/>
          <Pregunta V="005"/>
        </lin>
        <lin>
          <Opcion V="001"/>
          <Votos V="2197"/>
          <Porc V="057,81"/>
          <Pregunta V="006"/>
        </lin>
        <lin>
          <Opcion V="002"/>
          <Votos V="1603"/>
          <Porc V="042,18"/>
          <Pregunta V="006"/>
        </lin>
        <lin>
          <Opcion V="001"/>
          <Votos V="1782"/>
          <Porc V="045,73"/>
          <Pregunta V="007"/>
        </lin>
        <lin>
          <Opcion V="002"/>
          <Votos V="2114"/>
          <Porc V="054,26"/>
          <Pregunta V="007"/>
        </lin>
      </Detalle_Opcion>
    </lin>
  </Detalle_Circunscripcion>
</Boletin>
</Boletin_Consolidado>