<Boletin_Consolidado><Boletin>
  <Numero V="0008"/>
  <Boletin_Departamental V="0012"/>
  <Tipo_Boletin V="DEPARTAMENTAL"/>
  <Desc_Corporacion V="CONSULTA POPULAR"/>
  <Departamento V="05"/>
  <Desc_Departamento V="BOLIVAR"/>
  <Municipio V="095"/>
  <Desc_Municipio V="SANTA ROSA DEL SUR"/>
  <Dia V="21"/>
  <Mes V="8"/>
  <Anio V="2018"/>
  <Hora V="14"/>
  <Minuto V="15"/>
  <Mesas_Instaladas V="60"/>
  <Mesas_Informadas V="60"/>
  <Porc_Mesas_Informadas V="100,00"/>
  <Potencial_Sufragantes V="20742"/>
  <Detalle_Circunscripcion>
    <lin>
      <Circunscripcion V="0"/>
      <Desc_Circunscripcion V="NACIONAL"/>
      <Detalle_Pregunta>
        <lin>
          <Pregunta V="001"/>
          <Total_Sufragantes V="20742"/>
          <Porc_Sufragantes V="100,00"/>
          <Abstencion V="0"/>
          <Porc_Abstencion V="000,00"/>
          <Votos_Validos V="10348"/>
          <Porc_Votos_Validos V="049,88"/>
          <Votos_No_Marcados V="4794"/>
          <Porc_Votos_No_Marcados V="023,11"/>
          <Votos_Nulos V="5600"/>
          <Porc_Votos_Nulos V="026,99"/>
        </lin>
        <lin>
          <Pregunta V="002"/>
          <Total_Sufragantes V="20742"/>
          <Porc_Sufragantes V="100,00"/>
          <Abstencion V="0"/>
          <Porc_Abstencion V="000,00"/>
          <Votos_Validos V="11017"/>
          <Porc_Votos_Validos V="053,11"/>
          <Votos_No_Marcados V="4704"/>
          <Porc_Votos_No_Marcados V="022,67"/>
          <Votos_Nulos V="5021"/>
          <Porc_Votos_Nulos V="024,20"/>
        </lin>
        <lin>
          <Pregunta V="003"/>
          <Total_Sufragantes V="20742"/>
          <Porc_Sufragantes V="100,00"/>
          <Abstencion V="0"/>
          <Porc_Abstencion V="000,00"/>
          <Votos_Validos V="10339"/>
          <Porc_Votos_Validos V="049,84"/>
          <Votos_No_Marcados V="5213"/>
          <Porc_Votos_No_Marcados V="025,13"/>
          <Votos_Nulos V="5190"/>
          <Porc_Votos_Nulos V="025,02"/>
        </lin>
        <lin>
          <Pregunta V="004"/>
          <Total_Sufragantes V="20742"/>
          <Porc_Sufragantes V="100,00"/>
          <Abstencion V="0"/>
          <Porc_Abstencion V="000,00"/>
          <Votos_Validos V="10954"/>
          <Porc_Votos_Validos V="052,81"/>
          <Votos_No_Marcados V="4745"/>
          <Porc_Votos_No_Marcados V="022,87"/>
          <Votos_Nulos V="5043"/>
          <Porc_Votos_Nulos V="024,31"/>
        </lin>
        <lin>
          <Pregunta V="005"/>
          <Total_Sufragantes V="20742"/>
          <Porc_Sufragantes V="100,00"/>
          <Abstencion V="0"/>
          <Porc_Abstencion V="000,00"/>
          <Votos_Validos V="11024"/>
          <Porc_Votos_Validos V="053,14"/>
          <Votos_No_Marcados V="5425"/>
          <Porc_Votos_No_Marcados V="026,15"/>
          <Votos_Nulos V="4293"/>
          <Porc_Votos_Nulos V="020,69"/>
        </lin>
        <lin>
          <Pregunta V="006"/>
          <Total_Sufragantes V="20742"/>
          <Porc_Sufragantes V="100,00"/>
          <Abstencion V="0"/>
          <Porc_Abstencion V="000,00"/>
          <Votos_Validos V="11201"/>
          <Porc_Votos_Validos V="054,00"/>
          <Votos_No_Marcados V="4833"/>
          <Porc_Votos_No_Marcados V="023,30"/>
          <Votos_Nulos V="4708"/>
          <Porc_Votos_Nulos V="022,69"/>
        </lin>
        <lin>
          <Pregunta V="007"/>
          <Total_Sufragantes V="20742"/>
          <Porc_Sufragantes V="100,00"/>
          <Abstencion V="0"/>
          <Porc_Abstencion V="000,00"/>
          <Votos_Validos V="11011"/>
          <Porc_Votos_Validos V="053,08"/>
          <Votos_No_Marcados V="5281"/>
          <Porc_Votos_No_Marcados V="025,46"/>
          <Votos_Nulos V="4450"/>
          <Porc_Votos_Nulos V="021,45"/>
        </lin>
      </Detalle_Pregunta>
      <Detalle_Opcion>
        <lin>
          <Opcion V="001"/>
          <Votos V="4716"/>
          <Porc V="045,57"/>
          <Pregunta V="001"/>
        </lin>
        <lin>
          <Opcion V="002"/>
          <Votos V="5632"/>
          <Porc V="054,42"/>
          <Pregunta V="001"/>
        </lin>
        <lin>
          <Opcion V="001"/>
          <Votos V="5642"/>
          <Porc V="051,21"/>
          <Pregunta V="002"/>
        </lin>
        <lin>
          <Opcion V="002"/>
          <Votos V="5375"/>
          <Porc V="048,78"/>
          <Pregunta V="002"/>
        </lin>
        <lin>
          <Opcion V="001"/>
          <Votos V="4507"/>
          <Porc V="043,59"/>
          <Pregunta V="003"/>
        </lin>
        <lin>
          <Opcion V="002"/>
          <Votos V="5832"/>
          <Porc V="056,40"/>
          <Pregunta V="003"/>
        </lin>
        <lin>
          <Opcion V="001"/>
          <Votos V="6115"/>
          <Porc V="055,82"/>
          <Pregunta V="004"/>
        </lin>
        <lin>
          <Opcion V="002"/>
          <Votos V="4839"/>
          <Porc V="044,17"/>
          <Pregunta V="004"/>
        </lin>
        <lin>
          <Opcion V="001"/>
          <Votos V="5782"/>
          <Porc V="052,44"/>
          <Pregunta V="005"/>
        </lin>
        <lin>
          <Opcion V="002"/>
          <Votos V="5242"/>
          <Porc V="047,55"/>
          <Pregunta V="005"/>
        </lin>
        <lin>
          <Opcion V="001"/>
          <Votos V="5570"/>
          <Porc V="049,72"/>
          <Pregunta V="006"/>
        </lin>
        <lin>
          <Opcion V="002"/>
          <Votos V="5631"/>
          <Porc V="050,27"/>
          <Pregunta V="006"/>
        </lin>
        <lin>
          <Opcion V="001"/>
          <Votos V="5441"/>
          <Porc V="049,41"/>
          <Pregunta V="007"/>
        </lin>
        <lin>
          <Opcion V="002"/>
          <Votos V="5570"/>
          <Porc V="050,58"/>
          <Pregunta V="007"/>
        </lin>
      </Detalle_Opcion>
    </lin>
  </Detalle_Circunscripcion>
</Boletin>
</Boletin_Consolidado>