<Boletin_Consolidado><Boletin>
  <Numero V="0008"/>
  <Boletin_Departamental V="0012"/>
  <Tipo_Boletin V="DEPARTAMENTAL"/>
  <Desc_Corporacion V="CONSULTA POPULAR"/>
  <Departamento V="07"/>
  <Desc_Departamento V="BOYACA"/>
  <Municipio V="178"/>
  <Desc_Municipio V="PACHAVITA"/>
  <Dia V="21"/>
  <Mes V="8"/>
  <Anio V="2018"/>
  <Hora V="14"/>
  <Minuto V="15"/>
  <Mesas_Instaladas V="6"/>
  <Mesas_Informadas V="6"/>
  <Porc_Mesas_Informadas V="100,00"/>
  <Potencial_Sufragantes V="1951"/>
  <Detalle_Circunscripcion>
    <lin>
      <Circunscripcion V="0"/>
      <Desc_Circunscripcion V="NACIONAL"/>
      <Detalle_Pregunta>
        <lin>
          <Pregunta V="001"/>
          <Total_Sufragantes V="1951"/>
          <Porc_Sufragantes V="100,00"/>
          <Abstencion V="0"/>
          <Porc_Abstencion V="000,00"/>
          <Votos_Validos V="1202"/>
          <Porc_Votos_Validos V="061,60"/>
          <Votos_No_Marcados V="268"/>
          <Porc_Votos_No_Marcados V="013,73"/>
          <Votos_Nulos V="481"/>
          <Porc_Votos_Nulos V="024,65"/>
        </lin>
        <lin>
          <Pregunta V="002"/>
          <Total_Sufragantes V="1951"/>
          <Porc_Sufragantes V="100,00"/>
          <Abstencion V="0"/>
          <Porc_Abstencion V="000,00"/>
          <Votos_Validos V="1058"/>
          <Porc_Votos_Validos V="054,22"/>
          <Votos_No_Marcados V="315"/>
          <Porc_Votos_No_Marcados V="016,14"/>
          <Votos_Nulos V="578"/>
          <Porc_Votos_Nulos V="029,62"/>
        </lin>
        <lin>
          <Pregunta V="003"/>
          <Total_Sufragantes V="1951"/>
          <Porc_Sufragantes V="100,00"/>
          <Abstencion V="0"/>
          <Porc_Abstencion V="000,00"/>
          <Votos_Validos V="1165"/>
          <Porc_Votos_Validos V="059,71"/>
          <Votos_No_Marcados V="431"/>
          <Porc_Votos_No_Marcados V="022,09"/>
          <Votos_Nulos V="355"/>
          <Porc_Votos_Nulos V="018,19"/>
        </lin>
        <lin>
          <Pregunta V="004"/>
          <Total_Sufragantes V="1951"/>
          <Porc_Sufragantes V="100,00"/>
          <Abstencion V="0"/>
          <Porc_Abstencion V="000,00"/>
          <Votos_Validos V="981"/>
          <Porc_Votos_Validos V="050,28"/>
          <Votos_No_Marcados V="406"/>
          <Porc_Votos_No_Marcados V="020,80"/>
          <Votos_Nulos V="564"/>
          <Porc_Votos_Nulos V="028,90"/>
        </lin>
        <lin>
          <Pregunta V="005"/>
          <Total_Sufragantes V="1951"/>
          <Porc_Sufragantes V="100,00"/>
          <Abstencion V="0"/>
          <Porc_Abstencion V="000,00"/>
          <Votos_Validos V="1034"/>
          <Porc_Votos_Validos V="052,99"/>
          <Votos_No_Marcados V="554"/>
          <Porc_Votos_No_Marcados V="028,39"/>
          <Votos_Nulos V="363"/>
          <Porc_Votos_Nulos V="018,60"/>
        </lin>
        <lin>
          <Pregunta V="006"/>
          <Total_Sufragantes V="1951"/>
          <Porc_Sufragantes V="100,00"/>
          <Abstencion V="0"/>
          <Porc_Abstencion V="000,00"/>
          <Votos_Validos V="787"/>
          <Porc_Votos_Validos V="040,33"/>
          <Votos_No_Marcados V="540"/>
          <Porc_Votos_No_Marcados V="027,67"/>
          <Votos_Nulos V="624"/>
          <Porc_Votos_Nulos V="031,98"/>
        </lin>
        <lin>
          <Pregunta V="007"/>
          <Total_Sufragantes V="1951"/>
          <Porc_Sufragantes V="100,00"/>
          <Abstencion V="0"/>
          <Porc_Abstencion V="000,00"/>
          <Votos_Validos V="1413"/>
          <Porc_Votos_Validos V="072,42"/>
          <Votos_No_Marcados V="180"/>
          <Porc_Votos_No_Marcados V="009,22"/>
          <Votos_Nulos V="358"/>
          <Porc_Votos_Nulos V="018,34"/>
        </lin>
      </Detalle_Pregunta>
      <Detalle_Opcion>
        <lin>
          <Opcion V="001"/>
          <Votos V="673"/>
          <Porc V="055,99"/>
          <Pregunta V="001"/>
        </lin>
        <lin>
          <Opcion V="002"/>
          <Votos V="529"/>
          <Porc V="044,00"/>
          <Pregunta V="001"/>
        </lin>
        <lin>
          <Opcion V="001"/>
          <Votos V="383"/>
          <Porc V="036,20"/>
          <Pregunta V="002"/>
        </lin>
        <lin>
          <Opcion V="002"/>
          <Votos V="675"/>
          <Porc V="063,79"/>
          <Pregunta V="002"/>
        </lin>
        <lin>
          <Opcion V="001"/>
          <Votos V="498"/>
          <Porc V="042,74"/>
          <Pregunta V="003"/>
        </lin>
        <lin>
          <Opcion V="002"/>
          <Votos V="667"/>
          <Porc V="057,25"/>
          <Pregunta V="003"/>
        </lin>
        <lin>
          <Opcion V="001"/>
          <Votos V="436"/>
          <Porc V="044,44"/>
          <Pregunta V="004"/>
        </lin>
        <lin>
          <Opcion V="002"/>
          <Votos V="545"/>
          <Porc V="055,55"/>
          <Pregunta V="004"/>
        </lin>
        <lin>
          <Opcion V="001"/>
          <Votos V="431"/>
          <Porc V="041,68"/>
          <Pregunta V="005"/>
        </lin>
        <lin>
          <Opcion V="002"/>
          <Votos V="603"/>
          <Porc V="058,31"/>
          <Pregunta V="005"/>
        </lin>
        <lin>
          <Opcion V="001"/>
          <Votos V="383"/>
          <Porc V="048,66"/>
          <Pregunta V="006"/>
        </lin>
        <lin>
          <Opcion V="002"/>
          <Votos V="404"/>
          <Porc V="051,33"/>
          <Pregunta V="006"/>
        </lin>
        <lin>
          <Opcion V="001"/>
          <Votos V="669"/>
          <Porc V="047,34"/>
          <Pregunta V="007"/>
        </lin>
        <lin>
          <Opcion V="002"/>
          <Votos V="744"/>
          <Porc V="052,65"/>
          <Pregunta V="007"/>
        </lin>
      </Detalle_Opcion>
    </lin>
  </Detalle_Circunscripcion>
</Boletin>
</Boletin_Consolidado>