<Boletin_Consolidado><Boletin>
  <Numero V="0008"/>
  <Boletin_Departamental V="0012"/>
  <Tipo_Boletin V="DEPARTAMENTAL"/>
  <Desc_Corporacion V="CONSULTA POPULAR"/>
  <Departamento V="12"/>
  <Desc_Departamento V="CESAR"/>
  <Municipio V="200"/>
  <Desc_Municipio V="BOSCONIA"/>
  <Dia V="21"/>
  <Mes V="8"/>
  <Anio V="2018"/>
  <Hora V="14"/>
  <Minuto V="15"/>
  <Mesas_Instaladas V="74"/>
  <Mesas_Informadas V="74"/>
  <Porc_Mesas_Informadas V="100,00"/>
  <Potencial_Sufragantes V="27899"/>
  <Detalle_Circunscripcion>
    <lin>
      <Circunscripcion V="0"/>
      <Desc_Circunscripcion V="NACIONAL"/>
      <Detalle_Pregunta>
        <lin>
          <Pregunta V="001"/>
          <Total_Sufragantes V="27899"/>
          <Porc_Sufragantes V="100,00"/>
          <Abstencion V="0"/>
          <Porc_Abstencion V="000,00"/>
          <Votos_Validos V="13724"/>
          <Porc_Votos_Validos V="049,19"/>
          <Votos_No_Marcados V="6713"/>
          <Porc_Votos_No_Marcados V="024,06"/>
          <Votos_Nulos V="7462"/>
          <Porc_Votos_Nulos V="026,74"/>
        </lin>
        <lin>
          <Pregunta V="002"/>
          <Total_Sufragantes V="27899"/>
          <Porc_Sufragantes V="100,00"/>
          <Abstencion V="0"/>
          <Porc_Abstencion V="000,00"/>
          <Votos_Validos V="13797"/>
          <Porc_Votos_Validos V="049,45"/>
          <Votos_No_Marcados V="7636"/>
          <Porc_Votos_No_Marcados V="027,37"/>
          <Votos_Nulos V="6466"/>
          <Porc_Votos_Nulos V="023,17"/>
        </lin>
        <lin>
          <Pregunta V="003"/>
          <Total_Sufragantes V="27899"/>
          <Porc_Sufragantes V="100,00"/>
          <Abstencion V="0"/>
          <Porc_Abstencion V="000,00"/>
          <Votos_Validos V="14387"/>
          <Porc_Votos_Validos V="051,56"/>
          <Votos_No_Marcados V="7360"/>
          <Porc_Votos_No_Marcados V="026,38"/>
          <Votos_Nulos V="6152"/>
          <Porc_Votos_Nulos V="022,05"/>
        </lin>
        <lin>
          <Pregunta V="004"/>
          <Total_Sufragantes V="27899"/>
          <Porc_Sufragantes V="100,00"/>
          <Abstencion V="0"/>
          <Porc_Abstencion V="000,00"/>
          <Votos_Validos V="12651"/>
          <Porc_Votos_Validos V="045,34"/>
          <Votos_No_Marcados V="7584"/>
          <Porc_Votos_No_Marcados V="027,18"/>
          <Votos_Nulos V="7664"/>
          <Porc_Votos_Nulos V="027,47"/>
        </lin>
        <lin>
          <Pregunta V="005"/>
          <Total_Sufragantes V="27899"/>
          <Porc_Sufragantes V="100,00"/>
          <Abstencion V="0"/>
          <Porc_Abstencion V="000,00"/>
          <Votos_Validos V="13802"/>
          <Porc_Votos_Validos V="049,47"/>
          <Votos_No_Marcados V="7418"/>
          <Porc_Votos_No_Marcados V="026,58"/>
          <Votos_Nulos V="6679"/>
          <Porc_Votos_Nulos V="023,93"/>
        </lin>
        <lin>
          <Pregunta V="006"/>
          <Total_Sufragantes V="27899"/>
          <Porc_Sufragantes V="100,00"/>
          <Abstencion V="0"/>
          <Porc_Abstencion V="000,00"/>
          <Votos_Validos V="14260"/>
          <Porc_Votos_Validos V="051,11"/>
          <Votos_No_Marcados V="7006"/>
          <Porc_Votos_No_Marcados V="025,11"/>
          <Votos_Nulos V="6633"/>
          <Porc_Votos_Nulos V="023,77"/>
        </lin>
        <lin>
          <Pregunta V="007"/>
          <Total_Sufragantes V="27899"/>
          <Porc_Sufragantes V="100,00"/>
          <Abstencion V="0"/>
          <Porc_Abstencion V="000,00"/>
          <Votos_Validos V="13134"/>
          <Porc_Votos_Validos V="047,07"/>
          <Votos_No_Marcados V="7269"/>
          <Porc_Votos_No_Marcados V="026,05"/>
          <Votos_Nulos V="7496"/>
          <Porc_Votos_Nulos V="026,86"/>
        </lin>
      </Detalle_Pregunta>
      <Detalle_Opcion>
        <lin>
          <Opcion V="001"/>
          <Votos V="7067"/>
          <Porc V="051,49"/>
          <Pregunta V="001"/>
        </lin>
        <lin>
          <Opcion V="002"/>
          <Votos V="6657"/>
          <Porc V="048,50"/>
          <Pregunta V="001"/>
        </lin>
        <lin>
          <Opcion V="001"/>
          <Votos V="6835"/>
          <Porc V="049,53"/>
          <Pregunta V="002"/>
        </lin>
        <lin>
          <Opcion V="002"/>
          <Votos V="6962"/>
          <Porc V="050,46"/>
          <Pregunta V="002"/>
        </lin>
        <lin>
          <Opcion V="001"/>
          <Votos V="8548"/>
          <Porc V="059,41"/>
          <Pregunta V="003"/>
        </lin>
        <lin>
          <Opcion V="002"/>
          <Votos V="5839"/>
          <Porc V="040,58"/>
          <Pregunta V="003"/>
        </lin>
        <lin>
          <Opcion V="001"/>
          <Votos V="6364"/>
          <Porc V="050,30"/>
          <Pregunta V="004"/>
        </lin>
        <lin>
          <Opcion V="002"/>
          <Votos V="6287"/>
          <Porc V="049,69"/>
          <Pregunta V="004"/>
        </lin>
        <lin>
          <Opcion V="001"/>
          <Votos V="6870"/>
          <Porc V="049,77"/>
          <Pregunta V="005"/>
        </lin>
        <lin>
          <Opcion V="002"/>
          <Votos V="6932"/>
          <Porc V="050,22"/>
          <Pregunta V="005"/>
        </lin>
        <lin>
          <Opcion V="001"/>
          <Votos V="7312"/>
          <Porc V="051,27"/>
          <Pregunta V="006"/>
        </lin>
        <lin>
          <Opcion V="002"/>
          <Votos V="6948"/>
          <Porc V="048,72"/>
          <Pregunta V="006"/>
        </lin>
        <lin>
          <Opcion V="001"/>
          <Votos V="6826"/>
          <Porc V="051,97"/>
          <Pregunta V="007"/>
        </lin>
        <lin>
          <Opcion V="002"/>
          <Votos V="6308"/>
          <Porc V="048,02"/>
          <Pregunta V="007"/>
        </lin>
      </Detalle_Opcion>
    </lin>
  </Detalle_Circunscripcion>
</Boletin>
</Boletin_Consolidado>