<Boletin_Consolidado><Boletin>
  <Numero V="0008"/>
  <Boletin_Departamental V="0012"/>
  <Tipo_Boletin V="DEPARTAMENTAL"/>
  <Desc_Corporacion V="CONSULTA POPULAR"/>
  <Departamento V="01"/>
  <Desc_Departamento V="ANTIOQUIA"/>
  <Municipio V="187"/>
  <Desc_Municipio V="MUTATA"/>
  <Dia V="21"/>
  <Mes V="8"/>
  <Anio V="2018"/>
  <Hora V="14"/>
  <Minuto V="15"/>
  <Mesas_Instaladas V="30"/>
  <Mesas_Informadas V="30"/>
  <Porc_Mesas_Informadas V="100,00"/>
  <Potencial_Sufragantes V="10870"/>
  <Detalle_Circunscripcion>
    <lin>
      <Circunscripcion V="0"/>
      <Desc_Circunscripcion V="NACIONAL"/>
      <Detalle_Pregunta>
        <lin>
          <Pregunta V="001"/>
          <Total_Sufragantes V="10870"/>
          <Porc_Sufragantes V="100,00"/>
          <Abstencion V="0"/>
          <Porc_Abstencion V="000,00"/>
          <Votos_Validos V="5228"/>
          <Porc_Votos_Validos V="048,09"/>
          <Votos_No_Marcados V="2912"/>
          <Porc_Votos_No_Marcados V="026,78"/>
          <Votos_Nulos V="2730"/>
          <Porc_Votos_Nulos V="025,11"/>
        </lin>
        <lin>
          <Pregunta V="002"/>
          <Total_Sufragantes V="10870"/>
          <Porc_Sufragantes V="100,00"/>
          <Abstencion V="0"/>
          <Porc_Abstencion V="000,00"/>
          <Votos_Validos V="5479"/>
          <Porc_Votos_Validos V="050,40"/>
          <Votos_No_Marcados V="1944"/>
          <Porc_Votos_No_Marcados V="017,88"/>
          <Votos_Nulos V="3447"/>
          <Porc_Votos_Nulos V="031,71"/>
        </lin>
        <lin>
          <Pregunta V="003"/>
          <Total_Sufragantes V="10870"/>
          <Porc_Sufragantes V="100,00"/>
          <Abstencion V="0"/>
          <Porc_Abstencion V="000,00"/>
          <Votos_Validos V="5820"/>
          <Porc_Votos_Validos V="053,54"/>
          <Votos_No_Marcados V="2608"/>
          <Porc_Votos_No_Marcados V="023,99"/>
          <Votos_Nulos V="2442"/>
          <Porc_Votos_Nulos V="022,46"/>
        </lin>
        <lin>
          <Pregunta V="004"/>
          <Total_Sufragantes V="10870"/>
          <Porc_Sufragantes V="100,00"/>
          <Abstencion V="0"/>
          <Porc_Abstencion V="000,00"/>
          <Votos_Validos V="5349"/>
          <Porc_Votos_Validos V="049,20"/>
          <Votos_No_Marcados V="2802"/>
          <Porc_Votos_No_Marcados V="025,77"/>
          <Votos_Nulos V="2719"/>
          <Porc_Votos_Nulos V="025,01"/>
        </lin>
        <lin>
          <Pregunta V="005"/>
          <Total_Sufragantes V="10870"/>
          <Porc_Sufragantes V="100,00"/>
          <Abstencion V="0"/>
          <Porc_Abstencion V="000,00"/>
          <Votos_Validos V="5478"/>
          <Porc_Votos_Validos V="050,39"/>
          <Votos_No_Marcados V="2676"/>
          <Porc_Votos_No_Marcados V="024,61"/>
          <Votos_Nulos V="2716"/>
          <Porc_Votos_Nulos V="024,98"/>
        </lin>
        <lin>
          <Pregunta V="006"/>
          <Total_Sufragantes V="10870"/>
          <Porc_Sufragantes V="100,00"/>
          <Abstencion V="0"/>
          <Porc_Abstencion V="000,00"/>
          <Votos_Validos V="5941"/>
          <Porc_Votos_Validos V="054,65"/>
          <Votos_No_Marcados V="2369"/>
          <Porc_Votos_No_Marcados V="021,79"/>
          <Votos_Nulos V="2560"/>
          <Porc_Votos_Nulos V="023,55"/>
        </lin>
        <lin>
          <Pregunta V="007"/>
          <Total_Sufragantes V="10870"/>
          <Porc_Sufragantes V="100,00"/>
          <Abstencion V="0"/>
          <Porc_Abstencion V="000,00"/>
          <Votos_Validos V="5520"/>
          <Porc_Votos_Validos V="050,78"/>
          <Votos_No_Marcados V="2488"/>
          <Porc_Votos_No_Marcados V="022,88"/>
          <Votos_Nulos V="2862"/>
          <Porc_Votos_Nulos V="026,32"/>
        </lin>
      </Detalle_Pregunta>
      <Detalle_Opcion>
        <lin>
          <Opcion V="001"/>
          <Votos V="2744"/>
          <Porc V="052,48"/>
          <Pregunta V="001"/>
        </lin>
        <lin>
          <Opcion V="002"/>
          <Votos V="2484"/>
          <Porc V="047,51"/>
          <Pregunta V="001"/>
        </lin>
        <lin>
          <Opcion V="001"/>
          <Votos V="2566"/>
          <Porc V="046,83"/>
          <Pregunta V="002"/>
        </lin>
        <lin>
          <Opcion V="002"/>
          <Votos V="2913"/>
          <Porc V="053,16"/>
          <Pregunta V="002"/>
        </lin>
        <lin>
          <Opcion V="001"/>
          <Votos V="2919"/>
          <Porc V="050,15"/>
          <Pregunta V="003"/>
        </lin>
        <lin>
          <Opcion V="002"/>
          <Votos V="2901"/>
          <Porc V="049,84"/>
          <Pregunta V="003"/>
        </lin>
        <lin>
          <Opcion V="001"/>
          <Votos V="3080"/>
          <Porc V="057,58"/>
          <Pregunta V="004"/>
        </lin>
        <lin>
          <Opcion V="002"/>
          <Votos V="2269"/>
          <Porc V="042,41"/>
          <Pregunta V="004"/>
        </lin>
        <lin>
          <Opcion V="001"/>
          <Votos V="2316"/>
          <Porc V="042,27"/>
          <Pregunta V="005"/>
        </lin>
        <lin>
          <Opcion V="002"/>
          <Votos V="3162"/>
          <Porc V="057,72"/>
          <Pregunta V="005"/>
        </lin>
        <lin>
          <Opcion V="001"/>
          <Votos V="3499"/>
          <Porc V="058,89"/>
          <Pregunta V="006"/>
        </lin>
        <lin>
          <Opcion V="002"/>
          <Votos V="2442"/>
          <Porc V="041,10"/>
          <Pregunta V="006"/>
        </lin>
        <lin>
          <Opcion V="001"/>
          <Votos V="2767"/>
          <Porc V="050,12"/>
          <Pregunta V="007"/>
        </lin>
        <lin>
          <Opcion V="002"/>
          <Votos V="2753"/>
          <Porc V="049,87"/>
          <Pregunta V="007"/>
        </lin>
      </Detalle_Opcion>
    </lin>
  </Detalle_Circunscripcion>
</Boletin>
</Boletin_Consolidado>