<Boletin_Consolidado><Boletin>
  <Numero V="0008"/>
  <Boletin_Departamental V="0012"/>
  <Tipo_Boletin V="DEPARTAMENTAL"/>
  <Desc_Corporacion V="CONSULTA POPULAR"/>
  <Departamento V="05"/>
  <Desc_Departamento V="BOLIVAR"/>
  <Municipio V="004"/>
  <Desc_Municipio V="ACHI"/>
  <Dia V="21"/>
  <Mes V="8"/>
  <Anio V="2018"/>
  <Hora V="14"/>
  <Minuto V="15"/>
  <Mesas_Instaladas V="56"/>
  <Mesas_Informadas V="56"/>
  <Porc_Mesas_Informadas V="100,00"/>
  <Potencial_Sufragantes V="16663"/>
  <Detalle_Circunscripcion>
    <lin>
      <Circunscripcion V="0"/>
      <Desc_Circunscripcion V="NACIONAL"/>
      <Detalle_Pregunta>
        <lin>
          <Pregunta V="001"/>
          <Total_Sufragantes V="16663"/>
          <Porc_Sufragantes V="100,00"/>
          <Abstencion V="0"/>
          <Porc_Abstencion V="000,00"/>
          <Votos_Validos V="8434"/>
          <Porc_Votos_Validos V="050,61"/>
          <Votos_No_Marcados V="4073"/>
          <Porc_Votos_No_Marcados V="024,44"/>
          <Votos_Nulos V="4156"/>
          <Porc_Votos_Nulos V="024,94"/>
        </lin>
        <lin>
          <Pregunta V="002"/>
          <Total_Sufragantes V="16663"/>
          <Porc_Sufragantes V="100,00"/>
          <Abstencion V="0"/>
          <Porc_Abstencion V="000,00"/>
          <Votos_Validos V="8015"/>
          <Porc_Votos_Validos V="048,10"/>
          <Votos_No_Marcados V="3991"/>
          <Porc_Votos_No_Marcados V="023,95"/>
          <Votos_Nulos V="4657"/>
          <Porc_Votos_Nulos V="027,94"/>
        </lin>
        <lin>
          <Pregunta V="003"/>
          <Total_Sufragantes V="16663"/>
          <Porc_Sufragantes V="100,00"/>
          <Abstencion V="0"/>
          <Porc_Abstencion V="000,00"/>
          <Votos_Validos V="8341"/>
          <Porc_Votos_Validos V="050,05"/>
          <Votos_No_Marcados V="4306"/>
          <Porc_Votos_No_Marcados V="025,84"/>
          <Votos_Nulos V="4016"/>
          <Porc_Votos_Nulos V="024,10"/>
        </lin>
        <lin>
          <Pregunta V="004"/>
          <Total_Sufragantes V="16663"/>
          <Porc_Sufragantes V="100,00"/>
          <Abstencion V="0"/>
          <Porc_Abstencion V="000,00"/>
          <Votos_Validos V="8318"/>
          <Porc_Votos_Validos V="049,91"/>
          <Votos_No_Marcados V="4276"/>
          <Porc_Votos_No_Marcados V="025,66"/>
          <Votos_Nulos V="4069"/>
          <Porc_Votos_Nulos V="024,41"/>
        </lin>
        <lin>
          <Pregunta V="005"/>
          <Total_Sufragantes V="16663"/>
          <Porc_Sufragantes V="100,00"/>
          <Abstencion V="0"/>
          <Porc_Abstencion V="000,00"/>
          <Votos_Validos V="8827"/>
          <Porc_Votos_Validos V="052,97"/>
          <Votos_No_Marcados V="3758"/>
          <Porc_Votos_No_Marcados V="022,55"/>
          <Votos_Nulos V="4078"/>
          <Porc_Votos_Nulos V="024,47"/>
        </lin>
        <lin>
          <Pregunta V="006"/>
          <Total_Sufragantes V="16663"/>
          <Porc_Sufragantes V="100,00"/>
          <Abstencion V="0"/>
          <Porc_Abstencion V="000,00"/>
          <Votos_Validos V="8467"/>
          <Porc_Votos_Validos V="050,81"/>
          <Votos_No_Marcados V="4363"/>
          <Porc_Votos_No_Marcados V="026,18"/>
          <Votos_Nulos V="3833"/>
          <Porc_Votos_Nulos V="023,00"/>
        </lin>
        <lin>
          <Pregunta V="007"/>
          <Total_Sufragantes V="16663"/>
          <Porc_Sufragantes V="100,00"/>
          <Abstencion V="0"/>
          <Porc_Abstencion V="000,00"/>
          <Votos_Validos V="7235"/>
          <Porc_Votos_Validos V="043,41"/>
          <Votos_No_Marcados V="4836"/>
          <Porc_Votos_No_Marcados V="029,02"/>
          <Votos_Nulos V="4592"/>
          <Porc_Votos_Nulos V="027,55"/>
        </lin>
      </Detalle_Pregunta>
      <Detalle_Opcion>
        <lin>
          <Opcion V="001"/>
          <Votos V="4348"/>
          <Porc V="051,55"/>
          <Pregunta V="001"/>
        </lin>
        <lin>
          <Opcion V="002"/>
          <Votos V="4086"/>
          <Porc V="048,44"/>
          <Pregunta V="001"/>
        </lin>
        <lin>
          <Opcion V="001"/>
          <Votos V="4046"/>
          <Porc V="050,48"/>
          <Pregunta V="002"/>
        </lin>
        <lin>
          <Opcion V="002"/>
          <Votos V="3969"/>
          <Porc V="049,51"/>
          <Pregunta V="002"/>
        </lin>
        <lin>
          <Opcion V="001"/>
          <Votos V="4247"/>
          <Porc V="050,91"/>
          <Pregunta V="003"/>
        </lin>
        <lin>
          <Opcion V="002"/>
          <Votos V="4094"/>
          <Porc V="049,08"/>
          <Pregunta V="003"/>
        </lin>
        <lin>
          <Opcion V="001"/>
          <Votos V="4208"/>
          <Porc V="050,58"/>
          <Pregunta V="004"/>
        </lin>
        <lin>
          <Opcion V="002"/>
          <Votos V="4110"/>
          <Porc V="049,41"/>
          <Pregunta V="004"/>
        </lin>
        <lin>
          <Opcion V="001"/>
          <Votos V="4397"/>
          <Porc V="049,81"/>
          <Pregunta V="005"/>
        </lin>
        <lin>
          <Opcion V="002"/>
          <Votos V="4430"/>
          <Porc V="050,18"/>
          <Pregunta V="005"/>
        </lin>
        <lin>
          <Opcion V="001"/>
          <Votos V="4193"/>
          <Porc V="049,52"/>
          <Pregunta V="006"/>
        </lin>
        <lin>
          <Opcion V="002"/>
          <Votos V="4274"/>
          <Porc V="050,47"/>
          <Pregunta V="006"/>
        </lin>
        <lin>
          <Opcion V="001"/>
          <Votos V="3929"/>
          <Porc V="054,30"/>
          <Pregunta V="007"/>
        </lin>
        <lin>
          <Opcion V="002"/>
          <Votos V="3306"/>
          <Porc V="045,69"/>
          <Pregunta V="007"/>
        </lin>
      </Detalle_Opcion>
    </lin>
  </Detalle_Circunscripcion>
</Boletin>
</Boletin_Consolidado>