<Boletin_Consolidado><Boletin>
  <Numero V="0008"/>
  <Boletin_Departamental V="0012"/>
  <Tipo_Boletin V="DEPARTAMENTAL"/>
  <Desc_Corporacion V="CONSULTA POPULAR"/>
  <Departamento V="07"/>
  <Desc_Departamento V="BOYACA"/>
  <Municipio V="010"/>
  <Desc_Municipio V="ARCABUCO"/>
  <Dia V="21"/>
  <Mes V="8"/>
  <Anio V="2018"/>
  <Hora V="14"/>
  <Minuto V="15"/>
  <Mesas_Instaladas V="13"/>
  <Mesas_Informadas V="13"/>
  <Porc_Mesas_Informadas V="100,00"/>
  <Potencial_Sufragantes V="4822"/>
  <Detalle_Circunscripcion>
    <lin>
      <Circunscripcion V="0"/>
      <Desc_Circunscripcion V="NACIONAL"/>
      <Detalle_Pregunta>
        <lin>
          <Pregunta V="001"/>
          <Total_Sufragantes V="4822"/>
          <Porc_Sufragantes V="100,00"/>
          <Abstencion V="0"/>
          <Porc_Abstencion V="000,00"/>
          <Votos_Validos V="2671"/>
          <Porc_Votos_Validos V="055,39"/>
          <Votos_No_Marcados V="1433"/>
          <Porc_Votos_No_Marcados V="029,71"/>
          <Votos_Nulos V="718"/>
          <Porc_Votos_Nulos V="014,89"/>
        </lin>
        <lin>
          <Pregunta V="002"/>
          <Total_Sufragantes V="4822"/>
          <Porc_Sufragantes V="100,00"/>
          <Abstencion V="0"/>
          <Porc_Abstencion V="000,00"/>
          <Votos_Validos V="2556"/>
          <Porc_Votos_Validos V="053,00"/>
          <Votos_No_Marcados V="1250"/>
          <Porc_Votos_No_Marcados V="025,92"/>
          <Votos_Nulos V="1016"/>
          <Porc_Votos_Nulos V="021,07"/>
        </lin>
        <lin>
          <Pregunta V="003"/>
          <Total_Sufragantes V="4822"/>
          <Porc_Sufragantes V="100,00"/>
          <Abstencion V="0"/>
          <Porc_Abstencion V="000,00"/>
          <Votos_Validos V="2339"/>
          <Porc_Votos_Validos V="048,50"/>
          <Votos_No_Marcados V="1228"/>
          <Porc_Votos_No_Marcados V="025,46"/>
          <Votos_Nulos V="1255"/>
          <Porc_Votos_Nulos V="026,02"/>
        </lin>
        <lin>
          <Pregunta V="004"/>
          <Total_Sufragantes V="4822"/>
          <Porc_Sufragantes V="100,00"/>
          <Abstencion V="0"/>
          <Porc_Abstencion V="000,00"/>
          <Votos_Validos V="2984"/>
          <Porc_Votos_Validos V="061,88"/>
          <Votos_No_Marcados V="823"/>
          <Porc_Votos_No_Marcados V="017,06"/>
          <Votos_Nulos V="1015"/>
          <Porc_Votos_Nulos V="021,04"/>
        </lin>
        <lin>
          <Pregunta V="005"/>
          <Total_Sufragantes V="4822"/>
          <Porc_Sufragantes V="100,00"/>
          <Abstencion V="0"/>
          <Porc_Abstencion V="000,00"/>
          <Votos_Validos V="2119"/>
          <Porc_Votos_Validos V="043,94"/>
          <Votos_No_Marcados V="1669"/>
          <Porc_Votos_No_Marcados V="034,61"/>
          <Votos_Nulos V="1034"/>
          <Porc_Votos_Nulos V="021,44"/>
        </lin>
        <lin>
          <Pregunta V="006"/>
          <Total_Sufragantes V="4822"/>
          <Porc_Sufragantes V="100,00"/>
          <Abstencion V="0"/>
          <Porc_Abstencion V="000,00"/>
          <Votos_Validos V="2067"/>
          <Porc_Votos_Validos V="042,86"/>
          <Votos_No_Marcados V="1125"/>
          <Porc_Votos_No_Marcados V="023,33"/>
          <Votos_Nulos V="1630"/>
          <Porc_Votos_Nulos V="033,80"/>
        </lin>
        <lin>
          <Pregunta V="007"/>
          <Total_Sufragantes V="4822"/>
          <Porc_Sufragantes V="100,00"/>
          <Abstencion V="0"/>
          <Porc_Abstencion V="000,00"/>
          <Votos_Validos V="2240"/>
          <Porc_Votos_Validos V="046,45"/>
          <Votos_No_Marcados V="1377"/>
          <Porc_Votos_No_Marcados V="028,55"/>
          <Votos_Nulos V="1205"/>
          <Porc_Votos_Nulos V="024,98"/>
        </lin>
      </Detalle_Pregunta>
      <Detalle_Opcion>
        <lin>
          <Opcion V="001"/>
          <Votos V="1096"/>
          <Porc V="041,03"/>
          <Pregunta V="001"/>
        </lin>
        <lin>
          <Opcion V="002"/>
          <Votos V="1575"/>
          <Porc V="058,96"/>
          <Pregunta V="001"/>
        </lin>
        <lin>
          <Opcion V="001"/>
          <Votos V="962"/>
          <Porc V="037,63"/>
          <Pregunta V="002"/>
        </lin>
        <lin>
          <Opcion V="002"/>
          <Votos V="1594"/>
          <Porc V="062,36"/>
          <Pregunta V="002"/>
        </lin>
        <lin>
          <Opcion V="001"/>
          <Votos V="1373"/>
          <Porc V="058,70"/>
          <Pregunta V="003"/>
        </lin>
        <lin>
          <Opcion V="002"/>
          <Votos V="966"/>
          <Porc V="041,29"/>
          <Pregunta V="003"/>
        </lin>
        <lin>
          <Opcion V="001"/>
          <Votos V="1668"/>
          <Porc V="055,89"/>
          <Pregunta V="004"/>
        </lin>
        <lin>
          <Opcion V="002"/>
          <Votos V="1316"/>
          <Porc V="044,10"/>
          <Pregunta V="004"/>
        </lin>
        <lin>
          <Opcion V="001"/>
          <Votos V="850"/>
          <Porc V="040,11"/>
          <Pregunta V="005"/>
        </lin>
        <lin>
          <Opcion V="002"/>
          <Votos V="1269"/>
          <Porc V="059,88"/>
          <Pregunta V="005"/>
        </lin>
        <lin>
          <Opcion V="001"/>
          <Votos V="580"/>
          <Porc V="028,05"/>
          <Pregunta V="006"/>
        </lin>
        <lin>
          <Opcion V="002"/>
          <Votos V="1487"/>
          <Porc V="071,94"/>
          <Pregunta V="006"/>
        </lin>
        <lin>
          <Opcion V="001"/>
          <Votos V="691"/>
          <Porc V="030,84"/>
          <Pregunta V="007"/>
        </lin>
        <lin>
          <Opcion V="002"/>
          <Votos V="1549"/>
          <Porc V="069,15"/>
          <Pregunta V="007"/>
        </lin>
      </Detalle_Opcion>
    </lin>
  </Detalle_Circunscripcion>
</Boletin>
</Boletin_Consolidado>