<Boletin_Consolidado><Boletin>
  <Numero V="0008"/>
  <Boletin_Departamental V="0012"/>
  <Tipo_Boletin V="DEPARTAMENTAL"/>
  <Desc_Corporacion V="CONSULTA POPULAR"/>
  <Departamento V="09"/>
  <Desc_Departamento V="CALDAS"/>
  <Municipio V="037"/>
  <Desc_Municipio V="FILADELFIA"/>
  <Dia V="21"/>
  <Mes V="8"/>
  <Anio V="2018"/>
  <Hora V="14"/>
  <Minuto V="15"/>
  <Mesas_Instaladas V="27"/>
  <Mesas_Informadas V="27"/>
  <Porc_Mesas_Informadas V="100,00"/>
  <Potencial_Sufragantes V="9320"/>
  <Detalle_Circunscripcion>
    <lin>
      <Circunscripcion V="0"/>
      <Desc_Circunscripcion V="NACIONAL"/>
      <Detalle_Pregunta>
        <lin>
          <Pregunta V="001"/>
          <Total_Sufragantes V="9320"/>
          <Porc_Sufragantes V="100,00"/>
          <Abstencion V="0"/>
          <Porc_Abstencion V="000,00"/>
          <Votos_Validos V="4120"/>
          <Porc_Votos_Validos V="044,20"/>
          <Votos_No_Marcados V="2713"/>
          <Porc_Votos_No_Marcados V="029,10"/>
          <Votos_Nulos V="2487"/>
          <Porc_Votos_Nulos V="026,68"/>
        </lin>
        <lin>
          <Pregunta V="002"/>
          <Total_Sufragantes V="9320"/>
          <Porc_Sufragantes V="100,00"/>
          <Abstencion V="0"/>
          <Porc_Abstencion V="000,00"/>
          <Votos_Validos V="4901"/>
          <Porc_Votos_Validos V="052,58"/>
          <Votos_No_Marcados V="2303"/>
          <Porc_Votos_No_Marcados V="024,71"/>
          <Votos_Nulos V="2116"/>
          <Porc_Votos_Nulos V="022,70"/>
        </lin>
        <lin>
          <Pregunta V="003"/>
          <Total_Sufragantes V="9320"/>
          <Porc_Sufragantes V="100,00"/>
          <Abstencion V="0"/>
          <Porc_Abstencion V="000,00"/>
          <Votos_Validos V="4898"/>
          <Porc_Votos_Validos V="052,55"/>
          <Votos_No_Marcados V="2044"/>
          <Porc_Votos_No_Marcados V="021,93"/>
          <Votos_Nulos V="2378"/>
          <Porc_Votos_Nulos V="025,51"/>
        </lin>
        <lin>
          <Pregunta V="004"/>
          <Total_Sufragantes V="9320"/>
          <Porc_Sufragantes V="100,00"/>
          <Abstencion V="0"/>
          <Porc_Abstencion V="000,00"/>
          <Votos_Validos V="4282"/>
          <Porc_Votos_Validos V="045,94"/>
          <Votos_No_Marcados V="2615"/>
          <Porc_Votos_No_Marcados V="028,05"/>
          <Votos_Nulos V="2423"/>
          <Porc_Votos_Nulos V="025,99"/>
        </lin>
        <lin>
          <Pregunta V="005"/>
          <Total_Sufragantes V="9320"/>
          <Porc_Sufragantes V="100,00"/>
          <Abstencion V="0"/>
          <Porc_Abstencion V="000,00"/>
          <Votos_Validos V="4802"/>
          <Porc_Votos_Validos V="051,52"/>
          <Votos_No_Marcados V="2270"/>
          <Porc_Votos_No_Marcados V="024,35"/>
          <Votos_Nulos V="2248"/>
          <Porc_Votos_Nulos V="024,12"/>
        </lin>
        <lin>
          <Pregunta V="006"/>
          <Total_Sufragantes V="9320"/>
          <Porc_Sufragantes V="100,00"/>
          <Abstencion V="0"/>
          <Porc_Abstencion V="000,00"/>
          <Votos_Validos V="4205"/>
          <Porc_Votos_Validos V="045,11"/>
          <Votos_No_Marcados V="2821"/>
          <Porc_Votos_No_Marcados V="030,26"/>
          <Votos_Nulos V="2294"/>
          <Porc_Votos_Nulos V="024,61"/>
        </lin>
        <lin>
          <Pregunta V="007"/>
          <Total_Sufragantes V="9320"/>
          <Porc_Sufragantes V="100,00"/>
          <Abstencion V="0"/>
          <Porc_Abstencion V="000,00"/>
          <Votos_Validos V="4355"/>
          <Porc_Votos_Validos V="046,72"/>
          <Votos_No_Marcados V="2732"/>
          <Porc_Votos_No_Marcados V="029,31"/>
          <Votos_Nulos V="2233"/>
          <Porc_Votos_Nulos V="023,95"/>
        </lin>
      </Detalle_Pregunta>
      <Detalle_Opcion>
        <lin>
          <Opcion V="001"/>
          <Votos V="2302"/>
          <Porc V="055,87"/>
          <Pregunta V="001"/>
        </lin>
        <lin>
          <Opcion V="002"/>
          <Votos V="1818"/>
          <Porc V="044,12"/>
          <Pregunta V="001"/>
        </lin>
        <lin>
          <Opcion V="001"/>
          <Votos V="2888"/>
          <Porc V="058,92"/>
          <Pregunta V="002"/>
        </lin>
        <lin>
          <Opcion V="002"/>
          <Votos V="2013"/>
          <Porc V="041,07"/>
          <Pregunta V="002"/>
        </lin>
        <lin>
          <Opcion V="001"/>
          <Votos V="2728"/>
          <Porc V="055,69"/>
          <Pregunta V="003"/>
        </lin>
        <lin>
          <Opcion V="002"/>
          <Votos V="2170"/>
          <Porc V="044,30"/>
          <Pregunta V="003"/>
        </lin>
        <lin>
          <Opcion V="001"/>
          <Votos V="1999"/>
          <Porc V="046,68"/>
          <Pregunta V="004"/>
        </lin>
        <lin>
          <Opcion V="002"/>
          <Votos V="2283"/>
          <Porc V="053,31"/>
          <Pregunta V="004"/>
        </lin>
        <lin>
          <Opcion V="001"/>
          <Votos V="2723"/>
          <Porc V="056,70"/>
          <Pregunta V="005"/>
        </lin>
        <lin>
          <Opcion V="002"/>
          <Votos V="2079"/>
          <Porc V="043,29"/>
          <Pregunta V="005"/>
        </lin>
        <lin>
          <Opcion V="001"/>
          <Votos V="2156"/>
          <Porc V="051,27"/>
          <Pregunta V="006"/>
        </lin>
        <lin>
          <Opcion V="002"/>
          <Votos V="2049"/>
          <Porc V="048,72"/>
          <Pregunta V="006"/>
        </lin>
        <lin>
          <Opcion V="001"/>
          <Votos V="2401"/>
          <Porc V="055,13"/>
          <Pregunta V="007"/>
        </lin>
        <lin>
          <Opcion V="002"/>
          <Votos V="1954"/>
          <Porc V="044,86"/>
          <Pregunta V="007"/>
        </lin>
      </Detalle_Opcion>
    </lin>
  </Detalle_Circunscripcion>
</Boletin>
</Boletin_Consolidado>