<Boletin_Consolidado><Boletin>
  <Numero V="0008"/>
  <Boletin_Departamental V="0012"/>
  <Tipo_Boletin V="DEPARTAMENTAL"/>
  <Desc_Corporacion V="CONSULTA POPULAR"/>
  <Departamento V="01"/>
  <Desc_Departamento V="ANTIOQUIA"/>
  <Municipio V="206"/>
  <Desc_Municipio V="PUERTO TRIUNFO"/>
  <Dia V="21"/>
  <Mes V="8"/>
  <Anio V="2018"/>
  <Hora V="14"/>
  <Minuto V="15"/>
  <Mesas_Instaladas V="38"/>
  <Mesas_Informadas V="38"/>
  <Porc_Mesas_Informadas V="100,00"/>
  <Potencial_Sufragantes V="13831"/>
  <Detalle_Circunscripcion>
    <lin>
      <Circunscripcion V="0"/>
      <Desc_Circunscripcion V="NACIONAL"/>
      <Detalle_Pregunta>
        <lin>
          <Pregunta V="001"/>
          <Total_Sufragantes V="13831"/>
          <Porc_Sufragantes V="100,00"/>
          <Abstencion V="0"/>
          <Porc_Abstencion V="000,00"/>
          <Votos_Validos V="6714"/>
          <Porc_Votos_Validos V="048,54"/>
          <Votos_No_Marcados V="3585"/>
          <Porc_Votos_No_Marcados V="025,92"/>
          <Votos_Nulos V="3532"/>
          <Porc_Votos_Nulos V="025,53"/>
        </lin>
        <lin>
          <Pregunta V="002"/>
          <Total_Sufragantes V="13831"/>
          <Porc_Sufragantes V="100,00"/>
          <Abstencion V="0"/>
          <Porc_Abstencion V="000,00"/>
          <Votos_Validos V="6594"/>
          <Porc_Votos_Validos V="047,67"/>
          <Votos_No_Marcados V="3330"/>
          <Porc_Votos_No_Marcados V="024,07"/>
          <Votos_Nulos V="3907"/>
          <Porc_Votos_Nulos V="028,24"/>
        </lin>
        <lin>
          <Pregunta V="003"/>
          <Total_Sufragantes V="13831"/>
          <Porc_Sufragantes V="100,00"/>
          <Abstencion V="0"/>
          <Porc_Abstencion V="000,00"/>
          <Votos_Validos V="8346"/>
          <Porc_Votos_Validos V="060,34"/>
          <Votos_No_Marcados V="2691"/>
          <Porc_Votos_No_Marcados V="019,45"/>
          <Votos_Nulos V="2794"/>
          <Porc_Votos_Nulos V="020,20"/>
        </lin>
        <lin>
          <Pregunta V="004"/>
          <Total_Sufragantes V="13831"/>
          <Porc_Sufragantes V="100,00"/>
          <Abstencion V="0"/>
          <Porc_Abstencion V="000,00"/>
          <Votos_Validos V="6595"/>
          <Porc_Votos_Validos V="047,68"/>
          <Votos_No_Marcados V="3632"/>
          <Porc_Votos_No_Marcados V="026,25"/>
          <Votos_Nulos V="3604"/>
          <Porc_Votos_Nulos V="026,05"/>
        </lin>
        <lin>
          <Pregunta V="005"/>
          <Total_Sufragantes V="13831"/>
          <Porc_Sufragantes V="100,00"/>
          <Abstencion V="0"/>
          <Porc_Abstencion V="000,00"/>
          <Votos_Validos V="7592"/>
          <Porc_Votos_Validos V="054,89"/>
          <Votos_No_Marcados V="3172"/>
          <Porc_Votos_No_Marcados V="022,93"/>
          <Votos_Nulos V="3067"/>
          <Porc_Votos_Nulos V="022,17"/>
        </lin>
        <lin>
          <Pregunta V="006"/>
          <Total_Sufragantes V="13831"/>
          <Porc_Sufragantes V="100,00"/>
          <Abstencion V="0"/>
          <Porc_Abstencion V="000,00"/>
          <Votos_Validos V="6234"/>
          <Porc_Votos_Validos V="045,07"/>
          <Votos_No_Marcados V="3247"/>
          <Porc_Votos_No_Marcados V="023,47"/>
          <Votos_Nulos V="4350"/>
          <Porc_Votos_Nulos V="031,45"/>
        </lin>
        <lin>
          <Pregunta V="007"/>
          <Total_Sufragantes V="13831"/>
          <Porc_Sufragantes V="100,00"/>
          <Abstencion V="0"/>
          <Porc_Abstencion V="000,00"/>
          <Votos_Validos V="6859"/>
          <Porc_Votos_Validos V="049,59"/>
          <Votos_No_Marcados V="3904"/>
          <Porc_Votos_No_Marcados V="028,22"/>
          <Votos_Nulos V="3068"/>
          <Porc_Votos_Nulos V="022,18"/>
        </lin>
      </Detalle_Pregunta>
      <Detalle_Opcion>
        <lin>
          <Opcion V="001"/>
          <Votos V="3120"/>
          <Porc V="046,47"/>
          <Pregunta V="001"/>
        </lin>
        <lin>
          <Opcion V="002"/>
          <Votos V="3594"/>
          <Porc V="053,52"/>
          <Pregunta V="001"/>
        </lin>
        <lin>
          <Opcion V="001"/>
          <Votos V="3909"/>
          <Porc V="059,28"/>
          <Pregunta V="002"/>
        </lin>
        <lin>
          <Opcion V="002"/>
          <Votos V="2685"/>
          <Porc V="040,71"/>
          <Pregunta V="002"/>
        </lin>
        <lin>
          <Opcion V="001"/>
          <Votos V="3890"/>
          <Porc V="046,60"/>
          <Pregunta V="003"/>
        </lin>
        <lin>
          <Opcion V="002"/>
          <Votos V="4456"/>
          <Porc V="053,39"/>
          <Pregunta V="003"/>
        </lin>
        <lin>
          <Opcion V="001"/>
          <Votos V="3044"/>
          <Porc V="046,15"/>
          <Pregunta V="004"/>
        </lin>
        <lin>
          <Opcion V="002"/>
          <Votos V="3551"/>
          <Porc V="053,84"/>
          <Pregunta V="004"/>
        </lin>
        <lin>
          <Opcion V="001"/>
          <Votos V="3996"/>
          <Porc V="052,63"/>
          <Pregunta V="005"/>
        </lin>
        <lin>
          <Opcion V="002"/>
          <Votos V="3596"/>
          <Porc V="047,36"/>
          <Pregunta V="005"/>
        </lin>
        <lin>
          <Opcion V="001"/>
          <Votos V="3417"/>
          <Porc V="054,81"/>
          <Pregunta V="006"/>
        </lin>
        <lin>
          <Opcion V="002"/>
          <Votos V="2817"/>
          <Porc V="045,18"/>
          <Pregunta V="006"/>
        </lin>
        <lin>
          <Opcion V="001"/>
          <Votos V="2990"/>
          <Porc V="043,59"/>
          <Pregunta V="007"/>
        </lin>
        <lin>
          <Opcion V="002"/>
          <Votos V="3869"/>
          <Porc V="056,40"/>
          <Pregunta V="007"/>
        </lin>
      </Detalle_Opcion>
    </lin>
  </Detalle_Circunscripcion>
</Boletin>
</Boletin_Consolidado>