<Boletin_Consolidado><Boletin>
  <Numero V="0008"/>
  <Boletin_Departamental V="0012"/>
  <Tipo_Boletin V="DEPARTAMENTAL"/>
  <Desc_Corporacion V="CONSULTA POPULAR"/>
  <Departamento V="01"/>
  <Desc_Departamento V="ANTIOQUIA"/>
  <Municipio V="039"/>
  <Desc_Municipio V="ARGELIA"/>
  <Dia V="21"/>
  <Mes V="8"/>
  <Anio V="2018"/>
  <Hora V="14"/>
  <Minuto V="15"/>
  <Mesas_Instaladas V="21"/>
  <Mesas_Informadas V="21"/>
  <Porc_Mesas_Informadas V="100,00"/>
  <Potencial_Sufragantes V="6606"/>
  <Detalle_Circunscripcion>
    <lin>
      <Circunscripcion V="0"/>
      <Desc_Circunscripcion V="NACIONAL"/>
      <Detalle_Pregunta>
        <lin>
          <Pregunta V="001"/>
          <Total_Sufragantes V="6606"/>
          <Porc_Sufragantes V="100,00"/>
          <Abstencion V="0"/>
          <Porc_Abstencion V="000,00"/>
          <Votos_Validos V="3262"/>
          <Porc_Votos_Validos V="049,37"/>
          <Votos_No_Marcados V="1675"/>
          <Porc_Votos_No_Marcados V="025,35"/>
          <Votos_Nulos V="1669"/>
          <Porc_Votos_Nulos V="025,26"/>
        </lin>
        <lin>
          <Pregunta V="002"/>
          <Total_Sufragantes V="6606"/>
          <Porc_Sufragantes V="100,00"/>
          <Abstencion V="0"/>
          <Porc_Abstencion V="000,00"/>
          <Votos_Validos V="3232"/>
          <Porc_Votos_Validos V="048,92"/>
          <Votos_No_Marcados V="1480"/>
          <Porc_Votos_No_Marcados V="022,40"/>
          <Votos_Nulos V="1894"/>
          <Porc_Votos_Nulos V="028,67"/>
        </lin>
        <lin>
          <Pregunta V="003"/>
          <Total_Sufragantes V="6606"/>
          <Porc_Sufragantes V="100,00"/>
          <Abstencion V="0"/>
          <Porc_Abstencion V="000,00"/>
          <Votos_Validos V="2972"/>
          <Porc_Votos_Validos V="044,98"/>
          <Votos_No_Marcados V="1433"/>
          <Porc_Votos_No_Marcados V="021,69"/>
          <Votos_Nulos V="2201"/>
          <Porc_Votos_Nulos V="033,31"/>
        </lin>
        <lin>
          <Pregunta V="004"/>
          <Total_Sufragantes V="6606"/>
          <Porc_Sufragantes V="100,00"/>
          <Abstencion V="0"/>
          <Porc_Abstencion V="000,00"/>
          <Votos_Validos V="3342"/>
          <Porc_Votos_Validos V="050,59"/>
          <Votos_No_Marcados V="1574"/>
          <Porc_Votos_No_Marcados V="023,82"/>
          <Votos_Nulos V="1690"/>
          <Porc_Votos_Nulos V="025,58"/>
        </lin>
        <lin>
          <Pregunta V="005"/>
          <Total_Sufragantes V="6606"/>
          <Porc_Sufragantes V="100,00"/>
          <Abstencion V="0"/>
          <Porc_Abstencion V="000,00"/>
          <Votos_Validos V="3244"/>
          <Porc_Votos_Validos V="049,10"/>
          <Votos_No_Marcados V="1609"/>
          <Porc_Votos_No_Marcados V="024,35"/>
          <Votos_Nulos V="1753"/>
          <Porc_Votos_Nulos V="026,53"/>
        </lin>
        <lin>
          <Pregunta V="006"/>
          <Total_Sufragantes V="6606"/>
          <Porc_Sufragantes V="100,00"/>
          <Abstencion V="0"/>
          <Porc_Abstencion V="000,00"/>
          <Votos_Validos V="3122"/>
          <Porc_Votos_Validos V="047,26"/>
          <Votos_No_Marcados V="1402"/>
          <Porc_Votos_No_Marcados V="021,22"/>
          <Votos_Nulos V="2082"/>
          <Porc_Votos_Nulos V="031,51"/>
        </lin>
        <lin>
          <Pregunta V="007"/>
          <Total_Sufragantes V="6606"/>
          <Porc_Sufragantes V="100,00"/>
          <Abstencion V="0"/>
          <Porc_Abstencion V="000,00"/>
          <Votos_Validos V="3538"/>
          <Porc_Votos_Validos V="053,55"/>
          <Votos_No_Marcados V="1379"/>
          <Porc_Votos_No_Marcados V="020,87"/>
          <Votos_Nulos V="1689"/>
          <Porc_Votos_Nulos V="025,56"/>
        </lin>
      </Detalle_Pregunta>
      <Detalle_Opcion>
        <lin>
          <Opcion V="001"/>
          <Votos V="1693"/>
          <Porc V="051,90"/>
          <Pregunta V="001"/>
        </lin>
        <lin>
          <Opcion V="002"/>
          <Votos V="1569"/>
          <Porc V="048,09"/>
          <Pregunta V="001"/>
        </lin>
        <lin>
          <Opcion V="001"/>
          <Votos V="1501"/>
          <Porc V="046,44"/>
          <Pregunta V="002"/>
        </lin>
        <lin>
          <Opcion V="002"/>
          <Votos V="1731"/>
          <Porc V="053,55"/>
          <Pregunta V="002"/>
        </lin>
        <lin>
          <Opcion V="001"/>
          <Votos V="1542"/>
          <Porc V="051,88"/>
          <Pregunta V="003"/>
        </lin>
        <lin>
          <Opcion V="002"/>
          <Votos V="1430"/>
          <Porc V="048,11"/>
          <Pregunta V="003"/>
        </lin>
        <lin>
          <Opcion V="001"/>
          <Votos V="1703"/>
          <Porc V="050,95"/>
          <Pregunta V="004"/>
        </lin>
        <lin>
          <Opcion V="002"/>
          <Votos V="1639"/>
          <Porc V="049,04"/>
          <Pregunta V="004"/>
        </lin>
        <lin>
          <Opcion V="001"/>
          <Votos V="1783"/>
          <Porc V="054,96"/>
          <Pregunta V="005"/>
        </lin>
        <lin>
          <Opcion V="002"/>
          <Votos V="1461"/>
          <Porc V="045,03"/>
          <Pregunta V="005"/>
        </lin>
        <lin>
          <Opcion V="001"/>
          <Votos V="1636"/>
          <Porc V="052,40"/>
          <Pregunta V="006"/>
        </lin>
        <lin>
          <Opcion V="002"/>
          <Votos V="1486"/>
          <Porc V="047,59"/>
          <Pregunta V="006"/>
        </lin>
        <lin>
          <Opcion V="001"/>
          <Votos V="1639"/>
          <Porc V="046,32"/>
          <Pregunta V="007"/>
        </lin>
        <lin>
          <Opcion V="002"/>
          <Votos V="1899"/>
          <Porc V="053,67"/>
          <Pregunta V="007"/>
        </lin>
      </Detalle_Opcion>
    </lin>
  </Detalle_Circunscripcion>
</Boletin>
</Boletin_Consolidado>