<Boletin_Consolidado><Boletin>
  <Numero V="0008"/>
  <Boletin_Departamental V="0012"/>
  <Tipo_Boletin V="DEPARTAMENTAL"/>
  <Desc_Corporacion V="CONSULTA POPULAR"/>
  <Departamento V="01"/>
  <Desc_Departamento V="ANTIOQUIA"/>
  <Municipio V="244"/>
  <Desc_Municipio V="SAN VICENTE"/>
  <Dia V="21"/>
  <Mes V="8"/>
  <Anio V="2018"/>
  <Hora V="14"/>
  <Minuto V="15"/>
  <Mesas_Instaladas V="48"/>
  <Mesas_Informadas V="48"/>
  <Porc_Mesas_Informadas V="100,00"/>
  <Potencial_Sufragantes V="16295"/>
  <Detalle_Circunscripcion>
    <lin>
      <Circunscripcion V="0"/>
      <Desc_Circunscripcion V="NACIONAL"/>
      <Detalle_Pregunta>
        <lin>
          <Pregunta V="001"/>
          <Total_Sufragantes V="16295"/>
          <Porc_Sufragantes V="100,00"/>
          <Abstencion V="0"/>
          <Porc_Abstencion V="000,00"/>
          <Votos_Validos V="8002"/>
          <Porc_Votos_Validos V="049,10"/>
          <Votos_No_Marcados V="4613"/>
          <Porc_Votos_No_Marcados V="028,30"/>
          <Votos_Nulos V="3680"/>
          <Porc_Votos_Nulos V="022,58"/>
        </lin>
        <lin>
          <Pregunta V="002"/>
          <Total_Sufragantes V="16295"/>
          <Porc_Sufragantes V="100,00"/>
          <Abstencion V="0"/>
          <Porc_Abstencion V="000,00"/>
          <Votos_Validos V="7692"/>
          <Porc_Votos_Validos V="047,20"/>
          <Votos_No_Marcados V="3840"/>
          <Porc_Votos_No_Marcados V="023,56"/>
          <Votos_Nulos V="4763"/>
          <Porc_Votos_Nulos V="029,22"/>
        </lin>
        <lin>
          <Pregunta V="003"/>
          <Total_Sufragantes V="16295"/>
          <Porc_Sufragantes V="100,00"/>
          <Abstencion V="0"/>
          <Porc_Abstencion V="000,00"/>
          <Votos_Validos V="8331"/>
          <Porc_Votos_Validos V="051,12"/>
          <Votos_No_Marcados V="4021"/>
          <Porc_Votos_No_Marcados V="024,67"/>
          <Votos_Nulos V="3943"/>
          <Porc_Votos_Nulos V="024,19"/>
        </lin>
        <lin>
          <Pregunta V="004"/>
          <Total_Sufragantes V="16295"/>
          <Porc_Sufragantes V="100,00"/>
          <Abstencion V="0"/>
          <Porc_Abstencion V="000,00"/>
          <Votos_Validos V="7924"/>
          <Porc_Votos_Validos V="048,62"/>
          <Votos_No_Marcados V="4782"/>
          <Porc_Votos_No_Marcados V="029,34"/>
          <Votos_Nulos V="3589"/>
          <Porc_Votos_Nulos V="022,02"/>
        </lin>
        <lin>
          <Pregunta V="005"/>
          <Total_Sufragantes V="16295"/>
          <Porc_Sufragantes V="100,00"/>
          <Abstencion V="0"/>
          <Porc_Abstencion V="000,00"/>
          <Votos_Validos V="8189"/>
          <Porc_Votos_Validos V="050,25"/>
          <Votos_No_Marcados V="4680"/>
          <Porc_Votos_No_Marcados V="028,72"/>
          <Votos_Nulos V="3426"/>
          <Porc_Votos_Nulos V="021,02"/>
        </lin>
        <lin>
          <Pregunta V="006"/>
          <Total_Sufragantes V="16295"/>
          <Porc_Sufragantes V="100,00"/>
          <Abstencion V="0"/>
          <Porc_Abstencion V="000,00"/>
          <Votos_Validos V="7217"/>
          <Porc_Votos_Validos V="044,28"/>
          <Votos_No_Marcados V="3910"/>
          <Porc_Votos_No_Marcados V="023,99"/>
          <Votos_Nulos V="5168"/>
          <Porc_Votos_Nulos V="031,71"/>
        </lin>
        <lin>
          <Pregunta V="007"/>
          <Total_Sufragantes V="16295"/>
          <Porc_Sufragantes V="100,00"/>
          <Abstencion V="0"/>
          <Porc_Abstencion V="000,00"/>
          <Votos_Validos V="8336"/>
          <Porc_Votos_Validos V="051,15"/>
          <Votos_No_Marcados V="4098"/>
          <Porc_Votos_No_Marcados V="025,14"/>
          <Votos_Nulos V="3861"/>
          <Porc_Votos_Nulos V="023,69"/>
        </lin>
      </Detalle_Pregunta>
      <Detalle_Opcion>
        <lin>
          <Opcion V="001"/>
          <Votos V="3616"/>
          <Porc V="045,18"/>
          <Pregunta V="001"/>
        </lin>
        <lin>
          <Opcion V="002"/>
          <Votos V="4386"/>
          <Porc V="054,81"/>
          <Pregunta V="001"/>
        </lin>
        <lin>
          <Opcion V="001"/>
          <Votos V="3650"/>
          <Porc V="047,45"/>
          <Pregunta V="002"/>
        </lin>
        <lin>
          <Opcion V="002"/>
          <Votos V="4042"/>
          <Porc V="052,54"/>
          <Pregunta V="002"/>
        </lin>
        <lin>
          <Opcion V="001"/>
          <Votos V="4601"/>
          <Porc V="055,22"/>
          <Pregunta V="003"/>
        </lin>
        <lin>
          <Opcion V="002"/>
          <Votos V="3730"/>
          <Porc V="044,77"/>
          <Pregunta V="003"/>
        </lin>
        <lin>
          <Opcion V="001"/>
          <Votos V="4307"/>
          <Porc V="054,35"/>
          <Pregunta V="004"/>
        </lin>
        <lin>
          <Opcion V="002"/>
          <Votos V="3617"/>
          <Porc V="045,64"/>
          <Pregunta V="004"/>
        </lin>
        <lin>
          <Opcion V="001"/>
          <Votos V="3936"/>
          <Porc V="048,06"/>
          <Pregunta V="005"/>
        </lin>
        <lin>
          <Opcion V="002"/>
          <Votos V="4253"/>
          <Porc V="051,93"/>
          <Pregunta V="005"/>
        </lin>
        <lin>
          <Opcion V="001"/>
          <Votos V="3133"/>
          <Porc V="043,41"/>
          <Pregunta V="006"/>
        </lin>
        <lin>
          <Opcion V="002"/>
          <Votos V="4084"/>
          <Porc V="056,58"/>
          <Pregunta V="006"/>
        </lin>
        <lin>
          <Opcion V="001"/>
          <Votos V="4055"/>
          <Porc V="048,64"/>
          <Pregunta V="007"/>
        </lin>
        <lin>
          <Opcion V="002"/>
          <Votos V="4281"/>
          <Porc V="051,35"/>
          <Pregunta V="007"/>
        </lin>
      </Detalle_Opcion>
    </lin>
  </Detalle_Circunscripcion>
</Boletin>
</Boletin_Consolidado>