<Boletin_Consolidado><Boletin>
  <Numero V="0008"/>
  <Boletin_Departamental V="0011"/>
  <Tipo_Boletin V="DEPARTAMENTAL"/>
  <Desc_Corporacion V="CONSULTA POPULAR"/>
  <Departamento V="15"/>
  <Desc_Departamento V="CUNDINAMARCA"/>
  <Municipio V="133"/>
  <Desc_Municipio V="JERUSALEN"/>
  <Dia V="21"/>
  <Mes V="8"/>
  <Anio V="2018"/>
  <Hora V="14"/>
  <Minuto V="15"/>
  <Mesas_Instaladas V="7"/>
  <Mesas_Informadas V="7"/>
  <Porc_Mesas_Informadas V="100,00"/>
  <Potencial_Sufragantes V="2596"/>
  <Detalle_Circunscripcion>
    <lin>
      <Circunscripcion V="0"/>
      <Desc_Circunscripcion V="NACIONAL"/>
      <Detalle_Pregunta>
        <lin>
          <Pregunta V="001"/>
          <Total_Sufragantes V="2596"/>
          <Porc_Sufragantes V="100,00"/>
          <Abstencion V="0"/>
          <Porc_Abstencion V="000,00"/>
          <Votos_Validos V="1786"/>
          <Porc_Votos_Validos V="068,79"/>
          <Votos_No_Marcados V="315"/>
          <Porc_Votos_No_Marcados V="012,13"/>
          <Votos_Nulos V="495"/>
          <Porc_Votos_Nulos V="019,06"/>
        </lin>
        <lin>
          <Pregunta V="002"/>
          <Total_Sufragantes V="2596"/>
          <Porc_Sufragantes V="100,00"/>
          <Abstencion V="0"/>
          <Porc_Abstencion V="000,00"/>
          <Votos_Validos V="1494"/>
          <Porc_Votos_Validos V="057,55"/>
          <Votos_No_Marcados V="728"/>
          <Porc_Votos_No_Marcados V="028,04"/>
          <Votos_Nulos V="374"/>
          <Porc_Votos_Nulos V="014,40"/>
        </lin>
        <lin>
          <Pregunta V="003"/>
          <Total_Sufragantes V="2596"/>
          <Porc_Sufragantes V="100,00"/>
          <Abstencion V="0"/>
          <Porc_Abstencion V="000,00"/>
          <Votos_Validos V="1212"/>
          <Porc_Votos_Validos V="046,68"/>
          <Votos_No_Marcados V="513"/>
          <Porc_Votos_No_Marcados V="019,76"/>
          <Votos_Nulos V="871"/>
          <Porc_Votos_Nulos V="033,55"/>
        </lin>
        <lin>
          <Pregunta V="004"/>
          <Total_Sufragantes V="2596"/>
          <Porc_Sufragantes V="100,00"/>
          <Abstencion V="0"/>
          <Porc_Abstencion V="000,00"/>
          <Votos_Validos V="1417"/>
          <Porc_Votos_Validos V="054,58"/>
          <Votos_No_Marcados V="529"/>
          <Porc_Votos_No_Marcados V="020,37"/>
          <Votos_Nulos V="650"/>
          <Porc_Votos_Nulos V="025,03"/>
        </lin>
        <lin>
          <Pregunta V="005"/>
          <Total_Sufragantes V="2596"/>
          <Porc_Sufragantes V="100,00"/>
          <Abstencion V="0"/>
          <Porc_Abstencion V="000,00"/>
          <Votos_Validos V="1154"/>
          <Porc_Votos_Validos V="044,45"/>
          <Votos_No_Marcados V="618"/>
          <Porc_Votos_No_Marcados V="023,80"/>
          <Votos_Nulos V="824"/>
          <Porc_Votos_Nulos V="031,74"/>
        </lin>
        <lin>
          <Pregunta V="006"/>
          <Total_Sufragantes V="2596"/>
          <Porc_Sufragantes V="100,00"/>
          <Abstencion V="0"/>
          <Porc_Abstencion V="000,00"/>
          <Votos_Validos V="1165"/>
          <Porc_Votos_Validos V="044,87"/>
          <Votos_No_Marcados V="518"/>
          <Porc_Votos_No_Marcados V="019,95"/>
          <Votos_Nulos V="913"/>
          <Porc_Votos_Nulos V="035,16"/>
        </lin>
        <lin>
          <Pregunta V="007"/>
          <Total_Sufragantes V="2596"/>
          <Porc_Sufragantes V="100,00"/>
          <Abstencion V="0"/>
          <Porc_Abstencion V="000,00"/>
          <Votos_Validos V="1240"/>
          <Porc_Votos_Validos V="047,76"/>
          <Votos_No_Marcados V="712"/>
          <Porc_Votos_No_Marcados V="027,42"/>
          <Votos_Nulos V="644"/>
          <Porc_Votos_Nulos V="024,80"/>
        </lin>
      </Detalle_Pregunta>
      <Detalle_Opcion>
        <lin>
          <Opcion V="001"/>
          <Votos V="928"/>
          <Porc V="051,95"/>
          <Pregunta V="001"/>
        </lin>
        <lin>
          <Opcion V="002"/>
          <Votos V="858"/>
          <Porc V="048,04"/>
          <Pregunta V="001"/>
        </lin>
        <lin>
          <Opcion V="001"/>
          <Votos V="825"/>
          <Porc V="055,22"/>
          <Pregunta V="002"/>
        </lin>
        <lin>
          <Opcion V="002"/>
          <Votos V="669"/>
          <Porc V="044,77"/>
          <Pregunta V="002"/>
        </lin>
        <lin>
          <Opcion V="001"/>
          <Votos V="609"/>
          <Porc V="050,24"/>
          <Pregunta V="003"/>
        </lin>
        <lin>
          <Opcion V="002"/>
          <Votos V="603"/>
          <Porc V="049,75"/>
          <Pregunta V="003"/>
        </lin>
        <lin>
          <Opcion V="001"/>
          <Votos V="745"/>
          <Porc V="052,57"/>
          <Pregunta V="004"/>
        </lin>
        <lin>
          <Opcion V="002"/>
          <Votos V="672"/>
          <Porc V="047,42"/>
          <Pregunta V="004"/>
        </lin>
        <lin>
          <Opcion V="001"/>
          <Votos V="503"/>
          <Porc V="043,58"/>
          <Pregunta V="005"/>
        </lin>
        <lin>
          <Opcion V="002"/>
          <Votos V="651"/>
          <Porc V="056,41"/>
          <Pregunta V="005"/>
        </lin>
        <lin>
          <Opcion V="001"/>
          <Votos V="617"/>
          <Porc V="052,96"/>
          <Pregunta V="006"/>
        </lin>
        <lin>
          <Opcion V="002"/>
          <Votos V="548"/>
          <Porc V="047,03"/>
          <Pregunta V="006"/>
        </lin>
        <lin>
          <Opcion V="001"/>
          <Votos V="658"/>
          <Porc V="053,06"/>
          <Pregunta V="007"/>
        </lin>
        <lin>
          <Opcion V="002"/>
          <Votos V="582"/>
          <Porc V="046,93"/>
          <Pregunta V="007"/>
        </lin>
      </Detalle_Opcion>
    </lin>
  </Detalle_Circunscripcion>
</Boletin>
</Boletin_Consolidado>