<Boletin_Consolidado><Boletin>
  <Numero V="0008"/>
  <Boletin_Departamental V="0011"/>
  <Tipo_Boletin V="DEPARTAMENTAL"/>
  <Desc_Corporacion V="CONSULTA POPULAR"/>
  <Departamento V="07"/>
  <Desc_Departamento V="BOYACA"/>
  <Municipio V="157"/>
  <Desc_Municipio V="MONGUI"/>
  <Dia V="21"/>
  <Mes V="8"/>
  <Anio V="2018"/>
  <Hora V="14"/>
  <Minuto V="15"/>
  <Mesas_Instaladas V="10"/>
  <Mesas_Informadas V="10"/>
  <Porc_Mesas_Informadas V="100,00"/>
  <Potencial_Sufragantes V="3754"/>
  <Detalle_Circunscripcion>
    <lin>
      <Circunscripcion V="0"/>
      <Desc_Circunscripcion V="NACIONAL"/>
      <Detalle_Pregunta>
        <lin>
          <Pregunta V="001"/>
          <Total_Sufragantes V="3754"/>
          <Porc_Sufragantes V="100,00"/>
          <Abstencion V="0"/>
          <Porc_Abstencion V="000,00"/>
          <Votos_Validos V="1530"/>
          <Porc_Votos_Validos V="040,75"/>
          <Votos_No_Marcados V="1063"/>
          <Porc_Votos_No_Marcados V="028,31"/>
          <Votos_Nulos V="1161"/>
          <Porc_Votos_Nulos V="030,92"/>
        </lin>
        <lin>
          <Pregunta V="002"/>
          <Total_Sufragantes V="3754"/>
          <Porc_Sufragantes V="100,00"/>
          <Abstencion V="0"/>
          <Porc_Abstencion V="000,00"/>
          <Votos_Validos V="1748"/>
          <Porc_Votos_Validos V="046,56"/>
          <Votos_No_Marcados V="1162"/>
          <Porc_Votos_No_Marcados V="030,95"/>
          <Votos_Nulos V="844"/>
          <Porc_Votos_Nulos V="022,48"/>
        </lin>
        <lin>
          <Pregunta V="003"/>
          <Total_Sufragantes V="3754"/>
          <Porc_Sufragantes V="100,00"/>
          <Abstencion V="0"/>
          <Porc_Abstencion V="000,00"/>
          <Votos_Validos V="1860"/>
          <Porc_Votos_Validos V="049,54"/>
          <Votos_No_Marcados V="845"/>
          <Porc_Votos_No_Marcados V="022,50"/>
          <Votos_Nulos V="1049"/>
          <Porc_Votos_Nulos V="027,94"/>
        </lin>
        <lin>
          <Pregunta V="004"/>
          <Total_Sufragantes V="3754"/>
          <Porc_Sufragantes V="100,00"/>
          <Abstencion V="0"/>
          <Porc_Abstencion V="000,00"/>
          <Votos_Validos V="1967"/>
          <Porc_Votos_Validos V="052,39"/>
          <Votos_No_Marcados V="1110"/>
          <Porc_Votos_No_Marcados V="029,56"/>
          <Votos_Nulos V="677"/>
          <Porc_Votos_Nulos V="018,03"/>
        </lin>
        <lin>
          <Pregunta V="005"/>
          <Total_Sufragantes V="3754"/>
          <Porc_Sufragantes V="100,00"/>
          <Abstencion V="0"/>
          <Porc_Abstencion V="000,00"/>
          <Votos_Validos V="1957"/>
          <Porc_Votos_Validos V="052,13"/>
          <Votos_No_Marcados V="789"/>
          <Porc_Votos_No_Marcados V="021,01"/>
          <Votos_Nulos V="1008"/>
          <Porc_Votos_Nulos V="026,85"/>
        </lin>
        <lin>
          <Pregunta V="006"/>
          <Total_Sufragantes V="3754"/>
          <Porc_Sufragantes V="100,00"/>
          <Abstencion V="0"/>
          <Porc_Abstencion V="000,00"/>
          <Votos_Validos V="2026"/>
          <Porc_Votos_Validos V="053,96"/>
          <Votos_No_Marcados V="823"/>
          <Porc_Votos_No_Marcados V="021,92"/>
          <Votos_Nulos V="905"/>
          <Porc_Votos_Nulos V="024,10"/>
        </lin>
        <lin>
          <Pregunta V="007"/>
          <Total_Sufragantes V="3754"/>
          <Porc_Sufragantes V="100,00"/>
          <Abstencion V="0"/>
          <Porc_Abstencion V="000,00"/>
          <Votos_Validos V="1940"/>
          <Porc_Votos_Validos V="051,67"/>
          <Votos_No_Marcados V="953"/>
          <Porc_Votos_No_Marcados V="025,38"/>
          <Votos_Nulos V="861"/>
          <Porc_Votos_Nulos V="022,93"/>
        </lin>
      </Detalle_Pregunta>
      <Detalle_Opcion>
        <lin>
          <Opcion V="001"/>
          <Votos V="814"/>
          <Porc V="053,20"/>
          <Pregunta V="001"/>
        </lin>
        <lin>
          <Opcion V="002"/>
          <Votos V="716"/>
          <Porc V="046,79"/>
          <Pregunta V="001"/>
        </lin>
        <lin>
          <Opcion V="001"/>
          <Votos V="813"/>
          <Porc V="046,51"/>
          <Pregunta V="002"/>
        </lin>
        <lin>
          <Opcion V="002"/>
          <Votos V="935"/>
          <Porc V="053,48"/>
          <Pregunta V="002"/>
        </lin>
        <lin>
          <Opcion V="001"/>
          <Votos V="816"/>
          <Porc V="043,87"/>
          <Pregunta V="003"/>
        </lin>
        <lin>
          <Opcion V="002"/>
          <Votos V="1044"/>
          <Porc V="056,12"/>
          <Pregunta V="003"/>
        </lin>
        <lin>
          <Opcion V="001"/>
          <Votos V="772"/>
          <Porc V="039,24"/>
          <Pregunta V="004"/>
        </lin>
        <lin>
          <Opcion V="002"/>
          <Votos V="1195"/>
          <Porc V="060,75"/>
          <Pregunta V="004"/>
        </lin>
        <lin>
          <Opcion V="001"/>
          <Votos V="791"/>
          <Porc V="040,41"/>
          <Pregunta V="005"/>
        </lin>
        <lin>
          <Opcion V="002"/>
          <Votos V="1166"/>
          <Porc V="059,58"/>
          <Pregunta V="005"/>
        </lin>
        <lin>
          <Opcion V="001"/>
          <Votos V="901"/>
          <Porc V="044,47"/>
          <Pregunta V="006"/>
        </lin>
        <lin>
          <Opcion V="002"/>
          <Votos V="1125"/>
          <Porc V="055,52"/>
          <Pregunta V="006"/>
        </lin>
        <lin>
          <Opcion V="001"/>
          <Votos V="852"/>
          <Porc V="043,91"/>
          <Pregunta V="007"/>
        </lin>
        <lin>
          <Opcion V="002"/>
          <Votos V="1088"/>
          <Porc V="056,08"/>
          <Pregunta V="007"/>
        </lin>
      </Detalle_Opcion>
    </lin>
  </Detalle_Circunscripcion>
</Boletin>
</Boletin_Consolidado>