<Boletin_Consolidado><Boletin>
  <Numero V="0008"/>
  <Boletin_Departamental V="0011"/>
  <Tipo_Boletin V="DEPARTAMENTAL"/>
  <Desc_Corporacion V="CONSULTA POPULAR"/>
  <Departamento V="07"/>
  <Desc_Departamento V="BOYACA"/>
  <Municipio V="184"/>
  <Desc_Municipio V="PAJARITO"/>
  <Dia V="21"/>
  <Mes V="8"/>
  <Anio V="2018"/>
  <Hora V="14"/>
  <Minuto V="15"/>
  <Mesas_Instaladas V="5"/>
  <Mesas_Informadas V="5"/>
  <Porc_Mesas_Informadas V="100,00"/>
  <Potencial_Sufragantes V="1676"/>
  <Detalle_Circunscripcion>
    <lin>
      <Circunscripcion V="0"/>
      <Desc_Circunscripcion V="NACIONAL"/>
      <Detalle_Pregunta>
        <lin>
          <Pregunta V="001"/>
          <Total_Sufragantes V="1676"/>
          <Porc_Sufragantes V="100,00"/>
          <Abstencion V="0"/>
          <Porc_Abstencion V="000,00"/>
          <Votos_Validos V="810"/>
          <Porc_Votos_Validos V="048,32"/>
          <Votos_No_Marcados V="476"/>
          <Porc_Votos_No_Marcados V="028,40"/>
          <Votos_Nulos V="390"/>
          <Porc_Votos_Nulos V="023,26"/>
        </lin>
        <lin>
          <Pregunta V="002"/>
          <Total_Sufragantes V="1676"/>
          <Porc_Sufragantes V="100,00"/>
          <Abstencion V="0"/>
          <Porc_Abstencion V="000,00"/>
          <Votos_Validos V="828"/>
          <Porc_Votos_Validos V="049,40"/>
          <Votos_No_Marcados V="476"/>
          <Porc_Votos_No_Marcados V="028,40"/>
          <Votos_Nulos V="372"/>
          <Porc_Votos_Nulos V="022,19"/>
        </lin>
        <lin>
          <Pregunta V="003"/>
          <Total_Sufragantes V="1676"/>
          <Porc_Sufragantes V="100,00"/>
          <Abstencion V="0"/>
          <Porc_Abstencion V="000,00"/>
          <Votos_Validos V="842"/>
          <Porc_Votos_Validos V="050,23"/>
          <Votos_No_Marcados V="418"/>
          <Porc_Votos_No_Marcados V="024,94"/>
          <Votos_Nulos V="416"/>
          <Porc_Votos_Nulos V="024,82"/>
        </lin>
        <lin>
          <Pregunta V="004"/>
          <Total_Sufragantes V="1676"/>
          <Porc_Sufragantes V="100,00"/>
          <Abstencion V="0"/>
          <Porc_Abstencion V="000,00"/>
          <Votos_Validos V="596"/>
          <Porc_Votos_Validos V="035,56"/>
          <Votos_No_Marcados V="358"/>
          <Porc_Votos_No_Marcados V="021,36"/>
          <Votos_Nulos V="722"/>
          <Porc_Votos_Nulos V="043,07"/>
        </lin>
        <lin>
          <Pregunta V="005"/>
          <Total_Sufragantes V="1676"/>
          <Porc_Sufragantes V="100,00"/>
          <Abstencion V="0"/>
          <Porc_Abstencion V="000,00"/>
          <Votos_Validos V="1083"/>
          <Porc_Votos_Validos V="064,61"/>
          <Votos_No_Marcados V="209"/>
          <Porc_Votos_No_Marcados V="012,47"/>
          <Votos_Nulos V="384"/>
          <Porc_Votos_Nulos V="022,91"/>
        </lin>
        <lin>
          <Pregunta V="006"/>
          <Total_Sufragantes V="1676"/>
          <Porc_Sufragantes V="100,00"/>
          <Abstencion V="0"/>
          <Porc_Abstencion V="000,00"/>
          <Votos_Validos V="842"/>
          <Porc_Votos_Validos V="050,23"/>
          <Votos_No_Marcados V="537"/>
          <Porc_Votos_No_Marcados V="032,04"/>
          <Votos_Nulos V="297"/>
          <Porc_Votos_Nulos V="017,72"/>
        </lin>
        <lin>
          <Pregunta V="007"/>
          <Total_Sufragantes V="1676"/>
          <Porc_Sufragantes V="100,00"/>
          <Abstencion V="0"/>
          <Porc_Abstencion V="000,00"/>
          <Votos_Validos V="882"/>
          <Porc_Votos_Validos V="052,62"/>
          <Votos_No_Marcados V="453"/>
          <Porc_Votos_No_Marcados V="027,02"/>
          <Votos_Nulos V="341"/>
          <Porc_Votos_Nulos V="020,34"/>
        </lin>
      </Detalle_Pregunta>
      <Detalle_Opcion>
        <lin>
          <Opcion V="001"/>
          <Votos V="578"/>
          <Porc V="071,35"/>
          <Pregunta V="001"/>
        </lin>
        <lin>
          <Opcion V="002"/>
          <Votos V="232"/>
          <Porc V="028,64"/>
          <Pregunta V="001"/>
        </lin>
        <lin>
          <Opcion V="001"/>
          <Votos V="444"/>
          <Porc V="053,62"/>
          <Pregunta V="002"/>
        </lin>
        <lin>
          <Opcion V="002"/>
          <Votos V="384"/>
          <Porc V="046,37"/>
          <Pregunta V="002"/>
        </lin>
        <lin>
          <Opcion V="001"/>
          <Votos V="347"/>
          <Porc V="041,21"/>
          <Pregunta V="003"/>
        </lin>
        <lin>
          <Opcion V="002"/>
          <Votos V="495"/>
          <Porc V="058,78"/>
          <Pregunta V="003"/>
        </lin>
        <lin>
          <Opcion V="001"/>
          <Votos V="114"/>
          <Porc V="019,12"/>
          <Pregunta V="004"/>
        </lin>
        <lin>
          <Opcion V="002"/>
          <Votos V="482"/>
          <Porc V="080,87"/>
          <Pregunta V="004"/>
        </lin>
        <lin>
          <Opcion V="001"/>
          <Votos V="492"/>
          <Porc V="045,42"/>
          <Pregunta V="005"/>
        </lin>
        <lin>
          <Opcion V="002"/>
          <Votos V="591"/>
          <Porc V="054,57"/>
          <Pregunta V="005"/>
        </lin>
        <lin>
          <Opcion V="001"/>
          <Votos V="508"/>
          <Porc V="060,33"/>
          <Pregunta V="006"/>
        </lin>
        <lin>
          <Opcion V="002"/>
          <Votos V="334"/>
          <Porc V="039,66"/>
          <Pregunta V="006"/>
        </lin>
        <lin>
          <Opcion V="001"/>
          <Votos V="448"/>
          <Porc V="050,79"/>
          <Pregunta V="007"/>
        </lin>
        <lin>
          <Opcion V="002"/>
          <Votos V="434"/>
          <Porc V="049,20"/>
          <Pregunta V="007"/>
        </lin>
      </Detalle_Opcion>
    </lin>
  </Detalle_Circunscripcion>
</Boletin>
</Boletin_Consolidado>