<Boletin_Consolidado><Boletin>
  <Numero V="0008"/>
  <Boletin_Departamental V="0012"/>
  <Tipo_Boletin V="DEPARTAMENTAL"/>
  <Desc_Corporacion V="CONSULTA POPULAR"/>
  <Departamento V="05"/>
  <Desc_Departamento V="BOLIVAR"/>
  <Municipio V="001"/>
  <Desc_Municipio V="CARTAGENA"/>
  <Dia V="21"/>
  <Mes V="8"/>
  <Anio V="2018"/>
  <Hora V="14"/>
  <Minuto V="15"/>
  <Mesas_Instaladas V="1970"/>
  <Mesas_Informadas V="1970"/>
  <Porc_Mesas_Informadas V="100,00"/>
  <Potencial_Sufragantes V="755176"/>
  <Detalle_Circunscripcion>
    <lin>
      <Circunscripcion V="0"/>
      <Desc_Circunscripcion V="NACIONAL"/>
      <Detalle_Pregunta>
        <lin>
          <Pregunta V="001"/>
          <Total_Sufragantes V="755176"/>
          <Porc_Sufragantes V="100,00"/>
          <Abstencion V="0"/>
          <Porc_Abstencion V="000,00"/>
          <Votos_Validos V="377467"/>
          <Porc_Votos_Validos V="049,98"/>
          <Votos_No_Marcados V="187480"/>
          <Porc_Votos_No_Marcados V="024,82"/>
          <Votos_Nulos V="190229"/>
          <Porc_Votos_Nulos V="025,19"/>
        </lin>
        <lin>
          <Pregunta V="002"/>
          <Total_Sufragantes V="755176"/>
          <Porc_Sufragantes V="100,00"/>
          <Abstencion V="0"/>
          <Porc_Abstencion V="000,00"/>
          <Votos_Validos V="378094"/>
          <Porc_Votos_Validos V="050,06"/>
          <Votos_No_Marcados V="188330"/>
          <Porc_Votos_No_Marcados V="024,93"/>
          <Votos_Nulos V="188752"/>
          <Porc_Votos_Nulos V="024,99"/>
        </lin>
        <lin>
          <Pregunta V="003"/>
          <Total_Sufragantes V="755176"/>
          <Porc_Sufragantes V="100,00"/>
          <Abstencion V="0"/>
          <Porc_Abstencion V="000,00"/>
          <Votos_Validos V="378171"/>
          <Porc_Votos_Validos V="050,07"/>
          <Votos_No_Marcados V="191047"/>
          <Porc_Votos_No_Marcados V="025,29"/>
          <Votos_Nulos V="185958"/>
          <Porc_Votos_Nulos V="024,62"/>
        </lin>
        <lin>
          <Pregunta V="004"/>
          <Total_Sufragantes V="755176"/>
          <Porc_Sufragantes V="100,00"/>
          <Abstencion V="0"/>
          <Porc_Abstencion V="000,00"/>
          <Votos_Validos V="374065"/>
          <Porc_Votos_Validos V="049,53"/>
          <Votos_No_Marcados V="192048"/>
          <Porc_Votos_No_Marcados V="025,43"/>
          <Votos_Nulos V="189063"/>
          <Porc_Votos_Nulos V="025,03"/>
        </lin>
        <lin>
          <Pregunta V="005"/>
          <Total_Sufragantes V="755176"/>
          <Porc_Sufragantes V="100,00"/>
          <Abstencion V="0"/>
          <Porc_Abstencion V="000,00"/>
          <Votos_Validos V="372158"/>
          <Porc_Votos_Validos V="049,28"/>
          <Votos_No_Marcados V="189636"/>
          <Porc_Votos_No_Marcados V="025,11"/>
          <Votos_Nulos V="193382"/>
          <Porc_Votos_Nulos V="025,60"/>
        </lin>
        <lin>
          <Pregunta V="006"/>
          <Total_Sufragantes V="755176"/>
          <Porc_Sufragantes V="100,00"/>
          <Abstencion V="0"/>
          <Porc_Abstencion V="000,00"/>
          <Votos_Validos V="375147"/>
          <Porc_Votos_Validos V="049,67"/>
          <Votos_No_Marcados V="192003"/>
          <Porc_Votos_No_Marcados V="025,42"/>
          <Votos_Nulos V="188026"/>
          <Porc_Votos_Nulos V="024,89"/>
        </lin>
        <lin>
          <Pregunta V="007"/>
          <Total_Sufragantes V="755176"/>
          <Porc_Sufragantes V="100,00"/>
          <Abstencion V="0"/>
          <Porc_Abstencion V="000,00"/>
          <Votos_Validos V="378141"/>
          <Porc_Votos_Validos V="050,07"/>
          <Votos_No_Marcados V="189566"/>
          <Porc_Votos_No_Marcados V="025,10"/>
          <Votos_Nulos V="187469"/>
          <Porc_Votos_Nulos V="024,82"/>
        </lin>
      </Detalle_Pregunta>
      <Detalle_Opcion>
        <lin>
          <Opcion V="001"/>
          <Votos V="187781"/>
          <Porc V="049,74"/>
          <Pregunta V="001"/>
        </lin>
        <lin>
          <Opcion V="002"/>
          <Votos V="189686"/>
          <Porc V="050,25"/>
          <Pregunta V="001"/>
        </lin>
        <lin>
          <Opcion V="001"/>
          <Votos V="190338"/>
          <Porc V="050,34"/>
          <Pregunta V="002"/>
        </lin>
        <lin>
          <Opcion V="002"/>
          <Votos V="187756"/>
          <Porc V="049,65"/>
          <Pregunta V="002"/>
        </lin>
        <lin>
          <Opcion V="001"/>
          <Votos V="189699"/>
          <Porc V="050,16"/>
          <Pregunta V="003"/>
        </lin>
        <lin>
          <Opcion V="002"/>
          <Votos V="188472"/>
          <Porc V="049,83"/>
          <Pregunta V="003"/>
        </lin>
        <lin>
          <Opcion V="001"/>
          <Votos V="188728"/>
          <Porc V="050,45"/>
          <Pregunta V="004"/>
        </lin>
        <lin>
          <Opcion V="002"/>
          <Votos V="185337"/>
          <Porc V="049,54"/>
          <Pregunta V="004"/>
        </lin>
        <lin>
          <Opcion V="001"/>
          <Votos V="187560"/>
          <Porc V="050,39"/>
          <Pregunta V="005"/>
        </lin>
        <lin>
          <Opcion V="002"/>
          <Votos V="184598"/>
          <Porc V="049,60"/>
          <Pregunta V="005"/>
        </lin>
        <lin>
          <Opcion V="001"/>
          <Votos V="190286"/>
          <Porc V="050,72"/>
          <Pregunta V="006"/>
        </lin>
        <lin>
          <Opcion V="002"/>
          <Votos V="184861"/>
          <Porc V="049,27"/>
          <Pregunta V="006"/>
        </lin>
        <lin>
          <Opcion V="001"/>
          <Votos V="188215"/>
          <Porc V="049,77"/>
          <Pregunta V="007"/>
        </lin>
        <lin>
          <Opcion V="002"/>
          <Votos V="189926"/>
          <Porc V="050,22"/>
          <Pregunta V="007"/>
        </lin>
      </Detalle_Opcion>
    </lin>
  </Detalle_Circunscripcion>
</Boletin>
</Boletin_Consolidado>