<Boletin_Consolidado><Boletin>
  <Numero V="0008"/>
  <Boletin_Departamental V="0012"/>
  <Tipo_Boletin V="DEPARTAMENTAL"/>
  <Desc_Corporacion V="CONSULTA POPULAR"/>
  <Departamento V="13"/>
  <Desc_Departamento V="CORDOBA"/>
  <Municipio V="019"/>
  <Desc_Municipio V="CHINU"/>
  <Dia V="21"/>
  <Mes V="8"/>
  <Anio V="2018"/>
  <Hora V="14"/>
  <Minuto V="15"/>
  <Mesas_Instaladas V="112"/>
  <Mesas_Informadas V="112"/>
  <Porc_Mesas_Informadas V="100,00"/>
  <Potencial_Sufragantes V="37106"/>
  <Detalle_Circunscripcion>
    <lin>
      <Circunscripcion V="0"/>
      <Desc_Circunscripcion V="NACIONAL"/>
      <Detalle_Pregunta>
        <lin>
          <Pregunta V="001"/>
          <Total_Sufragantes V="37106"/>
          <Porc_Sufragantes V="100,00"/>
          <Abstencion V="0"/>
          <Porc_Abstencion V="000,00"/>
          <Votos_Validos V="18732"/>
          <Porc_Votos_Validos V="050,48"/>
          <Votos_No_Marcados V="10621"/>
          <Porc_Votos_No_Marcados V="028,62"/>
          <Votos_Nulos V="7753"/>
          <Porc_Votos_Nulos V="020,89"/>
        </lin>
        <lin>
          <Pregunta V="002"/>
          <Total_Sufragantes V="37106"/>
          <Porc_Sufragantes V="100,00"/>
          <Abstencion V="0"/>
          <Porc_Abstencion V="000,00"/>
          <Votos_Validos V="17924"/>
          <Porc_Votos_Validos V="048,30"/>
          <Votos_No_Marcados V="9268"/>
          <Porc_Votos_No_Marcados V="024,97"/>
          <Votos_Nulos V="9914"/>
          <Porc_Votos_Nulos V="026,71"/>
        </lin>
        <lin>
          <Pregunta V="003"/>
          <Total_Sufragantes V="37106"/>
          <Porc_Sufragantes V="100,00"/>
          <Abstencion V="0"/>
          <Porc_Abstencion V="000,00"/>
          <Votos_Validos V="18797"/>
          <Porc_Votos_Validos V="050,65"/>
          <Votos_No_Marcados V="8599"/>
          <Porc_Votos_No_Marcados V="023,17"/>
          <Votos_Nulos V="9710"/>
          <Porc_Votos_Nulos V="026,16"/>
        </lin>
        <lin>
          <Pregunta V="004"/>
          <Total_Sufragantes V="37106"/>
          <Porc_Sufragantes V="100,00"/>
          <Abstencion V="0"/>
          <Porc_Abstencion V="000,00"/>
          <Votos_Validos V="18461"/>
          <Porc_Votos_Validos V="049,75"/>
          <Votos_No_Marcados V="9552"/>
          <Porc_Votos_No_Marcados V="025,74"/>
          <Votos_Nulos V="9093"/>
          <Porc_Votos_Nulos V="024,50"/>
        </lin>
        <lin>
          <Pregunta V="005"/>
          <Total_Sufragantes V="37106"/>
          <Porc_Sufragantes V="100,00"/>
          <Abstencion V="0"/>
          <Porc_Abstencion V="000,00"/>
          <Votos_Validos V="19256"/>
          <Porc_Votos_Validos V="051,89"/>
          <Votos_No_Marcados V="8996"/>
          <Porc_Votos_No_Marcados V="024,24"/>
          <Votos_Nulos V="8854"/>
          <Porc_Votos_Nulos V="023,86"/>
        </lin>
        <lin>
          <Pregunta V="006"/>
          <Total_Sufragantes V="37106"/>
          <Porc_Sufragantes V="100,00"/>
          <Abstencion V="0"/>
          <Porc_Abstencion V="000,00"/>
          <Votos_Validos V="18491"/>
          <Porc_Votos_Validos V="049,83"/>
          <Votos_No_Marcados V="9951"/>
          <Porc_Votos_No_Marcados V="026,81"/>
          <Votos_Nulos V="8664"/>
          <Porc_Votos_Nulos V="023,34"/>
        </lin>
        <lin>
          <Pregunta V="007"/>
          <Total_Sufragantes V="37106"/>
          <Porc_Sufragantes V="100,00"/>
          <Abstencion V="0"/>
          <Porc_Abstencion V="000,00"/>
          <Votos_Validos V="18294"/>
          <Porc_Votos_Validos V="049,30"/>
          <Votos_No_Marcados V="9981"/>
          <Porc_Votos_No_Marcados V="026,89"/>
          <Votos_Nulos V="8831"/>
          <Porc_Votos_Nulos V="023,79"/>
        </lin>
      </Detalle_Pregunta>
      <Detalle_Opcion>
        <lin>
          <Opcion V="001"/>
          <Votos V="9153"/>
          <Porc V="048,86"/>
          <Pregunta V="001"/>
        </lin>
        <lin>
          <Opcion V="002"/>
          <Votos V="9579"/>
          <Porc V="051,13"/>
          <Pregunta V="001"/>
        </lin>
        <lin>
          <Opcion V="001"/>
          <Votos V="8923"/>
          <Porc V="049,78"/>
          <Pregunta V="002"/>
        </lin>
        <lin>
          <Opcion V="002"/>
          <Votos V="9001"/>
          <Porc V="050,21"/>
          <Pregunta V="002"/>
        </lin>
        <lin>
          <Opcion V="001"/>
          <Votos V="9194"/>
          <Porc V="048,91"/>
          <Pregunta V="003"/>
        </lin>
        <lin>
          <Opcion V="002"/>
          <Votos V="9603"/>
          <Porc V="051,08"/>
          <Pregunta V="003"/>
        </lin>
        <lin>
          <Opcion V="001"/>
          <Votos V="9925"/>
          <Porc V="053,76"/>
          <Pregunta V="004"/>
        </lin>
        <lin>
          <Opcion V="002"/>
          <Votos V="8536"/>
          <Porc V="046,23"/>
          <Pregunta V="004"/>
        </lin>
        <lin>
          <Opcion V="001"/>
          <Votos V="10135"/>
          <Porc V="052,63"/>
          <Pregunta V="005"/>
        </lin>
        <lin>
          <Opcion V="002"/>
          <Votos V="9121"/>
          <Porc V="047,36"/>
          <Pregunta V="005"/>
        </lin>
        <lin>
          <Opcion V="001"/>
          <Votos V="9378"/>
          <Porc V="050,71"/>
          <Pregunta V="006"/>
        </lin>
        <lin>
          <Opcion V="002"/>
          <Votos V="9113"/>
          <Porc V="049,28"/>
          <Pregunta V="006"/>
        </lin>
        <lin>
          <Opcion V="001"/>
          <Votos V="9224"/>
          <Porc V="050,42"/>
          <Pregunta V="007"/>
        </lin>
        <lin>
          <Opcion V="002"/>
          <Votos V="9070"/>
          <Porc V="049,57"/>
          <Pregunta V="007"/>
        </lin>
      </Detalle_Opcion>
    </lin>
  </Detalle_Circunscripcion>
</Boletin>
</Boletin_Consolidado>