<Boletin_Consolidado><Boletin>
  <Numero V="0008"/>
  <Boletin_Departamental V="0012"/>
  <Tipo_Boletin V="DEPARTAMENTAL"/>
  <Desc_Corporacion V="CONSULTA POPULAR"/>
  <Departamento V="01"/>
  <Desc_Departamento V="ANTIOQUIA"/>
  <Municipio V="010"/>
  <Desc_Municipio V="ALEJANDRIA"/>
  <Dia V="21"/>
  <Mes V="8"/>
  <Anio V="2018"/>
  <Hora V="14"/>
  <Minuto V="15"/>
  <Mesas_Instaladas V="12"/>
  <Mesas_Informadas V="12"/>
  <Porc_Mesas_Informadas V="100,00"/>
  <Potencial_Sufragantes V="4561"/>
  <Detalle_Circunscripcion>
    <lin>
      <Circunscripcion V="0"/>
      <Desc_Circunscripcion V="NACIONAL"/>
      <Detalle_Pregunta>
        <lin>
          <Pregunta V="001"/>
          <Total_Sufragantes V="4561"/>
          <Porc_Sufragantes V="100,00"/>
          <Abstencion V="0"/>
          <Porc_Abstencion V="000,00"/>
          <Votos_Validos V="2207"/>
          <Porc_Votos_Validos V="048,38"/>
          <Votos_No_Marcados V="1408"/>
          <Porc_Votos_No_Marcados V="030,87"/>
          <Votos_Nulos V="946"/>
          <Porc_Votos_Nulos V="020,74"/>
        </lin>
        <lin>
          <Pregunta V="002"/>
          <Total_Sufragantes V="4561"/>
          <Porc_Sufragantes V="100,00"/>
          <Abstencion V="0"/>
          <Porc_Abstencion V="000,00"/>
          <Votos_Validos V="2712"/>
          <Porc_Votos_Validos V="059,46"/>
          <Votos_No_Marcados V="1054"/>
          <Porc_Votos_No_Marcados V="023,10"/>
          <Votos_Nulos V="795"/>
          <Porc_Votos_Nulos V="017,43"/>
        </lin>
        <lin>
          <Pregunta V="003"/>
          <Total_Sufragantes V="4561"/>
          <Porc_Sufragantes V="100,00"/>
          <Abstencion V="0"/>
          <Porc_Abstencion V="000,00"/>
          <Votos_Validos V="2333"/>
          <Porc_Votos_Validos V="051,15"/>
          <Votos_No_Marcados V="1398"/>
          <Porc_Votos_No_Marcados V="030,65"/>
          <Votos_Nulos V="830"/>
          <Porc_Votos_Nulos V="018,19"/>
        </lin>
        <lin>
          <Pregunta V="004"/>
          <Total_Sufragantes V="4561"/>
          <Porc_Sufragantes V="100,00"/>
          <Abstencion V="0"/>
          <Porc_Abstencion V="000,00"/>
          <Votos_Validos V="2285"/>
          <Porc_Votos_Validos V="050,09"/>
          <Votos_No_Marcados V="1191"/>
          <Porc_Votos_No_Marcados V="026,11"/>
          <Votos_Nulos V="1085"/>
          <Porc_Votos_Nulos V="023,78"/>
        </lin>
        <lin>
          <Pregunta V="005"/>
          <Total_Sufragantes V="4561"/>
          <Porc_Sufragantes V="100,00"/>
          <Abstencion V="0"/>
          <Porc_Abstencion V="000,00"/>
          <Votos_Validos V="2547"/>
          <Porc_Votos_Validos V="055,84"/>
          <Votos_No_Marcados V="848"/>
          <Porc_Votos_No_Marcados V="018,59"/>
          <Votos_Nulos V="1166"/>
          <Porc_Votos_Nulos V="025,56"/>
        </lin>
        <lin>
          <Pregunta V="006"/>
          <Total_Sufragantes V="4561"/>
          <Porc_Sufragantes V="100,00"/>
          <Abstencion V="0"/>
          <Porc_Abstencion V="000,00"/>
          <Votos_Validos V="2138"/>
          <Porc_Votos_Validos V="046,87"/>
          <Votos_No_Marcados V="1764"/>
          <Porc_Votos_No_Marcados V="038,67"/>
          <Votos_Nulos V="659"/>
          <Porc_Votos_Nulos V="014,44"/>
        </lin>
        <lin>
          <Pregunta V="007"/>
          <Total_Sufragantes V="4561"/>
          <Porc_Sufragantes V="100,00"/>
          <Abstencion V="0"/>
          <Porc_Abstencion V="000,00"/>
          <Votos_Validos V="2822"/>
          <Porc_Votos_Validos V="061,87"/>
          <Votos_No_Marcados V="953"/>
          <Porc_Votos_No_Marcados V="020,89"/>
          <Votos_Nulos V="786"/>
          <Porc_Votos_Nulos V="017,23"/>
        </lin>
      </Detalle_Pregunta>
      <Detalle_Opcion>
        <lin>
          <Opcion V="001"/>
          <Votos V="1364"/>
          <Porc V="061,80"/>
          <Pregunta V="001"/>
        </lin>
        <lin>
          <Opcion V="002"/>
          <Votos V="843"/>
          <Porc V="038,19"/>
          <Pregunta V="001"/>
        </lin>
        <lin>
          <Opcion V="001"/>
          <Votos V="1232"/>
          <Porc V="045,42"/>
          <Pregunta V="002"/>
        </lin>
        <lin>
          <Opcion V="002"/>
          <Votos V="1480"/>
          <Porc V="054,57"/>
          <Pregunta V="002"/>
        </lin>
        <lin>
          <Opcion V="001"/>
          <Votos V="928"/>
          <Porc V="039,77"/>
          <Pregunta V="003"/>
        </lin>
        <lin>
          <Opcion V="002"/>
          <Votos V="1405"/>
          <Porc V="060,22"/>
          <Pregunta V="003"/>
        </lin>
        <lin>
          <Opcion V="001"/>
          <Votos V="1076"/>
          <Porc V="047,08"/>
          <Pregunta V="004"/>
        </lin>
        <lin>
          <Opcion V="002"/>
          <Votos V="1209"/>
          <Porc V="052,91"/>
          <Pregunta V="004"/>
        </lin>
        <lin>
          <Opcion V="001"/>
          <Votos V="1588"/>
          <Porc V="062,34"/>
          <Pregunta V="005"/>
        </lin>
        <lin>
          <Opcion V="002"/>
          <Votos V="959"/>
          <Porc V="037,65"/>
          <Pregunta V="005"/>
        </lin>
        <lin>
          <Opcion V="001"/>
          <Votos V="1016"/>
          <Porc V="047,52"/>
          <Pregunta V="006"/>
        </lin>
        <lin>
          <Opcion V="002"/>
          <Votos V="1122"/>
          <Porc V="052,47"/>
          <Pregunta V="006"/>
        </lin>
        <lin>
          <Opcion V="001"/>
          <Votos V="1558"/>
          <Porc V="055,20"/>
          <Pregunta V="007"/>
        </lin>
        <lin>
          <Opcion V="002"/>
          <Votos V="1264"/>
          <Porc V="044,79"/>
          <Pregunta V="007"/>
        </lin>
      </Detalle_Opcion>
    </lin>
  </Detalle_Circunscripcion>
</Boletin>
</Boletin_Consolidado>