<Boletin_Consolidado><Boletin>
  <Numero V="0008"/>
  <Boletin_Departamental V="0012"/>
  <Tipo_Boletin V="DEPARTAMENTAL"/>
  <Desc_Corporacion V="CONSULTA POPULAR"/>
  <Departamento V="13"/>
  <Desc_Departamento V="CORDOBA"/>
  <Municipio V="000"/>
  <Desc_Municipio V="NO APLICA"/>
  <Dia V="21"/>
  <Mes V="8"/>
  <Anio V="2018"/>
  <Hora V="14"/>
  <Minuto V="15"/>
  <Mesas_Instaladas V="3377"/>
  <Mesas_Informadas V="3377"/>
  <Porc_Mesas_Informadas V="100,00"/>
  <Potencial_Sufragantes V="1238381"/>
  <Detalle_Circunscripcion>
    <lin>
      <Circunscripcion V="0"/>
      <Desc_Circunscripcion V="NACIONAL"/>
      <Detalle_Pregunta>
        <lin>
          <Pregunta V="001"/>
          <Total_Sufragantes V="1238381"/>
          <Porc_Sufragantes V="100,00"/>
          <Abstencion V="0"/>
          <Porc_Abstencion V="000,00"/>
          <Votos_Validos V="624387"/>
          <Porc_Votos_Validos V="050,41"/>
          <Votos_No_Marcados V="303735"/>
          <Porc_Votos_No_Marcados V="024,52"/>
          <Votos_Nulos V="310259"/>
          <Porc_Votos_Nulos V="025,05"/>
        </lin>
        <lin>
          <Pregunta V="002"/>
          <Total_Sufragantes V="1238381"/>
          <Porc_Sufragantes V="100,00"/>
          <Abstencion V="0"/>
          <Porc_Abstencion V="000,00"/>
          <Votos_Validos V="622149"/>
          <Porc_Votos_Validos V="050,23"/>
          <Votos_No_Marcados V="310677"/>
          <Porc_Votos_No_Marcados V="025,08"/>
          <Votos_Nulos V="305555"/>
          <Porc_Votos_Nulos V="024,67"/>
        </lin>
        <lin>
          <Pregunta V="003"/>
          <Total_Sufragantes V="1238381"/>
          <Porc_Sufragantes V="100,00"/>
          <Abstencion V="0"/>
          <Porc_Abstencion V="000,00"/>
          <Votos_Validos V="619211"/>
          <Porc_Votos_Validos V="050,00"/>
          <Votos_No_Marcados V="309607"/>
          <Porc_Votos_No_Marcados V="025,00"/>
          <Votos_Nulos V="309563"/>
          <Porc_Votos_Nulos V="024,99"/>
        </lin>
        <lin>
          <Pregunta V="004"/>
          <Total_Sufragantes V="1238381"/>
          <Porc_Sufragantes V="100,00"/>
          <Abstencion V="0"/>
          <Porc_Abstencion V="000,00"/>
          <Votos_Validos V="616529"/>
          <Porc_Votos_Validos V="049,78"/>
          <Votos_No_Marcados V="309715"/>
          <Porc_Votos_No_Marcados V="025,00"/>
          <Votos_Nulos V="312137"/>
          <Porc_Votos_Nulos V="025,20"/>
        </lin>
        <lin>
          <Pregunta V="005"/>
          <Total_Sufragantes V="1238381"/>
          <Porc_Sufragantes V="100,00"/>
          <Abstencion V="0"/>
          <Porc_Abstencion V="000,00"/>
          <Votos_Validos V="618968"/>
          <Porc_Votos_Validos V="049,98"/>
          <Votos_No_Marcados V="310668"/>
          <Porc_Votos_No_Marcados V="025,08"/>
          <Votos_Nulos V="308745"/>
          <Porc_Votos_Nulos V="024,93"/>
        </lin>
        <lin>
          <Pregunta V="006"/>
          <Total_Sufragantes V="1238381"/>
          <Porc_Sufragantes V="100,00"/>
          <Abstencion V="0"/>
          <Porc_Abstencion V="000,00"/>
          <Votos_Validos V="615687"/>
          <Porc_Votos_Validos V="049,71"/>
          <Votos_No_Marcados V="315353"/>
          <Porc_Votos_No_Marcados V="025,46"/>
          <Votos_Nulos V="307341"/>
          <Porc_Votos_Nulos V="024,81"/>
        </lin>
        <lin>
          <Pregunta V="007"/>
          <Total_Sufragantes V="1238381"/>
          <Porc_Sufragantes V="100,00"/>
          <Abstencion V="0"/>
          <Porc_Abstencion V="000,00"/>
          <Votos_Validos V="620033"/>
          <Porc_Votos_Validos V="050,06"/>
          <Votos_No_Marcados V="310407"/>
          <Porc_Votos_No_Marcados V="025,06"/>
          <Votos_Nulos V="307941"/>
          <Porc_Votos_Nulos V="024,86"/>
        </lin>
      </Detalle_Pregunta>
      <Detalle_Opcion>
        <lin>
          <Opcion V="001"/>
          <Votos V="306416"/>
          <Porc V="049,07"/>
          <Pregunta V="001"/>
        </lin>
        <lin>
          <Opcion V="002"/>
          <Votos V="317971"/>
          <Porc V="050,92"/>
          <Pregunta V="001"/>
        </lin>
        <lin>
          <Opcion V="001"/>
          <Votos V="311911"/>
          <Porc V="050,13"/>
          <Pregunta V="002"/>
        </lin>
        <lin>
          <Opcion V="002"/>
          <Votos V="310238"/>
          <Porc V="049,86"/>
          <Pregunta V="002"/>
        </lin>
        <lin>
          <Opcion V="001"/>
          <Votos V="312179"/>
          <Porc V="050,41"/>
          <Pregunta V="003"/>
        </lin>
        <lin>
          <Opcion V="002"/>
          <Votos V="307032"/>
          <Porc V="049,58"/>
          <Pregunta V="003"/>
        </lin>
        <lin>
          <Opcion V="001"/>
          <Votos V="313386"/>
          <Porc V="050,83"/>
          <Pregunta V="004"/>
        </lin>
        <lin>
          <Opcion V="002"/>
          <Votos V="303143"/>
          <Porc V="049,16"/>
          <Pregunta V="004"/>
        </lin>
        <lin>
          <Opcion V="001"/>
          <Votos V="302678"/>
          <Porc V="048,90"/>
          <Pregunta V="005"/>
        </lin>
        <lin>
          <Opcion V="002"/>
          <Votos V="316290"/>
          <Porc V="051,09"/>
          <Pregunta V="005"/>
        </lin>
        <lin>
          <Opcion V="001"/>
          <Votos V="305509"/>
          <Porc V="049,62"/>
          <Pregunta V="006"/>
        </lin>
        <lin>
          <Opcion V="002"/>
          <Votos V="310178"/>
          <Porc V="050,37"/>
          <Pregunta V="006"/>
        </lin>
        <lin>
          <Opcion V="001"/>
          <Votos V="314681"/>
          <Porc V="050,75"/>
          <Pregunta V="007"/>
        </lin>
        <lin>
          <Opcion V="002"/>
          <Votos V="305352"/>
          <Porc V="049,24"/>
          <Pregunta V="007"/>
        </lin>
      </Detalle_Opcion>
    </lin>
  </Detalle_Circunscripcion>
</Boletin>
</Boletin_Consolidado>