<Boletin_Consolidado><Boletin>
  <Numero V="0008"/>
  <Boletin_Departamental V="0012"/>
  <Tipo_Boletin V="DEPARTAMENTAL"/>
  <Desc_Corporacion V="CONSULTA POPULAR"/>
  <Departamento V="15"/>
  <Desc_Departamento V="CUNDINAMARCA"/>
  <Municipio V="037"/>
  <Desc_Municipio V="CAQUEZA"/>
  <Dia V="21"/>
  <Mes V="8"/>
  <Anio V="2018"/>
  <Hora V="14"/>
  <Minuto V="15"/>
  <Mesas_Instaladas V="38"/>
  <Mesas_Informadas V="38"/>
  <Porc_Mesas_Informadas V="100,00"/>
  <Potencial_Sufragantes V="14510"/>
  <Detalle_Circunscripcion>
    <lin>
      <Circunscripcion V="0"/>
      <Desc_Circunscripcion V="NACIONAL"/>
      <Detalle_Pregunta>
        <lin>
          <Pregunta V="001"/>
          <Total_Sufragantes V="14510"/>
          <Porc_Sufragantes V="100,00"/>
          <Abstencion V="0"/>
          <Porc_Abstencion V="000,00"/>
          <Votos_Validos V="6881"/>
          <Porc_Votos_Validos V="047,42"/>
          <Votos_No_Marcados V="3654"/>
          <Porc_Votos_No_Marcados V="025,18"/>
          <Votos_Nulos V="3975"/>
          <Porc_Votos_Nulos V="027,39"/>
        </lin>
        <lin>
          <Pregunta V="002"/>
          <Total_Sufragantes V="14510"/>
          <Porc_Sufragantes V="100,00"/>
          <Abstencion V="0"/>
          <Porc_Abstencion V="000,00"/>
          <Votos_Validos V="7671"/>
          <Porc_Votos_Validos V="052,86"/>
          <Votos_No_Marcados V="3742"/>
          <Porc_Votos_No_Marcados V="025,78"/>
          <Votos_Nulos V="3097"/>
          <Porc_Votos_Nulos V="021,34"/>
        </lin>
        <lin>
          <Pregunta V="003"/>
          <Total_Sufragantes V="14510"/>
          <Porc_Sufragantes V="100,00"/>
          <Abstencion V="0"/>
          <Porc_Abstencion V="000,00"/>
          <Votos_Validos V="6494"/>
          <Porc_Votos_Validos V="044,75"/>
          <Votos_No_Marcados V="4699"/>
          <Porc_Votos_No_Marcados V="032,38"/>
          <Votos_Nulos V="3317"/>
          <Porc_Votos_Nulos V="022,86"/>
        </lin>
        <lin>
          <Pregunta V="004"/>
          <Total_Sufragantes V="14510"/>
          <Porc_Sufragantes V="100,00"/>
          <Abstencion V="0"/>
          <Porc_Abstencion V="000,00"/>
          <Votos_Validos V="7619"/>
          <Porc_Votos_Validos V="052,50"/>
          <Votos_No_Marcados V="3574"/>
          <Porc_Votos_No_Marcados V="024,63"/>
          <Votos_Nulos V="3317"/>
          <Porc_Votos_Nulos V="022,86"/>
        </lin>
        <lin>
          <Pregunta V="005"/>
          <Total_Sufragantes V="14510"/>
          <Porc_Sufragantes V="100,00"/>
          <Abstencion V="0"/>
          <Porc_Abstencion V="000,00"/>
          <Votos_Validos V="7940"/>
          <Porc_Votos_Validos V="054,72"/>
          <Votos_No_Marcados V="3395"/>
          <Porc_Votos_No_Marcados V="023,39"/>
          <Votos_Nulos V="3175"/>
          <Porc_Votos_Nulos V="021,88"/>
        </lin>
        <lin>
          <Pregunta V="006"/>
          <Total_Sufragantes V="14510"/>
          <Porc_Sufragantes V="100,00"/>
          <Abstencion V="0"/>
          <Porc_Abstencion V="000,00"/>
          <Votos_Validos V="7385"/>
          <Porc_Votos_Validos V="050,89"/>
          <Votos_No_Marcados V="3645"/>
          <Porc_Votos_No_Marcados V="025,12"/>
          <Votos_Nulos V="3480"/>
          <Porc_Votos_Nulos V="023,98"/>
        </lin>
        <lin>
          <Pregunta V="007"/>
          <Total_Sufragantes V="14510"/>
          <Porc_Sufragantes V="100,00"/>
          <Abstencion V="0"/>
          <Porc_Abstencion V="000,00"/>
          <Votos_Validos V="7332"/>
          <Porc_Votos_Validos V="050,53"/>
          <Votos_No_Marcados V="3459"/>
          <Porc_Votos_No_Marcados V="023,83"/>
          <Votos_Nulos V="3719"/>
          <Porc_Votos_Nulos V="025,63"/>
        </lin>
      </Detalle_Pregunta>
      <Detalle_Opcion>
        <lin>
          <Opcion V="001"/>
          <Votos V="3426"/>
          <Porc V="049,78"/>
          <Pregunta V="001"/>
        </lin>
        <lin>
          <Opcion V="002"/>
          <Votos V="3455"/>
          <Porc V="050,21"/>
          <Pregunta V="001"/>
        </lin>
        <lin>
          <Opcion V="001"/>
          <Votos V="4586"/>
          <Porc V="059,78"/>
          <Pregunta V="002"/>
        </lin>
        <lin>
          <Opcion V="002"/>
          <Votos V="3085"/>
          <Porc V="040,21"/>
          <Pregunta V="002"/>
        </lin>
        <lin>
          <Opcion V="001"/>
          <Votos V="3335"/>
          <Porc V="051,35"/>
          <Pregunta V="003"/>
        </lin>
        <lin>
          <Opcion V="002"/>
          <Votos V="3159"/>
          <Porc V="048,64"/>
          <Pregunta V="003"/>
        </lin>
        <lin>
          <Opcion V="001"/>
          <Votos V="3823"/>
          <Porc V="050,17"/>
          <Pregunta V="004"/>
        </lin>
        <lin>
          <Opcion V="002"/>
          <Votos V="3796"/>
          <Porc V="049,82"/>
          <Pregunta V="004"/>
        </lin>
        <lin>
          <Opcion V="001"/>
          <Votos V="3903"/>
          <Porc V="049,15"/>
          <Pregunta V="005"/>
        </lin>
        <lin>
          <Opcion V="002"/>
          <Votos V="4037"/>
          <Porc V="050,84"/>
          <Pregunta V="005"/>
        </lin>
        <lin>
          <Opcion V="001"/>
          <Votos V="3466"/>
          <Porc V="046,93"/>
          <Pregunta V="006"/>
        </lin>
        <lin>
          <Opcion V="002"/>
          <Votos V="3919"/>
          <Porc V="053,06"/>
          <Pregunta V="006"/>
        </lin>
        <lin>
          <Opcion V="001"/>
          <Votos V="3827"/>
          <Porc V="052,19"/>
          <Pregunta V="007"/>
        </lin>
        <lin>
          <Opcion V="002"/>
          <Votos V="3505"/>
          <Porc V="047,80"/>
          <Pregunta V="007"/>
        </lin>
      </Detalle_Opcion>
    </lin>
  </Detalle_Circunscripcion>
</Boletin>
</Boletin_Consolidado>