<Boletin_Consolidado><Boletin>
  <Numero V="0008"/>
  <Boletin_Departamental V="0012"/>
  <Tipo_Boletin V="DEPARTAMENTAL"/>
  <Desc_Corporacion V="CONSULTA POPULAR"/>
  <Departamento V="11"/>
  <Desc_Departamento V="CAUCA"/>
  <Municipio V="086"/>
  <Desc_Municipio V="SUCRE"/>
  <Dia V="21"/>
  <Mes V="8"/>
  <Anio V="2018"/>
  <Hora V="14"/>
  <Minuto V="15"/>
  <Mesas_Instaladas V="21"/>
  <Mesas_Informadas V="21"/>
  <Porc_Mesas_Informadas V="100,00"/>
  <Potencial_Sufragantes V="5595"/>
  <Detalle_Circunscripcion>
    <lin>
      <Circunscripcion V="0"/>
      <Desc_Circunscripcion V="NACIONAL"/>
      <Detalle_Pregunta>
        <lin>
          <Pregunta V="001"/>
          <Total_Sufragantes V="5595"/>
          <Porc_Sufragantes V="100,00"/>
          <Abstencion V="0"/>
          <Porc_Abstencion V="000,00"/>
          <Votos_Validos V="2297"/>
          <Porc_Votos_Validos V="041,05"/>
          <Votos_No_Marcados V="1349"/>
          <Porc_Votos_No_Marcados V="024,11"/>
          <Votos_Nulos V="1949"/>
          <Porc_Votos_Nulos V="034,83"/>
        </lin>
        <lin>
          <Pregunta V="002"/>
          <Total_Sufragantes V="5595"/>
          <Porc_Sufragantes V="100,00"/>
          <Abstencion V="0"/>
          <Porc_Abstencion V="000,00"/>
          <Votos_Validos V="2558"/>
          <Porc_Votos_Validos V="045,71"/>
          <Votos_No_Marcados V="1514"/>
          <Porc_Votos_No_Marcados V="027,05"/>
          <Votos_Nulos V="1523"/>
          <Porc_Votos_Nulos V="027,22"/>
        </lin>
        <lin>
          <Pregunta V="003"/>
          <Total_Sufragantes V="5595"/>
          <Porc_Sufragantes V="100,00"/>
          <Abstencion V="0"/>
          <Porc_Abstencion V="000,00"/>
          <Votos_Validos V="2695"/>
          <Porc_Votos_Validos V="048,16"/>
          <Votos_No_Marcados V="1592"/>
          <Porc_Votos_No_Marcados V="028,45"/>
          <Votos_Nulos V="1308"/>
          <Porc_Votos_Nulos V="023,37"/>
        </lin>
        <lin>
          <Pregunta V="004"/>
          <Total_Sufragantes V="5595"/>
          <Porc_Sufragantes V="100,00"/>
          <Abstencion V="0"/>
          <Porc_Abstencion V="000,00"/>
          <Votos_Validos V="3078"/>
          <Porc_Votos_Validos V="055,01"/>
          <Votos_No_Marcados V="1371"/>
          <Porc_Votos_No_Marcados V="024,50"/>
          <Votos_Nulos V="1146"/>
          <Porc_Votos_Nulos V="020,48"/>
        </lin>
        <lin>
          <Pregunta V="005"/>
          <Total_Sufragantes V="5595"/>
          <Porc_Sufragantes V="100,00"/>
          <Abstencion V="0"/>
          <Porc_Abstencion V="000,00"/>
          <Votos_Validos V="3027"/>
          <Porc_Votos_Validos V="054,10"/>
          <Votos_No_Marcados V="1097"/>
          <Porc_Votos_No_Marcados V="019,60"/>
          <Votos_Nulos V="1471"/>
          <Porc_Votos_Nulos V="026,29"/>
        </lin>
        <lin>
          <Pregunta V="006"/>
          <Total_Sufragantes V="5595"/>
          <Porc_Sufragantes V="100,00"/>
          <Abstencion V="0"/>
          <Porc_Abstencion V="000,00"/>
          <Votos_Validos V="2773"/>
          <Porc_Votos_Validos V="049,56"/>
          <Votos_No_Marcados V="1309"/>
          <Porc_Votos_No_Marcados V="023,39"/>
          <Votos_Nulos V="1513"/>
          <Porc_Votos_Nulos V="027,04"/>
        </lin>
        <lin>
          <Pregunta V="007"/>
          <Total_Sufragantes V="5595"/>
          <Porc_Sufragantes V="100,00"/>
          <Abstencion V="0"/>
          <Porc_Abstencion V="000,00"/>
          <Votos_Validos V="2613"/>
          <Porc_Votos_Validos V="046,70"/>
          <Votos_No_Marcados V="1508"/>
          <Porc_Votos_No_Marcados V="026,95"/>
          <Votos_Nulos V="1474"/>
          <Porc_Votos_Nulos V="026,34"/>
        </lin>
      </Detalle_Pregunta>
      <Detalle_Opcion>
        <lin>
          <Opcion V="001"/>
          <Votos V="1180"/>
          <Porc V="051,37"/>
          <Pregunta V="001"/>
        </lin>
        <lin>
          <Opcion V="002"/>
          <Votos V="1117"/>
          <Porc V="048,62"/>
          <Pregunta V="001"/>
        </lin>
        <lin>
          <Opcion V="001"/>
          <Votos V="1313"/>
          <Porc V="051,32"/>
          <Pregunta V="002"/>
        </lin>
        <lin>
          <Opcion V="002"/>
          <Votos V="1245"/>
          <Porc V="048,67"/>
          <Pregunta V="002"/>
        </lin>
        <lin>
          <Opcion V="001"/>
          <Votos V="1430"/>
          <Porc V="053,06"/>
          <Pregunta V="003"/>
        </lin>
        <lin>
          <Opcion V="002"/>
          <Votos V="1265"/>
          <Porc V="046,93"/>
          <Pregunta V="003"/>
        </lin>
        <lin>
          <Opcion V="001"/>
          <Votos V="1613"/>
          <Porc V="052,40"/>
          <Pregunta V="004"/>
        </lin>
        <lin>
          <Opcion V="002"/>
          <Votos V="1465"/>
          <Porc V="047,59"/>
          <Pregunta V="004"/>
        </lin>
        <lin>
          <Opcion V="001"/>
          <Votos V="1480"/>
          <Porc V="048,89"/>
          <Pregunta V="005"/>
        </lin>
        <lin>
          <Opcion V="002"/>
          <Votos V="1547"/>
          <Porc V="051,10"/>
          <Pregunta V="005"/>
        </lin>
        <lin>
          <Opcion V="001"/>
          <Votos V="1291"/>
          <Porc V="046,55"/>
          <Pregunta V="006"/>
        </lin>
        <lin>
          <Opcion V="002"/>
          <Votos V="1482"/>
          <Porc V="053,44"/>
          <Pregunta V="006"/>
        </lin>
        <lin>
          <Opcion V="001"/>
          <Votos V="1090"/>
          <Porc V="041,71"/>
          <Pregunta V="007"/>
        </lin>
        <lin>
          <Opcion V="002"/>
          <Votos V="1523"/>
          <Porc V="058,28"/>
          <Pregunta V="007"/>
        </lin>
      </Detalle_Opcion>
    </lin>
  </Detalle_Circunscripcion>
</Boletin>
</Boletin_Consolidado>