<Boletin_Consolidado><Boletin>
  <Numero V="0008"/>
  <Boletin_Departamental V="0011"/>
  <Tipo_Boletin V="DEPARTAMENTAL"/>
  <Desc_Corporacion V="CONSULTA POPULAR"/>
  <Departamento V="07"/>
  <Desc_Departamento V="BOYACA"/>
  <Municipio V="022"/>
  <Desc_Municipio V="BOAVITA"/>
  <Dia V="21"/>
  <Mes V="8"/>
  <Anio V="2018"/>
  <Hora V="14"/>
  <Minuto V="15"/>
  <Mesas_Instaladas V="15"/>
  <Mesas_Informadas V="15"/>
  <Porc_Mesas_Informadas V="100,00"/>
  <Potencial_Sufragantes V="4975"/>
  <Detalle_Circunscripcion>
    <lin>
      <Circunscripcion V="0"/>
      <Desc_Circunscripcion V="NACIONAL"/>
      <Detalle_Pregunta>
        <lin>
          <Pregunta V="001"/>
          <Total_Sufragantes V="4975"/>
          <Porc_Sufragantes V="100,00"/>
          <Abstencion V="0"/>
          <Porc_Abstencion V="000,00"/>
          <Votos_Validos V="2721"/>
          <Porc_Votos_Validos V="054,69"/>
          <Votos_No_Marcados V="1250"/>
          <Porc_Votos_No_Marcados V="025,12"/>
          <Votos_Nulos V="1004"/>
          <Porc_Votos_Nulos V="020,18"/>
        </lin>
        <lin>
          <Pregunta V="002"/>
          <Total_Sufragantes V="4975"/>
          <Porc_Sufragantes V="100,00"/>
          <Abstencion V="0"/>
          <Porc_Abstencion V="000,00"/>
          <Votos_Validos V="2665"/>
          <Porc_Votos_Validos V="053,56"/>
          <Votos_No_Marcados V="1074"/>
          <Porc_Votos_No_Marcados V="021,58"/>
          <Votos_Nulos V="1236"/>
          <Porc_Votos_Nulos V="024,84"/>
        </lin>
        <lin>
          <Pregunta V="003"/>
          <Total_Sufragantes V="4975"/>
          <Porc_Sufragantes V="100,00"/>
          <Abstencion V="0"/>
          <Porc_Abstencion V="000,00"/>
          <Votos_Validos V="2326"/>
          <Porc_Votos_Validos V="046,75"/>
          <Votos_No_Marcados V="1231"/>
          <Porc_Votos_No_Marcados V="024,74"/>
          <Votos_Nulos V="1418"/>
          <Porc_Votos_Nulos V="028,50"/>
        </lin>
        <lin>
          <Pregunta V="004"/>
          <Total_Sufragantes V="4975"/>
          <Porc_Sufragantes V="100,00"/>
          <Abstencion V="0"/>
          <Porc_Abstencion V="000,00"/>
          <Votos_Validos V="2588"/>
          <Porc_Votos_Validos V="052,02"/>
          <Votos_No_Marcados V="1341"/>
          <Porc_Votos_No_Marcados V="026,95"/>
          <Votos_Nulos V="1046"/>
          <Porc_Votos_Nulos V="021,02"/>
        </lin>
        <lin>
          <Pregunta V="005"/>
          <Total_Sufragantes V="4975"/>
          <Porc_Sufragantes V="100,00"/>
          <Abstencion V="0"/>
          <Porc_Abstencion V="000,00"/>
          <Votos_Validos V="2009"/>
          <Porc_Votos_Validos V="040,38"/>
          <Votos_No_Marcados V="1747"/>
          <Porc_Votos_No_Marcados V="035,11"/>
          <Votos_Nulos V="1219"/>
          <Porc_Votos_Nulos V="024,50"/>
        </lin>
        <lin>
          <Pregunta V="006"/>
          <Total_Sufragantes V="4975"/>
          <Porc_Sufragantes V="100,00"/>
          <Abstencion V="0"/>
          <Porc_Abstencion V="000,00"/>
          <Votos_Validos V="2425"/>
          <Porc_Votos_Validos V="048,74"/>
          <Votos_No_Marcados V="1321"/>
          <Porc_Votos_No_Marcados V="026,55"/>
          <Votos_Nulos V="1229"/>
          <Porc_Votos_Nulos V="024,70"/>
        </lin>
        <lin>
          <Pregunta V="007"/>
          <Total_Sufragantes V="4975"/>
          <Porc_Sufragantes V="100,00"/>
          <Abstencion V="0"/>
          <Porc_Abstencion V="000,00"/>
          <Votos_Validos V="2262"/>
          <Porc_Votos_Validos V="045,46"/>
          <Votos_No_Marcados V="1455"/>
          <Porc_Votos_No_Marcados V="029,24"/>
          <Votos_Nulos V="1258"/>
          <Porc_Votos_Nulos V="025,28"/>
        </lin>
      </Detalle_Pregunta>
      <Detalle_Opcion>
        <lin>
          <Opcion V="001"/>
          <Votos V="1510"/>
          <Porc V="055,49"/>
          <Pregunta V="001"/>
        </lin>
        <lin>
          <Opcion V="002"/>
          <Votos V="1211"/>
          <Porc V="044,50"/>
          <Pregunta V="001"/>
        </lin>
        <lin>
          <Opcion V="001"/>
          <Votos V="1605"/>
          <Porc V="060,22"/>
          <Pregunta V="002"/>
        </lin>
        <lin>
          <Opcion V="002"/>
          <Votos V="1060"/>
          <Porc V="039,77"/>
          <Pregunta V="002"/>
        </lin>
        <lin>
          <Opcion V="001"/>
          <Votos V="1371"/>
          <Porc V="058,94"/>
          <Pregunta V="003"/>
        </lin>
        <lin>
          <Opcion V="002"/>
          <Votos V="955"/>
          <Porc V="041,05"/>
          <Pregunta V="003"/>
        </lin>
        <lin>
          <Opcion V="001"/>
          <Votos V="1112"/>
          <Porc V="042,96"/>
          <Pregunta V="004"/>
        </lin>
        <lin>
          <Opcion V="002"/>
          <Votos V="1476"/>
          <Porc V="057,03"/>
          <Pregunta V="004"/>
        </lin>
        <lin>
          <Opcion V="001"/>
          <Votos V="1108"/>
          <Porc V="055,15"/>
          <Pregunta V="005"/>
        </lin>
        <lin>
          <Opcion V="002"/>
          <Votos V="901"/>
          <Porc V="044,84"/>
          <Pregunta V="005"/>
        </lin>
        <lin>
          <Opcion V="001"/>
          <Votos V="804"/>
          <Porc V="033,15"/>
          <Pregunta V="006"/>
        </lin>
        <lin>
          <Opcion V="002"/>
          <Votos V="1621"/>
          <Porc V="066,84"/>
          <Pregunta V="006"/>
        </lin>
        <lin>
          <Opcion V="001"/>
          <Votos V="1310"/>
          <Porc V="057,91"/>
          <Pregunta V="007"/>
        </lin>
        <lin>
          <Opcion V="002"/>
          <Votos V="952"/>
          <Porc V="042,08"/>
          <Pregunta V="007"/>
        </lin>
      </Detalle_Opcion>
    </lin>
  </Detalle_Circunscripcion>
</Boletin>
</Boletin_Consolidado>