<Boletin_Consolidado><Boletin>
  <Numero V="0008"/>
  <Boletin_Departamental V="0012"/>
  <Tipo_Boletin V="DEPARTAMENTAL"/>
  <Desc_Corporacion V="CONSULTA POPULAR"/>
  <Departamento V="03"/>
  <Desc_Departamento V="ATLANTICO"/>
  <Municipio V="019"/>
  <Desc_Municipio V="LURUACO"/>
  <Dia V="21"/>
  <Mes V="8"/>
  <Anio V="2018"/>
  <Hora V="14"/>
  <Minuto V="15"/>
  <Mesas_Instaladas V="67"/>
  <Mesas_Informadas V="67"/>
  <Porc_Mesas_Informadas V="100,00"/>
  <Potencial_Sufragantes V="24341"/>
  <Detalle_Circunscripcion>
    <lin>
      <Circunscripcion V="0"/>
      <Desc_Circunscripcion V="NACIONAL"/>
      <Detalle_Pregunta>
        <lin>
          <Pregunta V="001"/>
          <Total_Sufragantes V="24341"/>
          <Porc_Sufragantes V="100,00"/>
          <Abstencion V="0"/>
          <Porc_Abstencion V="000,00"/>
          <Votos_Validos V="11486"/>
          <Porc_Votos_Validos V="047,18"/>
          <Votos_No_Marcados V="6470"/>
          <Porc_Votos_No_Marcados V="026,58"/>
          <Votos_Nulos V="6385"/>
          <Porc_Votos_Nulos V="026,23"/>
        </lin>
        <lin>
          <Pregunta V="002"/>
          <Total_Sufragantes V="24341"/>
          <Porc_Sufragantes V="100,00"/>
          <Abstencion V="0"/>
          <Porc_Abstencion V="000,00"/>
          <Votos_Validos V="11818"/>
          <Porc_Votos_Validos V="048,55"/>
          <Votos_No_Marcados V="6394"/>
          <Porc_Votos_No_Marcados V="026,26"/>
          <Votos_Nulos V="6129"/>
          <Porc_Votos_Nulos V="025,17"/>
        </lin>
        <lin>
          <Pregunta V="003"/>
          <Total_Sufragantes V="24341"/>
          <Porc_Sufragantes V="100,00"/>
          <Abstencion V="0"/>
          <Porc_Abstencion V="000,00"/>
          <Votos_Validos V="12176"/>
          <Porc_Votos_Validos V="050,02"/>
          <Votos_No_Marcados V="6135"/>
          <Porc_Votos_No_Marcados V="025,20"/>
          <Votos_Nulos V="6030"/>
          <Porc_Votos_Nulos V="024,77"/>
        </lin>
        <lin>
          <Pregunta V="004"/>
          <Total_Sufragantes V="24341"/>
          <Porc_Sufragantes V="100,00"/>
          <Abstencion V="0"/>
          <Porc_Abstencion V="000,00"/>
          <Votos_Validos V="12933"/>
          <Porc_Votos_Validos V="053,13"/>
          <Votos_No_Marcados V="6054"/>
          <Porc_Votos_No_Marcados V="024,87"/>
          <Votos_Nulos V="5354"/>
          <Porc_Votos_Nulos V="021,99"/>
        </lin>
        <lin>
          <Pregunta V="005"/>
          <Total_Sufragantes V="24341"/>
          <Porc_Sufragantes V="100,00"/>
          <Abstencion V="0"/>
          <Porc_Abstencion V="000,00"/>
          <Votos_Validos V="12575"/>
          <Porc_Votos_Validos V="051,66"/>
          <Votos_No_Marcados V="6078"/>
          <Porc_Votos_No_Marcados V="024,97"/>
          <Votos_Nulos V="5688"/>
          <Porc_Votos_Nulos V="023,36"/>
        </lin>
        <lin>
          <Pregunta V="006"/>
          <Total_Sufragantes V="24341"/>
          <Porc_Sufragantes V="100,00"/>
          <Abstencion V="0"/>
          <Porc_Abstencion V="000,00"/>
          <Votos_Validos V="12532"/>
          <Porc_Votos_Validos V="051,48"/>
          <Votos_No_Marcados V="5063"/>
          <Porc_Votos_No_Marcados V="020,80"/>
          <Votos_Nulos V="6746"/>
          <Porc_Votos_Nulos V="027,71"/>
        </lin>
        <lin>
          <Pregunta V="007"/>
          <Total_Sufragantes V="24341"/>
          <Porc_Sufragantes V="100,00"/>
          <Abstencion V="0"/>
          <Porc_Abstencion V="000,00"/>
          <Votos_Validos V="11387"/>
          <Porc_Votos_Validos V="046,78"/>
          <Votos_No_Marcados V="6267"/>
          <Porc_Votos_No_Marcados V="025,74"/>
          <Votos_Nulos V="6687"/>
          <Porc_Votos_Nulos V="027,47"/>
        </lin>
      </Detalle_Pregunta>
      <Detalle_Opcion>
        <lin>
          <Opcion V="001"/>
          <Votos V="5728"/>
          <Porc V="049,86"/>
          <Pregunta V="001"/>
        </lin>
        <lin>
          <Opcion V="002"/>
          <Votos V="5758"/>
          <Porc V="050,13"/>
          <Pregunta V="001"/>
        </lin>
        <lin>
          <Opcion V="001"/>
          <Votos V="5942"/>
          <Porc V="050,27"/>
          <Pregunta V="002"/>
        </lin>
        <lin>
          <Opcion V="002"/>
          <Votos V="5876"/>
          <Porc V="049,72"/>
          <Pregunta V="002"/>
        </lin>
        <lin>
          <Opcion V="001"/>
          <Votos V="6243"/>
          <Porc V="051,27"/>
          <Pregunta V="003"/>
        </lin>
        <lin>
          <Opcion V="002"/>
          <Votos V="5933"/>
          <Porc V="048,72"/>
          <Pregunta V="003"/>
        </lin>
        <lin>
          <Opcion V="001"/>
          <Votos V="7107"/>
          <Porc V="054,95"/>
          <Pregunta V="004"/>
        </lin>
        <lin>
          <Opcion V="002"/>
          <Votos V="5826"/>
          <Porc V="045,04"/>
          <Pregunta V="004"/>
        </lin>
        <lin>
          <Opcion V="001"/>
          <Votos V="6111"/>
          <Porc V="048,59"/>
          <Pregunta V="005"/>
        </lin>
        <lin>
          <Opcion V="002"/>
          <Votos V="6464"/>
          <Porc V="051,40"/>
          <Pregunta V="005"/>
        </lin>
        <lin>
          <Opcion V="001"/>
          <Votos V="6250"/>
          <Porc V="049,87"/>
          <Pregunta V="006"/>
        </lin>
        <lin>
          <Opcion V="002"/>
          <Votos V="6282"/>
          <Porc V="050,12"/>
          <Pregunta V="006"/>
        </lin>
        <lin>
          <Opcion V="001"/>
          <Votos V="5342"/>
          <Porc V="046,91"/>
          <Pregunta V="007"/>
        </lin>
        <lin>
          <Opcion V="002"/>
          <Votos V="6045"/>
          <Porc V="053,08"/>
          <Pregunta V="007"/>
        </lin>
      </Detalle_Opcion>
    </lin>
  </Detalle_Circunscripcion>
</Boletin>
</Boletin_Consolidado>