<Boletin_Consolidado><Boletin>
  <Numero V="0008"/>
  <Boletin_Departamental V="0012"/>
  <Tipo_Boletin V="DEPARTAMENTAL"/>
  <Desc_Corporacion V="CONSULTA POPULAR"/>
  <Departamento V="12"/>
  <Desc_Departamento V="CESAR"/>
  <Municipio V="650"/>
  <Desc_Municipio V="PAILITAS"/>
  <Dia V="21"/>
  <Mes V="8"/>
  <Anio V="2018"/>
  <Hora V="14"/>
  <Minuto V="15"/>
  <Mesas_Instaladas V="41"/>
  <Mesas_Informadas V="41"/>
  <Porc_Mesas_Informadas V="100,00"/>
  <Potencial_Sufragantes V="14601"/>
  <Detalle_Circunscripcion>
    <lin>
      <Circunscripcion V="0"/>
      <Desc_Circunscripcion V="NACIONAL"/>
      <Detalle_Pregunta>
        <lin>
          <Pregunta V="001"/>
          <Total_Sufragantes V="14601"/>
          <Porc_Sufragantes V="100,00"/>
          <Abstencion V="0"/>
          <Porc_Abstencion V="000,00"/>
          <Votos_Validos V="7511"/>
          <Porc_Votos_Validos V="051,44"/>
          <Votos_No_Marcados V="3565"/>
          <Porc_Votos_No_Marcados V="024,41"/>
          <Votos_Nulos V="3525"/>
          <Porc_Votos_Nulos V="024,14"/>
        </lin>
        <lin>
          <Pregunta V="002"/>
          <Total_Sufragantes V="14601"/>
          <Porc_Sufragantes V="100,00"/>
          <Abstencion V="0"/>
          <Porc_Abstencion V="000,00"/>
          <Votos_Validos V="7206"/>
          <Porc_Votos_Validos V="049,35"/>
          <Votos_No_Marcados V="3341"/>
          <Porc_Votos_No_Marcados V="022,88"/>
          <Votos_Nulos V="4054"/>
          <Porc_Votos_Nulos V="027,76"/>
        </lin>
        <lin>
          <Pregunta V="003"/>
          <Total_Sufragantes V="14601"/>
          <Porc_Sufragantes V="100,00"/>
          <Abstencion V="0"/>
          <Porc_Abstencion V="000,00"/>
          <Votos_Validos V="7737"/>
          <Porc_Votos_Validos V="052,98"/>
          <Votos_No_Marcados V="3540"/>
          <Porc_Votos_No_Marcados V="024,24"/>
          <Votos_Nulos V="3324"/>
          <Porc_Votos_Nulos V="022,76"/>
        </lin>
        <lin>
          <Pregunta V="004"/>
          <Total_Sufragantes V="14601"/>
          <Porc_Sufragantes V="100,00"/>
          <Abstencion V="0"/>
          <Porc_Abstencion V="000,00"/>
          <Votos_Validos V="6793"/>
          <Porc_Votos_Validos V="046,52"/>
          <Votos_No_Marcados V="3947"/>
          <Porc_Votos_No_Marcados V="027,03"/>
          <Votos_Nulos V="3861"/>
          <Porc_Votos_Nulos V="026,44"/>
        </lin>
        <lin>
          <Pregunta V="005"/>
          <Total_Sufragantes V="14601"/>
          <Porc_Sufragantes V="100,00"/>
          <Abstencion V="0"/>
          <Porc_Abstencion V="000,00"/>
          <Votos_Validos V="7467"/>
          <Porc_Votos_Validos V="051,14"/>
          <Votos_No_Marcados V="3588"/>
          <Porc_Votos_No_Marcados V="024,57"/>
          <Votos_Nulos V="3546"/>
          <Porc_Votos_Nulos V="024,28"/>
        </lin>
        <lin>
          <Pregunta V="006"/>
          <Total_Sufragantes V="14601"/>
          <Porc_Sufragantes V="100,00"/>
          <Abstencion V="0"/>
          <Porc_Abstencion V="000,00"/>
          <Votos_Validos V="7680"/>
          <Porc_Votos_Validos V="052,59"/>
          <Votos_No_Marcados V="3006"/>
          <Porc_Votos_No_Marcados V="020,58"/>
          <Votos_Nulos V="3915"/>
          <Porc_Votos_Nulos V="026,81"/>
        </lin>
        <lin>
          <Pregunta V="007"/>
          <Total_Sufragantes V="14601"/>
          <Porc_Sufragantes V="100,00"/>
          <Abstencion V="0"/>
          <Porc_Abstencion V="000,00"/>
          <Votos_Validos V="6666"/>
          <Porc_Votos_Validos V="045,65"/>
          <Votos_No_Marcados V="3576"/>
          <Porc_Votos_No_Marcados V="024,49"/>
          <Votos_Nulos V="4359"/>
          <Porc_Votos_Nulos V="029,85"/>
        </lin>
      </Detalle_Pregunta>
      <Detalle_Opcion>
        <lin>
          <Opcion V="001"/>
          <Votos V="3953"/>
          <Porc V="052,62"/>
          <Pregunta V="001"/>
        </lin>
        <lin>
          <Opcion V="002"/>
          <Votos V="3558"/>
          <Porc V="047,37"/>
          <Pregunta V="001"/>
        </lin>
        <lin>
          <Opcion V="001"/>
          <Votos V="3568"/>
          <Porc V="049,51"/>
          <Pregunta V="002"/>
        </lin>
        <lin>
          <Opcion V="002"/>
          <Votos V="3638"/>
          <Porc V="050,48"/>
          <Pregunta V="002"/>
        </lin>
        <lin>
          <Opcion V="001"/>
          <Votos V="4178"/>
          <Porc V="054,00"/>
          <Pregunta V="003"/>
        </lin>
        <lin>
          <Opcion V="002"/>
          <Votos V="3559"/>
          <Porc V="045,99"/>
          <Pregunta V="003"/>
        </lin>
        <lin>
          <Opcion V="001"/>
          <Votos V="3118"/>
          <Porc V="045,90"/>
          <Pregunta V="004"/>
        </lin>
        <lin>
          <Opcion V="002"/>
          <Votos V="3675"/>
          <Porc V="054,09"/>
          <Pregunta V="004"/>
        </lin>
        <lin>
          <Opcion V="001"/>
          <Votos V="3724"/>
          <Porc V="049,87"/>
          <Pregunta V="005"/>
        </lin>
        <lin>
          <Opcion V="002"/>
          <Votos V="3743"/>
          <Porc V="050,12"/>
          <Pregunta V="005"/>
        </lin>
        <lin>
          <Opcion V="001"/>
          <Votos V="4167"/>
          <Porc V="054,25"/>
          <Pregunta V="006"/>
        </lin>
        <lin>
          <Opcion V="002"/>
          <Votos V="3513"/>
          <Porc V="045,74"/>
          <Pregunta V="006"/>
        </lin>
        <lin>
          <Opcion V="001"/>
          <Votos V="3114"/>
          <Porc V="046,71"/>
          <Pregunta V="007"/>
        </lin>
        <lin>
          <Opcion V="002"/>
          <Votos V="3552"/>
          <Porc V="053,28"/>
          <Pregunta V="007"/>
        </lin>
      </Detalle_Opcion>
    </lin>
  </Detalle_Circunscripcion>
</Boletin>
</Boletin_Consolidado>