<Boletin_Consolidado><Boletin>
  <Numero V="0008"/>
  <Boletin_Departamental V="0012"/>
  <Tipo_Boletin V="DEPARTAMENTAL"/>
  <Desc_Corporacion V="CONSULTA POPULAR"/>
  <Departamento V="15"/>
  <Desc_Departamento V="CUNDINAMARCA"/>
  <Municipio V="055"/>
  <Desc_Municipio V="CHIA"/>
  <Dia V="21"/>
  <Mes V="8"/>
  <Anio V="2018"/>
  <Hora V="14"/>
  <Minuto V="15"/>
  <Mesas_Instaladas V="222"/>
  <Mesas_Informadas V="222"/>
  <Porc_Mesas_Informadas V="100,00"/>
  <Potencial_Sufragantes V="92363"/>
  <Detalle_Circunscripcion>
    <lin>
      <Circunscripcion V="0"/>
      <Desc_Circunscripcion V="NACIONAL"/>
      <Detalle_Pregunta>
        <lin>
          <Pregunta V="001"/>
          <Total_Sufragantes V="92363"/>
          <Porc_Sufragantes V="100,00"/>
          <Abstencion V="0"/>
          <Porc_Abstencion V="000,00"/>
          <Votos_Validos V="47846"/>
          <Porc_Votos_Validos V="051,80"/>
          <Votos_No_Marcados V="21763"/>
          <Porc_Votos_No_Marcados V="023,56"/>
          <Votos_Nulos V="22754"/>
          <Porc_Votos_Nulos V="024,63"/>
        </lin>
        <lin>
          <Pregunta V="002"/>
          <Total_Sufragantes V="92363"/>
          <Porc_Sufragantes V="100,00"/>
          <Abstencion V="0"/>
          <Porc_Abstencion V="000,00"/>
          <Votos_Validos V="46153"/>
          <Porc_Votos_Validos V="049,96"/>
          <Votos_No_Marcados V="22710"/>
          <Porc_Votos_No_Marcados V="024,58"/>
          <Votos_Nulos V="23500"/>
          <Porc_Votos_Nulos V="025,44"/>
        </lin>
        <lin>
          <Pregunta V="003"/>
          <Total_Sufragantes V="92363"/>
          <Porc_Sufragantes V="100,00"/>
          <Abstencion V="0"/>
          <Porc_Abstencion V="000,00"/>
          <Votos_Validos V="46335"/>
          <Porc_Votos_Validos V="050,16"/>
          <Votos_No_Marcados V="23756"/>
          <Porc_Votos_No_Marcados V="025,72"/>
          <Votos_Nulos V="22272"/>
          <Porc_Votos_Nulos V="024,11"/>
        </lin>
        <lin>
          <Pregunta V="004"/>
          <Total_Sufragantes V="92363"/>
          <Porc_Sufragantes V="100,00"/>
          <Abstencion V="0"/>
          <Porc_Abstencion V="000,00"/>
          <Votos_Validos V="47589"/>
          <Porc_Votos_Validos V="051,52"/>
          <Votos_No_Marcados V="22126"/>
          <Porc_Votos_No_Marcados V="023,95"/>
          <Votos_Nulos V="22648"/>
          <Porc_Votos_Nulos V="024,52"/>
        </lin>
        <lin>
          <Pregunta V="005"/>
          <Total_Sufragantes V="92363"/>
          <Porc_Sufragantes V="100,00"/>
          <Abstencion V="0"/>
          <Porc_Abstencion V="000,00"/>
          <Votos_Validos V="46430"/>
          <Porc_Votos_Validos V="050,26"/>
          <Votos_No_Marcados V="22508"/>
          <Porc_Votos_No_Marcados V="024,36"/>
          <Votos_Nulos V="23425"/>
          <Porc_Votos_Nulos V="025,36"/>
        </lin>
        <lin>
          <Pregunta V="006"/>
          <Total_Sufragantes V="92363"/>
          <Porc_Sufragantes V="100,00"/>
          <Abstencion V="0"/>
          <Porc_Abstencion V="000,00"/>
          <Votos_Validos V="47124"/>
          <Porc_Votos_Validos V="051,02"/>
          <Votos_No_Marcados V="23522"/>
          <Porc_Votos_No_Marcados V="025,46"/>
          <Votos_Nulos V="21717"/>
          <Porc_Votos_Nulos V="023,51"/>
        </lin>
        <lin>
          <Pregunta V="007"/>
          <Total_Sufragantes V="92363"/>
          <Porc_Sufragantes V="100,00"/>
          <Abstencion V="0"/>
          <Porc_Abstencion V="000,00"/>
          <Votos_Validos V="46351"/>
          <Porc_Votos_Validos V="050,18"/>
          <Votos_No_Marcados V="23137"/>
          <Porc_Votos_No_Marcados V="025,05"/>
          <Votos_Nulos V="22875"/>
          <Porc_Votos_Nulos V="024,76"/>
        </lin>
      </Detalle_Pregunta>
      <Detalle_Opcion>
        <lin>
          <Opcion V="001"/>
          <Votos V="24338"/>
          <Porc V="050,86"/>
          <Pregunta V="001"/>
        </lin>
        <lin>
          <Opcion V="002"/>
          <Votos V="23508"/>
          <Porc V="049,13"/>
          <Pregunta V="001"/>
        </lin>
        <lin>
          <Opcion V="001"/>
          <Votos V="23550"/>
          <Porc V="051,02"/>
          <Pregunta V="002"/>
        </lin>
        <lin>
          <Opcion V="002"/>
          <Votos V="22603"/>
          <Porc V="048,97"/>
          <Pregunta V="002"/>
        </lin>
        <lin>
          <Opcion V="001"/>
          <Votos V="24092"/>
          <Porc V="051,99"/>
          <Pregunta V="003"/>
        </lin>
        <lin>
          <Opcion V="002"/>
          <Votos V="22243"/>
          <Porc V="048,00"/>
          <Pregunta V="003"/>
        </lin>
        <lin>
          <Opcion V="001"/>
          <Votos V="23883"/>
          <Porc V="050,18"/>
          <Pregunta V="004"/>
        </lin>
        <lin>
          <Opcion V="002"/>
          <Votos V="23706"/>
          <Porc V="049,81"/>
          <Pregunta V="004"/>
        </lin>
        <lin>
          <Opcion V="001"/>
          <Votos V="23642"/>
          <Porc V="050,91"/>
          <Pregunta V="005"/>
        </lin>
        <lin>
          <Opcion V="002"/>
          <Votos V="22788"/>
          <Porc V="049,08"/>
          <Pregunta V="005"/>
        </lin>
        <lin>
          <Opcion V="001"/>
          <Votos V="24327"/>
          <Porc V="051,62"/>
          <Pregunta V="006"/>
        </lin>
        <lin>
          <Opcion V="002"/>
          <Votos V="22797"/>
          <Porc V="048,37"/>
          <Pregunta V="006"/>
        </lin>
        <lin>
          <Opcion V="001"/>
          <Votos V="23652"/>
          <Porc V="051,02"/>
          <Pregunta V="007"/>
        </lin>
        <lin>
          <Opcion V="002"/>
          <Votos V="22699"/>
          <Porc V="048,97"/>
          <Pregunta V="007"/>
        </lin>
      </Detalle_Opcion>
    </lin>
  </Detalle_Circunscripcion>
</Boletin>
</Boletin_Consolidado>