<Boletin_Consolidado><Boletin>
  <Numero V="0008"/>
  <Boletin_Departamental V="0012"/>
  <Tipo_Boletin V="DEPARTAMENTAL"/>
  <Desc_Corporacion V="CONSULTA POPULAR"/>
  <Departamento V="03"/>
  <Desc_Departamento V="ATLANTICO"/>
  <Municipio V="016"/>
  <Desc_Municipio V="JUAN DE ACOSTA"/>
  <Dia V="21"/>
  <Mes V="8"/>
  <Anio V="2018"/>
  <Hora V="14"/>
  <Minuto V="15"/>
  <Mesas_Instaladas V="51"/>
  <Mesas_Informadas V="51"/>
  <Porc_Mesas_Informadas V="100,00"/>
  <Potencial_Sufragantes V="18609"/>
  <Detalle_Circunscripcion>
    <lin>
      <Circunscripcion V="0"/>
      <Desc_Circunscripcion V="NACIONAL"/>
      <Detalle_Pregunta>
        <lin>
          <Pregunta V="001"/>
          <Total_Sufragantes V="18609"/>
          <Porc_Sufragantes V="100,00"/>
          <Abstencion V="0"/>
          <Porc_Abstencion V="000,00"/>
          <Votos_Validos V="9516"/>
          <Porc_Votos_Validos V="051,13"/>
          <Votos_No_Marcados V="5133"/>
          <Porc_Votos_No_Marcados V="027,58"/>
          <Votos_Nulos V="3960"/>
          <Porc_Votos_Nulos V="021,28"/>
        </lin>
        <lin>
          <Pregunta V="002"/>
          <Total_Sufragantes V="18609"/>
          <Porc_Sufragantes V="100,00"/>
          <Abstencion V="0"/>
          <Porc_Abstencion V="000,00"/>
          <Votos_Validos V="8449"/>
          <Porc_Votos_Validos V="045,40"/>
          <Votos_No_Marcados V="4745"/>
          <Porc_Votos_No_Marcados V="025,49"/>
          <Votos_Nulos V="5415"/>
          <Porc_Votos_Nulos V="029,09"/>
        </lin>
        <lin>
          <Pregunta V="003"/>
          <Total_Sufragantes V="18609"/>
          <Porc_Sufragantes V="100,00"/>
          <Abstencion V="0"/>
          <Porc_Abstencion V="000,00"/>
          <Votos_Validos V="9756"/>
          <Porc_Votos_Validos V="052,42"/>
          <Votos_No_Marcados V="4015"/>
          <Porc_Votos_No_Marcados V="021,57"/>
          <Votos_Nulos V="4838"/>
          <Porc_Votos_Nulos V="025,99"/>
        </lin>
        <lin>
          <Pregunta V="004"/>
          <Total_Sufragantes V="18609"/>
          <Porc_Sufragantes V="100,00"/>
          <Abstencion V="0"/>
          <Porc_Abstencion V="000,00"/>
          <Votos_Validos V="8766"/>
          <Porc_Votos_Validos V="047,10"/>
          <Votos_No_Marcados V="4292"/>
          <Porc_Votos_No_Marcados V="023,06"/>
          <Votos_Nulos V="5551"/>
          <Porc_Votos_Nulos V="029,82"/>
        </lin>
        <lin>
          <Pregunta V="005"/>
          <Total_Sufragantes V="18609"/>
          <Porc_Sufragantes V="100,00"/>
          <Abstencion V="0"/>
          <Porc_Abstencion V="000,00"/>
          <Votos_Validos V="8839"/>
          <Porc_Votos_Validos V="047,49"/>
          <Votos_No_Marcados V="5300"/>
          <Porc_Votos_No_Marcados V="028,48"/>
          <Votos_Nulos V="4470"/>
          <Porc_Votos_Nulos V="024,02"/>
        </lin>
        <lin>
          <Pregunta V="006"/>
          <Total_Sufragantes V="18609"/>
          <Porc_Sufragantes V="100,00"/>
          <Abstencion V="0"/>
          <Porc_Abstencion V="000,00"/>
          <Votos_Validos V="9474"/>
          <Porc_Votos_Validos V="050,91"/>
          <Votos_No_Marcados V="4396"/>
          <Porc_Votos_No_Marcados V="023,62"/>
          <Votos_Nulos V="4739"/>
          <Porc_Votos_Nulos V="025,46"/>
        </lin>
        <lin>
          <Pregunta V="007"/>
          <Total_Sufragantes V="18609"/>
          <Porc_Sufragantes V="100,00"/>
          <Abstencion V="0"/>
          <Porc_Abstencion V="000,00"/>
          <Votos_Validos V="9990"/>
          <Porc_Votos_Validos V="053,68"/>
          <Votos_No_Marcados V="4534"/>
          <Porc_Votos_No_Marcados V="024,36"/>
          <Votos_Nulos V="4085"/>
          <Porc_Votos_Nulos V="021,95"/>
        </lin>
      </Detalle_Pregunta>
      <Detalle_Opcion>
        <lin>
          <Opcion V="001"/>
          <Votos V="4514"/>
          <Porc V="047,43"/>
          <Pregunta V="001"/>
        </lin>
        <lin>
          <Opcion V="002"/>
          <Votos V="5002"/>
          <Porc V="052,56"/>
          <Pregunta V="001"/>
        </lin>
        <lin>
          <Opcion V="001"/>
          <Votos V="4447"/>
          <Porc V="052,63"/>
          <Pregunta V="002"/>
        </lin>
        <lin>
          <Opcion V="002"/>
          <Votos V="4002"/>
          <Porc V="047,36"/>
          <Pregunta V="002"/>
        </lin>
        <lin>
          <Opcion V="001"/>
          <Votos V="4978"/>
          <Porc V="051,02"/>
          <Pregunta V="003"/>
        </lin>
        <lin>
          <Opcion V="002"/>
          <Votos V="4778"/>
          <Porc V="048,97"/>
          <Pregunta V="003"/>
        </lin>
        <lin>
          <Opcion V="001"/>
          <Votos V="4474"/>
          <Porc V="051,03"/>
          <Pregunta V="004"/>
        </lin>
        <lin>
          <Opcion V="002"/>
          <Votos V="4292"/>
          <Porc V="048,96"/>
          <Pregunta V="004"/>
        </lin>
        <lin>
          <Opcion V="001"/>
          <Votos V="5098"/>
          <Porc V="057,67"/>
          <Pregunta V="005"/>
        </lin>
        <lin>
          <Opcion V="002"/>
          <Votos V="3741"/>
          <Porc V="042,32"/>
          <Pregunta V="005"/>
        </lin>
        <lin>
          <Opcion V="001"/>
          <Votos V="4669"/>
          <Porc V="049,28"/>
          <Pregunta V="006"/>
        </lin>
        <lin>
          <Opcion V="002"/>
          <Votos V="4805"/>
          <Porc V="050,71"/>
          <Pregunta V="006"/>
        </lin>
        <lin>
          <Opcion V="001"/>
          <Votos V="5378"/>
          <Porc V="053,83"/>
          <Pregunta V="007"/>
        </lin>
        <lin>
          <Opcion V="002"/>
          <Votos V="4612"/>
          <Porc V="046,16"/>
          <Pregunta V="007"/>
        </lin>
      </Detalle_Opcion>
    </lin>
  </Detalle_Circunscripcion>
</Boletin>
</Boletin_Consolidado>