<Boletin_Consolidado><Boletin>
  <Numero V="0008"/>
  <Boletin_Departamental V="0012"/>
  <Tipo_Boletin V="DEPARTAMENTAL"/>
  <Desc_Corporacion V="CONSULTA POPULAR"/>
  <Departamento V="11"/>
  <Desc_Departamento V="CAUCA"/>
  <Municipio V="022"/>
  <Desc_Municipio V="CORINTO"/>
  <Dia V="21"/>
  <Mes V="8"/>
  <Anio V="2018"/>
  <Hora V="14"/>
  <Minuto V="15"/>
  <Mesas_Instaladas V="52"/>
  <Mesas_Informadas V="52"/>
  <Porc_Mesas_Informadas V="100,00"/>
  <Potencial_Sufragantes V="17999"/>
  <Detalle_Circunscripcion>
    <lin>
      <Circunscripcion V="0"/>
      <Desc_Circunscripcion V="NACIONAL"/>
      <Detalle_Pregunta>
        <lin>
          <Pregunta V="001"/>
          <Total_Sufragantes V="17999"/>
          <Porc_Sufragantes V="100,00"/>
          <Abstencion V="0"/>
          <Porc_Abstencion V="000,00"/>
          <Votos_Validos V="8899"/>
          <Porc_Votos_Validos V="049,44"/>
          <Votos_No_Marcados V="4920"/>
          <Porc_Votos_No_Marcados V="027,33"/>
          <Votos_Nulos V="4180"/>
          <Porc_Votos_Nulos V="023,22"/>
        </lin>
        <lin>
          <Pregunta V="002"/>
          <Total_Sufragantes V="17999"/>
          <Porc_Sufragantes V="100,00"/>
          <Abstencion V="0"/>
          <Porc_Abstencion V="000,00"/>
          <Votos_Validos V="9890"/>
          <Porc_Votos_Validos V="054,94"/>
          <Votos_No_Marcados V="3959"/>
          <Porc_Votos_No_Marcados V="021,99"/>
          <Votos_Nulos V="4150"/>
          <Porc_Votos_Nulos V="023,05"/>
        </lin>
        <lin>
          <Pregunta V="003"/>
          <Total_Sufragantes V="17999"/>
          <Porc_Sufragantes V="100,00"/>
          <Abstencion V="0"/>
          <Porc_Abstencion V="000,00"/>
          <Votos_Validos V="8879"/>
          <Porc_Votos_Validos V="049,33"/>
          <Votos_No_Marcados V="4013"/>
          <Porc_Votos_No_Marcados V="022,29"/>
          <Votos_Nulos V="5107"/>
          <Porc_Votos_Nulos V="028,37"/>
        </lin>
        <lin>
          <Pregunta V="004"/>
          <Total_Sufragantes V="17999"/>
          <Porc_Sufragantes V="100,00"/>
          <Abstencion V="0"/>
          <Porc_Abstencion V="000,00"/>
          <Votos_Validos V="9384"/>
          <Porc_Votos_Validos V="052,13"/>
          <Votos_No_Marcados V="3797"/>
          <Porc_Votos_No_Marcados V="021,09"/>
          <Votos_Nulos V="4818"/>
          <Porc_Votos_Nulos V="026,76"/>
        </lin>
        <lin>
          <Pregunta V="005"/>
          <Total_Sufragantes V="17999"/>
          <Porc_Sufragantes V="100,00"/>
          <Abstencion V="0"/>
          <Porc_Abstencion V="000,00"/>
          <Votos_Validos V="9360"/>
          <Porc_Votos_Validos V="052,00"/>
          <Votos_No_Marcados V="4306"/>
          <Porc_Votos_No_Marcados V="023,92"/>
          <Votos_Nulos V="4333"/>
          <Porc_Votos_Nulos V="024,07"/>
        </lin>
        <lin>
          <Pregunta V="006"/>
          <Total_Sufragantes V="17999"/>
          <Porc_Sufragantes V="100,00"/>
          <Abstencion V="0"/>
          <Porc_Abstencion V="000,00"/>
          <Votos_Validos V="9043"/>
          <Porc_Votos_Validos V="050,24"/>
          <Votos_No_Marcados V="4743"/>
          <Porc_Votos_No_Marcados V="026,35"/>
          <Votos_Nulos V="4213"/>
          <Porc_Votos_Nulos V="023,40"/>
        </lin>
        <lin>
          <Pregunta V="007"/>
          <Total_Sufragantes V="17999"/>
          <Porc_Sufragantes V="100,00"/>
          <Abstencion V="0"/>
          <Porc_Abstencion V="000,00"/>
          <Votos_Validos V="9180"/>
          <Porc_Votos_Validos V="051,00"/>
          <Votos_No_Marcados V="4339"/>
          <Porc_Votos_No_Marcados V="024,10"/>
          <Votos_Nulos V="4480"/>
          <Porc_Votos_Nulos V="024,89"/>
        </lin>
      </Detalle_Pregunta>
      <Detalle_Opcion>
        <lin>
          <Opcion V="001"/>
          <Votos V="4635"/>
          <Porc V="052,08"/>
          <Pregunta V="001"/>
        </lin>
        <lin>
          <Opcion V="002"/>
          <Votos V="4264"/>
          <Porc V="047,91"/>
          <Pregunta V="001"/>
        </lin>
        <lin>
          <Opcion V="001"/>
          <Votos V="5066"/>
          <Porc V="051,22"/>
          <Pregunta V="002"/>
        </lin>
        <lin>
          <Opcion V="002"/>
          <Votos V="4824"/>
          <Porc V="048,77"/>
          <Pregunta V="002"/>
        </lin>
        <lin>
          <Opcion V="001"/>
          <Votos V="4234"/>
          <Porc V="047,68"/>
          <Pregunta V="003"/>
        </lin>
        <lin>
          <Opcion V="002"/>
          <Votos V="4645"/>
          <Porc V="052,31"/>
          <Pregunta V="003"/>
        </lin>
        <lin>
          <Opcion V="001"/>
          <Votos V="4994"/>
          <Porc V="053,21"/>
          <Pregunta V="004"/>
        </lin>
        <lin>
          <Opcion V="002"/>
          <Votos V="4390"/>
          <Porc V="046,78"/>
          <Pregunta V="004"/>
        </lin>
        <lin>
          <Opcion V="001"/>
          <Votos V="5068"/>
          <Porc V="054,14"/>
          <Pregunta V="005"/>
        </lin>
        <lin>
          <Opcion V="002"/>
          <Votos V="4292"/>
          <Porc V="045,85"/>
          <Pregunta V="005"/>
        </lin>
        <lin>
          <Opcion V="001"/>
          <Votos V="4374"/>
          <Porc V="048,36"/>
          <Pregunta V="006"/>
        </lin>
        <lin>
          <Opcion V="002"/>
          <Votos V="4669"/>
          <Porc V="051,63"/>
          <Pregunta V="006"/>
        </lin>
        <lin>
          <Opcion V="001"/>
          <Votos V="4420"/>
          <Porc V="048,14"/>
          <Pregunta V="007"/>
        </lin>
        <lin>
          <Opcion V="002"/>
          <Votos V="4760"/>
          <Porc V="051,85"/>
          <Pregunta V="007"/>
        </lin>
      </Detalle_Opcion>
    </lin>
  </Detalle_Circunscripcion>
</Boletin>
</Boletin_Consolidado>