<Boletin_Consolidado><Boletin>
  <Numero V="0008"/>
  <Boletin_Departamental V="0012"/>
  <Tipo_Boletin V="DEPARTAMENTAL"/>
  <Desc_Corporacion V="CONSULTA POPULAR"/>
  <Departamento V="01"/>
  <Desc_Departamento V="ANTIOQUIA"/>
  <Municipio V="103"/>
  <Desc_Municipio V="COPACABANA"/>
  <Dia V="21"/>
  <Mes V="8"/>
  <Anio V="2018"/>
  <Hora V="14"/>
  <Minuto V="15"/>
  <Mesas_Instaladas V="179"/>
  <Mesas_Informadas V="179"/>
  <Porc_Mesas_Informadas V="100,00"/>
  <Potencial_Sufragantes V="67375"/>
  <Detalle_Circunscripcion>
    <lin>
      <Circunscripcion V="0"/>
      <Desc_Circunscripcion V="NACIONAL"/>
      <Detalle_Pregunta>
        <lin>
          <Pregunta V="001"/>
          <Total_Sufragantes V="67375"/>
          <Porc_Sufragantes V="100,00"/>
          <Abstencion V="0"/>
          <Porc_Abstencion V="000,00"/>
          <Votos_Validos V="32427"/>
          <Porc_Votos_Validos V="048,12"/>
          <Votos_No_Marcados V="18037"/>
          <Porc_Votos_No_Marcados V="026,77"/>
          <Votos_Nulos V="16911"/>
          <Porc_Votos_Nulos V="025,09"/>
        </lin>
        <lin>
          <Pregunta V="002"/>
          <Total_Sufragantes V="67375"/>
          <Porc_Sufragantes V="100,00"/>
          <Abstencion V="0"/>
          <Porc_Abstencion V="000,00"/>
          <Votos_Validos V="34233"/>
          <Porc_Votos_Validos V="050,80"/>
          <Votos_No_Marcados V="16667"/>
          <Porc_Votos_No_Marcados V="024,73"/>
          <Votos_Nulos V="16475"/>
          <Porc_Votos_Nulos V="024,45"/>
        </lin>
        <lin>
          <Pregunta V="003"/>
          <Total_Sufragantes V="67375"/>
          <Porc_Sufragantes V="100,00"/>
          <Abstencion V="0"/>
          <Porc_Abstencion V="000,00"/>
          <Votos_Validos V="34211"/>
          <Porc_Votos_Validos V="050,77"/>
          <Votos_No_Marcados V="15831"/>
          <Porc_Votos_No_Marcados V="023,49"/>
          <Votos_Nulos V="17333"/>
          <Porc_Votos_Nulos V="025,72"/>
        </lin>
        <lin>
          <Pregunta V="004"/>
          <Total_Sufragantes V="67375"/>
          <Porc_Sufragantes V="100,00"/>
          <Abstencion V="0"/>
          <Porc_Abstencion V="000,00"/>
          <Votos_Validos V="34113"/>
          <Porc_Votos_Validos V="050,63"/>
          <Votos_No_Marcados V="16278"/>
          <Porc_Votos_No_Marcados V="024,16"/>
          <Votos_Nulos V="16984"/>
          <Porc_Votos_Nulos V="025,20"/>
        </lin>
        <lin>
          <Pregunta V="005"/>
          <Total_Sufragantes V="67375"/>
          <Porc_Sufragantes V="100,00"/>
          <Abstencion V="0"/>
          <Porc_Abstencion V="000,00"/>
          <Votos_Validos V="32514"/>
          <Porc_Votos_Validos V="048,25"/>
          <Votos_No_Marcados V="17057"/>
          <Porc_Votos_No_Marcados V="025,31"/>
          <Votos_Nulos V="17804"/>
          <Porc_Votos_Nulos V="026,42"/>
        </lin>
        <lin>
          <Pregunta V="006"/>
          <Total_Sufragantes V="67375"/>
          <Porc_Sufragantes V="100,00"/>
          <Abstencion V="0"/>
          <Porc_Abstencion V="000,00"/>
          <Votos_Validos V="33391"/>
          <Porc_Votos_Validos V="049,55"/>
          <Votos_No_Marcados V="16901"/>
          <Porc_Votos_No_Marcados V="025,08"/>
          <Votos_Nulos V="17083"/>
          <Porc_Votos_Nulos V="025,35"/>
        </lin>
        <lin>
          <Pregunta V="007"/>
          <Total_Sufragantes V="67375"/>
          <Porc_Sufragantes V="100,00"/>
          <Abstencion V="0"/>
          <Porc_Abstencion V="000,00"/>
          <Votos_Validos V="34647"/>
          <Porc_Votos_Validos V="051,42"/>
          <Votos_No_Marcados V="15791"/>
          <Porc_Votos_No_Marcados V="023,43"/>
          <Votos_Nulos V="16937"/>
          <Porc_Votos_Nulos V="025,13"/>
        </lin>
      </Detalle_Pregunta>
      <Detalle_Opcion>
        <lin>
          <Opcion V="001"/>
          <Votos V="16687"/>
          <Porc V="051,46"/>
          <Pregunta V="001"/>
        </lin>
        <lin>
          <Opcion V="002"/>
          <Votos V="15740"/>
          <Porc V="048,53"/>
          <Pregunta V="001"/>
        </lin>
        <lin>
          <Opcion V="001"/>
          <Votos V="17077"/>
          <Porc V="049,88"/>
          <Pregunta V="002"/>
        </lin>
        <lin>
          <Opcion V="002"/>
          <Votos V="17156"/>
          <Porc V="050,11"/>
          <Pregunta V="002"/>
        </lin>
        <lin>
          <Opcion V="001"/>
          <Votos V="17090"/>
          <Porc V="049,95"/>
          <Pregunta V="003"/>
        </lin>
        <lin>
          <Opcion V="002"/>
          <Votos V="17121"/>
          <Porc V="050,04"/>
          <Pregunta V="003"/>
        </lin>
        <lin>
          <Opcion V="001"/>
          <Votos V="16784"/>
          <Porc V="049,20"/>
          <Pregunta V="004"/>
        </lin>
        <lin>
          <Opcion V="002"/>
          <Votos V="17329"/>
          <Porc V="050,79"/>
          <Pregunta V="004"/>
        </lin>
        <lin>
          <Opcion V="001"/>
          <Votos V="16133"/>
          <Porc V="049,61"/>
          <Pregunta V="005"/>
        </lin>
        <lin>
          <Opcion V="002"/>
          <Votos V="16381"/>
          <Porc V="050,38"/>
          <Pregunta V="005"/>
        </lin>
        <lin>
          <Opcion V="001"/>
          <Votos V="15668"/>
          <Porc V="046,92"/>
          <Pregunta V="006"/>
        </lin>
        <lin>
          <Opcion V="002"/>
          <Votos V="17723"/>
          <Porc V="053,07"/>
          <Pregunta V="006"/>
        </lin>
        <lin>
          <Opcion V="001"/>
          <Votos V="17322"/>
          <Porc V="049,99"/>
          <Pregunta V="007"/>
        </lin>
        <lin>
          <Opcion V="002"/>
          <Votos V="17325"/>
          <Porc V="050,00"/>
          <Pregunta V="007"/>
        </lin>
      </Detalle_Opcion>
    </lin>
  </Detalle_Circunscripcion>
</Boletin>
</Boletin_Consolidado>