<Boletin_Consolidado><Boletin>
  <Numero V="0008"/>
  <Boletin_Departamental V="0012"/>
  <Tipo_Boletin V="DEPARTAMENTAL"/>
  <Desc_Corporacion V="CONSULTA POPULAR"/>
  <Departamento V="12"/>
  <Desc_Departamento V="CESAR"/>
  <Municipio V="850"/>
  <Desc_Municipio V="SAN DIEGO"/>
  <Dia V="21"/>
  <Mes V="8"/>
  <Anio V="2018"/>
  <Hora V="14"/>
  <Minuto V="15"/>
  <Mesas_Instaladas V="41"/>
  <Mesas_Informadas V="41"/>
  <Porc_Mesas_Informadas V="100,00"/>
  <Potencial_Sufragantes V="14677"/>
  <Detalle_Circunscripcion>
    <lin>
      <Circunscripcion V="0"/>
      <Desc_Circunscripcion V="NACIONAL"/>
      <Detalle_Pregunta>
        <lin>
          <Pregunta V="001"/>
          <Total_Sufragantes V="14677"/>
          <Porc_Sufragantes V="100,00"/>
          <Abstencion V="0"/>
          <Porc_Abstencion V="000,00"/>
          <Votos_Validos V="7321"/>
          <Porc_Votos_Validos V="049,88"/>
          <Votos_No_Marcados V="2999"/>
          <Porc_Votos_No_Marcados V="020,43"/>
          <Votos_Nulos V="4357"/>
          <Porc_Votos_Nulos V="029,68"/>
        </lin>
        <lin>
          <Pregunta V="002"/>
          <Total_Sufragantes V="14677"/>
          <Porc_Sufragantes V="100,00"/>
          <Abstencion V="0"/>
          <Porc_Abstencion V="000,00"/>
          <Votos_Validos V="7041"/>
          <Porc_Votos_Validos V="047,97"/>
          <Votos_No_Marcados V="3831"/>
          <Porc_Votos_No_Marcados V="026,10"/>
          <Votos_Nulos V="3805"/>
          <Porc_Votos_Nulos V="025,92"/>
        </lin>
        <lin>
          <Pregunta V="003"/>
          <Total_Sufragantes V="14677"/>
          <Porc_Sufragantes V="100,00"/>
          <Abstencion V="0"/>
          <Porc_Abstencion V="000,00"/>
          <Votos_Validos V="7390"/>
          <Porc_Votos_Validos V="050,35"/>
          <Votos_No_Marcados V="3583"/>
          <Porc_Votos_No_Marcados V="024,41"/>
          <Votos_Nulos V="3704"/>
          <Porc_Votos_Nulos V="025,23"/>
        </lin>
        <lin>
          <Pregunta V="004"/>
          <Total_Sufragantes V="14677"/>
          <Porc_Sufragantes V="100,00"/>
          <Abstencion V="0"/>
          <Porc_Abstencion V="000,00"/>
          <Votos_Validos V="6954"/>
          <Porc_Votos_Validos V="047,38"/>
          <Votos_No_Marcados V="4330"/>
          <Porc_Votos_No_Marcados V="029,50"/>
          <Votos_Nulos V="3393"/>
          <Porc_Votos_Nulos V="023,11"/>
        </lin>
        <lin>
          <Pregunta V="005"/>
          <Total_Sufragantes V="14677"/>
          <Porc_Sufragantes V="100,00"/>
          <Abstencion V="0"/>
          <Porc_Abstencion V="000,00"/>
          <Votos_Validos V="6986"/>
          <Porc_Votos_Validos V="047,59"/>
          <Votos_No_Marcados V="3734"/>
          <Porc_Votos_No_Marcados V="025,44"/>
          <Votos_Nulos V="3957"/>
          <Porc_Votos_Nulos V="026,96"/>
        </lin>
        <lin>
          <Pregunta V="006"/>
          <Total_Sufragantes V="14677"/>
          <Porc_Sufragantes V="100,00"/>
          <Abstencion V="0"/>
          <Porc_Abstencion V="000,00"/>
          <Votos_Validos V="6988"/>
          <Porc_Votos_Validos V="047,61"/>
          <Votos_No_Marcados V="3788"/>
          <Porc_Votos_No_Marcados V="025,80"/>
          <Votos_Nulos V="3901"/>
          <Porc_Votos_Nulos V="026,57"/>
        </lin>
        <lin>
          <Pregunta V="007"/>
          <Total_Sufragantes V="14677"/>
          <Porc_Sufragantes V="100,00"/>
          <Abstencion V="0"/>
          <Porc_Abstencion V="000,00"/>
          <Votos_Validos V="7031"/>
          <Porc_Votos_Validos V="047,90"/>
          <Votos_No_Marcados V="3920"/>
          <Porc_Votos_No_Marcados V="026,70"/>
          <Votos_Nulos V="3726"/>
          <Porc_Votos_Nulos V="025,38"/>
        </lin>
      </Detalle_Pregunta>
      <Detalle_Opcion>
        <lin>
          <Opcion V="001"/>
          <Votos V="3354"/>
          <Porc V="045,81"/>
          <Pregunta V="001"/>
        </lin>
        <lin>
          <Opcion V="002"/>
          <Votos V="3967"/>
          <Porc V="054,18"/>
          <Pregunta V="001"/>
        </lin>
        <lin>
          <Opcion V="001"/>
          <Votos V="3692"/>
          <Porc V="052,43"/>
          <Pregunta V="002"/>
        </lin>
        <lin>
          <Opcion V="002"/>
          <Votos V="3349"/>
          <Porc V="047,56"/>
          <Pregunta V="002"/>
        </lin>
        <lin>
          <Opcion V="001"/>
          <Votos V="3985"/>
          <Porc V="053,92"/>
          <Pregunta V="003"/>
        </lin>
        <lin>
          <Opcion V="002"/>
          <Votos V="3405"/>
          <Porc V="046,07"/>
          <Pregunta V="003"/>
        </lin>
        <lin>
          <Opcion V="001"/>
          <Votos V="3318"/>
          <Porc V="047,71"/>
          <Pregunta V="004"/>
        </lin>
        <lin>
          <Opcion V="002"/>
          <Votos V="3636"/>
          <Porc V="052,28"/>
          <Pregunta V="004"/>
        </lin>
        <lin>
          <Opcion V="001"/>
          <Votos V="3567"/>
          <Porc V="051,05"/>
          <Pregunta V="005"/>
        </lin>
        <lin>
          <Opcion V="002"/>
          <Votos V="3419"/>
          <Porc V="048,94"/>
          <Pregunta V="005"/>
        </lin>
        <lin>
          <Opcion V="001"/>
          <Votos V="3331"/>
          <Porc V="047,66"/>
          <Pregunta V="006"/>
        </lin>
        <lin>
          <Opcion V="002"/>
          <Votos V="3657"/>
          <Porc V="052,33"/>
          <Pregunta V="006"/>
        </lin>
        <lin>
          <Opcion V="001"/>
          <Votos V="3289"/>
          <Porc V="046,77"/>
          <Pregunta V="007"/>
        </lin>
        <lin>
          <Opcion V="002"/>
          <Votos V="3742"/>
          <Porc V="053,22"/>
          <Pregunta V="007"/>
        </lin>
      </Detalle_Opcion>
    </lin>
  </Detalle_Circunscripcion>
</Boletin>
</Boletin_Consolidado>