<Boletin_Consolidado><Boletin>
  <Numero V="0008"/>
  <Boletin_Departamental V="0012"/>
  <Tipo_Boletin V="DEPARTAMENTAL"/>
  <Desc_Corporacion V="CONSULTA POPULAR"/>
  <Departamento V="01"/>
  <Desc_Departamento V="ANTIOQUIA"/>
  <Municipio V="019"/>
  <Desc_Municipio V="ANDES"/>
  <Dia V="21"/>
  <Mes V="8"/>
  <Anio V="2018"/>
  <Hora V="14"/>
  <Minuto V="15"/>
  <Mesas_Instaladas V="88"/>
  <Mesas_Informadas V="88"/>
  <Porc_Mesas_Informadas V="100,00"/>
  <Potencial_Sufragantes V="34903"/>
  <Detalle_Circunscripcion>
    <lin>
      <Circunscripcion V="0"/>
      <Desc_Circunscripcion V="NACIONAL"/>
      <Detalle_Pregunta>
        <lin>
          <Pregunta V="001"/>
          <Total_Sufragantes V="34903"/>
          <Porc_Sufragantes V="100,00"/>
          <Abstencion V="0"/>
          <Porc_Abstencion V="000,00"/>
          <Votos_Validos V="17754"/>
          <Porc_Votos_Validos V="050,86"/>
          <Votos_No_Marcados V="8710"/>
          <Porc_Votos_No_Marcados V="024,95"/>
          <Votos_Nulos V="8439"/>
          <Porc_Votos_Nulos V="024,17"/>
        </lin>
        <lin>
          <Pregunta V="002"/>
          <Total_Sufragantes V="34903"/>
          <Porc_Sufragantes V="100,00"/>
          <Abstencion V="0"/>
          <Porc_Abstencion V="000,00"/>
          <Votos_Validos V="16991"/>
          <Porc_Votos_Validos V="048,68"/>
          <Votos_No_Marcados V="9042"/>
          <Porc_Votos_No_Marcados V="025,90"/>
          <Votos_Nulos V="8870"/>
          <Porc_Votos_Nulos V="025,41"/>
        </lin>
        <lin>
          <Pregunta V="003"/>
          <Total_Sufragantes V="34903"/>
          <Porc_Sufragantes V="100,00"/>
          <Abstencion V="0"/>
          <Porc_Abstencion V="000,00"/>
          <Votos_Validos V="18391"/>
          <Porc_Votos_Validos V="052,69"/>
          <Votos_No_Marcados V="8178"/>
          <Porc_Votos_No_Marcados V="023,43"/>
          <Votos_Nulos V="8334"/>
          <Porc_Votos_Nulos V="023,87"/>
        </lin>
        <lin>
          <Pregunta V="004"/>
          <Total_Sufragantes V="34903"/>
          <Porc_Sufragantes V="100,00"/>
          <Abstencion V="0"/>
          <Porc_Abstencion V="000,00"/>
          <Votos_Validos V="15788"/>
          <Porc_Votos_Validos V="045,23"/>
          <Votos_No_Marcados V="10718"/>
          <Porc_Votos_No_Marcados V="030,70"/>
          <Votos_Nulos V="8397"/>
          <Porc_Votos_Nulos V="024,05"/>
        </lin>
        <lin>
          <Pregunta V="005"/>
          <Total_Sufragantes V="34903"/>
          <Porc_Sufragantes V="100,00"/>
          <Abstencion V="0"/>
          <Porc_Abstencion V="000,00"/>
          <Votos_Validos V="16425"/>
          <Porc_Votos_Validos V="047,05"/>
          <Votos_No_Marcados V="9777"/>
          <Porc_Votos_No_Marcados V="028,01"/>
          <Votos_Nulos V="8701"/>
          <Porc_Votos_Nulos V="024,92"/>
        </lin>
        <lin>
          <Pregunta V="006"/>
          <Total_Sufragantes V="34903"/>
          <Porc_Sufragantes V="100,00"/>
          <Abstencion V="0"/>
          <Porc_Abstencion V="000,00"/>
          <Votos_Validos V="17339"/>
          <Porc_Votos_Validos V="049,67"/>
          <Votos_No_Marcados V="9013"/>
          <Porc_Votos_No_Marcados V="025,82"/>
          <Votos_Nulos V="8551"/>
          <Porc_Votos_Nulos V="024,49"/>
        </lin>
        <lin>
          <Pregunta V="007"/>
          <Total_Sufragantes V="34903"/>
          <Porc_Sufragantes V="100,00"/>
          <Abstencion V="0"/>
          <Porc_Abstencion V="000,00"/>
          <Votos_Validos V="18036"/>
          <Porc_Votos_Validos V="051,67"/>
          <Votos_No_Marcados V="8711"/>
          <Porc_Votos_No_Marcados V="024,95"/>
          <Votos_Nulos V="8156"/>
          <Porc_Votos_Nulos V="023,36"/>
        </lin>
      </Detalle_Pregunta>
      <Detalle_Opcion>
        <lin>
          <Opcion V="001"/>
          <Votos V="9261"/>
          <Porc V="052,16"/>
          <Pregunta V="001"/>
        </lin>
        <lin>
          <Opcion V="002"/>
          <Votos V="8493"/>
          <Porc V="047,83"/>
          <Pregunta V="001"/>
        </lin>
        <lin>
          <Opcion V="001"/>
          <Votos V="8468"/>
          <Porc V="049,83"/>
          <Pregunta V="002"/>
        </lin>
        <lin>
          <Opcion V="002"/>
          <Votos V="8523"/>
          <Porc V="050,16"/>
          <Pregunta V="002"/>
        </lin>
        <lin>
          <Opcion V="001"/>
          <Votos V="9492"/>
          <Porc V="051,61"/>
          <Pregunta V="003"/>
        </lin>
        <lin>
          <Opcion V="002"/>
          <Votos V="8899"/>
          <Porc V="048,38"/>
          <Pregunta V="003"/>
        </lin>
        <lin>
          <Opcion V="001"/>
          <Votos V="8600"/>
          <Porc V="054,47"/>
          <Pregunta V="004"/>
        </lin>
        <lin>
          <Opcion V="002"/>
          <Votos V="7188"/>
          <Porc V="045,52"/>
          <Pregunta V="004"/>
        </lin>
        <lin>
          <Opcion V="001"/>
          <Votos V="8383"/>
          <Porc V="051,03"/>
          <Pregunta V="005"/>
        </lin>
        <lin>
          <Opcion V="002"/>
          <Votos V="8042"/>
          <Porc V="048,96"/>
          <Pregunta V="005"/>
        </lin>
        <lin>
          <Opcion V="001"/>
          <Votos V="8111"/>
          <Porc V="046,77"/>
          <Pregunta V="006"/>
        </lin>
        <lin>
          <Opcion V="002"/>
          <Votos V="9228"/>
          <Porc V="053,22"/>
          <Pregunta V="006"/>
        </lin>
        <lin>
          <Opcion V="001"/>
          <Votos V="8932"/>
          <Porc V="049,52"/>
          <Pregunta V="007"/>
        </lin>
        <lin>
          <Opcion V="002"/>
          <Votos V="9104"/>
          <Porc V="050,47"/>
          <Pregunta V="007"/>
        </lin>
      </Detalle_Opcion>
    </lin>
  </Detalle_Circunscripcion>
</Boletin>
</Boletin_Consolidado>