<Boletin_Consolidado><Boletin>
  <Numero V="0008"/>
  <Boletin_Departamental V="0012"/>
  <Tipo_Boletin V="DEPARTAMENTAL"/>
  <Desc_Corporacion V="CONSULTA POPULAR"/>
  <Departamento V="11"/>
  <Desc_Departamento V="CAUCA"/>
  <Municipio V="088"/>
  <Desc_Municipio V="TIMBIO"/>
  <Dia V="21"/>
  <Mes V="8"/>
  <Anio V="2018"/>
  <Hora V="14"/>
  <Minuto V="15"/>
  <Mesas_Instaladas V="72"/>
  <Mesas_Informadas V="72"/>
  <Porc_Mesas_Informadas V="100,00"/>
  <Potencial_Sufragantes V="25676"/>
  <Detalle_Circunscripcion>
    <lin>
      <Circunscripcion V="0"/>
      <Desc_Circunscripcion V="NACIONAL"/>
      <Detalle_Pregunta>
        <lin>
          <Pregunta V="001"/>
          <Total_Sufragantes V="25676"/>
          <Porc_Sufragantes V="100,00"/>
          <Abstencion V="0"/>
          <Porc_Abstencion V="000,00"/>
          <Votos_Validos V="12812"/>
          <Porc_Votos_Validos V="049,89"/>
          <Votos_No_Marcados V="6118"/>
          <Porc_Votos_No_Marcados V="023,82"/>
          <Votos_Nulos V="6746"/>
          <Porc_Votos_Nulos V="026,27"/>
        </lin>
        <lin>
          <Pregunta V="002"/>
          <Total_Sufragantes V="25676"/>
          <Porc_Sufragantes V="100,00"/>
          <Abstencion V="0"/>
          <Porc_Abstencion V="000,00"/>
          <Votos_Validos V="12785"/>
          <Porc_Votos_Validos V="049,79"/>
          <Votos_No_Marcados V="7053"/>
          <Porc_Votos_No_Marcados V="027,46"/>
          <Votos_Nulos V="5838"/>
          <Porc_Votos_Nulos V="022,73"/>
        </lin>
        <lin>
          <Pregunta V="003"/>
          <Total_Sufragantes V="25676"/>
          <Porc_Sufragantes V="100,00"/>
          <Abstencion V="0"/>
          <Porc_Abstencion V="000,00"/>
          <Votos_Validos V="12523"/>
          <Porc_Votos_Validos V="048,77"/>
          <Votos_No_Marcados V="7203"/>
          <Porc_Votos_No_Marcados V="028,05"/>
          <Votos_Nulos V="5950"/>
          <Porc_Votos_Nulos V="023,17"/>
        </lin>
        <lin>
          <Pregunta V="004"/>
          <Total_Sufragantes V="25676"/>
          <Porc_Sufragantes V="100,00"/>
          <Abstencion V="0"/>
          <Porc_Abstencion V="000,00"/>
          <Votos_Validos V="13375"/>
          <Porc_Votos_Validos V="052,09"/>
          <Votos_No_Marcados V="6228"/>
          <Porc_Votos_No_Marcados V="024,25"/>
          <Votos_Nulos V="6073"/>
          <Porc_Votos_Nulos V="023,65"/>
        </lin>
        <lin>
          <Pregunta V="005"/>
          <Total_Sufragantes V="25676"/>
          <Porc_Sufragantes V="100,00"/>
          <Abstencion V="0"/>
          <Porc_Abstencion V="000,00"/>
          <Votos_Validos V="12362"/>
          <Porc_Votos_Validos V="048,14"/>
          <Votos_No_Marcados V="7390"/>
          <Porc_Votos_No_Marcados V="028,78"/>
          <Votos_Nulos V="5924"/>
          <Porc_Votos_Nulos V="023,07"/>
        </lin>
        <lin>
          <Pregunta V="006"/>
          <Total_Sufragantes V="25676"/>
          <Porc_Sufragantes V="100,00"/>
          <Abstencion V="0"/>
          <Porc_Abstencion V="000,00"/>
          <Votos_Validos V="12941"/>
          <Porc_Votos_Validos V="050,40"/>
          <Votos_No_Marcados V="6415"/>
          <Porc_Votos_No_Marcados V="024,98"/>
          <Votos_Nulos V="6320"/>
          <Porc_Votos_Nulos V="024,61"/>
        </lin>
        <lin>
          <Pregunta V="007"/>
          <Total_Sufragantes V="25676"/>
          <Porc_Sufragantes V="100,00"/>
          <Abstencion V="0"/>
          <Porc_Abstencion V="000,00"/>
          <Votos_Validos V="13059"/>
          <Porc_Votos_Validos V="050,86"/>
          <Votos_No_Marcados V="6409"/>
          <Porc_Votos_No_Marcados V="024,96"/>
          <Votos_Nulos V="6208"/>
          <Porc_Votos_Nulos V="024,17"/>
        </lin>
      </Detalle_Pregunta>
      <Detalle_Opcion>
        <lin>
          <Opcion V="001"/>
          <Votos V="6078"/>
          <Porc V="047,43"/>
          <Pregunta V="001"/>
        </lin>
        <lin>
          <Opcion V="002"/>
          <Votos V="6734"/>
          <Porc V="052,56"/>
          <Pregunta V="001"/>
        </lin>
        <lin>
          <Opcion V="001"/>
          <Votos V="6307"/>
          <Porc V="049,33"/>
          <Pregunta V="002"/>
        </lin>
        <lin>
          <Opcion V="002"/>
          <Votos V="6478"/>
          <Porc V="050,66"/>
          <Pregunta V="002"/>
        </lin>
        <lin>
          <Opcion V="001"/>
          <Votos V="6391"/>
          <Porc V="051,03"/>
          <Pregunta V="003"/>
        </lin>
        <lin>
          <Opcion V="002"/>
          <Votos V="6132"/>
          <Porc V="048,96"/>
          <Pregunta V="003"/>
        </lin>
        <lin>
          <Opcion V="001"/>
          <Votos V="6877"/>
          <Porc V="051,41"/>
          <Pregunta V="004"/>
        </lin>
        <lin>
          <Opcion V="002"/>
          <Votos V="6498"/>
          <Porc V="048,58"/>
          <Pregunta V="004"/>
        </lin>
        <lin>
          <Opcion V="001"/>
          <Votos V="5734"/>
          <Porc V="046,38"/>
          <Pregunta V="005"/>
        </lin>
        <lin>
          <Opcion V="002"/>
          <Votos V="6628"/>
          <Porc V="053,61"/>
          <Pregunta V="005"/>
        </lin>
        <lin>
          <Opcion V="001"/>
          <Votos V="6646"/>
          <Porc V="051,35"/>
          <Pregunta V="006"/>
        </lin>
        <lin>
          <Opcion V="002"/>
          <Votos V="6295"/>
          <Porc V="048,64"/>
          <Pregunta V="006"/>
        </lin>
        <lin>
          <Opcion V="001"/>
          <Votos V="6426"/>
          <Porc V="049,20"/>
          <Pregunta V="007"/>
        </lin>
        <lin>
          <Opcion V="002"/>
          <Votos V="6633"/>
          <Porc V="050,79"/>
          <Pregunta V="007"/>
        </lin>
      </Detalle_Opcion>
    </lin>
  </Detalle_Circunscripcion>
</Boletin>
</Boletin_Consolidado>