<Boletin_Consolidado><Boletin>
  <Numero V="0008"/>
  <Boletin_Departamental V="0012"/>
  <Tipo_Boletin V="DEPARTAMENTAL"/>
  <Desc_Corporacion V="CONSULTA POPULAR"/>
  <Departamento V="01"/>
  <Desc_Departamento V="ANTIOQUIA"/>
  <Municipio V="097"/>
  <Desc_Municipio V="CONCEPCION"/>
  <Dia V="21"/>
  <Mes V="8"/>
  <Anio V="2018"/>
  <Hora V="14"/>
  <Minuto V="15"/>
  <Mesas_Instaladas V="12"/>
  <Mesas_Informadas V="12"/>
  <Porc_Mesas_Informadas V="100,00"/>
  <Potencial_Sufragantes V="4294"/>
  <Detalle_Circunscripcion>
    <lin>
      <Circunscripcion V="0"/>
      <Desc_Circunscripcion V="NACIONAL"/>
      <Detalle_Pregunta>
        <lin>
          <Pregunta V="001"/>
          <Total_Sufragantes V="4294"/>
          <Porc_Sufragantes V="100,00"/>
          <Abstencion V="0"/>
          <Porc_Abstencion V="000,00"/>
          <Votos_Validos V="1778"/>
          <Porc_Votos_Validos V="041,40"/>
          <Votos_No_Marcados V="1803"/>
          <Porc_Votos_No_Marcados V="041,98"/>
          <Votos_Nulos V="713"/>
          <Porc_Votos_Nulos V="016,60"/>
        </lin>
        <lin>
          <Pregunta V="002"/>
          <Total_Sufragantes V="4294"/>
          <Porc_Sufragantes V="100,00"/>
          <Abstencion V="0"/>
          <Porc_Abstencion V="000,00"/>
          <Votos_Validos V="2061"/>
          <Porc_Votos_Validos V="047,99"/>
          <Votos_No_Marcados V="1458"/>
          <Porc_Votos_No_Marcados V="033,95"/>
          <Votos_Nulos V="775"/>
          <Porc_Votos_Nulos V="018,04"/>
        </lin>
        <lin>
          <Pregunta V="003"/>
          <Total_Sufragantes V="4294"/>
          <Porc_Sufragantes V="100,00"/>
          <Abstencion V="0"/>
          <Porc_Abstencion V="000,00"/>
          <Votos_Validos V="1932"/>
          <Porc_Votos_Validos V="044,99"/>
          <Votos_No_Marcados V="894"/>
          <Porc_Votos_No_Marcados V="020,81"/>
          <Votos_Nulos V="1468"/>
          <Porc_Votos_Nulos V="034,18"/>
        </lin>
        <lin>
          <Pregunta V="004"/>
          <Total_Sufragantes V="4294"/>
          <Porc_Sufragantes V="100,00"/>
          <Abstencion V="0"/>
          <Porc_Abstencion V="000,00"/>
          <Votos_Validos V="1840"/>
          <Porc_Votos_Validos V="042,85"/>
          <Votos_No_Marcados V="806"/>
          <Porc_Votos_No_Marcados V="018,77"/>
          <Votos_Nulos V="1648"/>
          <Porc_Votos_Nulos V="038,37"/>
        </lin>
        <lin>
          <Pregunta V="005"/>
          <Total_Sufragantes V="4294"/>
          <Porc_Sufragantes V="100,00"/>
          <Abstencion V="0"/>
          <Porc_Abstencion V="000,00"/>
          <Votos_Validos V="1689"/>
          <Porc_Votos_Validos V="039,33"/>
          <Votos_No_Marcados V="1236"/>
          <Porc_Votos_No_Marcados V="028,78"/>
          <Votos_Nulos V="1369"/>
          <Porc_Votos_Nulos V="031,88"/>
        </lin>
        <lin>
          <Pregunta V="006"/>
          <Total_Sufragantes V="4294"/>
          <Porc_Sufragantes V="100,00"/>
          <Abstencion V="0"/>
          <Porc_Abstencion V="000,00"/>
          <Votos_Validos V="1974"/>
          <Porc_Votos_Validos V="045,97"/>
          <Votos_No_Marcados V="1246"/>
          <Porc_Votos_No_Marcados V="029,01"/>
          <Votos_Nulos V="1074"/>
          <Porc_Votos_Nulos V="025,01"/>
        </lin>
        <lin>
          <Pregunta V="007"/>
          <Total_Sufragantes V="4294"/>
          <Porc_Sufragantes V="100,00"/>
          <Abstencion V="0"/>
          <Porc_Abstencion V="000,00"/>
          <Votos_Validos V="1979"/>
          <Porc_Votos_Validos V="046,08"/>
          <Votos_No_Marcados V="1396"/>
          <Porc_Votos_No_Marcados V="032,51"/>
          <Votos_Nulos V="919"/>
          <Porc_Votos_Nulos V="021,40"/>
        </lin>
      </Detalle_Pregunta>
      <Detalle_Opcion>
        <lin>
          <Opcion V="001"/>
          <Votos V="797"/>
          <Porc V="044,82"/>
          <Pregunta V="001"/>
        </lin>
        <lin>
          <Opcion V="002"/>
          <Votos V="981"/>
          <Porc V="055,17"/>
          <Pregunta V="001"/>
        </lin>
        <lin>
          <Opcion V="001"/>
          <Votos V="858"/>
          <Porc V="041,63"/>
          <Pregunta V="002"/>
        </lin>
        <lin>
          <Opcion V="002"/>
          <Votos V="1203"/>
          <Porc V="058,36"/>
          <Pregunta V="002"/>
        </lin>
        <lin>
          <Opcion V="001"/>
          <Votos V="996"/>
          <Porc V="051,55"/>
          <Pregunta V="003"/>
        </lin>
        <lin>
          <Opcion V="002"/>
          <Votos V="936"/>
          <Porc V="048,44"/>
          <Pregunta V="003"/>
        </lin>
        <lin>
          <Opcion V="001"/>
          <Votos V="1213"/>
          <Porc V="065,92"/>
          <Pregunta V="004"/>
        </lin>
        <lin>
          <Opcion V="002"/>
          <Votos V="627"/>
          <Porc V="034,07"/>
          <Pregunta V="004"/>
        </lin>
        <lin>
          <Opcion V="001"/>
          <Votos V="681"/>
          <Porc V="040,31"/>
          <Pregunta V="005"/>
        </lin>
        <lin>
          <Opcion V="002"/>
          <Votos V="1008"/>
          <Porc V="059,68"/>
          <Pregunta V="005"/>
        </lin>
        <lin>
          <Opcion V="001"/>
          <Votos V="924"/>
          <Porc V="046,80"/>
          <Pregunta V="006"/>
        </lin>
        <lin>
          <Opcion V="002"/>
          <Votos V="1050"/>
          <Porc V="053,19"/>
          <Pregunta V="006"/>
        </lin>
        <lin>
          <Opcion V="001"/>
          <Votos V="1081"/>
          <Porc V="054,62"/>
          <Pregunta V="007"/>
        </lin>
        <lin>
          <Opcion V="002"/>
          <Votos V="898"/>
          <Porc V="045,37"/>
          <Pregunta V="007"/>
        </lin>
      </Detalle_Opcion>
    </lin>
  </Detalle_Circunscripcion>
</Boletin>
</Boletin_Consolidado>