<Boletin_Consolidado><Boletin>
  <Numero V="0008"/>
  <Boletin_Departamental V="0012"/>
  <Tipo_Boletin V="DEPARTAMENTAL"/>
  <Desc_Corporacion V="CONSULTA POPULAR"/>
  <Departamento V="09"/>
  <Desc_Departamento V="CALDAS"/>
  <Municipio V="000"/>
  <Desc_Municipio V="NO APLICA"/>
  <Dia V="21"/>
  <Mes V="8"/>
  <Anio V="2018"/>
  <Hora V="14"/>
  <Minuto V="15"/>
  <Mesas_Instaladas V="2129"/>
  <Mesas_Informadas V="2129"/>
  <Porc_Mesas_Informadas V="100,00"/>
  <Potencial_Sufragantes V="786247"/>
  <Detalle_Circunscripcion>
    <lin>
      <Circunscripcion V="0"/>
      <Desc_Circunscripcion V="NACIONAL"/>
      <Detalle_Pregunta>
        <lin>
          <Pregunta V="001"/>
          <Total_Sufragantes V="786247"/>
          <Porc_Sufragantes V="100,00"/>
          <Abstencion V="0"/>
          <Porc_Abstencion V="000,00"/>
          <Votos_Validos V="388896"/>
          <Porc_Votos_Validos V="049,46"/>
          <Votos_No_Marcados V="200066"/>
          <Porc_Votos_No_Marcados V="025,44"/>
          <Votos_Nulos V="197285"/>
          <Porc_Votos_Nulos V="025,09"/>
        </lin>
        <lin>
          <Pregunta V="002"/>
          <Total_Sufragantes V="786247"/>
          <Porc_Sufragantes V="100,00"/>
          <Abstencion V="0"/>
          <Porc_Abstencion V="000,00"/>
          <Votos_Validos V="391020"/>
          <Porc_Votos_Validos V="049,73"/>
          <Votos_No_Marcados V="199868"/>
          <Porc_Votos_No_Marcados V="025,42"/>
          <Votos_Nulos V="195359"/>
          <Porc_Votos_Nulos V="024,84"/>
        </lin>
        <lin>
          <Pregunta V="003"/>
          <Total_Sufragantes V="786247"/>
          <Porc_Sufragantes V="100,00"/>
          <Abstencion V="0"/>
          <Porc_Abstencion V="000,00"/>
          <Votos_Validos V="392693"/>
          <Porc_Votos_Validos V="049,94"/>
          <Votos_No_Marcados V="194975"/>
          <Porc_Votos_No_Marcados V="024,79"/>
          <Votos_Nulos V="198579"/>
          <Porc_Votos_Nulos V="025,25"/>
        </lin>
        <lin>
          <Pregunta V="004"/>
          <Total_Sufragantes V="786247"/>
          <Porc_Sufragantes V="100,00"/>
          <Abstencion V="0"/>
          <Porc_Abstencion V="000,00"/>
          <Votos_Validos V="391704"/>
          <Porc_Votos_Validos V="049,81"/>
          <Votos_No_Marcados V="194138"/>
          <Porc_Votos_No_Marcados V="024,69"/>
          <Votos_Nulos V="200405"/>
          <Porc_Votos_Nulos V="025,48"/>
        </lin>
        <lin>
          <Pregunta V="005"/>
          <Total_Sufragantes V="786247"/>
          <Porc_Sufragantes V="100,00"/>
          <Abstencion V="0"/>
          <Porc_Abstencion V="000,00"/>
          <Votos_Validos V="396346"/>
          <Porc_Votos_Validos V="050,40"/>
          <Votos_No_Marcados V="196217"/>
          <Porc_Votos_No_Marcados V="024,95"/>
          <Votos_Nulos V="193684"/>
          <Porc_Votos_Nulos V="024,63"/>
        </lin>
        <lin>
          <Pregunta V="006"/>
          <Total_Sufragantes V="786247"/>
          <Porc_Sufragantes V="100,00"/>
          <Abstencion V="0"/>
          <Porc_Abstencion V="000,00"/>
          <Votos_Validos V="388320"/>
          <Porc_Votos_Validos V="049,38"/>
          <Votos_No_Marcados V="197498"/>
          <Porc_Votos_No_Marcados V="025,11"/>
          <Votos_Nulos V="200429"/>
          <Porc_Votos_Nulos V="025,49"/>
        </lin>
        <lin>
          <Pregunta V="007"/>
          <Total_Sufragantes V="786247"/>
          <Porc_Sufragantes V="100,00"/>
          <Abstencion V="0"/>
          <Porc_Abstencion V="000,00"/>
          <Votos_Validos V="396194"/>
          <Porc_Votos_Validos V="050,39"/>
          <Votos_No_Marcados V="198931"/>
          <Porc_Votos_No_Marcados V="025,30"/>
          <Votos_Nulos V="191122"/>
          <Porc_Votos_Nulos V="024,30"/>
        </lin>
      </Detalle_Pregunta>
      <Detalle_Opcion>
        <lin>
          <Opcion V="001"/>
          <Votos V="198014"/>
          <Porc V="050,91"/>
          <Pregunta V="001"/>
        </lin>
        <lin>
          <Opcion V="002"/>
          <Votos V="190882"/>
          <Porc V="049,08"/>
          <Pregunta V="001"/>
        </lin>
        <lin>
          <Opcion V="001"/>
          <Votos V="198594"/>
          <Porc V="050,78"/>
          <Pregunta V="002"/>
        </lin>
        <lin>
          <Opcion V="002"/>
          <Votos V="192426"/>
          <Porc V="049,21"/>
          <Pregunta V="002"/>
        </lin>
        <lin>
          <Opcion V="001"/>
          <Votos V="198531"/>
          <Porc V="050,55"/>
          <Pregunta V="003"/>
        </lin>
        <lin>
          <Opcion V="002"/>
          <Votos V="194162"/>
          <Porc V="049,44"/>
          <Pregunta V="003"/>
        </lin>
        <lin>
          <Opcion V="001"/>
          <Votos V="194530"/>
          <Porc V="049,66"/>
          <Pregunta V="004"/>
        </lin>
        <lin>
          <Opcion V="002"/>
          <Votos V="197174"/>
          <Porc V="050,33"/>
          <Pregunta V="004"/>
        </lin>
        <lin>
          <Opcion V="001"/>
          <Votos V="197761"/>
          <Porc V="049,89"/>
          <Pregunta V="005"/>
        </lin>
        <lin>
          <Opcion V="002"/>
          <Votos V="198585"/>
          <Porc V="050,10"/>
          <Pregunta V="005"/>
        </lin>
        <lin>
          <Opcion V="001"/>
          <Votos V="197938"/>
          <Porc V="050,97"/>
          <Pregunta V="006"/>
        </lin>
        <lin>
          <Opcion V="002"/>
          <Votos V="190382"/>
          <Porc V="049,02"/>
          <Pregunta V="006"/>
        </lin>
        <lin>
          <Opcion V="001"/>
          <Votos V="200347"/>
          <Porc V="050,56"/>
          <Pregunta V="007"/>
        </lin>
        <lin>
          <Opcion V="002"/>
          <Votos V="195847"/>
          <Porc V="049,43"/>
          <Pregunta V="007"/>
        </lin>
      </Detalle_Opcion>
    </lin>
  </Detalle_Circunscripcion>
</Boletin>
</Boletin_Consolidado>