<Boletin_Consolidado><Boletin>
  <Numero V="0008"/>
  <Boletin_Departamental V="0012"/>
  <Tipo_Boletin V="DEPARTAMENTAL"/>
  <Desc_Corporacion V="CONSULTA POPULAR"/>
  <Departamento V="03"/>
  <Desc_Departamento V="ATLANTICO"/>
  <Municipio V="022"/>
  <Desc_Municipio V="MALAMBO"/>
  <Dia V="21"/>
  <Mes V="8"/>
  <Anio V="2018"/>
  <Hora V="14"/>
  <Minuto V="15"/>
  <Mesas_Instaladas V="206"/>
  <Mesas_Informadas V="206"/>
  <Porc_Mesas_Informadas V="100,00"/>
  <Potencial_Sufragantes V="81768"/>
  <Detalle_Circunscripcion>
    <lin>
      <Circunscripcion V="0"/>
      <Desc_Circunscripcion V="NACIONAL"/>
      <Detalle_Pregunta>
        <lin>
          <Pregunta V="001"/>
          <Total_Sufragantes V="81768"/>
          <Porc_Sufragantes V="100,00"/>
          <Abstencion V="0"/>
          <Porc_Abstencion V="000,00"/>
          <Votos_Validos V="40554"/>
          <Porc_Votos_Validos V="049,59"/>
          <Votos_No_Marcados V="19078"/>
          <Porc_Votos_No_Marcados V="023,33"/>
          <Votos_Nulos V="22136"/>
          <Porc_Votos_Nulos V="027,07"/>
        </lin>
        <lin>
          <Pregunta V="002"/>
          <Total_Sufragantes V="81768"/>
          <Porc_Sufragantes V="100,00"/>
          <Abstencion V="0"/>
          <Porc_Abstencion V="000,00"/>
          <Votos_Validos V="40068"/>
          <Porc_Votos_Validos V="049,00"/>
          <Votos_No_Marcados V="20999"/>
          <Porc_Votos_No_Marcados V="025,68"/>
          <Votos_Nulos V="20701"/>
          <Porc_Votos_Nulos V="025,31"/>
        </lin>
        <lin>
          <Pregunta V="003"/>
          <Total_Sufragantes V="81768"/>
          <Porc_Sufragantes V="100,00"/>
          <Abstencion V="0"/>
          <Porc_Abstencion V="000,00"/>
          <Votos_Validos V="41520"/>
          <Porc_Votos_Validos V="050,77"/>
          <Votos_No_Marcados V="19596"/>
          <Porc_Votos_No_Marcados V="023,96"/>
          <Votos_Nulos V="20652"/>
          <Porc_Votos_Nulos V="025,25"/>
        </lin>
        <lin>
          <Pregunta V="004"/>
          <Total_Sufragantes V="81768"/>
          <Porc_Sufragantes V="100,00"/>
          <Abstencion V="0"/>
          <Porc_Abstencion V="000,00"/>
          <Votos_Validos V="40888"/>
          <Porc_Votos_Validos V="050,00"/>
          <Votos_No_Marcados V="20320"/>
          <Porc_Votos_No_Marcados V="024,85"/>
          <Votos_Nulos V="20560"/>
          <Porc_Votos_Nulos V="025,14"/>
        </lin>
        <lin>
          <Pregunta V="005"/>
          <Total_Sufragantes V="81768"/>
          <Porc_Sufragantes V="100,00"/>
          <Abstencion V="0"/>
          <Porc_Abstencion V="000,00"/>
          <Votos_Validos V="42143"/>
          <Porc_Votos_Validos V="051,53"/>
          <Votos_No_Marcados V="19205"/>
          <Porc_Votos_No_Marcados V="023,48"/>
          <Votos_Nulos V="20420"/>
          <Porc_Votos_Nulos V="024,97"/>
        </lin>
        <lin>
          <Pregunta V="006"/>
          <Total_Sufragantes V="81768"/>
          <Porc_Sufragantes V="100,00"/>
          <Abstencion V="0"/>
          <Porc_Abstencion V="000,00"/>
          <Votos_Validos V="41913"/>
          <Porc_Votos_Validos V="051,25"/>
          <Votos_No_Marcados V="20283"/>
          <Porc_Votos_No_Marcados V="024,80"/>
          <Votos_Nulos V="19572"/>
          <Porc_Votos_Nulos V="023,93"/>
        </lin>
        <lin>
          <Pregunta V="007"/>
          <Total_Sufragantes V="81768"/>
          <Porc_Sufragantes V="100,00"/>
          <Abstencion V="0"/>
          <Porc_Abstencion V="000,00"/>
          <Votos_Validos V="39968"/>
          <Porc_Votos_Validos V="048,87"/>
          <Votos_No_Marcados V="21387"/>
          <Porc_Votos_No_Marcados V="026,15"/>
          <Votos_Nulos V="20413"/>
          <Porc_Votos_Nulos V="024,96"/>
        </lin>
      </Detalle_Pregunta>
      <Detalle_Opcion>
        <lin>
          <Opcion V="001"/>
          <Votos V="19611"/>
          <Porc V="048,35"/>
          <Pregunta V="001"/>
        </lin>
        <lin>
          <Opcion V="002"/>
          <Votos V="20943"/>
          <Porc V="051,64"/>
          <Pregunta V="001"/>
        </lin>
        <lin>
          <Opcion V="001"/>
          <Votos V="20252"/>
          <Porc V="050,54"/>
          <Pregunta V="002"/>
        </lin>
        <lin>
          <Opcion V="002"/>
          <Votos V="19816"/>
          <Porc V="049,45"/>
          <Pregunta V="002"/>
        </lin>
        <lin>
          <Opcion V="001"/>
          <Votos V="19170"/>
          <Porc V="046,17"/>
          <Pregunta V="003"/>
        </lin>
        <lin>
          <Opcion V="002"/>
          <Votos V="22350"/>
          <Porc V="053,82"/>
          <Pregunta V="003"/>
        </lin>
        <lin>
          <Opcion V="001"/>
          <Votos V="20926"/>
          <Porc V="051,17"/>
          <Pregunta V="004"/>
        </lin>
        <lin>
          <Opcion V="002"/>
          <Votos V="19962"/>
          <Porc V="048,82"/>
          <Pregunta V="004"/>
        </lin>
        <lin>
          <Opcion V="001"/>
          <Votos V="21406"/>
          <Porc V="050,79"/>
          <Pregunta V="005"/>
        </lin>
        <lin>
          <Opcion V="002"/>
          <Votos V="20737"/>
          <Porc V="049,20"/>
          <Pregunta V="005"/>
        </lin>
        <lin>
          <Opcion V="001"/>
          <Votos V="20515"/>
          <Porc V="048,94"/>
          <Pregunta V="006"/>
        </lin>
        <lin>
          <Opcion V="002"/>
          <Votos V="21398"/>
          <Porc V="051,05"/>
          <Pregunta V="006"/>
        </lin>
        <lin>
          <Opcion V="001"/>
          <Votos V="19472"/>
          <Porc V="048,71"/>
          <Pregunta V="007"/>
        </lin>
        <lin>
          <Opcion V="002"/>
          <Votos V="20496"/>
          <Porc V="051,28"/>
          <Pregunta V="007"/>
        </lin>
      </Detalle_Opcion>
    </lin>
  </Detalle_Circunscripcion>
</Boletin>
</Boletin_Consolidado>