<Boletin_Consolidado><Boletin>
  <Numero V="0008"/>
  <Boletin_Departamental V="0012"/>
  <Tipo_Boletin V="DEPARTAMENTAL"/>
  <Desc_Corporacion V="CONSULTA POPULAR"/>
  <Departamento V="01"/>
  <Desc_Departamento V="ANTIOQUIA"/>
  <Municipio V="073"/>
  <Desc_Municipio V="CAMPAMENTO"/>
  <Dia V="21"/>
  <Mes V="8"/>
  <Anio V="2018"/>
  <Hora V="14"/>
  <Minuto V="15"/>
  <Mesas_Instaladas V="19"/>
  <Mesas_Informadas V="19"/>
  <Porc_Mesas_Informadas V="100,00"/>
  <Potencial_Sufragantes V="6652"/>
  <Detalle_Circunscripcion>
    <lin>
      <Circunscripcion V="0"/>
      <Desc_Circunscripcion V="NACIONAL"/>
      <Detalle_Pregunta>
        <lin>
          <Pregunta V="001"/>
          <Total_Sufragantes V="6652"/>
          <Porc_Sufragantes V="100,00"/>
          <Abstencion V="0"/>
          <Porc_Abstencion V="000,00"/>
          <Votos_Validos V="3799"/>
          <Porc_Votos_Validos V="057,11"/>
          <Votos_No_Marcados V="1202"/>
          <Porc_Votos_No_Marcados V="018,06"/>
          <Votos_Nulos V="1651"/>
          <Porc_Votos_Nulos V="024,81"/>
        </lin>
        <lin>
          <Pregunta V="002"/>
          <Total_Sufragantes V="6652"/>
          <Porc_Sufragantes V="100,00"/>
          <Abstencion V="0"/>
          <Porc_Abstencion V="000,00"/>
          <Votos_Validos V="3585"/>
          <Porc_Votos_Validos V="053,89"/>
          <Votos_No_Marcados V="1450"/>
          <Porc_Votos_No_Marcados V="021,79"/>
          <Votos_Nulos V="1617"/>
          <Porc_Votos_Nulos V="024,30"/>
        </lin>
        <lin>
          <Pregunta V="003"/>
          <Total_Sufragantes V="6652"/>
          <Porc_Sufragantes V="100,00"/>
          <Abstencion V="0"/>
          <Porc_Abstencion V="000,00"/>
          <Votos_Validos V="3806"/>
          <Porc_Votos_Validos V="057,21"/>
          <Votos_No_Marcados V="1134"/>
          <Porc_Votos_No_Marcados V="017,04"/>
          <Votos_Nulos V="1712"/>
          <Porc_Votos_Nulos V="025,73"/>
        </lin>
        <lin>
          <Pregunta V="004"/>
          <Total_Sufragantes V="6652"/>
          <Porc_Sufragantes V="100,00"/>
          <Abstencion V="0"/>
          <Porc_Abstencion V="000,00"/>
          <Votos_Validos V="3582"/>
          <Porc_Votos_Validos V="053,84"/>
          <Votos_No_Marcados V="1559"/>
          <Porc_Votos_No_Marcados V="023,43"/>
          <Votos_Nulos V="1511"/>
          <Porc_Votos_Nulos V="022,71"/>
        </lin>
        <lin>
          <Pregunta V="005"/>
          <Total_Sufragantes V="6652"/>
          <Porc_Sufragantes V="100,00"/>
          <Abstencion V="0"/>
          <Porc_Abstencion V="000,00"/>
          <Votos_Validos V="3127"/>
          <Porc_Votos_Validos V="047,00"/>
          <Votos_No_Marcados V="1397"/>
          <Porc_Votos_No_Marcados V="021,00"/>
          <Votos_Nulos V="2128"/>
          <Porc_Votos_Nulos V="031,99"/>
        </lin>
        <lin>
          <Pregunta V="006"/>
          <Total_Sufragantes V="6652"/>
          <Porc_Sufragantes V="100,00"/>
          <Abstencion V="0"/>
          <Porc_Abstencion V="000,00"/>
          <Votos_Validos V="3144"/>
          <Porc_Votos_Validos V="047,26"/>
          <Votos_No_Marcados V="1678"/>
          <Porc_Votos_No_Marcados V="025,22"/>
          <Votos_Nulos V="1830"/>
          <Porc_Votos_Nulos V="027,51"/>
        </lin>
        <lin>
          <Pregunta V="007"/>
          <Total_Sufragantes V="6652"/>
          <Porc_Sufragantes V="100,00"/>
          <Abstencion V="0"/>
          <Porc_Abstencion V="000,00"/>
          <Votos_Validos V="3250"/>
          <Porc_Votos_Validos V="048,85"/>
          <Votos_No_Marcados V="1646"/>
          <Porc_Votos_No_Marcados V="024,74"/>
          <Votos_Nulos V="1756"/>
          <Porc_Votos_Nulos V="026,39"/>
        </lin>
      </Detalle_Pregunta>
      <Detalle_Opcion>
        <lin>
          <Opcion V="001"/>
          <Votos V="2098"/>
          <Porc V="055,22"/>
          <Pregunta V="001"/>
        </lin>
        <lin>
          <Opcion V="002"/>
          <Votos V="1701"/>
          <Porc V="044,77"/>
          <Pregunta V="001"/>
        </lin>
        <lin>
          <Opcion V="001"/>
          <Votos V="1915"/>
          <Porc V="053,41"/>
          <Pregunta V="002"/>
        </lin>
        <lin>
          <Opcion V="002"/>
          <Votos V="1670"/>
          <Porc V="046,58"/>
          <Pregunta V="002"/>
        </lin>
        <lin>
          <Opcion V="001"/>
          <Votos V="2173"/>
          <Porc V="057,09"/>
          <Pregunta V="003"/>
        </lin>
        <lin>
          <Opcion V="002"/>
          <Votos V="1633"/>
          <Porc V="042,90"/>
          <Pregunta V="003"/>
        </lin>
        <lin>
          <Opcion V="001"/>
          <Votos V="1373"/>
          <Porc V="038,33"/>
          <Pregunta V="004"/>
        </lin>
        <lin>
          <Opcion V="002"/>
          <Votos V="2209"/>
          <Porc V="061,66"/>
          <Pregunta V="004"/>
        </lin>
        <lin>
          <Opcion V="001"/>
          <Votos V="1662"/>
          <Porc V="053,14"/>
          <Pregunta V="005"/>
        </lin>
        <lin>
          <Opcion V="002"/>
          <Votos V="1465"/>
          <Porc V="046,85"/>
          <Pregunta V="005"/>
        </lin>
        <lin>
          <Opcion V="001"/>
          <Votos V="2037"/>
          <Porc V="064,79"/>
          <Pregunta V="006"/>
        </lin>
        <lin>
          <Opcion V="002"/>
          <Votos V="1107"/>
          <Porc V="035,20"/>
          <Pregunta V="006"/>
        </lin>
        <lin>
          <Opcion V="001"/>
          <Votos V="1259"/>
          <Porc V="038,73"/>
          <Pregunta V="007"/>
        </lin>
        <lin>
          <Opcion V="002"/>
          <Votos V="1991"/>
          <Porc V="061,26"/>
          <Pregunta V="007"/>
        </lin>
      </Detalle_Opcion>
    </lin>
  </Detalle_Circunscripcion>
</Boletin>
</Boletin_Consolidado>