<Boletin_Consolidado><Boletin>
  <Numero V="0008"/>
  <Boletin_Departamental V="0012"/>
  <Tipo_Boletin V="DEPARTAMENTAL"/>
  <Desc_Corporacion V="CONSULTA POPULAR"/>
  <Departamento V="03"/>
  <Desc_Departamento V="ATLANTICO"/>
  <Municipio V="055"/>
  <Desc_Municipio V="SUAN"/>
  <Dia V="21"/>
  <Mes V="8"/>
  <Anio V="2018"/>
  <Hora V="14"/>
  <Minuto V="15"/>
  <Mesas_Instaladas V="27"/>
  <Mesas_Informadas V="27"/>
  <Porc_Mesas_Informadas V="100,00"/>
  <Potencial_Sufragantes V="10313"/>
  <Detalle_Circunscripcion>
    <lin>
      <Circunscripcion V="0"/>
      <Desc_Circunscripcion V="NACIONAL"/>
      <Detalle_Pregunta>
        <lin>
          <Pregunta V="001"/>
          <Total_Sufragantes V="10313"/>
          <Porc_Sufragantes V="100,00"/>
          <Abstencion V="0"/>
          <Porc_Abstencion V="000,00"/>
          <Votos_Validos V="4619"/>
          <Porc_Votos_Validos V="044,78"/>
          <Votos_No_Marcados V="2691"/>
          <Porc_Votos_No_Marcados V="026,09"/>
          <Votos_Nulos V="3003"/>
          <Porc_Votos_Nulos V="029,11"/>
        </lin>
        <lin>
          <Pregunta V="002"/>
          <Total_Sufragantes V="10313"/>
          <Porc_Sufragantes V="100,00"/>
          <Abstencion V="0"/>
          <Porc_Abstencion V="000,00"/>
          <Votos_Validos V="4864"/>
          <Porc_Votos_Validos V="047,16"/>
          <Votos_No_Marcados V="2839"/>
          <Porc_Votos_No_Marcados V="027,52"/>
          <Votos_Nulos V="2610"/>
          <Porc_Votos_Nulos V="025,30"/>
        </lin>
        <lin>
          <Pregunta V="003"/>
          <Total_Sufragantes V="10313"/>
          <Porc_Sufragantes V="100,00"/>
          <Abstencion V="0"/>
          <Porc_Abstencion V="000,00"/>
          <Votos_Validos V="5570"/>
          <Porc_Votos_Validos V="054,00"/>
          <Votos_No_Marcados V="2628"/>
          <Porc_Votos_No_Marcados V="025,48"/>
          <Votos_Nulos V="2115"/>
          <Porc_Votos_Nulos V="020,50"/>
        </lin>
        <lin>
          <Pregunta V="004"/>
          <Total_Sufragantes V="10313"/>
          <Porc_Sufragantes V="100,00"/>
          <Abstencion V="0"/>
          <Porc_Abstencion V="000,00"/>
          <Votos_Validos V="4526"/>
          <Porc_Votos_Validos V="043,88"/>
          <Votos_No_Marcados V="3120"/>
          <Porc_Votos_No_Marcados V="030,25"/>
          <Votos_Nulos V="2667"/>
          <Porc_Votos_Nulos V="025,86"/>
        </lin>
        <lin>
          <Pregunta V="005"/>
          <Total_Sufragantes V="10313"/>
          <Porc_Sufragantes V="100,00"/>
          <Abstencion V="0"/>
          <Porc_Abstencion V="000,00"/>
          <Votos_Validos V="4616"/>
          <Porc_Votos_Validos V="044,75"/>
          <Votos_No_Marcados V="2594"/>
          <Porc_Votos_No_Marcados V="025,15"/>
          <Votos_Nulos V="3103"/>
          <Porc_Votos_Nulos V="030,08"/>
        </lin>
        <lin>
          <Pregunta V="006"/>
          <Total_Sufragantes V="10313"/>
          <Porc_Sufragantes V="100,00"/>
          <Abstencion V="0"/>
          <Porc_Abstencion V="000,00"/>
          <Votos_Validos V="5267"/>
          <Porc_Votos_Validos V="051,07"/>
          <Votos_No_Marcados V="2716"/>
          <Porc_Votos_No_Marcados V="026,33"/>
          <Votos_Nulos V="2330"/>
          <Porc_Votos_Nulos V="022,59"/>
        </lin>
        <lin>
          <Pregunta V="007"/>
          <Total_Sufragantes V="10313"/>
          <Porc_Sufragantes V="100,00"/>
          <Abstencion V="0"/>
          <Porc_Abstencion V="000,00"/>
          <Votos_Validos V="5504"/>
          <Porc_Votos_Validos V="053,36"/>
          <Votos_No_Marcados V="2198"/>
          <Porc_Votos_No_Marcados V="021,31"/>
          <Votos_Nulos V="2611"/>
          <Porc_Votos_Nulos V="025,31"/>
        </lin>
      </Detalle_Pregunta>
      <Detalle_Opcion>
        <lin>
          <Opcion V="001"/>
          <Votos V="1858"/>
          <Porc V="040,22"/>
          <Pregunta V="001"/>
        </lin>
        <lin>
          <Opcion V="002"/>
          <Votos V="2761"/>
          <Porc V="059,77"/>
          <Pregunta V="001"/>
        </lin>
        <lin>
          <Opcion V="001"/>
          <Votos V="2208"/>
          <Porc V="045,39"/>
          <Pregunta V="002"/>
        </lin>
        <lin>
          <Opcion V="002"/>
          <Votos V="2656"/>
          <Porc V="054,60"/>
          <Pregunta V="002"/>
        </lin>
        <lin>
          <Opcion V="001"/>
          <Votos V="2702"/>
          <Porc V="048,50"/>
          <Pregunta V="003"/>
        </lin>
        <lin>
          <Opcion V="002"/>
          <Votos V="2868"/>
          <Porc V="051,49"/>
          <Pregunta V="003"/>
        </lin>
        <lin>
          <Opcion V="001"/>
          <Votos V="2020"/>
          <Porc V="044,63"/>
          <Pregunta V="004"/>
        </lin>
        <lin>
          <Opcion V="002"/>
          <Votos V="2506"/>
          <Porc V="055,36"/>
          <Pregunta V="004"/>
        </lin>
        <lin>
          <Opcion V="001"/>
          <Votos V="2190"/>
          <Porc V="047,44"/>
          <Pregunta V="005"/>
        </lin>
        <lin>
          <Opcion V="002"/>
          <Votos V="2426"/>
          <Porc V="052,55"/>
          <Pregunta V="005"/>
        </lin>
        <lin>
          <Opcion V="001"/>
          <Votos V="2364"/>
          <Porc V="044,88"/>
          <Pregunta V="006"/>
        </lin>
        <lin>
          <Opcion V="002"/>
          <Votos V="2903"/>
          <Porc V="055,11"/>
          <Pregunta V="006"/>
        </lin>
        <lin>
          <Opcion V="001"/>
          <Votos V="2807"/>
          <Porc V="050,99"/>
          <Pregunta V="007"/>
        </lin>
        <lin>
          <Opcion V="002"/>
          <Votos V="2697"/>
          <Porc V="049,00"/>
          <Pregunta V="007"/>
        </lin>
      </Detalle_Opcion>
    </lin>
  </Detalle_Circunscripcion>
</Boletin>
</Boletin_Consolidado>