<Boletin_Consolidado><Boletin>
  <Numero V="0008"/>
  <Boletin_Departamental V="0012"/>
  <Tipo_Boletin V="DEPARTAMENTAL"/>
  <Desc_Corporacion V="CONSULTA POPULAR"/>
  <Departamento V="01"/>
  <Desc_Departamento V="ANTIOQUIA"/>
  <Municipio V="282"/>
  <Desc_Municipio V="URAMITA"/>
  <Dia V="21"/>
  <Mes V="8"/>
  <Anio V="2018"/>
  <Hora V="14"/>
  <Minuto V="15"/>
  <Mesas_Instaladas V="18"/>
  <Mesas_Informadas V="18"/>
  <Porc_Mesas_Informadas V="100,00"/>
  <Potencial_Sufragantes V="6387"/>
  <Detalle_Circunscripcion>
    <lin>
      <Circunscripcion V="0"/>
      <Desc_Circunscripcion V="NACIONAL"/>
      <Detalle_Pregunta>
        <lin>
          <Pregunta V="001"/>
          <Total_Sufragantes V="6387"/>
          <Porc_Sufragantes V="100,00"/>
          <Abstencion V="0"/>
          <Porc_Abstencion V="000,00"/>
          <Votos_Validos V="3155"/>
          <Porc_Votos_Validos V="049,39"/>
          <Votos_No_Marcados V="1454"/>
          <Porc_Votos_No_Marcados V="022,76"/>
          <Votos_Nulos V="1778"/>
          <Porc_Votos_Nulos V="027,83"/>
        </lin>
        <lin>
          <Pregunta V="002"/>
          <Total_Sufragantes V="6387"/>
          <Porc_Sufragantes V="100,00"/>
          <Abstencion V="0"/>
          <Porc_Abstencion V="000,00"/>
          <Votos_Validos V="3269"/>
          <Porc_Votos_Validos V="051,18"/>
          <Votos_No_Marcados V="1736"/>
          <Porc_Votos_No_Marcados V="027,18"/>
          <Votos_Nulos V="1382"/>
          <Porc_Votos_Nulos V="021,63"/>
        </lin>
        <lin>
          <Pregunta V="003"/>
          <Total_Sufragantes V="6387"/>
          <Porc_Sufragantes V="100,00"/>
          <Abstencion V="0"/>
          <Porc_Abstencion V="000,00"/>
          <Votos_Validos V="2885"/>
          <Porc_Votos_Validos V="045,16"/>
          <Votos_No_Marcados V="1575"/>
          <Porc_Votos_No_Marcados V="024,65"/>
          <Votos_Nulos V="1927"/>
          <Porc_Votos_Nulos V="030,17"/>
        </lin>
        <lin>
          <Pregunta V="004"/>
          <Total_Sufragantes V="6387"/>
          <Porc_Sufragantes V="100,00"/>
          <Abstencion V="0"/>
          <Porc_Abstencion V="000,00"/>
          <Votos_Validos V="3204"/>
          <Porc_Votos_Validos V="050,16"/>
          <Votos_No_Marcados V="1474"/>
          <Porc_Votos_No_Marcados V="023,07"/>
          <Votos_Nulos V="1709"/>
          <Porc_Votos_Nulos V="026,75"/>
        </lin>
        <lin>
          <Pregunta V="005"/>
          <Total_Sufragantes V="6387"/>
          <Porc_Sufragantes V="100,00"/>
          <Abstencion V="0"/>
          <Porc_Abstencion V="000,00"/>
          <Votos_Validos V="2625"/>
          <Porc_Votos_Validos V="041,09"/>
          <Votos_No_Marcados V="1641"/>
          <Porc_Votos_No_Marcados V="025,69"/>
          <Votos_Nulos V="2121"/>
          <Porc_Votos_Nulos V="033,20"/>
        </lin>
        <lin>
          <Pregunta V="006"/>
          <Total_Sufragantes V="6387"/>
          <Porc_Sufragantes V="100,00"/>
          <Abstencion V="0"/>
          <Porc_Abstencion V="000,00"/>
          <Votos_Validos V="2915"/>
          <Porc_Votos_Validos V="045,63"/>
          <Votos_No_Marcados V="2154"/>
          <Porc_Votos_No_Marcados V="033,72"/>
          <Votos_Nulos V="1318"/>
          <Porc_Votos_Nulos V="020,63"/>
        </lin>
        <lin>
          <Pregunta V="007"/>
          <Total_Sufragantes V="6387"/>
          <Porc_Sufragantes V="100,00"/>
          <Abstencion V="0"/>
          <Porc_Abstencion V="000,00"/>
          <Votos_Validos V="3075"/>
          <Porc_Votos_Validos V="048,14"/>
          <Votos_No_Marcados V="1713"/>
          <Porc_Votos_No_Marcados V="026,82"/>
          <Votos_Nulos V="1599"/>
          <Porc_Votos_Nulos V="025,03"/>
        </lin>
      </Detalle_Pregunta>
      <Detalle_Opcion>
        <lin>
          <Opcion V="001"/>
          <Votos V="1780"/>
          <Porc V="056,41"/>
          <Pregunta V="001"/>
        </lin>
        <lin>
          <Opcion V="002"/>
          <Votos V="1375"/>
          <Porc V="043,58"/>
          <Pregunta V="001"/>
        </lin>
        <lin>
          <Opcion V="001"/>
          <Votos V="1659"/>
          <Porc V="050,74"/>
          <Pregunta V="002"/>
        </lin>
        <lin>
          <Opcion V="002"/>
          <Votos V="1610"/>
          <Porc V="049,25"/>
          <Pregunta V="002"/>
        </lin>
        <lin>
          <Opcion V="001"/>
          <Votos V="1233"/>
          <Porc V="042,73"/>
          <Pregunta V="003"/>
        </lin>
        <lin>
          <Opcion V="002"/>
          <Votos V="1652"/>
          <Porc V="057,26"/>
          <Pregunta V="003"/>
        </lin>
        <lin>
          <Opcion V="001"/>
          <Votos V="1367"/>
          <Porc V="042,66"/>
          <Pregunta V="004"/>
        </lin>
        <lin>
          <Opcion V="002"/>
          <Votos V="1837"/>
          <Porc V="057,33"/>
          <Pregunta V="004"/>
        </lin>
        <lin>
          <Opcion V="001"/>
          <Votos V="1351"/>
          <Porc V="051,46"/>
          <Pregunta V="005"/>
        </lin>
        <lin>
          <Opcion V="002"/>
          <Votos V="1274"/>
          <Porc V="048,53"/>
          <Pregunta V="005"/>
        </lin>
        <lin>
          <Opcion V="001"/>
          <Votos V="1585"/>
          <Porc V="054,37"/>
          <Pregunta V="006"/>
        </lin>
        <lin>
          <Opcion V="002"/>
          <Votos V="1330"/>
          <Porc V="045,62"/>
          <Pregunta V="006"/>
        </lin>
        <lin>
          <Opcion V="001"/>
          <Votos V="1517"/>
          <Porc V="049,33"/>
          <Pregunta V="007"/>
        </lin>
        <lin>
          <Opcion V="002"/>
          <Votos V="1558"/>
          <Porc V="050,66"/>
          <Pregunta V="007"/>
        </lin>
      </Detalle_Opcion>
    </lin>
  </Detalle_Circunscripcion>
</Boletin>
</Boletin_Consolidado>