<Boletin_Consolidado><Boletin>
  <Numero V="0008"/>
  <Boletin_Departamental V="0012"/>
  <Tipo_Boletin V="DEPARTAMENTAL"/>
  <Desc_Corporacion V="CONSULTA POPULAR"/>
  <Departamento V="01"/>
  <Desc_Departamento V="ANTIOQUIA"/>
  <Municipio V="290"/>
  <Desc_Municipio V="VEGACHI"/>
  <Dia V="21"/>
  <Mes V="8"/>
  <Anio V="2018"/>
  <Hora V="14"/>
  <Minuto V="15"/>
  <Mesas_Instaladas V="28"/>
  <Mesas_Informadas V="28"/>
  <Porc_Mesas_Informadas V="100,00"/>
  <Potencial_Sufragantes V="10372"/>
  <Detalle_Circunscripcion>
    <lin>
      <Circunscripcion V="0"/>
      <Desc_Circunscripcion V="NACIONAL"/>
      <Detalle_Pregunta>
        <lin>
          <Pregunta V="001"/>
          <Total_Sufragantes V="10372"/>
          <Porc_Sufragantes V="100,00"/>
          <Abstencion V="0"/>
          <Porc_Abstencion V="000,00"/>
          <Votos_Validos V="4829"/>
          <Porc_Votos_Validos V="046,55"/>
          <Votos_No_Marcados V="2769"/>
          <Porc_Votos_No_Marcados V="026,69"/>
          <Votos_Nulos V="2774"/>
          <Porc_Votos_Nulos V="026,74"/>
        </lin>
        <lin>
          <Pregunta V="002"/>
          <Total_Sufragantes V="10372"/>
          <Porc_Sufragantes V="100,00"/>
          <Abstencion V="0"/>
          <Porc_Abstencion V="000,00"/>
          <Votos_Validos V="5079"/>
          <Porc_Votos_Validos V="048,96"/>
          <Votos_No_Marcados V="2554"/>
          <Porc_Votos_No_Marcados V="024,62"/>
          <Votos_Nulos V="2739"/>
          <Porc_Votos_Nulos V="026,40"/>
        </lin>
        <lin>
          <Pregunta V="003"/>
          <Total_Sufragantes V="10372"/>
          <Porc_Sufragantes V="100,00"/>
          <Abstencion V="0"/>
          <Porc_Abstencion V="000,00"/>
          <Votos_Validos V="4759"/>
          <Porc_Votos_Validos V="045,88"/>
          <Votos_No_Marcados V="2893"/>
          <Porc_Votos_No_Marcados V="027,89"/>
          <Votos_Nulos V="2720"/>
          <Porc_Votos_Nulos V="026,22"/>
        </lin>
        <lin>
          <Pregunta V="004"/>
          <Total_Sufragantes V="10372"/>
          <Porc_Sufragantes V="100,00"/>
          <Abstencion V="0"/>
          <Porc_Abstencion V="000,00"/>
          <Votos_Validos V="5253"/>
          <Porc_Votos_Validos V="050,64"/>
          <Votos_No_Marcados V="2505"/>
          <Porc_Votos_No_Marcados V="024,15"/>
          <Votos_Nulos V="2614"/>
          <Porc_Votos_Nulos V="025,20"/>
        </lin>
        <lin>
          <Pregunta V="005"/>
          <Total_Sufragantes V="10372"/>
          <Porc_Sufragantes V="100,00"/>
          <Abstencion V="0"/>
          <Porc_Abstencion V="000,00"/>
          <Votos_Validos V="5120"/>
          <Porc_Votos_Validos V="049,36"/>
          <Votos_No_Marcados V="2716"/>
          <Porc_Votos_No_Marcados V="026,18"/>
          <Votos_Nulos V="2536"/>
          <Porc_Votos_Nulos V="024,45"/>
        </lin>
        <lin>
          <Pregunta V="006"/>
          <Total_Sufragantes V="10372"/>
          <Porc_Sufragantes V="100,00"/>
          <Abstencion V="0"/>
          <Porc_Abstencion V="000,00"/>
          <Votos_Validos V="4816"/>
          <Porc_Votos_Validos V="046,43"/>
          <Votos_No_Marcados V="2276"/>
          <Porc_Votos_No_Marcados V="021,94"/>
          <Votos_Nulos V="3280"/>
          <Porc_Votos_Nulos V="031,62"/>
        </lin>
        <lin>
          <Pregunta V="007"/>
          <Total_Sufragantes V="10372"/>
          <Porc_Sufragantes V="100,00"/>
          <Abstencion V="0"/>
          <Porc_Abstencion V="000,00"/>
          <Votos_Validos V="5334"/>
          <Porc_Votos_Validos V="051,42"/>
          <Votos_No_Marcados V="2603"/>
          <Porc_Votos_No_Marcados V="025,09"/>
          <Votos_Nulos V="2435"/>
          <Porc_Votos_Nulos V="023,47"/>
        </lin>
      </Detalle_Pregunta>
      <Detalle_Opcion>
        <lin>
          <Opcion V="001"/>
          <Votos V="2430"/>
          <Porc V="050,32"/>
          <Pregunta V="001"/>
        </lin>
        <lin>
          <Opcion V="002"/>
          <Votos V="2399"/>
          <Porc V="049,67"/>
          <Pregunta V="001"/>
        </lin>
        <lin>
          <Opcion V="001"/>
          <Votos V="2585"/>
          <Porc V="050,89"/>
          <Pregunta V="002"/>
        </lin>
        <lin>
          <Opcion V="002"/>
          <Votos V="2494"/>
          <Porc V="049,10"/>
          <Pregunta V="002"/>
        </lin>
        <lin>
          <Opcion V="001"/>
          <Votos V="2159"/>
          <Porc V="045,36"/>
          <Pregunta V="003"/>
        </lin>
        <lin>
          <Opcion V="002"/>
          <Votos V="2600"/>
          <Porc V="054,63"/>
          <Pregunta V="003"/>
        </lin>
        <lin>
          <Opcion V="001"/>
          <Votos V="2302"/>
          <Porc V="043,82"/>
          <Pregunta V="004"/>
        </lin>
        <lin>
          <Opcion V="002"/>
          <Votos V="2951"/>
          <Porc V="056,17"/>
          <Pregunta V="004"/>
        </lin>
        <lin>
          <Opcion V="001"/>
          <Votos V="2547"/>
          <Porc V="049,74"/>
          <Pregunta V="005"/>
        </lin>
        <lin>
          <Opcion V="002"/>
          <Votos V="2573"/>
          <Porc V="050,25"/>
          <Pregunta V="005"/>
        </lin>
        <lin>
          <Opcion V="001"/>
          <Votos V="2753"/>
          <Porc V="057,16"/>
          <Pregunta V="006"/>
        </lin>
        <lin>
          <Opcion V="002"/>
          <Votos V="2063"/>
          <Porc V="042,83"/>
          <Pregunta V="006"/>
        </lin>
        <lin>
          <Opcion V="001"/>
          <Votos V="2285"/>
          <Porc V="042,83"/>
          <Pregunta V="007"/>
        </lin>
        <lin>
          <Opcion V="002"/>
          <Votos V="3049"/>
          <Porc V="057,16"/>
          <Pregunta V="007"/>
        </lin>
      </Detalle_Opcion>
    </lin>
  </Detalle_Circunscripcion>
</Boletin>
</Boletin_Consolidado>