<Boletin_Consolidado><Boletin>
  <Numero V="0008"/>
  <Boletin_Departamental V="0012"/>
  <Tipo_Boletin V="DEPARTAMENTAL"/>
  <Desc_Corporacion V="CONSULTA POPULAR"/>
  <Departamento V="13"/>
  <Desc_Departamento V="CORDOBA"/>
  <Municipio V="013"/>
  <Desc_Municipio V="CIENAGA DE ORO"/>
  <Dia V="21"/>
  <Mes V="8"/>
  <Anio V="2018"/>
  <Hora V="14"/>
  <Minuto V="15"/>
  <Mesas_Instaladas V="112"/>
  <Mesas_Informadas V="112"/>
  <Porc_Mesas_Informadas V="100,00"/>
  <Potencial_Sufragantes V="43907"/>
  <Detalle_Circunscripcion>
    <lin>
      <Circunscripcion V="0"/>
      <Desc_Circunscripcion V="NACIONAL"/>
      <Detalle_Pregunta>
        <lin>
          <Pregunta V="001"/>
          <Total_Sufragantes V="43907"/>
          <Porc_Sufragantes V="100,00"/>
          <Abstencion V="0"/>
          <Porc_Abstencion V="000,00"/>
          <Votos_Validos V="22325"/>
          <Porc_Votos_Validos V="050,84"/>
          <Votos_No_Marcados V="9561"/>
          <Porc_Votos_No_Marcados V="021,77"/>
          <Votos_Nulos V="12021"/>
          <Porc_Votos_Nulos V="027,37"/>
        </lin>
        <lin>
          <Pregunta V="002"/>
          <Total_Sufragantes V="43907"/>
          <Porc_Sufragantes V="100,00"/>
          <Abstencion V="0"/>
          <Porc_Abstencion V="000,00"/>
          <Votos_Validos V="21337"/>
          <Porc_Votos_Validos V="048,59"/>
          <Votos_No_Marcados V="11978"/>
          <Porc_Votos_No_Marcados V="027,28"/>
          <Votos_Nulos V="10592"/>
          <Porc_Votos_Nulos V="024,12"/>
        </lin>
        <lin>
          <Pregunta V="003"/>
          <Total_Sufragantes V="43907"/>
          <Porc_Sufragantes V="100,00"/>
          <Abstencion V="0"/>
          <Porc_Abstencion V="000,00"/>
          <Votos_Validos V="21975"/>
          <Porc_Votos_Validos V="050,04"/>
          <Votos_No_Marcados V="10984"/>
          <Porc_Votos_No_Marcados V="025,01"/>
          <Votos_Nulos V="10948"/>
          <Porc_Votos_Nulos V="024,93"/>
        </lin>
        <lin>
          <Pregunta V="004"/>
          <Total_Sufragantes V="43907"/>
          <Porc_Sufragantes V="100,00"/>
          <Abstencion V="0"/>
          <Porc_Abstencion V="000,00"/>
          <Votos_Validos V="21674"/>
          <Porc_Votos_Validos V="049,36"/>
          <Votos_No_Marcados V="10385"/>
          <Porc_Votos_No_Marcados V="023,65"/>
          <Votos_Nulos V="11848"/>
          <Porc_Votos_Nulos V="026,98"/>
        </lin>
        <lin>
          <Pregunta V="005"/>
          <Total_Sufragantes V="43907"/>
          <Porc_Sufragantes V="100,00"/>
          <Abstencion V="0"/>
          <Porc_Abstencion V="000,00"/>
          <Votos_Validos V="21161"/>
          <Porc_Votos_Validos V="048,19"/>
          <Votos_No_Marcados V="10903"/>
          <Porc_Votos_No_Marcados V="024,83"/>
          <Votos_Nulos V="11843"/>
          <Porc_Votos_Nulos V="026,97"/>
        </lin>
        <lin>
          <Pregunta V="006"/>
          <Total_Sufragantes V="43907"/>
          <Porc_Sufragantes V="100,00"/>
          <Abstencion V="0"/>
          <Porc_Abstencion V="000,00"/>
          <Votos_Validos V="22284"/>
          <Porc_Votos_Validos V="050,75"/>
          <Votos_No_Marcados V="11457"/>
          <Porc_Votos_No_Marcados V="026,09"/>
          <Votos_Nulos V="10166"/>
          <Porc_Votos_Nulos V="023,15"/>
        </lin>
        <lin>
          <Pregunta V="007"/>
          <Total_Sufragantes V="43907"/>
          <Porc_Sufragantes V="100,00"/>
          <Abstencion V="0"/>
          <Porc_Abstencion V="000,00"/>
          <Votos_Validos V="23443"/>
          <Porc_Votos_Validos V="053,39"/>
          <Votos_No_Marcados V="9425"/>
          <Porc_Votos_No_Marcados V="021,46"/>
          <Votos_Nulos V="11039"/>
          <Porc_Votos_Nulos V="025,14"/>
        </lin>
      </Detalle_Pregunta>
      <Detalle_Opcion>
        <lin>
          <Opcion V="001"/>
          <Votos V="10450"/>
          <Porc V="046,80"/>
          <Pregunta V="001"/>
        </lin>
        <lin>
          <Opcion V="002"/>
          <Votos V="11875"/>
          <Porc V="053,19"/>
          <Pregunta V="001"/>
        </lin>
        <lin>
          <Opcion V="001"/>
          <Votos V="11083"/>
          <Porc V="051,94"/>
          <Pregunta V="002"/>
        </lin>
        <lin>
          <Opcion V="002"/>
          <Votos V="10254"/>
          <Porc V="048,05"/>
          <Pregunta V="002"/>
        </lin>
        <lin>
          <Opcion V="001"/>
          <Votos V="11120"/>
          <Porc V="050,60"/>
          <Pregunta V="003"/>
        </lin>
        <lin>
          <Opcion V="002"/>
          <Votos V="10855"/>
          <Porc V="049,39"/>
          <Pregunta V="003"/>
        </lin>
        <lin>
          <Opcion V="001"/>
          <Votos V="9709"/>
          <Porc V="044,79"/>
          <Pregunta V="004"/>
        </lin>
        <lin>
          <Opcion V="002"/>
          <Votos V="11965"/>
          <Porc V="055,20"/>
          <Pregunta V="004"/>
        </lin>
        <lin>
          <Opcion V="001"/>
          <Votos V="10436"/>
          <Porc V="049,31"/>
          <Pregunta V="005"/>
        </lin>
        <lin>
          <Opcion V="002"/>
          <Votos V="10725"/>
          <Porc V="050,68"/>
          <Pregunta V="005"/>
        </lin>
        <lin>
          <Opcion V="001"/>
          <Votos V="10414"/>
          <Porc V="046,73"/>
          <Pregunta V="006"/>
        </lin>
        <lin>
          <Opcion V="002"/>
          <Votos V="11870"/>
          <Porc V="053,26"/>
          <Pregunta V="006"/>
        </lin>
        <lin>
          <Opcion V="001"/>
          <Votos V="12303"/>
          <Porc V="052,48"/>
          <Pregunta V="007"/>
        </lin>
        <lin>
          <Opcion V="002"/>
          <Votos V="11140"/>
          <Porc V="047,51"/>
          <Pregunta V="007"/>
        </lin>
      </Detalle_Opcion>
    </lin>
  </Detalle_Circunscripcion>
</Boletin>
</Boletin_Consolidado>