<Boletin_Consolidado><Boletin>
  <Numero V="0008"/>
  <Boletin_Departamental V="0012"/>
  <Tipo_Boletin V="DEPARTAMENTAL"/>
  <Desc_Corporacion V="CONSULTA POPULAR"/>
  <Departamento V="09"/>
  <Desc_Departamento V="CALDAS"/>
  <Municipio V="103"/>
  <Desc_Municipio V="RIOSUCIO"/>
  <Dia V="21"/>
  <Mes V="8"/>
  <Anio V="2018"/>
  <Hora V="14"/>
  <Minuto V="15"/>
  <Mesas_Instaladas V="104"/>
  <Mesas_Informadas V="104"/>
  <Porc_Mesas_Informadas V="100,00"/>
  <Potencial_Sufragantes V="38753"/>
  <Detalle_Circunscripcion>
    <lin>
      <Circunscripcion V="0"/>
      <Desc_Circunscripcion V="NACIONAL"/>
      <Detalle_Pregunta>
        <lin>
          <Pregunta V="001"/>
          <Total_Sufragantes V="38753"/>
          <Porc_Sufragantes V="100,00"/>
          <Abstencion V="0"/>
          <Porc_Abstencion V="000,00"/>
          <Votos_Validos V="19044"/>
          <Porc_Votos_Validos V="049,14"/>
          <Votos_No_Marcados V="10203"/>
          <Porc_Votos_No_Marcados V="026,32"/>
          <Votos_Nulos V="9506"/>
          <Porc_Votos_Nulos V="024,52"/>
        </lin>
        <lin>
          <Pregunta V="002"/>
          <Total_Sufragantes V="38753"/>
          <Porc_Sufragantes V="100,00"/>
          <Abstencion V="0"/>
          <Porc_Abstencion V="000,00"/>
          <Votos_Validos V="18213"/>
          <Porc_Votos_Validos V="046,99"/>
          <Votos_No_Marcados V="10404"/>
          <Porc_Votos_No_Marcados V="026,84"/>
          <Votos_Nulos V="10136"/>
          <Porc_Votos_Nulos V="026,15"/>
        </lin>
        <lin>
          <Pregunta V="003"/>
          <Total_Sufragantes V="38753"/>
          <Porc_Sufragantes V="100,00"/>
          <Abstencion V="0"/>
          <Porc_Abstencion V="000,00"/>
          <Votos_Validos V="19250"/>
          <Porc_Votos_Validos V="049,67"/>
          <Votos_No_Marcados V="9750"/>
          <Porc_Votos_No_Marcados V="025,15"/>
          <Votos_Nulos V="9753"/>
          <Porc_Votos_Nulos V="025,16"/>
        </lin>
        <lin>
          <Pregunta V="004"/>
          <Total_Sufragantes V="38753"/>
          <Porc_Sufragantes V="100,00"/>
          <Abstencion V="0"/>
          <Porc_Abstencion V="000,00"/>
          <Votos_Validos V="18800"/>
          <Porc_Votos_Validos V="048,51"/>
          <Votos_No_Marcados V="10086"/>
          <Porc_Votos_No_Marcados V="026,02"/>
          <Votos_Nulos V="9867"/>
          <Porc_Votos_Nulos V="025,46"/>
        </lin>
        <lin>
          <Pregunta V="005"/>
          <Total_Sufragantes V="38753"/>
          <Porc_Sufragantes V="100,00"/>
          <Abstencion V="0"/>
          <Porc_Abstencion V="000,00"/>
          <Votos_Validos V="19510"/>
          <Porc_Votos_Validos V="050,34"/>
          <Votos_No_Marcados V="10035"/>
          <Porc_Votos_No_Marcados V="025,89"/>
          <Votos_Nulos V="9208"/>
          <Porc_Votos_Nulos V="023,76"/>
        </lin>
        <lin>
          <Pregunta V="006"/>
          <Total_Sufragantes V="38753"/>
          <Porc_Sufragantes V="100,00"/>
          <Abstencion V="0"/>
          <Porc_Abstencion V="000,00"/>
          <Votos_Validos V="19417"/>
          <Porc_Votos_Validos V="050,10"/>
          <Votos_No_Marcados V="9362"/>
          <Porc_Votos_No_Marcados V="024,15"/>
          <Votos_Nulos V="9974"/>
          <Porc_Votos_Nulos V="025,73"/>
        </lin>
        <lin>
          <Pregunta V="007"/>
          <Total_Sufragantes V="38753"/>
          <Porc_Sufragantes V="100,00"/>
          <Abstencion V="0"/>
          <Porc_Abstencion V="000,00"/>
          <Votos_Validos V="19557"/>
          <Porc_Votos_Validos V="050,46"/>
          <Votos_No_Marcados V="9110"/>
          <Porc_Votos_No_Marcados V="023,50"/>
          <Votos_Nulos V="10086"/>
          <Porc_Votos_Nulos V="026,02"/>
        </lin>
      </Detalle_Pregunta>
      <Detalle_Opcion>
        <lin>
          <Opcion V="001"/>
          <Votos V="9343"/>
          <Porc V="049,06"/>
          <Pregunta V="001"/>
        </lin>
        <lin>
          <Opcion V="002"/>
          <Votos V="9701"/>
          <Porc V="050,93"/>
          <Pregunta V="001"/>
        </lin>
        <lin>
          <Opcion V="001"/>
          <Votos V="9651"/>
          <Porc V="052,98"/>
          <Pregunta V="002"/>
        </lin>
        <lin>
          <Opcion V="002"/>
          <Votos V="8562"/>
          <Porc V="047,01"/>
          <Pregunta V="002"/>
        </lin>
        <lin>
          <Opcion V="001"/>
          <Votos V="9835"/>
          <Porc V="051,09"/>
          <Pregunta V="003"/>
        </lin>
        <lin>
          <Opcion V="002"/>
          <Votos V="9415"/>
          <Porc V="048,90"/>
          <Pregunta V="003"/>
        </lin>
        <lin>
          <Opcion V="001"/>
          <Votos V="9037"/>
          <Porc V="048,06"/>
          <Pregunta V="004"/>
        </lin>
        <lin>
          <Opcion V="002"/>
          <Votos V="9763"/>
          <Porc V="051,93"/>
          <Pregunta V="004"/>
        </lin>
        <lin>
          <Opcion V="001"/>
          <Votos V="8914"/>
          <Porc V="045,68"/>
          <Pregunta V="005"/>
        </lin>
        <lin>
          <Opcion V="002"/>
          <Votos V="10596"/>
          <Porc V="054,31"/>
          <Pregunta V="005"/>
        </lin>
        <lin>
          <Opcion V="001"/>
          <Votos V="9659"/>
          <Porc V="049,74"/>
          <Pregunta V="006"/>
        </lin>
        <lin>
          <Opcion V="002"/>
          <Votos V="9758"/>
          <Porc V="050,25"/>
          <Pregunta V="006"/>
        </lin>
        <lin>
          <Opcion V="001"/>
          <Votos V="9438"/>
          <Porc V="048,25"/>
          <Pregunta V="007"/>
        </lin>
        <lin>
          <Opcion V="002"/>
          <Votos V="10119"/>
          <Porc V="051,74"/>
          <Pregunta V="007"/>
        </lin>
      </Detalle_Opcion>
    </lin>
  </Detalle_Circunscripcion>
</Boletin>
</Boletin_Consolidado>