<Boletin_Consolidado><Boletin>
  <Numero V="0008"/>
  <Boletin_Departamental V="0012"/>
  <Tipo_Boletin V="DEPARTAMENTAL"/>
  <Desc_Corporacion V="CONSULTA POPULAR"/>
  <Departamento V="05"/>
  <Desc_Departamento V="BOLIVAR"/>
  <Municipio V="006"/>
  <Desc_Municipio V="ALTOS DEL ROSARIO"/>
  <Dia V="21"/>
  <Mes V="8"/>
  <Anio V="2018"/>
  <Hora V="14"/>
  <Minuto V="15"/>
  <Mesas_Instaladas V="20"/>
  <Mesas_Informadas V="20"/>
  <Porc_Mesas_Informadas V="100,00"/>
  <Potencial_Sufragantes V="6944"/>
  <Detalle_Circunscripcion>
    <lin>
      <Circunscripcion V="0"/>
      <Desc_Circunscripcion V="NACIONAL"/>
      <Detalle_Pregunta>
        <lin>
          <Pregunta V="001"/>
          <Total_Sufragantes V="6944"/>
          <Porc_Sufragantes V="100,00"/>
          <Abstencion V="0"/>
          <Porc_Abstencion V="000,00"/>
          <Votos_Validos V="3301"/>
          <Porc_Votos_Validos V="047,53"/>
          <Votos_No_Marcados V="1674"/>
          <Porc_Votos_No_Marcados V="024,10"/>
          <Votos_Nulos V="1969"/>
          <Porc_Votos_Nulos V="028,35"/>
        </lin>
        <lin>
          <Pregunta V="002"/>
          <Total_Sufragantes V="6944"/>
          <Porc_Sufragantes V="100,00"/>
          <Abstencion V="0"/>
          <Porc_Abstencion V="000,00"/>
          <Votos_Validos V="3247"/>
          <Porc_Votos_Validos V="046,75"/>
          <Votos_No_Marcados V="1677"/>
          <Porc_Votos_No_Marcados V="024,15"/>
          <Votos_Nulos V="2020"/>
          <Porc_Votos_Nulos V="029,08"/>
        </lin>
        <lin>
          <Pregunta V="003"/>
          <Total_Sufragantes V="6944"/>
          <Porc_Sufragantes V="100,00"/>
          <Abstencion V="0"/>
          <Porc_Abstencion V="000,00"/>
          <Votos_Validos V="2616"/>
          <Porc_Votos_Validos V="037,67"/>
          <Votos_No_Marcados V="1651"/>
          <Porc_Votos_No_Marcados V="023,77"/>
          <Votos_Nulos V="2677"/>
          <Porc_Votos_Nulos V="038,55"/>
        </lin>
        <lin>
          <Pregunta V="004"/>
          <Total_Sufragantes V="6944"/>
          <Porc_Sufragantes V="100,00"/>
          <Abstencion V="0"/>
          <Porc_Abstencion V="000,00"/>
          <Votos_Validos V="3116"/>
          <Porc_Votos_Validos V="044,87"/>
          <Votos_No_Marcados V="1886"/>
          <Porc_Votos_No_Marcados V="027,16"/>
          <Votos_Nulos V="1942"/>
          <Porc_Votos_Nulos V="027,96"/>
        </lin>
        <lin>
          <Pregunta V="005"/>
          <Total_Sufragantes V="6944"/>
          <Porc_Sufragantes V="100,00"/>
          <Abstencion V="0"/>
          <Porc_Abstencion V="000,00"/>
          <Votos_Validos V="3694"/>
          <Porc_Votos_Validos V="053,19"/>
          <Votos_No_Marcados V="1150"/>
          <Porc_Votos_No_Marcados V="016,56"/>
          <Votos_Nulos V="2100"/>
          <Porc_Votos_Nulos V="030,24"/>
        </lin>
        <lin>
          <Pregunta V="006"/>
          <Total_Sufragantes V="6944"/>
          <Porc_Sufragantes V="100,00"/>
          <Abstencion V="0"/>
          <Porc_Abstencion V="000,00"/>
          <Votos_Validos V="3465"/>
          <Porc_Votos_Validos V="049,89"/>
          <Votos_No_Marcados V="2057"/>
          <Porc_Votos_No_Marcados V="029,62"/>
          <Votos_Nulos V="1422"/>
          <Porc_Votos_Nulos V="020,47"/>
        </lin>
        <lin>
          <Pregunta V="007"/>
          <Total_Sufragantes V="6944"/>
          <Porc_Sufragantes V="100,00"/>
          <Abstencion V="0"/>
          <Porc_Abstencion V="000,00"/>
          <Votos_Validos V="2755"/>
          <Porc_Votos_Validos V="039,67"/>
          <Votos_No_Marcados V="2140"/>
          <Porc_Votos_No_Marcados V="030,81"/>
          <Votos_Nulos V="2049"/>
          <Porc_Votos_Nulos V="029,50"/>
        </lin>
      </Detalle_Pregunta>
      <Detalle_Opcion>
        <lin>
          <Opcion V="001"/>
          <Votos V="1763"/>
          <Porc V="053,40"/>
          <Pregunta V="001"/>
        </lin>
        <lin>
          <Opcion V="002"/>
          <Votos V="1538"/>
          <Porc V="046,59"/>
          <Pregunta V="001"/>
        </lin>
        <lin>
          <Opcion V="001"/>
          <Votos V="1897"/>
          <Porc V="058,42"/>
          <Pregunta V="002"/>
        </lin>
        <lin>
          <Opcion V="002"/>
          <Votos V="1350"/>
          <Porc V="041,57"/>
          <Pregunta V="002"/>
        </lin>
        <lin>
          <Opcion V="001"/>
          <Votos V="1393"/>
          <Porc V="053,24"/>
          <Pregunta V="003"/>
        </lin>
        <lin>
          <Opcion V="002"/>
          <Votos V="1223"/>
          <Porc V="046,75"/>
          <Pregunta V="003"/>
        </lin>
        <lin>
          <Opcion V="001"/>
          <Votos V="1619"/>
          <Porc V="051,95"/>
          <Pregunta V="004"/>
        </lin>
        <lin>
          <Opcion V="002"/>
          <Votos V="1497"/>
          <Porc V="048,04"/>
          <Pregunta V="004"/>
        </lin>
        <lin>
          <Opcion V="001"/>
          <Votos V="1223"/>
          <Porc V="033,10"/>
          <Pregunta V="005"/>
        </lin>
        <lin>
          <Opcion V="002"/>
          <Votos V="2471"/>
          <Porc V="066,89"/>
          <Pregunta V="005"/>
        </lin>
        <lin>
          <Opcion V="001"/>
          <Votos V="2025"/>
          <Porc V="058,44"/>
          <Pregunta V="006"/>
        </lin>
        <lin>
          <Opcion V="002"/>
          <Votos V="1440"/>
          <Porc V="041,55"/>
          <Pregunta V="006"/>
        </lin>
        <lin>
          <Opcion V="001"/>
          <Votos V="1459"/>
          <Porc V="052,95"/>
          <Pregunta V="007"/>
        </lin>
        <lin>
          <Opcion V="002"/>
          <Votos V="1296"/>
          <Porc V="047,04"/>
          <Pregunta V="007"/>
        </lin>
      </Detalle_Opcion>
    </lin>
  </Detalle_Circunscripcion>
</Boletin>
</Boletin_Consolidado>