<Boletin_Consolidado><Boletin>
  <Numero V="0008"/>
  <Boletin_Departamental V="0012"/>
  <Tipo_Boletin V="DEPARTAMENTAL"/>
  <Desc_Corporacion V="CONSULTA POPULAR"/>
  <Departamento V="09"/>
  <Desc_Departamento V="CALDAS"/>
  <Municipio V="082"/>
  <Desc_Municipio V="PALESTINA"/>
  <Dia V="21"/>
  <Mes V="8"/>
  <Anio V="2018"/>
  <Hora V="14"/>
  <Minuto V="15"/>
  <Mesas_Instaladas V="41"/>
  <Mesas_Informadas V="41"/>
  <Porc_Mesas_Informadas V="100,00"/>
  <Potencial_Sufragantes V="14990"/>
  <Detalle_Circunscripcion>
    <lin>
      <Circunscripcion V="0"/>
      <Desc_Circunscripcion V="NACIONAL"/>
      <Detalle_Pregunta>
        <lin>
          <Pregunta V="001"/>
          <Total_Sufragantes V="14990"/>
          <Porc_Sufragantes V="100,00"/>
          <Abstencion V="0"/>
          <Porc_Abstencion V="000,00"/>
          <Votos_Validos V="7507"/>
          <Porc_Votos_Validos V="050,08"/>
          <Votos_No_Marcados V="4655"/>
          <Porc_Votos_No_Marcados V="031,05"/>
          <Votos_Nulos V="2828"/>
          <Porc_Votos_Nulos V="018,86"/>
        </lin>
        <lin>
          <Pregunta V="002"/>
          <Total_Sufragantes V="14990"/>
          <Porc_Sufragantes V="100,00"/>
          <Abstencion V="0"/>
          <Porc_Abstencion V="000,00"/>
          <Votos_Validos V="6794"/>
          <Porc_Votos_Validos V="045,32"/>
          <Votos_No_Marcados V="3798"/>
          <Porc_Votos_No_Marcados V="025,33"/>
          <Votos_Nulos V="4398"/>
          <Porc_Votos_Nulos V="029,33"/>
        </lin>
        <lin>
          <Pregunta V="003"/>
          <Total_Sufragantes V="14990"/>
          <Porc_Sufragantes V="100,00"/>
          <Abstencion V="0"/>
          <Porc_Abstencion V="000,00"/>
          <Votos_Validos V="7407"/>
          <Porc_Votos_Validos V="049,41"/>
          <Votos_No_Marcados V="4020"/>
          <Porc_Votos_No_Marcados V="026,81"/>
          <Votos_Nulos V="3563"/>
          <Porc_Votos_Nulos V="023,76"/>
        </lin>
        <lin>
          <Pregunta V="004"/>
          <Total_Sufragantes V="14990"/>
          <Porc_Sufragantes V="100,00"/>
          <Abstencion V="0"/>
          <Porc_Abstencion V="000,00"/>
          <Votos_Validos V="6886"/>
          <Porc_Votos_Validos V="045,93"/>
          <Votos_No_Marcados V="4027"/>
          <Porc_Votos_No_Marcados V="026,86"/>
          <Votos_Nulos V="4077"/>
          <Porc_Votos_Nulos V="027,19"/>
        </lin>
        <lin>
          <Pregunta V="005"/>
          <Total_Sufragantes V="14990"/>
          <Porc_Sufragantes V="100,00"/>
          <Abstencion V="0"/>
          <Porc_Abstencion V="000,00"/>
          <Votos_Validos V="7772"/>
          <Porc_Votos_Validos V="051,84"/>
          <Votos_No_Marcados V="3928"/>
          <Porc_Votos_No_Marcados V="026,20"/>
          <Votos_Nulos V="3290"/>
          <Porc_Votos_Nulos V="021,94"/>
        </lin>
        <lin>
          <Pregunta V="006"/>
          <Total_Sufragantes V="14990"/>
          <Porc_Sufragantes V="100,00"/>
          <Abstencion V="0"/>
          <Porc_Abstencion V="000,00"/>
          <Votos_Validos V="7396"/>
          <Porc_Votos_Validos V="049,33"/>
          <Votos_No_Marcados V="3263"/>
          <Porc_Votos_No_Marcados V="021,76"/>
          <Votos_Nulos V="4331"/>
          <Porc_Votos_Nulos V="028,89"/>
        </lin>
        <lin>
          <Pregunta V="007"/>
          <Total_Sufragantes V="14990"/>
          <Porc_Sufragantes V="100,00"/>
          <Abstencion V="0"/>
          <Porc_Abstencion V="000,00"/>
          <Votos_Validos V="7893"/>
          <Porc_Votos_Validos V="052,65"/>
          <Votos_No_Marcados V="3566"/>
          <Porc_Votos_No_Marcados V="023,78"/>
          <Votos_Nulos V="3531"/>
          <Porc_Votos_Nulos V="023,55"/>
        </lin>
      </Detalle_Pregunta>
      <Detalle_Opcion>
        <lin>
          <Opcion V="001"/>
          <Votos V="4176"/>
          <Porc V="055,62"/>
          <Pregunta V="001"/>
        </lin>
        <lin>
          <Opcion V="002"/>
          <Votos V="3331"/>
          <Porc V="044,37"/>
          <Pregunta V="001"/>
        </lin>
        <lin>
          <Opcion V="001"/>
          <Votos V="3116"/>
          <Porc V="045,86"/>
          <Pregunta V="002"/>
        </lin>
        <lin>
          <Opcion V="002"/>
          <Votos V="3678"/>
          <Porc V="054,13"/>
          <Pregunta V="002"/>
        </lin>
        <lin>
          <Opcion V="001"/>
          <Votos V="3745"/>
          <Porc V="050,56"/>
          <Pregunta V="003"/>
        </lin>
        <lin>
          <Opcion V="002"/>
          <Votos V="3662"/>
          <Porc V="049,43"/>
          <Pregunta V="003"/>
        </lin>
        <lin>
          <Opcion V="001"/>
          <Votos V="3955"/>
          <Porc V="057,43"/>
          <Pregunta V="004"/>
        </lin>
        <lin>
          <Opcion V="002"/>
          <Votos V="2931"/>
          <Porc V="042,56"/>
          <Pregunta V="004"/>
        </lin>
        <lin>
          <Opcion V="001"/>
          <Votos V="3353"/>
          <Porc V="043,14"/>
          <Pregunta V="005"/>
        </lin>
        <lin>
          <Opcion V="002"/>
          <Votos V="4419"/>
          <Porc V="056,85"/>
          <Pregunta V="005"/>
        </lin>
        <lin>
          <Opcion V="001"/>
          <Votos V="3085"/>
          <Porc V="041,71"/>
          <Pregunta V="006"/>
        </lin>
        <lin>
          <Opcion V="002"/>
          <Votos V="4311"/>
          <Porc V="058,28"/>
          <Pregunta V="006"/>
        </lin>
        <lin>
          <Opcion V="001"/>
          <Votos V="4994"/>
          <Porc V="063,27"/>
          <Pregunta V="007"/>
        </lin>
        <lin>
          <Opcion V="002"/>
          <Votos V="2899"/>
          <Porc V="036,72"/>
          <Pregunta V="007"/>
        </lin>
      </Detalle_Opcion>
    </lin>
  </Detalle_Circunscripcion>
</Boletin>
</Boletin_Consolidado>