<Boletin_Consolidado><Boletin>
  <Numero V="0008"/>
  <Boletin_Departamental V="0012"/>
  <Tipo_Boletin V="DEPARTAMENTAL"/>
  <Desc_Corporacion V="CONSULTA POPULAR"/>
  <Departamento V="07"/>
  <Desc_Departamento V="BOYACA"/>
  <Municipio V="205"/>
  <Desc_Municipio V="PISBA"/>
  <Dia V="21"/>
  <Mes V="8"/>
  <Anio V="2018"/>
  <Hora V="14"/>
  <Minuto V="15"/>
  <Mesas_Instaladas V="3"/>
  <Mesas_Informadas V="3"/>
  <Porc_Mesas_Informadas V="100,00"/>
  <Potencial_Sufragantes V="1028"/>
  <Detalle_Circunscripcion>
    <lin>
      <Circunscripcion V="0"/>
      <Desc_Circunscripcion V="NACIONAL"/>
      <Detalle_Pregunta>
        <lin>
          <Pregunta V="001"/>
          <Total_Sufragantes V="1028"/>
          <Porc_Sufragantes V="100,00"/>
          <Abstencion V="0"/>
          <Porc_Abstencion V="000,00"/>
          <Votos_Validos V="568"/>
          <Porc_Votos_Validos V="055,25"/>
          <Votos_No_Marcados V="344"/>
          <Porc_Votos_No_Marcados V="033,46"/>
          <Votos_Nulos V="116"/>
          <Porc_Votos_Nulos V="011,28"/>
        </lin>
        <lin>
          <Pregunta V="002"/>
          <Total_Sufragantes V="1028"/>
          <Porc_Sufragantes V="100,00"/>
          <Abstencion V="0"/>
          <Porc_Abstencion V="000,00"/>
          <Votos_Validos V="503"/>
          <Porc_Votos_Validos V="048,92"/>
          <Votos_No_Marcados V="205"/>
          <Porc_Votos_No_Marcados V="019,94"/>
          <Votos_Nulos V="320"/>
          <Porc_Votos_Nulos V="031,12"/>
        </lin>
        <lin>
          <Pregunta V="003"/>
          <Total_Sufragantes V="1028"/>
          <Porc_Sufragantes V="100,00"/>
          <Abstencion V="0"/>
          <Porc_Abstencion V="000,00"/>
          <Votos_Validos V="333"/>
          <Porc_Votos_Validos V="032,39"/>
          <Votos_No_Marcados V="316"/>
          <Porc_Votos_No_Marcados V="030,73"/>
          <Votos_Nulos V="379"/>
          <Porc_Votos_Nulos V="036,86"/>
        </lin>
        <lin>
          <Pregunta V="004"/>
          <Total_Sufragantes V="1028"/>
          <Porc_Sufragantes V="100,00"/>
          <Abstencion V="0"/>
          <Porc_Abstencion V="000,00"/>
          <Votos_Validos V="419"/>
          <Porc_Votos_Validos V="040,75"/>
          <Votos_No_Marcados V="258"/>
          <Porc_Votos_No_Marcados V="025,09"/>
          <Votos_Nulos V="351"/>
          <Porc_Votos_Nulos V="034,14"/>
        </lin>
        <lin>
          <Pregunta V="005"/>
          <Total_Sufragantes V="1028"/>
          <Porc_Sufragantes V="100,00"/>
          <Abstencion V="0"/>
          <Porc_Abstencion V="000,00"/>
          <Votos_Validos V="456"/>
          <Porc_Votos_Validos V="044,35"/>
          <Votos_No_Marcados V="210"/>
          <Porc_Votos_No_Marcados V="020,42"/>
          <Votos_Nulos V="362"/>
          <Porc_Votos_Nulos V="035,21"/>
        </lin>
        <lin>
          <Pregunta V="006"/>
          <Total_Sufragantes V="1028"/>
          <Porc_Sufragantes V="100,00"/>
          <Abstencion V="0"/>
          <Porc_Abstencion V="000,00"/>
          <Votos_Validos V="576"/>
          <Porc_Votos_Validos V="056,03"/>
          <Votos_No_Marcados V="177"/>
          <Porc_Votos_No_Marcados V="017,21"/>
          <Votos_Nulos V="275"/>
          <Porc_Votos_Nulos V="026,75"/>
        </lin>
        <lin>
          <Pregunta V="007"/>
          <Total_Sufragantes V="1028"/>
          <Porc_Sufragantes V="100,00"/>
          <Abstencion V="0"/>
          <Porc_Abstencion V="000,00"/>
          <Votos_Validos V="440"/>
          <Porc_Votos_Validos V="042,80"/>
          <Votos_No_Marcados V="332"/>
          <Porc_Votos_No_Marcados V="032,29"/>
          <Votos_Nulos V="256"/>
          <Porc_Votos_Nulos V="024,90"/>
        </lin>
      </Detalle_Pregunta>
      <Detalle_Opcion>
        <lin>
          <Opcion V="001"/>
          <Votos V="291"/>
          <Porc V="051,23"/>
          <Pregunta V="001"/>
        </lin>
        <lin>
          <Opcion V="002"/>
          <Votos V="277"/>
          <Porc V="048,76"/>
          <Pregunta V="001"/>
        </lin>
        <lin>
          <Opcion V="001"/>
          <Votos V="304"/>
          <Porc V="060,43"/>
          <Pregunta V="002"/>
        </lin>
        <lin>
          <Opcion V="002"/>
          <Votos V="199"/>
          <Porc V="039,56"/>
          <Pregunta V="002"/>
        </lin>
        <lin>
          <Opcion V="001"/>
          <Votos V="108"/>
          <Porc V="032,43"/>
          <Pregunta V="003"/>
        </lin>
        <lin>
          <Opcion V="002"/>
          <Votos V="225"/>
          <Porc V="067,56"/>
          <Pregunta V="003"/>
        </lin>
        <lin>
          <Opcion V="001"/>
          <Votos V="162"/>
          <Porc V="038,66"/>
          <Pregunta V="004"/>
        </lin>
        <lin>
          <Opcion V="002"/>
          <Votos V="257"/>
          <Porc V="061,33"/>
          <Pregunta V="004"/>
        </lin>
        <lin>
          <Opcion V="001"/>
          <Votos V="262"/>
          <Porc V="057,45"/>
          <Pregunta V="005"/>
        </lin>
        <lin>
          <Opcion V="002"/>
          <Votos V="194"/>
          <Porc V="042,54"/>
          <Pregunta V="005"/>
        </lin>
        <lin>
          <Opcion V="001"/>
          <Votos V="364"/>
          <Porc V="063,19"/>
          <Pregunta V="006"/>
        </lin>
        <lin>
          <Opcion V="002"/>
          <Votos V="212"/>
          <Porc V="036,80"/>
          <Pregunta V="006"/>
        </lin>
        <lin>
          <Opcion V="001"/>
          <Votos V="156"/>
          <Porc V="035,45"/>
          <Pregunta V="007"/>
        </lin>
        <lin>
          <Opcion V="002"/>
          <Votos V="284"/>
          <Porc V="064,54"/>
          <Pregunta V="007"/>
        </lin>
      </Detalle_Opcion>
    </lin>
  </Detalle_Circunscripcion>
</Boletin>
</Boletin_Consolidado>