<Boletin_Consolidado><Boletin>
  <Numero V="0008"/>
  <Boletin_Departamental V="0012"/>
  <Tipo_Boletin V="DEPARTAMENTAL"/>
  <Desc_Corporacion V="CONSULTA POPULAR"/>
  <Departamento V="13"/>
  <Desc_Departamento V="CORDOBA"/>
  <Municipio V="014"/>
  <Desc_Municipio V="COTORRA (BONGO)"/>
  <Dia V="21"/>
  <Mes V="8"/>
  <Anio V="2018"/>
  <Hora V="14"/>
  <Minuto V="15"/>
  <Mesas_Instaladas V="43"/>
  <Mesas_Informadas V="43"/>
  <Porc_Mesas_Informadas V="100,00"/>
  <Potencial_Sufragantes V="14652"/>
  <Detalle_Circunscripcion>
    <lin>
      <Circunscripcion V="0"/>
      <Desc_Circunscripcion V="NACIONAL"/>
      <Detalle_Pregunta>
        <lin>
          <Pregunta V="001"/>
          <Total_Sufragantes V="14652"/>
          <Porc_Sufragantes V="100,00"/>
          <Abstencion V="0"/>
          <Porc_Abstencion V="000,00"/>
          <Votos_Validos V="6568"/>
          <Porc_Votos_Validos V="044,82"/>
          <Votos_No_Marcados V="4498"/>
          <Porc_Votos_No_Marcados V="030,69"/>
          <Votos_Nulos V="3586"/>
          <Porc_Votos_Nulos V="024,47"/>
        </lin>
        <lin>
          <Pregunta V="002"/>
          <Total_Sufragantes V="14652"/>
          <Porc_Sufragantes V="100,00"/>
          <Abstencion V="0"/>
          <Porc_Abstencion V="000,00"/>
          <Votos_Validos V="7568"/>
          <Porc_Votos_Validos V="051,65"/>
          <Votos_No_Marcados V="3302"/>
          <Porc_Votos_No_Marcados V="022,53"/>
          <Votos_Nulos V="3782"/>
          <Porc_Votos_Nulos V="025,81"/>
        </lin>
        <lin>
          <Pregunta V="003"/>
          <Total_Sufragantes V="14652"/>
          <Porc_Sufragantes V="100,00"/>
          <Abstencion V="0"/>
          <Porc_Abstencion V="000,00"/>
          <Votos_Validos V="6856"/>
          <Porc_Votos_Validos V="046,79"/>
          <Votos_No_Marcados V="3891"/>
          <Porc_Votos_No_Marcados V="026,55"/>
          <Votos_Nulos V="3905"/>
          <Porc_Votos_Nulos V="026,65"/>
        </lin>
        <lin>
          <Pregunta V="004"/>
          <Total_Sufragantes V="14652"/>
          <Porc_Sufragantes V="100,00"/>
          <Abstencion V="0"/>
          <Porc_Abstencion V="000,00"/>
          <Votos_Validos V="7195"/>
          <Porc_Votos_Validos V="049,10"/>
          <Votos_No_Marcados V="3520"/>
          <Porc_Votos_No_Marcados V="024,02"/>
          <Votos_Nulos V="3937"/>
          <Porc_Votos_Nulos V="026,87"/>
        </lin>
        <lin>
          <Pregunta V="005"/>
          <Total_Sufragantes V="14652"/>
          <Porc_Sufragantes V="100,00"/>
          <Abstencion V="0"/>
          <Porc_Abstencion V="000,00"/>
          <Votos_Validos V="7660"/>
          <Porc_Votos_Validos V="052,27"/>
          <Votos_No_Marcados V="3631"/>
          <Porc_Votos_No_Marcados V="024,78"/>
          <Votos_Nulos V="3361"/>
          <Porc_Votos_Nulos V="022,93"/>
        </lin>
        <lin>
          <Pregunta V="006"/>
          <Total_Sufragantes V="14652"/>
          <Porc_Sufragantes V="100,00"/>
          <Abstencion V="0"/>
          <Porc_Abstencion V="000,00"/>
          <Votos_Validos V="6674"/>
          <Porc_Votos_Validos V="045,55"/>
          <Votos_No_Marcados V="4146"/>
          <Porc_Votos_No_Marcados V="028,29"/>
          <Votos_Nulos V="3832"/>
          <Porc_Votos_Nulos V="026,15"/>
        </lin>
        <lin>
          <Pregunta V="007"/>
          <Total_Sufragantes V="14652"/>
          <Porc_Sufragantes V="100,00"/>
          <Abstencion V="0"/>
          <Porc_Abstencion V="000,00"/>
          <Votos_Validos V="7311"/>
          <Porc_Votos_Validos V="049,89"/>
          <Votos_No_Marcados V="4659"/>
          <Porc_Votos_No_Marcados V="031,79"/>
          <Votos_Nulos V="2682"/>
          <Porc_Votos_Nulos V="018,30"/>
        </lin>
      </Detalle_Pregunta>
      <Detalle_Opcion>
        <lin>
          <Opcion V="001"/>
          <Votos V="3017"/>
          <Porc V="045,93"/>
          <Pregunta V="001"/>
        </lin>
        <lin>
          <Opcion V="002"/>
          <Votos V="3551"/>
          <Porc V="054,06"/>
          <Pregunta V="001"/>
        </lin>
        <lin>
          <Opcion V="001"/>
          <Votos V="3876"/>
          <Porc V="051,21"/>
          <Pregunta V="002"/>
        </lin>
        <lin>
          <Opcion V="002"/>
          <Votos V="3692"/>
          <Porc V="048,78"/>
          <Pregunta V="002"/>
        </lin>
        <lin>
          <Opcion V="001"/>
          <Votos V="3159"/>
          <Porc V="046,07"/>
          <Pregunta V="003"/>
        </lin>
        <lin>
          <Opcion V="002"/>
          <Votos V="3697"/>
          <Porc V="053,92"/>
          <Pregunta V="003"/>
        </lin>
        <lin>
          <Opcion V="001"/>
          <Votos V="3171"/>
          <Porc V="044,07"/>
          <Pregunta V="004"/>
        </lin>
        <lin>
          <Opcion V="002"/>
          <Votos V="4024"/>
          <Porc V="055,92"/>
          <Pregunta V="004"/>
        </lin>
        <lin>
          <Opcion V="001"/>
          <Votos V="3876"/>
          <Porc V="050,60"/>
          <Pregunta V="005"/>
        </lin>
        <lin>
          <Opcion V="002"/>
          <Votos V="3784"/>
          <Porc V="049,39"/>
          <Pregunta V="005"/>
        </lin>
        <lin>
          <Opcion V="001"/>
          <Votos V="3906"/>
          <Porc V="058,52"/>
          <Pregunta V="006"/>
        </lin>
        <lin>
          <Opcion V="002"/>
          <Votos V="2768"/>
          <Porc V="041,47"/>
          <Pregunta V="006"/>
        </lin>
        <lin>
          <Opcion V="001"/>
          <Votos V="3898"/>
          <Porc V="053,31"/>
          <Pregunta V="007"/>
        </lin>
        <lin>
          <Opcion V="002"/>
          <Votos V="3413"/>
          <Porc V="046,68"/>
          <Pregunta V="007"/>
        </lin>
      </Detalle_Opcion>
    </lin>
  </Detalle_Circunscripcion>
</Boletin>
</Boletin_Consolidado>