<Boletin_Consolidado><Boletin>
  <Numero V="0008"/>
  <Boletin_Departamental V="0012"/>
  <Tipo_Boletin V="DEPARTAMENTAL"/>
  <Desc_Corporacion V="CONSULTA POPULAR"/>
  <Departamento V="11"/>
  <Desc_Departamento V="CAUCA"/>
  <Municipio V="097"/>
  <Desc_Municipio V="TOTORO"/>
  <Dia V="21"/>
  <Mes V="8"/>
  <Anio V="2018"/>
  <Hora V="14"/>
  <Minuto V="15"/>
  <Mesas_Instaladas V="33"/>
  <Mesas_Informadas V="33"/>
  <Porc_Mesas_Informadas V="100,00"/>
  <Potencial_Sufragantes V="11180"/>
  <Detalle_Circunscripcion>
    <lin>
      <Circunscripcion V="0"/>
      <Desc_Circunscripcion V="NACIONAL"/>
      <Detalle_Pregunta>
        <lin>
          <Pregunta V="001"/>
          <Total_Sufragantes V="11180"/>
          <Porc_Sufragantes V="100,00"/>
          <Abstencion V="0"/>
          <Porc_Abstencion V="000,00"/>
          <Votos_Validos V="5870"/>
          <Porc_Votos_Validos V="052,50"/>
          <Votos_No_Marcados V="2926"/>
          <Porc_Votos_No_Marcados V="026,17"/>
          <Votos_Nulos V="2384"/>
          <Porc_Votos_Nulos V="021,32"/>
        </lin>
        <lin>
          <Pregunta V="002"/>
          <Total_Sufragantes V="11180"/>
          <Porc_Sufragantes V="100,00"/>
          <Abstencion V="0"/>
          <Porc_Abstencion V="000,00"/>
          <Votos_Validos V="5878"/>
          <Porc_Votos_Validos V="052,57"/>
          <Votos_No_Marcados V="2513"/>
          <Porc_Votos_No_Marcados V="022,47"/>
          <Votos_Nulos V="2789"/>
          <Porc_Votos_Nulos V="024,94"/>
        </lin>
        <lin>
          <Pregunta V="003"/>
          <Total_Sufragantes V="11180"/>
          <Porc_Sufragantes V="100,00"/>
          <Abstencion V="0"/>
          <Porc_Abstencion V="000,00"/>
          <Votos_Validos V="6072"/>
          <Porc_Votos_Validos V="054,31"/>
          <Votos_No_Marcados V="2753"/>
          <Porc_Votos_No_Marcados V="024,62"/>
          <Votos_Nulos V="2355"/>
          <Porc_Votos_Nulos V="021,06"/>
        </lin>
        <lin>
          <Pregunta V="004"/>
          <Total_Sufragantes V="11180"/>
          <Porc_Sufragantes V="100,00"/>
          <Abstencion V="0"/>
          <Porc_Abstencion V="000,00"/>
          <Votos_Validos V="5043"/>
          <Porc_Votos_Validos V="045,10"/>
          <Votos_No_Marcados V="3133"/>
          <Porc_Votos_No_Marcados V="028,02"/>
          <Votos_Nulos V="3004"/>
          <Porc_Votos_Nulos V="026,86"/>
        </lin>
        <lin>
          <Pregunta V="005"/>
          <Total_Sufragantes V="11180"/>
          <Porc_Sufragantes V="100,00"/>
          <Abstencion V="0"/>
          <Porc_Abstencion V="000,00"/>
          <Votos_Validos V="5734"/>
          <Porc_Votos_Validos V="051,28"/>
          <Votos_No_Marcados V="3047"/>
          <Porc_Votos_No_Marcados V="027,25"/>
          <Votos_Nulos V="2399"/>
          <Porc_Votos_Nulos V="021,45"/>
        </lin>
        <lin>
          <Pregunta V="006"/>
          <Total_Sufragantes V="11180"/>
          <Porc_Sufragantes V="100,00"/>
          <Abstencion V="0"/>
          <Porc_Abstencion V="000,00"/>
          <Votos_Validos V="5430"/>
          <Porc_Votos_Validos V="048,56"/>
          <Votos_No_Marcados V="2980"/>
          <Porc_Votos_No_Marcados V="026,65"/>
          <Votos_Nulos V="2770"/>
          <Porc_Votos_Nulos V="024,77"/>
        </lin>
        <lin>
          <Pregunta V="007"/>
          <Total_Sufragantes V="11180"/>
          <Porc_Sufragantes V="100,00"/>
          <Abstencion V="0"/>
          <Porc_Abstencion V="000,00"/>
          <Votos_Validos V="5368"/>
          <Porc_Votos_Validos V="048,01"/>
          <Votos_No_Marcados V="2839"/>
          <Porc_Votos_No_Marcados V="025,39"/>
          <Votos_Nulos V="2973"/>
          <Porc_Votos_Nulos V="026,59"/>
        </lin>
      </Detalle_Pregunta>
      <Detalle_Opcion>
        <lin>
          <Opcion V="001"/>
          <Votos V="2782"/>
          <Porc V="047,39"/>
          <Pregunta V="001"/>
        </lin>
        <lin>
          <Opcion V="002"/>
          <Votos V="3088"/>
          <Porc V="052,60"/>
          <Pregunta V="001"/>
        </lin>
        <lin>
          <Opcion V="001"/>
          <Votos V="2310"/>
          <Porc V="039,29"/>
          <Pregunta V="002"/>
        </lin>
        <lin>
          <Opcion V="002"/>
          <Votos V="3568"/>
          <Porc V="060,70"/>
          <Pregunta V="002"/>
        </lin>
        <lin>
          <Opcion V="001"/>
          <Votos V="3056"/>
          <Porc V="050,32"/>
          <Pregunta V="003"/>
        </lin>
        <lin>
          <Opcion V="002"/>
          <Votos V="3016"/>
          <Porc V="049,67"/>
          <Pregunta V="003"/>
        </lin>
        <lin>
          <Opcion V="001"/>
          <Votos V="2442"/>
          <Porc V="048,42"/>
          <Pregunta V="004"/>
        </lin>
        <lin>
          <Opcion V="002"/>
          <Votos V="2601"/>
          <Porc V="051,57"/>
          <Pregunta V="004"/>
        </lin>
        <lin>
          <Opcion V="001"/>
          <Votos V="2857"/>
          <Porc V="049,82"/>
          <Pregunta V="005"/>
        </lin>
        <lin>
          <Opcion V="002"/>
          <Votos V="2877"/>
          <Porc V="050,17"/>
          <Pregunta V="005"/>
        </lin>
        <lin>
          <Opcion V="001"/>
          <Votos V="2954"/>
          <Porc V="054,40"/>
          <Pregunta V="006"/>
        </lin>
        <lin>
          <Opcion V="002"/>
          <Votos V="2476"/>
          <Porc V="045,59"/>
          <Pregunta V="006"/>
        </lin>
        <lin>
          <Opcion V="001"/>
          <Votos V="2467"/>
          <Porc V="045,95"/>
          <Pregunta V="007"/>
        </lin>
        <lin>
          <Opcion V="002"/>
          <Votos V="2901"/>
          <Porc V="054,04"/>
          <Pregunta V="007"/>
        </lin>
      </Detalle_Opcion>
    </lin>
  </Detalle_Circunscripcion>
</Boletin>
</Boletin_Consolidado>