<Boletin_Consolidado><Boletin>
  <Numero V="0008"/>
  <Boletin_Departamental V="0012"/>
  <Tipo_Boletin V="DEPARTAMENTAL"/>
  <Desc_Corporacion V="CONSULTA POPULAR"/>
  <Departamento V="12"/>
  <Desc_Departamento V="CESAR"/>
  <Municipio V="150"/>
  <Desc_Municipio V="AGUSTIN CODAZZI"/>
  <Dia V="21"/>
  <Mes V="8"/>
  <Anio V="2018"/>
  <Hora V="14"/>
  <Minuto V="15"/>
  <Mesas_Instaladas V="117"/>
  <Mesas_Informadas V="117"/>
  <Porc_Mesas_Informadas V="100,00"/>
  <Potencial_Sufragantes V="46994"/>
  <Detalle_Circunscripcion>
    <lin>
      <Circunscripcion V="0"/>
      <Desc_Circunscripcion V="NACIONAL"/>
      <Detalle_Pregunta>
        <lin>
          <Pregunta V="001"/>
          <Total_Sufragantes V="46994"/>
          <Porc_Sufragantes V="100,00"/>
          <Abstencion V="0"/>
          <Porc_Abstencion V="000,00"/>
          <Votos_Validos V="22011"/>
          <Porc_Votos_Validos V="046,83"/>
          <Votos_No_Marcados V="12879"/>
          <Porc_Votos_No_Marcados V="027,40"/>
          <Votos_Nulos V="12104"/>
          <Porc_Votos_Nulos V="025,75"/>
        </lin>
        <lin>
          <Pregunta V="002"/>
          <Total_Sufragantes V="46994"/>
          <Porc_Sufragantes V="100,00"/>
          <Abstencion V="0"/>
          <Porc_Abstencion V="000,00"/>
          <Votos_Validos V="23437"/>
          <Porc_Votos_Validos V="049,87"/>
          <Votos_No_Marcados V="11716"/>
          <Porc_Votos_No_Marcados V="024,93"/>
          <Votos_Nulos V="11841"/>
          <Porc_Votos_Nulos V="025,19"/>
        </lin>
        <lin>
          <Pregunta V="003"/>
          <Total_Sufragantes V="46994"/>
          <Porc_Sufragantes V="100,00"/>
          <Abstencion V="0"/>
          <Porc_Abstencion V="000,00"/>
          <Votos_Validos V="22018"/>
          <Porc_Votos_Validos V="046,85"/>
          <Votos_No_Marcados V="12636"/>
          <Porc_Votos_No_Marcados V="026,88"/>
          <Votos_Nulos V="12340"/>
          <Porc_Votos_Nulos V="026,25"/>
        </lin>
        <lin>
          <Pregunta V="004"/>
          <Total_Sufragantes V="46994"/>
          <Porc_Sufragantes V="100,00"/>
          <Abstencion V="0"/>
          <Porc_Abstencion V="000,00"/>
          <Votos_Validos V="23307"/>
          <Porc_Votos_Validos V="049,59"/>
          <Votos_No_Marcados V="11588"/>
          <Porc_Votos_No_Marcados V="024,65"/>
          <Votos_Nulos V="12099"/>
          <Porc_Votos_Nulos V="025,74"/>
        </lin>
        <lin>
          <Pregunta V="005"/>
          <Total_Sufragantes V="46994"/>
          <Porc_Sufragantes V="100,00"/>
          <Abstencion V="0"/>
          <Porc_Abstencion V="000,00"/>
          <Votos_Validos V="23487"/>
          <Porc_Votos_Validos V="049,97"/>
          <Votos_No_Marcados V="12360"/>
          <Porc_Votos_No_Marcados V="026,30"/>
          <Votos_Nulos V="11147"/>
          <Porc_Votos_Nulos V="023,72"/>
        </lin>
        <lin>
          <Pregunta V="006"/>
          <Total_Sufragantes V="46994"/>
          <Porc_Sufragantes V="100,00"/>
          <Abstencion V="0"/>
          <Porc_Abstencion V="000,00"/>
          <Votos_Validos V="24298"/>
          <Porc_Votos_Validos V="051,70"/>
          <Votos_No_Marcados V="11416"/>
          <Porc_Votos_No_Marcados V="024,29"/>
          <Votos_Nulos V="11280"/>
          <Porc_Votos_Nulos V="024,00"/>
        </lin>
        <lin>
          <Pregunta V="007"/>
          <Total_Sufragantes V="46994"/>
          <Porc_Sufragantes V="100,00"/>
          <Abstencion V="0"/>
          <Porc_Abstencion V="000,00"/>
          <Votos_Validos V="24386"/>
          <Porc_Votos_Validos V="051,89"/>
          <Votos_No_Marcados V="11801"/>
          <Porc_Votos_No_Marcados V="025,11"/>
          <Votos_Nulos V="10807"/>
          <Porc_Votos_Nulos V="022,99"/>
        </lin>
      </Detalle_Pregunta>
      <Detalle_Opcion>
        <lin>
          <Opcion V="001"/>
          <Votos V="11298"/>
          <Porc V="051,32"/>
          <Pregunta V="001"/>
        </lin>
        <lin>
          <Opcion V="002"/>
          <Votos V="10713"/>
          <Porc V="048,67"/>
          <Pregunta V="001"/>
        </lin>
        <lin>
          <Opcion V="001"/>
          <Votos V="11305"/>
          <Porc V="048,23"/>
          <Pregunta V="002"/>
        </lin>
        <lin>
          <Opcion V="002"/>
          <Votos V="12132"/>
          <Porc V="051,76"/>
          <Pregunta V="002"/>
        </lin>
        <lin>
          <Opcion V="001"/>
          <Votos V="12747"/>
          <Porc V="057,89"/>
          <Pregunta V="003"/>
        </lin>
        <lin>
          <Opcion V="002"/>
          <Votos V="9271"/>
          <Porc V="042,10"/>
          <Pregunta V="003"/>
        </lin>
        <lin>
          <Opcion V="001"/>
          <Votos V="11921"/>
          <Porc V="051,14"/>
          <Pregunta V="004"/>
        </lin>
        <lin>
          <Opcion V="002"/>
          <Votos V="11386"/>
          <Porc V="048,85"/>
          <Pregunta V="004"/>
        </lin>
        <lin>
          <Opcion V="001"/>
          <Votos V="12220"/>
          <Porc V="052,02"/>
          <Pregunta V="005"/>
        </lin>
        <lin>
          <Opcion V="002"/>
          <Votos V="11267"/>
          <Porc V="047,97"/>
          <Pregunta V="005"/>
        </lin>
        <lin>
          <Opcion V="001"/>
          <Votos V="11730"/>
          <Porc V="048,27"/>
          <Pregunta V="006"/>
        </lin>
        <lin>
          <Opcion V="002"/>
          <Votos V="12568"/>
          <Porc V="051,72"/>
          <Pregunta V="006"/>
        </lin>
        <lin>
          <Opcion V="001"/>
          <Votos V="10918"/>
          <Porc V="044,77"/>
          <Pregunta V="007"/>
        </lin>
        <lin>
          <Opcion V="002"/>
          <Votos V="13468"/>
          <Porc V="055,22"/>
          <Pregunta V="007"/>
        </lin>
      </Detalle_Opcion>
    </lin>
  </Detalle_Circunscripcion>
</Boletin>
</Boletin_Consolidado>