<Boletin_Consolidado><Boletin>
  <Numero V="0008"/>
  <Boletin_Departamental V="0012"/>
  <Tipo_Boletin V="DEPARTAMENTAL"/>
  <Desc_Corporacion V="CONSULTA POPULAR"/>
  <Departamento V="07"/>
  <Desc_Departamento V="BOYACA"/>
  <Municipio V="215"/>
  <Desc_Municipio V="QUIPAMA"/>
  <Dia V="21"/>
  <Mes V="8"/>
  <Anio V="2018"/>
  <Hora V="14"/>
  <Minuto V="15"/>
  <Mesas_Instaladas V="16"/>
  <Mesas_Informadas V="16"/>
  <Porc_Mesas_Informadas V="100,00"/>
  <Potencial_Sufragantes V="5073"/>
  <Detalle_Circunscripcion>
    <lin>
      <Circunscripcion V="0"/>
      <Desc_Circunscripcion V="NACIONAL"/>
      <Detalle_Pregunta>
        <lin>
          <Pregunta V="001"/>
          <Total_Sufragantes V="5073"/>
          <Porc_Sufragantes V="100,00"/>
          <Abstencion V="0"/>
          <Porc_Abstencion V="000,00"/>
          <Votos_Validos V="2139"/>
          <Porc_Votos_Validos V="042,16"/>
          <Votos_No_Marcados V="1349"/>
          <Porc_Votos_No_Marcados V="026,59"/>
          <Votos_Nulos V="1585"/>
          <Porc_Votos_Nulos V="031,24"/>
        </lin>
        <lin>
          <Pregunta V="002"/>
          <Total_Sufragantes V="5073"/>
          <Porc_Sufragantes V="100,00"/>
          <Abstencion V="0"/>
          <Porc_Abstencion V="000,00"/>
          <Votos_Validos V="2759"/>
          <Porc_Votos_Validos V="054,38"/>
          <Votos_No_Marcados V="1008"/>
          <Porc_Votos_No_Marcados V="019,86"/>
          <Votos_Nulos V="1306"/>
          <Porc_Votos_Nulos V="025,74"/>
        </lin>
        <lin>
          <Pregunta V="003"/>
          <Total_Sufragantes V="5073"/>
          <Porc_Sufragantes V="100,00"/>
          <Abstencion V="0"/>
          <Porc_Abstencion V="000,00"/>
          <Votos_Validos V="2584"/>
          <Porc_Votos_Validos V="050,93"/>
          <Votos_No_Marcados V="1292"/>
          <Porc_Votos_No_Marcados V="025,46"/>
          <Votos_Nulos V="1197"/>
          <Porc_Votos_Nulos V="023,59"/>
        </lin>
        <lin>
          <Pregunta V="004"/>
          <Total_Sufragantes V="5073"/>
          <Porc_Sufragantes V="100,00"/>
          <Abstencion V="0"/>
          <Porc_Abstencion V="000,00"/>
          <Votos_Validos V="2239"/>
          <Porc_Votos_Validos V="044,13"/>
          <Votos_No_Marcados V="1082"/>
          <Porc_Votos_No_Marcados V="021,32"/>
          <Votos_Nulos V="1752"/>
          <Porc_Votos_Nulos V="034,53"/>
        </lin>
        <lin>
          <Pregunta V="005"/>
          <Total_Sufragantes V="5073"/>
          <Porc_Sufragantes V="100,00"/>
          <Abstencion V="0"/>
          <Porc_Abstencion V="000,00"/>
          <Votos_Validos V="2467"/>
          <Porc_Votos_Validos V="048,63"/>
          <Votos_No_Marcados V="1178"/>
          <Porc_Votos_No_Marcados V="023,22"/>
          <Votos_Nulos V="1428"/>
          <Porc_Votos_Nulos V="028,14"/>
        </lin>
        <lin>
          <Pregunta V="006"/>
          <Total_Sufragantes V="5073"/>
          <Porc_Sufragantes V="100,00"/>
          <Abstencion V="0"/>
          <Porc_Abstencion V="000,00"/>
          <Votos_Validos V="2688"/>
          <Porc_Votos_Validos V="052,98"/>
          <Votos_No_Marcados V="1046"/>
          <Porc_Votos_No_Marcados V="020,61"/>
          <Votos_Nulos V="1339"/>
          <Porc_Votos_Nulos V="026,39"/>
        </lin>
        <lin>
          <Pregunta V="007"/>
          <Total_Sufragantes V="5073"/>
          <Porc_Sufragantes V="100,00"/>
          <Abstencion V="0"/>
          <Porc_Abstencion V="000,00"/>
          <Votos_Validos V="2673"/>
          <Porc_Votos_Validos V="052,69"/>
          <Votos_No_Marcados V="1044"/>
          <Porc_Votos_No_Marcados V="020,57"/>
          <Votos_Nulos V="1356"/>
          <Porc_Votos_Nulos V="026,72"/>
        </lin>
      </Detalle_Pregunta>
      <Detalle_Opcion>
        <lin>
          <Opcion V="001"/>
          <Votos V="812"/>
          <Porc V="037,96"/>
          <Pregunta V="001"/>
        </lin>
        <lin>
          <Opcion V="002"/>
          <Votos V="1327"/>
          <Porc V="062,03"/>
          <Pregunta V="001"/>
        </lin>
        <lin>
          <Opcion V="001"/>
          <Votos V="1491"/>
          <Porc V="054,04"/>
          <Pregunta V="002"/>
        </lin>
        <lin>
          <Opcion V="002"/>
          <Votos V="1268"/>
          <Porc V="045,95"/>
          <Pregunta V="002"/>
        </lin>
        <lin>
          <Opcion V="001"/>
          <Votos V="1021"/>
          <Porc V="039,51"/>
          <Pregunta V="003"/>
        </lin>
        <lin>
          <Opcion V="002"/>
          <Votos V="1563"/>
          <Porc V="060,48"/>
          <Pregunta V="003"/>
        </lin>
        <lin>
          <Opcion V="001"/>
          <Votos V="963"/>
          <Porc V="043,01"/>
          <Pregunta V="004"/>
        </lin>
        <lin>
          <Opcion V="002"/>
          <Votos V="1276"/>
          <Porc V="056,98"/>
          <Pregunta V="004"/>
        </lin>
        <lin>
          <Opcion V="001"/>
          <Votos V="1235"/>
          <Porc V="050,06"/>
          <Pregunta V="005"/>
        </lin>
        <lin>
          <Opcion V="002"/>
          <Votos V="1232"/>
          <Porc V="049,93"/>
          <Pregunta V="005"/>
        </lin>
        <lin>
          <Opcion V="001"/>
          <Votos V="1390"/>
          <Porc V="051,71"/>
          <Pregunta V="006"/>
        </lin>
        <lin>
          <Opcion V="002"/>
          <Votos V="1298"/>
          <Porc V="048,28"/>
          <Pregunta V="006"/>
        </lin>
        <lin>
          <Opcion V="001"/>
          <Votos V="1363"/>
          <Porc V="050,99"/>
          <Pregunta V="007"/>
        </lin>
        <lin>
          <Opcion V="002"/>
          <Votos V="1310"/>
          <Porc V="049,00"/>
          <Pregunta V="007"/>
        </lin>
      </Detalle_Opcion>
    </lin>
  </Detalle_Circunscripcion>
</Boletin>
</Boletin_Consolidado>