<Boletin_Consolidado><Boletin>
  <Numero V="0008"/>
  <Boletin_Departamental V="0012"/>
  <Tipo_Boletin V="DEPARTAMENTAL"/>
  <Desc_Corporacion V="CONSULTA POPULAR"/>
  <Departamento V="15"/>
  <Desc_Departamento V="CUNDINAMARCA"/>
  <Municipio V="010"/>
  <Desc_Municipio V="ANAPOIMA"/>
  <Dia V="21"/>
  <Mes V="8"/>
  <Anio V="2018"/>
  <Hora V="14"/>
  <Minuto V="15"/>
  <Mesas_Instaladas V="33"/>
  <Mesas_Informadas V="33"/>
  <Porc_Mesas_Informadas V="100,00"/>
  <Potencial_Sufragantes V="11920"/>
  <Detalle_Circunscripcion>
    <lin>
      <Circunscripcion V="0"/>
      <Desc_Circunscripcion V="NACIONAL"/>
      <Detalle_Pregunta>
        <lin>
          <Pregunta V="001"/>
          <Total_Sufragantes V="11920"/>
          <Porc_Sufragantes V="100,00"/>
          <Abstencion V="0"/>
          <Porc_Abstencion V="000,00"/>
          <Votos_Validos V="6734"/>
          <Porc_Votos_Validos V="056,49"/>
          <Votos_No_Marcados V="2433"/>
          <Porc_Votos_No_Marcados V="020,41"/>
          <Votos_Nulos V="2753"/>
          <Porc_Votos_Nulos V="023,09"/>
        </lin>
        <lin>
          <Pregunta V="002"/>
          <Total_Sufragantes V="11920"/>
          <Porc_Sufragantes V="100,00"/>
          <Abstencion V="0"/>
          <Porc_Abstencion V="000,00"/>
          <Votos_Validos V="6169"/>
          <Porc_Votos_Validos V="051,75"/>
          <Votos_No_Marcados V="2870"/>
          <Porc_Votos_No_Marcados V="024,07"/>
          <Votos_Nulos V="2881"/>
          <Porc_Votos_Nulos V="024,16"/>
        </lin>
        <lin>
          <Pregunta V="003"/>
          <Total_Sufragantes V="11920"/>
          <Porc_Sufragantes V="100,00"/>
          <Abstencion V="0"/>
          <Porc_Abstencion V="000,00"/>
          <Votos_Validos V="5809"/>
          <Porc_Votos_Validos V="048,73"/>
          <Votos_No_Marcados V="2569"/>
          <Porc_Votos_No_Marcados V="021,55"/>
          <Votos_Nulos V="3542"/>
          <Porc_Votos_Nulos V="029,71"/>
        </lin>
        <lin>
          <Pregunta V="004"/>
          <Total_Sufragantes V="11920"/>
          <Porc_Sufragantes V="100,00"/>
          <Abstencion V="0"/>
          <Porc_Abstencion V="000,00"/>
          <Votos_Validos V="6080"/>
          <Porc_Votos_Validos V="051,00"/>
          <Votos_No_Marcados V="2536"/>
          <Porc_Votos_No_Marcados V="021,27"/>
          <Votos_Nulos V="3304"/>
          <Porc_Votos_Nulos V="027,71"/>
        </lin>
        <lin>
          <Pregunta V="005"/>
          <Total_Sufragantes V="11920"/>
          <Porc_Sufragantes V="100,00"/>
          <Abstencion V="0"/>
          <Porc_Abstencion V="000,00"/>
          <Votos_Validos V="5764"/>
          <Porc_Votos_Validos V="048,35"/>
          <Votos_No_Marcados V="3125"/>
          <Porc_Votos_No_Marcados V="026,21"/>
          <Votos_Nulos V="3031"/>
          <Porc_Votos_Nulos V="025,42"/>
        </lin>
        <lin>
          <Pregunta V="006"/>
          <Total_Sufragantes V="11920"/>
          <Porc_Sufragantes V="100,00"/>
          <Abstencion V="0"/>
          <Porc_Abstencion V="000,00"/>
          <Votos_Validos V="5725"/>
          <Porc_Votos_Validos V="048,02"/>
          <Votos_No_Marcados V="3418"/>
          <Porc_Votos_No_Marcados V="028,67"/>
          <Votos_Nulos V="2777"/>
          <Porc_Votos_Nulos V="023,29"/>
        </lin>
        <lin>
          <Pregunta V="007"/>
          <Total_Sufragantes V="11920"/>
          <Porc_Sufragantes V="100,00"/>
          <Abstencion V="0"/>
          <Porc_Abstencion V="000,00"/>
          <Votos_Validos V="5604"/>
          <Porc_Votos_Validos V="047,01"/>
          <Votos_No_Marcados V="3690"/>
          <Porc_Votos_No_Marcados V="030,95"/>
          <Votos_Nulos V="2626"/>
          <Porc_Votos_Nulos V="022,03"/>
        </lin>
      </Detalle_Pregunta>
      <Detalle_Opcion>
        <lin>
          <Opcion V="001"/>
          <Votos V="3047"/>
          <Porc V="045,24"/>
          <Pregunta V="001"/>
        </lin>
        <lin>
          <Opcion V="002"/>
          <Votos V="3687"/>
          <Porc V="054,75"/>
          <Pregunta V="001"/>
        </lin>
        <lin>
          <Opcion V="001"/>
          <Votos V="2702"/>
          <Porc V="043,79"/>
          <Pregunta V="002"/>
        </lin>
        <lin>
          <Opcion V="002"/>
          <Votos V="3467"/>
          <Porc V="056,20"/>
          <Pregunta V="002"/>
        </lin>
        <lin>
          <Opcion V="001"/>
          <Votos V="3036"/>
          <Porc V="052,26"/>
          <Pregunta V="003"/>
        </lin>
        <lin>
          <Opcion V="002"/>
          <Votos V="2773"/>
          <Porc V="047,73"/>
          <Pregunta V="003"/>
        </lin>
        <lin>
          <Opcion V="001"/>
          <Votos V="3215"/>
          <Porc V="052,87"/>
          <Pregunta V="004"/>
        </lin>
        <lin>
          <Opcion V="002"/>
          <Votos V="2865"/>
          <Porc V="047,12"/>
          <Pregunta V="004"/>
        </lin>
        <lin>
          <Opcion V="001"/>
          <Votos V="3028"/>
          <Porc V="052,53"/>
          <Pregunta V="005"/>
        </lin>
        <lin>
          <Opcion V="002"/>
          <Votos V="2736"/>
          <Porc V="047,46"/>
          <Pregunta V="005"/>
        </lin>
        <lin>
          <Opcion V="001"/>
          <Votos V="2680"/>
          <Porc V="046,81"/>
          <Pregunta V="006"/>
        </lin>
        <lin>
          <Opcion V="002"/>
          <Votos V="3045"/>
          <Porc V="053,18"/>
          <Pregunta V="006"/>
        </lin>
        <lin>
          <Opcion V="001"/>
          <Votos V="3071"/>
          <Porc V="054,80"/>
          <Pregunta V="007"/>
        </lin>
        <lin>
          <Opcion V="002"/>
          <Votos V="2533"/>
          <Porc V="045,19"/>
          <Pregunta V="007"/>
        </lin>
      </Detalle_Opcion>
    </lin>
  </Detalle_Circunscripcion>
</Boletin>
</Boletin_Consolidado>