<Boletin_Consolidado><Boletin>
  <Numero V="0008"/>
  <Boletin_Departamental V="0012"/>
  <Tipo_Boletin V="DEPARTAMENTAL"/>
  <Desc_Corporacion V="CONSULTA POPULAR"/>
  <Departamento V="01"/>
  <Desc_Departamento V="ANTIOQUIA"/>
  <Municipio V="178"/>
  <Desc_Municipio V="MARINILLA"/>
  <Dia V="21"/>
  <Mes V="8"/>
  <Anio V="2018"/>
  <Hora V="14"/>
  <Minuto V="15"/>
  <Mesas_Instaladas V="96"/>
  <Mesas_Informadas V="96"/>
  <Porc_Mesas_Informadas V="100,00"/>
  <Potencial_Sufragantes V="41521"/>
  <Detalle_Circunscripcion>
    <lin>
      <Circunscripcion V="0"/>
      <Desc_Circunscripcion V="NACIONAL"/>
      <Detalle_Pregunta>
        <lin>
          <Pregunta V="001"/>
          <Total_Sufragantes V="41521"/>
          <Porc_Sufragantes V="100,00"/>
          <Abstencion V="0"/>
          <Porc_Abstencion V="000,00"/>
          <Votos_Validos V="20051"/>
          <Porc_Votos_Validos V="048,29"/>
          <Votos_No_Marcados V="11546"/>
          <Porc_Votos_No_Marcados V="027,80"/>
          <Votos_Nulos V="9924"/>
          <Porc_Votos_Nulos V="023,90"/>
        </lin>
        <lin>
          <Pregunta V="002"/>
          <Total_Sufragantes V="41521"/>
          <Porc_Sufragantes V="100,00"/>
          <Abstencion V="0"/>
          <Porc_Abstencion V="000,00"/>
          <Votos_Validos V="22203"/>
          <Porc_Votos_Validos V="053,47"/>
          <Votos_No_Marcados V="9016"/>
          <Porc_Votos_No_Marcados V="021,71"/>
          <Votos_Nulos V="10302"/>
          <Porc_Votos_Nulos V="024,81"/>
        </lin>
        <lin>
          <Pregunta V="003"/>
          <Total_Sufragantes V="41521"/>
          <Porc_Sufragantes V="100,00"/>
          <Abstencion V="0"/>
          <Porc_Abstencion V="000,00"/>
          <Votos_Validos V="20920"/>
          <Porc_Votos_Validos V="050,38"/>
          <Votos_No_Marcados V="11214"/>
          <Porc_Votos_No_Marcados V="027,00"/>
          <Votos_Nulos V="9387"/>
          <Porc_Votos_Nulos V="022,60"/>
        </lin>
        <lin>
          <Pregunta V="004"/>
          <Total_Sufragantes V="41521"/>
          <Porc_Sufragantes V="100,00"/>
          <Abstencion V="0"/>
          <Porc_Abstencion V="000,00"/>
          <Votos_Validos V="20972"/>
          <Porc_Votos_Validos V="050,50"/>
          <Votos_No_Marcados V="10398"/>
          <Porc_Votos_No_Marcados V="025,04"/>
          <Votos_Nulos V="10151"/>
          <Porc_Votos_Nulos V="024,44"/>
        </lin>
        <lin>
          <Pregunta V="005"/>
          <Total_Sufragantes V="41521"/>
          <Porc_Sufragantes V="100,00"/>
          <Abstencion V="0"/>
          <Porc_Abstencion V="000,00"/>
          <Votos_Validos V="20988"/>
          <Porc_Votos_Validos V="050,54"/>
          <Votos_No_Marcados V="10417"/>
          <Porc_Votos_No_Marcados V="025,08"/>
          <Votos_Nulos V="10116"/>
          <Porc_Votos_Nulos V="024,36"/>
        </lin>
        <lin>
          <Pregunta V="006"/>
          <Total_Sufragantes V="41521"/>
          <Porc_Sufragantes V="100,00"/>
          <Abstencion V="0"/>
          <Porc_Abstencion V="000,00"/>
          <Votos_Validos V="19312"/>
          <Porc_Votos_Validos V="046,51"/>
          <Votos_No_Marcados V="11764"/>
          <Porc_Votos_No_Marcados V="028,33"/>
          <Votos_Nulos V="10445"/>
          <Porc_Votos_Nulos V="025,15"/>
        </lin>
        <lin>
          <Pregunta V="007"/>
          <Total_Sufragantes V="41521"/>
          <Porc_Sufragantes V="100,00"/>
          <Abstencion V="0"/>
          <Porc_Abstencion V="000,00"/>
          <Votos_Validos V="20852"/>
          <Porc_Votos_Validos V="050,22"/>
          <Votos_No_Marcados V="9827"/>
          <Porc_Votos_No_Marcados V="023,66"/>
          <Votos_Nulos V="10842"/>
          <Porc_Votos_Nulos V="026,11"/>
        </lin>
      </Detalle_Pregunta>
      <Detalle_Opcion>
        <lin>
          <Opcion V="001"/>
          <Votos V="10022"/>
          <Porc V="049,98"/>
          <Pregunta V="001"/>
        </lin>
        <lin>
          <Opcion V="002"/>
          <Votos V="10029"/>
          <Porc V="050,01"/>
          <Pregunta V="001"/>
        </lin>
        <lin>
          <Opcion V="001"/>
          <Votos V="12615"/>
          <Porc V="056,81"/>
          <Pregunta V="002"/>
        </lin>
        <lin>
          <Opcion V="002"/>
          <Votos V="9588"/>
          <Porc V="043,18"/>
          <Pregunta V="002"/>
        </lin>
        <lin>
          <Opcion V="001"/>
          <Votos V="10262"/>
          <Porc V="049,05"/>
          <Pregunta V="003"/>
        </lin>
        <lin>
          <Opcion V="002"/>
          <Votos V="10658"/>
          <Porc V="050,94"/>
          <Pregunta V="003"/>
        </lin>
        <lin>
          <Opcion V="001"/>
          <Votos V="10327"/>
          <Porc V="049,24"/>
          <Pregunta V="004"/>
        </lin>
        <lin>
          <Opcion V="002"/>
          <Votos V="10645"/>
          <Porc V="050,75"/>
          <Pregunta V="004"/>
        </lin>
        <lin>
          <Opcion V="001"/>
          <Votos V="9497"/>
          <Porc V="045,24"/>
          <Pregunta V="005"/>
        </lin>
        <lin>
          <Opcion V="002"/>
          <Votos V="11491"/>
          <Porc V="054,75"/>
          <Pregunta V="005"/>
        </lin>
        <lin>
          <Opcion V="001"/>
          <Votos V="9482"/>
          <Porc V="049,09"/>
          <Pregunta V="006"/>
        </lin>
        <lin>
          <Opcion V="002"/>
          <Votos V="9830"/>
          <Porc V="050,90"/>
          <Pregunta V="006"/>
        </lin>
        <lin>
          <Opcion V="001"/>
          <Votos V="10875"/>
          <Porc V="052,15"/>
          <Pregunta V="007"/>
        </lin>
        <lin>
          <Opcion V="002"/>
          <Votos V="9977"/>
          <Porc V="047,84"/>
          <Pregunta V="007"/>
        </lin>
      </Detalle_Opcion>
    </lin>
  </Detalle_Circunscripcion>
</Boletin>
</Boletin_Consolidado>