<Boletin_Consolidado><Boletin>
  <Numero V="0008"/>
  <Boletin_Departamental V="0012"/>
  <Tipo_Boletin V="DEPARTAMENTAL"/>
  <Desc_Corporacion V="CONSULTA POPULAR"/>
  <Departamento V="11"/>
  <Desc_Departamento V="CAUCA"/>
  <Municipio V="040"/>
  <Desc_Municipio V="LA VEGA"/>
  <Dia V="21"/>
  <Mes V="8"/>
  <Anio V="2018"/>
  <Hora V="14"/>
  <Minuto V="15"/>
  <Mesas_Instaladas V="49"/>
  <Mesas_Informadas V="49"/>
  <Porc_Mesas_Informadas V="100,00"/>
  <Potencial_Sufragantes V="14962"/>
  <Detalle_Circunscripcion>
    <lin>
      <Circunscripcion V="0"/>
      <Desc_Circunscripcion V="NACIONAL"/>
      <Detalle_Pregunta>
        <lin>
          <Pregunta V="001"/>
          <Total_Sufragantes V="14962"/>
          <Porc_Sufragantes V="100,00"/>
          <Abstencion V="0"/>
          <Porc_Abstencion V="000,00"/>
          <Votos_Validos V="7302"/>
          <Porc_Votos_Validos V="048,80"/>
          <Votos_No_Marcados V="3326"/>
          <Porc_Votos_No_Marcados V="022,22"/>
          <Votos_Nulos V="4334"/>
          <Porc_Votos_Nulos V="028,96"/>
        </lin>
        <lin>
          <Pregunta V="002"/>
          <Total_Sufragantes V="14962"/>
          <Porc_Sufragantes V="100,00"/>
          <Abstencion V="0"/>
          <Porc_Abstencion V="000,00"/>
          <Votos_Validos V="7043"/>
          <Porc_Votos_Validos V="047,07"/>
          <Votos_No_Marcados V="4410"/>
          <Porc_Votos_No_Marcados V="029,47"/>
          <Votos_Nulos V="3509"/>
          <Porc_Votos_Nulos V="023,45"/>
        </lin>
        <lin>
          <Pregunta V="003"/>
          <Total_Sufragantes V="14962"/>
          <Porc_Sufragantes V="100,00"/>
          <Abstencion V="0"/>
          <Porc_Abstencion V="000,00"/>
          <Votos_Validos V="7802"/>
          <Porc_Votos_Validos V="052,14"/>
          <Votos_No_Marcados V="3682"/>
          <Porc_Votos_No_Marcados V="024,60"/>
          <Votos_Nulos V="3478"/>
          <Porc_Votos_Nulos V="023,24"/>
        </lin>
        <lin>
          <Pregunta V="004"/>
          <Total_Sufragantes V="14962"/>
          <Porc_Sufragantes V="100,00"/>
          <Abstencion V="0"/>
          <Porc_Abstencion V="000,00"/>
          <Votos_Validos V="6983"/>
          <Porc_Votos_Validos V="046,67"/>
          <Votos_No_Marcados V="3299"/>
          <Porc_Votos_No_Marcados V="022,04"/>
          <Votos_Nulos V="4680"/>
          <Porc_Votos_Nulos V="031,27"/>
        </lin>
        <lin>
          <Pregunta V="005"/>
          <Total_Sufragantes V="14962"/>
          <Porc_Sufragantes V="100,00"/>
          <Abstencion V="0"/>
          <Porc_Abstencion V="000,00"/>
          <Votos_Validos V="7199"/>
          <Porc_Votos_Validos V="048,11"/>
          <Votos_No_Marcados V="4323"/>
          <Porc_Votos_No_Marcados V="028,89"/>
          <Votos_Nulos V="3440"/>
          <Porc_Votos_Nulos V="022,99"/>
        </lin>
        <lin>
          <Pregunta V="006"/>
          <Total_Sufragantes V="14962"/>
          <Porc_Sufragantes V="100,00"/>
          <Abstencion V="0"/>
          <Porc_Abstencion V="000,00"/>
          <Votos_Validos V="7876"/>
          <Porc_Votos_Validos V="052,64"/>
          <Votos_No_Marcados V="3725"/>
          <Porc_Votos_No_Marcados V="024,89"/>
          <Votos_Nulos V="3361"/>
          <Porc_Votos_Nulos V="022,46"/>
        </lin>
        <lin>
          <Pregunta V="007"/>
          <Total_Sufragantes V="14962"/>
          <Porc_Sufragantes V="100,00"/>
          <Abstencion V="0"/>
          <Porc_Abstencion V="000,00"/>
          <Votos_Validos V="7896"/>
          <Porc_Votos_Validos V="052,77"/>
          <Votos_No_Marcados V="3560"/>
          <Porc_Votos_No_Marcados V="023,79"/>
          <Votos_Nulos V="3506"/>
          <Porc_Votos_Nulos V="023,43"/>
        </lin>
      </Detalle_Pregunta>
      <Detalle_Opcion>
        <lin>
          <Opcion V="001"/>
          <Votos V="3222"/>
          <Porc V="044,12"/>
          <Pregunta V="001"/>
        </lin>
        <lin>
          <Opcion V="002"/>
          <Votos V="4080"/>
          <Porc V="055,87"/>
          <Pregunta V="001"/>
        </lin>
        <lin>
          <Opcion V="001"/>
          <Votos V="3514"/>
          <Porc V="049,89"/>
          <Pregunta V="002"/>
        </lin>
        <lin>
          <Opcion V="002"/>
          <Votos V="3529"/>
          <Porc V="050,10"/>
          <Pregunta V="002"/>
        </lin>
        <lin>
          <Opcion V="001"/>
          <Votos V="3345"/>
          <Porc V="042,87"/>
          <Pregunta V="003"/>
        </lin>
        <lin>
          <Opcion V="002"/>
          <Votos V="4457"/>
          <Porc V="057,12"/>
          <Pregunta V="003"/>
        </lin>
        <lin>
          <Opcion V="001"/>
          <Votos V="3730"/>
          <Porc V="053,41"/>
          <Pregunta V="004"/>
        </lin>
        <lin>
          <Opcion V="002"/>
          <Votos V="3253"/>
          <Porc V="046,58"/>
          <Pregunta V="004"/>
        </lin>
        <lin>
          <Opcion V="001"/>
          <Votos V="3621"/>
          <Porc V="050,29"/>
          <Pregunta V="005"/>
        </lin>
        <lin>
          <Opcion V="002"/>
          <Votos V="3578"/>
          <Porc V="049,70"/>
          <Pregunta V="005"/>
        </lin>
        <lin>
          <Opcion V="001"/>
          <Votos V="4072"/>
          <Porc V="051,70"/>
          <Pregunta V="006"/>
        </lin>
        <lin>
          <Opcion V="002"/>
          <Votos V="3804"/>
          <Porc V="048,29"/>
          <Pregunta V="006"/>
        </lin>
        <lin>
          <Opcion V="001"/>
          <Votos V="3376"/>
          <Porc V="042,75"/>
          <Pregunta V="007"/>
        </lin>
        <lin>
          <Opcion V="002"/>
          <Votos V="4520"/>
          <Porc V="057,24"/>
          <Pregunta V="007"/>
        </lin>
      </Detalle_Opcion>
    </lin>
  </Detalle_Circunscripcion>
</Boletin>
</Boletin_Consolidado>