<Boletin_Consolidado><Boletin>
  <Numero V="0008"/>
  <Boletin_Departamental V="0012"/>
  <Tipo_Boletin V="DEPARTAMENTAL"/>
  <Desc_Corporacion V="CONSULTA POPULAR"/>
  <Departamento V="01"/>
  <Desc_Departamento V="ANTIOQUIA"/>
  <Municipio V="154"/>
  <Desc_Municipio V="ITUANGO"/>
  <Dia V="21"/>
  <Mes V="8"/>
  <Anio V="2018"/>
  <Hora V="14"/>
  <Minuto V="15"/>
  <Mesas_Instaladas V="58"/>
  <Mesas_Informadas V="58"/>
  <Porc_Mesas_Informadas V="100,00"/>
  <Potencial_Sufragantes V="17693"/>
  <Detalle_Circunscripcion>
    <lin>
      <Circunscripcion V="0"/>
      <Desc_Circunscripcion V="NACIONAL"/>
      <Detalle_Pregunta>
        <lin>
          <Pregunta V="001"/>
          <Total_Sufragantes V="17693"/>
          <Porc_Sufragantes V="100,00"/>
          <Abstencion V="0"/>
          <Porc_Abstencion V="000,00"/>
          <Votos_Validos V="8927"/>
          <Porc_Votos_Validos V="050,45"/>
          <Votos_No_Marcados V="4015"/>
          <Porc_Votos_No_Marcados V="022,69"/>
          <Votos_Nulos V="4751"/>
          <Porc_Votos_Nulos V="026,85"/>
        </lin>
        <lin>
          <Pregunta V="002"/>
          <Total_Sufragantes V="17693"/>
          <Porc_Sufragantes V="100,00"/>
          <Abstencion V="0"/>
          <Porc_Abstencion V="000,00"/>
          <Votos_Validos V="8763"/>
          <Porc_Votos_Validos V="049,52"/>
          <Votos_No_Marcados V="4683"/>
          <Porc_Votos_No_Marcados V="026,46"/>
          <Votos_Nulos V="4247"/>
          <Porc_Votos_Nulos V="024,00"/>
        </lin>
        <lin>
          <Pregunta V="003"/>
          <Total_Sufragantes V="17693"/>
          <Porc_Sufragantes V="100,00"/>
          <Abstencion V="0"/>
          <Porc_Abstencion V="000,00"/>
          <Votos_Validos V="9061"/>
          <Porc_Votos_Validos V="051,21"/>
          <Votos_No_Marcados V="4160"/>
          <Porc_Votos_No_Marcados V="023,51"/>
          <Votos_Nulos V="4472"/>
          <Porc_Votos_Nulos V="025,27"/>
        </lin>
        <lin>
          <Pregunta V="004"/>
          <Total_Sufragantes V="17693"/>
          <Porc_Sufragantes V="100,00"/>
          <Abstencion V="0"/>
          <Porc_Abstencion V="000,00"/>
          <Votos_Validos V="9062"/>
          <Porc_Votos_Validos V="051,21"/>
          <Votos_No_Marcados V="4149"/>
          <Porc_Votos_No_Marcados V="023,44"/>
          <Votos_Nulos V="4482"/>
          <Porc_Votos_Nulos V="025,33"/>
        </lin>
        <lin>
          <Pregunta V="005"/>
          <Total_Sufragantes V="17693"/>
          <Porc_Sufragantes V="100,00"/>
          <Abstencion V="0"/>
          <Porc_Abstencion V="000,00"/>
          <Votos_Validos V="9171"/>
          <Porc_Votos_Validos V="051,83"/>
          <Votos_No_Marcados V="3788"/>
          <Porc_Votos_No_Marcados V="021,40"/>
          <Votos_Nulos V="4734"/>
          <Porc_Votos_Nulos V="026,75"/>
        </lin>
        <lin>
          <Pregunta V="006"/>
          <Total_Sufragantes V="17693"/>
          <Porc_Sufragantes V="100,00"/>
          <Abstencion V="0"/>
          <Porc_Abstencion V="000,00"/>
          <Votos_Validos V="8813"/>
          <Porc_Votos_Validos V="049,81"/>
          <Votos_No_Marcados V="4359"/>
          <Porc_Votos_No_Marcados V="024,63"/>
          <Votos_Nulos V="4521"/>
          <Porc_Votos_Nulos V="025,55"/>
        </lin>
        <lin>
          <Pregunta V="007"/>
          <Total_Sufragantes V="17693"/>
          <Porc_Sufragantes V="100,00"/>
          <Abstencion V="0"/>
          <Porc_Abstencion V="000,00"/>
          <Votos_Validos V="9391"/>
          <Porc_Votos_Validos V="053,07"/>
          <Votos_No_Marcados V="4689"/>
          <Porc_Votos_No_Marcados V="026,50"/>
          <Votos_Nulos V="3613"/>
          <Porc_Votos_Nulos V="020,42"/>
        </lin>
      </Detalle_Pregunta>
      <Detalle_Opcion>
        <lin>
          <Opcion V="001"/>
          <Votos V="4374"/>
          <Porc V="048,99"/>
          <Pregunta V="001"/>
        </lin>
        <lin>
          <Opcion V="002"/>
          <Votos V="4553"/>
          <Porc V="051,00"/>
          <Pregunta V="001"/>
        </lin>
        <lin>
          <Opcion V="001"/>
          <Votos V="4411"/>
          <Porc V="050,33"/>
          <Pregunta V="002"/>
        </lin>
        <lin>
          <Opcion V="002"/>
          <Votos V="4352"/>
          <Porc V="049,66"/>
          <Pregunta V="002"/>
        </lin>
        <lin>
          <Opcion V="001"/>
          <Votos V="4583"/>
          <Porc V="050,57"/>
          <Pregunta V="003"/>
        </lin>
        <lin>
          <Opcion V="002"/>
          <Votos V="4478"/>
          <Porc V="049,42"/>
          <Pregunta V="003"/>
        </lin>
        <lin>
          <Opcion V="001"/>
          <Votos V="4720"/>
          <Porc V="052,08"/>
          <Pregunta V="004"/>
        </lin>
        <lin>
          <Opcion V="002"/>
          <Votos V="4342"/>
          <Porc V="047,91"/>
          <Pregunta V="004"/>
        </lin>
        <lin>
          <Opcion V="001"/>
          <Votos V="4636"/>
          <Porc V="050,55"/>
          <Pregunta V="005"/>
        </lin>
        <lin>
          <Opcion V="002"/>
          <Votos V="4535"/>
          <Porc V="049,44"/>
          <Pregunta V="005"/>
        </lin>
        <lin>
          <Opcion V="001"/>
          <Votos V="4009"/>
          <Porc V="045,48"/>
          <Pregunta V="006"/>
        </lin>
        <lin>
          <Opcion V="002"/>
          <Votos V="4804"/>
          <Porc V="054,51"/>
          <Pregunta V="006"/>
        </lin>
        <lin>
          <Opcion V="001"/>
          <Votos V="4915"/>
          <Porc V="052,33"/>
          <Pregunta V="007"/>
        </lin>
        <lin>
          <Opcion V="002"/>
          <Votos V="4476"/>
          <Porc V="047,66"/>
          <Pregunta V="007"/>
        </lin>
      </Detalle_Opcion>
    </lin>
  </Detalle_Circunscripcion>
</Boletin>
</Boletin_Consolidado>