<Boletin_Consolidado><Boletin>
  <Numero V="0008"/>
  <Boletin_Departamental V="0009"/>
  <Tipo_Boletin V="DEPARTAMENTAL"/>
  <Desc_Corporacion V="CONSULTA POPULAR"/>
  <Departamento V="15"/>
  <Desc_Departamento V="CUNDINAMARCA"/>
  <Municipio V="136"/>
  <Desc_Municipio V="JUNIN"/>
  <Dia V="21"/>
  <Mes V="8"/>
  <Anio V="2018"/>
  <Hora V="14"/>
  <Minuto V="15"/>
  <Mesas_Instaladas V="16"/>
  <Mesas_Informadas V="16"/>
  <Porc_Mesas_Informadas V="100,00"/>
  <Potencial_Sufragantes V="5371"/>
  <Detalle_Circunscripcion>
    <lin>
      <Circunscripcion V="0"/>
      <Desc_Circunscripcion V="NACIONAL"/>
      <Detalle_Pregunta>
        <lin>
          <Pregunta V="001"/>
          <Total_Sufragantes V="5371"/>
          <Porc_Sufragantes V="100,00"/>
          <Abstencion V="0"/>
          <Porc_Abstencion V="000,00"/>
          <Votos_Validos V="2340"/>
          <Porc_Votos_Validos V="043,56"/>
          <Votos_No_Marcados V="1238"/>
          <Porc_Votos_No_Marcados V="023,04"/>
          <Votos_Nulos V="1793"/>
          <Porc_Votos_Nulos V="033,38"/>
        </lin>
        <lin>
          <Pregunta V="002"/>
          <Total_Sufragantes V="5371"/>
          <Porc_Sufragantes V="100,00"/>
          <Abstencion V="0"/>
          <Porc_Abstencion V="000,00"/>
          <Votos_Validos V="3006"/>
          <Porc_Votos_Validos V="055,96"/>
          <Votos_No_Marcados V="1137"/>
          <Porc_Votos_No_Marcados V="021,16"/>
          <Votos_Nulos V="1228"/>
          <Porc_Votos_Nulos V="022,86"/>
        </lin>
        <lin>
          <Pregunta V="003"/>
          <Total_Sufragantes V="5371"/>
          <Porc_Sufragantes V="100,00"/>
          <Abstencion V="0"/>
          <Porc_Abstencion V="000,00"/>
          <Votos_Validos V="2366"/>
          <Porc_Votos_Validos V="044,05"/>
          <Votos_No_Marcados V="1464"/>
          <Porc_Votos_No_Marcados V="027,25"/>
          <Votos_Nulos V="1541"/>
          <Porc_Votos_Nulos V="028,69"/>
        </lin>
        <lin>
          <Pregunta V="004"/>
          <Total_Sufragantes V="5371"/>
          <Porc_Sufragantes V="100,00"/>
          <Abstencion V="0"/>
          <Porc_Abstencion V="000,00"/>
          <Votos_Validos V="3042"/>
          <Porc_Votos_Validos V="056,63"/>
          <Votos_No_Marcados V="1425"/>
          <Porc_Votos_No_Marcados V="026,53"/>
          <Votos_Nulos V="904"/>
          <Porc_Votos_Nulos V="016,83"/>
        </lin>
        <lin>
          <Pregunta V="005"/>
          <Total_Sufragantes V="5371"/>
          <Porc_Sufragantes V="100,00"/>
          <Abstencion V="0"/>
          <Porc_Abstencion V="000,00"/>
          <Votos_Validos V="2532"/>
          <Porc_Votos_Validos V="047,14"/>
          <Votos_No_Marcados V="1320"/>
          <Porc_Votos_No_Marcados V="024,57"/>
          <Votos_Nulos V="1519"/>
          <Porc_Votos_Nulos V="028,28"/>
        </lin>
        <lin>
          <Pregunta V="006"/>
          <Total_Sufragantes V="5371"/>
          <Porc_Sufragantes V="100,00"/>
          <Abstencion V="0"/>
          <Porc_Abstencion V="000,00"/>
          <Votos_Validos V="2568"/>
          <Porc_Votos_Validos V="047,81"/>
          <Votos_No_Marcados V="1424"/>
          <Porc_Votos_No_Marcados V="026,51"/>
          <Votos_Nulos V="1379"/>
          <Porc_Votos_Nulos V="025,67"/>
        </lin>
        <lin>
          <Pregunta V="007"/>
          <Total_Sufragantes V="5371"/>
          <Porc_Sufragantes V="100,00"/>
          <Abstencion V="0"/>
          <Porc_Abstencion V="000,00"/>
          <Votos_Validos V="2841"/>
          <Porc_Votos_Validos V="052,89"/>
          <Votos_No_Marcados V="1050"/>
          <Porc_Votos_No_Marcados V="019,54"/>
          <Votos_Nulos V="1480"/>
          <Porc_Votos_Nulos V="027,55"/>
        </lin>
      </Detalle_Pregunta>
      <Detalle_Opcion>
        <lin>
          <Opcion V="001"/>
          <Votos V="1332"/>
          <Porc V="056,92"/>
          <Pregunta V="001"/>
        </lin>
        <lin>
          <Opcion V="002"/>
          <Votos V="1008"/>
          <Porc V="043,07"/>
          <Pregunta V="001"/>
        </lin>
        <lin>
          <Opcion V="001"/>
          <Votos V="1625"/>
          <Porc V="054,05"/>
          <Pregunta V="002"/>
        </lin>
        <lin>
          <Opcion V="002"/>
          <Votos V="1381"/>
          <Porc V="045,94"/>
          <Pregunta V="002"/>
        </lin>
        <lin>
          <Opcion V="001"/>
          <Votos V="1204"/>
          <Porc V="050,88"/>
          <Pregunta V="003"/>
        </lin>
        <lin>
          <Opcion V="002"/>
          <Votos V="1162"/>
          <Porc V="049,11"/>
          <Pregunta V="003"/>
        </lin>
        <lin>
          <Opcion V="001"/>
          <Votos V="1512"/>
          <Porc V="049,70"/>
          <Pregunta V="004"/>
        </lin>
        <lin>
          <Opcion V="002"/>
          <Votos V="1530"/>
          <Porc V="050,29"/>
          <Pregunta V="004"/>
        </lin>
        <lin>
          <Opcion V="001"/>
          <Votos V="1179"/>
          <Porc V="046,56"/>
          <Pregunta V="005"/>
        </lin>
        <lin>
          <Opcion V="002"/>
          <Votos V="1353"/>
          <Porc V="053,43"/>
          <Pregunta V="005"/>
        </lin>
        <lin>
          <Opcion V="001"/>
          <Votos V="1585"/>
          <Porc V="061,72"/>
          <Pregunta V="006"/>
        </lin>
        <lin>
          <Opcion V="002"/>
          <Votos V="983"/>
          <Porc V="038,27"/>
          <Pregunta V="006"/>
        </lin>
        <lin>
          <Opcion V="001"/>
          <Votos V="1463"/>
          <Porc V="051,49"/>
          <Pregunta V="007"/>
        </lin>
        <lin>
          <Opcion V="002"/>
          <Votos V="1378"/>
          <Porc V="048,50"/>
          <Pregunta V="007"/>
        </lin>
      </Detalle_Opcion>
    </lin>
  </Detalle_Circunscripcion>
</Boletin>
</Boletin_Consolidado>