<Boletin_Consolidado><Boletin>
  <Numero V="0008"/>
  <Boletin_Departamental V="0012"/>
  <Tipo_Boletin V="DEPARTAMENTAL"/>
  <Desc_Corporacion V="CONSULTA POPULAR"/>
  <Departamento V="03"/>
  <Desc_Departamento V="ATLANTICO"/>
  <Municipio V="037"/>
  <Desc_Municipio V="PUERTO COLOMBIA"/>
  <Dia V="21"/>
  <Mes V="8"/>
  <Anio V="2018"/>
  <Hora V="14"/>
  <Minuto V="15"/>
  <Mesas_Instaladas V="94"/>
  <Mesas_Informadas V="94"/>
  <Porc_Mesas_Informadas V="100,00"/>
  <Potencial_Sufragantes V="34986"/>
  <Detalle_Circunscripcion>
    <lin>
      <Circunscripcion V="0"/>
      <Desc_Circunscripcion V="NACIONAL"/>
      <Detalle_Pregunta>
        <lin>
          <Pregunta V="001"/>
          <Total_Sufragantes V="34986"/>
          <Porc_Sufragantes V="100,00"/>
          <Abstencion V="0"/>
          <Porc_Abstencion V="000,00"/>
          <Votos_Validos V="16699"/>
          <Porc_Votos_Validos V="047,73"/>
          <Votos_No_Marcados V="9681"/>
          <Porc_Votos_No_Marcados V="027,67"/>
          <Votos_Nulos V="8606"/>
          <Porc_Votos_Nulos V="024,59"/>
        </lin>
        <lin>
          <Pregunta V="002"/>
          <Total_Sufragantes V="34986"/>
          <Porc_Sufragantes V="100,00"/>
          <Abstencion V="0"/>
          <Porc_Abstencion V="000,00"/>
          <Votos_Validos V="18020"/>
          <Porc_Votos_Validos V="051,50"/>
          <Votos_No_Marcados V="8315"/>
          <Porc_Votos_No_Marcados V="023,76"/>
          <Votos_Nulos V="8651"/>
          <Porc_Votos_Nulos V="024,72"/>
        </lin>
        <lin>
          <Pregunta V="003"/>
          <Total_Sufragantes V="34986"/>
          <Porc_Sufragantes V="100,00"/>
          <Abstencion V="0"/>
          <Porc_Abstencion V="000,00"/>
          <Votos_Validos V="18440"/>
          <Porc_Votos_Validos V="052,70"/>
          <Votos_No_Marcados V="7837"/>
          <Porc_Votos_No_Marcados V="022,40"/>
          <Votos_Nulos V="8709"/>
          <Porc_Votos_Nulos V="024,89"/>
        </lin>
        <lin>
          <Pregunta V="004"/>
          <Total_Sufragantes V="34986"/>
          <Porc_Sufragantes V="100,00"/>
          <Abstencion V="0"/>
          <Porc_Abstencion V="000,00"/>
          <Votos_Validos V="17515"/>
          <Porc_Votos_Validos V="050,06"/>
          <Votos_No_Marcados V="8454"/>
          <Porc_Votos_No_Marcados V="024,16"/>
          <Votos_Nulos V="9017"/>
          <Porc_Votos_Nulos V="025,77"/>
        </lin>
        <lin>
          <Pregunta V="005"/>
          <Total_Sufragantes V="34986"/>
          <Porc_Sufragantes V="100,00"/>
          <Abstencion V="0"/>
          <Porc_Abstencion V="000,00"/>
          <Votos_Validos V="16811"/>
          <Porc_Votos_Validos V="048,05"/>
          <Votos_No_Marcados V="8986"/>
          <Porc_Votos_No_Marcados V="025,68"/>
          <Votos_Nulos V="9189"/>
          <Porc_Votos_Nulos V="026,26"/>
        </lin>
        <lin>
          <Pregunta V="006"/>
          <Total_Sufragantes V="34986"/>
          <Porc_Sufragantes V="100,00"/>
          <Abstencion V="0"/>
          <Porc_Abstencion V="000,00"/>
          <Votos_Validos V="17293"/>
          <Porc_Votos_Validos V="049,42"/>
          <Votos_No_Marcados V="8731"/>
          <Porc_Votos_No_Marcados V="024,95"/>
          <Votos_Nulos V="8962"/>
          <Porc_Votos_Nulos V="025,61"/>
        </lin>
        <lin>
          <Pregunta V="007"/>
          <Total_Sufragantes V="34986"/>
          <Porc_Sufragantes V="100,00"/>
          <Abstencion V="0"/>
          <Porc_Abstencion V="000,00"/>
          <Votos_Validos V="17871"/>
          <Porc_Votos_Validos V="051,08"/>
          <Votos_No_Marcados V="7972"/>
          <Porc_Votos_No_Marcados V="022,78"/>
          <Votos_Nulos V="9143"/>
          <Porc_Votos_Nulos V="026,13"/>
        </lin>
      </Detalle_Pregunta>
      <Detalle_Opcion>
        <lin>
          <Opcion V="001"/>
          <Votos V="8685"/>
          <Porc V="052,00"/>
          <Pregunta V="001"/>
        </lin>
        <lin>
          <Opcion V="002"/>
          <Votos V="8014"/>
          <Porc V="047,99"/>
          <Pregunta V="001"/>
        </lin>
        <lin>
          <Opcion V="001"/>
          <Votos V="8378"/>
          <Porc V="046,49"/>
          <Pregunta V="002"/>
        </lin>
        <lin>
          <Opcion V="002"/>
          <Votos V="9642"/>
          <Porc V="053,50"/>
          <Pregunta V="002"/>
        </lin>
        <lin>
          <Opcion V="001"/>
          <Votos V="9443"/>
          <Porc V="051,20"/>
          <Pregunta V="003"/>
        </lin>
        <lin>
          <Opcion V="002"/>
          <Votos V="8997"/>
          <Porc V="048,79"/>
          <Pregunta V="003"/>
        </lin>
        <lin>
          <Opcion V="001"/>
          <Votos V="8128"/>
          <Porc V="046,40"/>
          <Pregunta V="004"/>
        </lin>
        <lin>
          <Opcion V="002"/>
          <Votos V="9387"/>
          <Porc V="053,59"/>
          <Pregunta V="004"/>
        </lin>
        <lin>
          <Opcion V="001"/>
          <Votos V="9421"/>
          <Porc V="056,04"/>
          <Pregunta V="005"/>
        </lin>
        <lin>
          <Opcion V="002"/>
          <Votos V="7390"/>
          <Porc V="043,95"/>
          <Pregunta V="005"/>
        </lin>
        <lin>
          <Opcion V="001"/>
          <Votos V="8094"/>
          <Porc V="046,80"/>
          <Pregunta V="006"/>
        </lin>
        <lin>
          <Opcion V="002"/>
          <Votos V="9199"/>
          <Porc V="053,19"/>
          <Pregunta V="006"/>
        </lin>
        <lin>
          <Opcion V="001"/>
          <Votos V="8601"/>
          <Porc V="048,12"/>
          <Pregunta V="007"/>
        </lin>
        <lin>
          <Opcion V="002"/>
          <Votos V="9270"/>
          <Porc V="051,87"/>
          <Pregunta V="007"/>
        </lin>
      </Detalle_Opcion>
    </lin>
  </Detalle_Circunscripcion>
</Boletin>
</Boletin_Consolidado>