<Boletin_Consolidado><Boletin>
  <Numero V="0008"/>
  <Boletin_Departamental V="0012"/>
  <Tipo_Boletin V="DEPARTAMENTAL"/>
  <Desc_Corporacion V="CONSULTA POPULAR"/>
  <Departamento V="09"/>
  <Desc_Departamento V="CALDAS"/>
  <Municipio V="007"/>
  <Desc_Municipio V="ANSERMA"/>
  <Dia V="21"/>
  <Mes V="8"/>
  <Anio V="2018"/>
  <Hora V="14"/>
  <Minuto V="15"/>
  <Mesas_Instaladas V="79"/>
  <Mesas_Informadas V="79"/>
  <Porc_Mesas_Informadas V="100,00"/>
  <Potencial_Sufragantes V="27881"/>
  <Detalle_Circunscripcion>
    <lin>
      <Circunscripcion V="0"/>
      <Desc_Circunscripcion V="NACIONAL"/>
      <Detalle_Pregunta>
        <lin>
          <Pregunta V="001"/>
          <Total_Sufragantes V="27881"/>
          <Porc_Sufragantes V="100,00"/>
          <Abstencion V="0"/>
          <Porc_Abstencion V="000,00"/>
          <Votos_Validos V="14588"/>
          <Porc_Votos_Validos V="052,32"/>
          <Votos_No_Marcados V="6552"/>
          <Porc_Votos_No_Marcados V="023,49"/>
          <Votos_Nulos V="6741"/>
          <Porc_Votos_Nulos V="024,17"/>
        </lin>
        <lin>
          <Pregunta V="002"/>
          <Total_Sufragantes V="27881"/>
          <Porc_Sufragantes V="100,00"/>
          <Abstencion V="0"/>
          <Porc_Abstencion V="000,00"/>
          <Votos_Validos V="13553"/>
          <Porc_Votos_Validos V="048,61"/>
          <Votos_No_Marcados V="7117"/>
          <Porc_Votos_No_Marcados V="025,52"/>
          <Votos_Nulos V="7211"/>
          <Porc_Votos_Nulos V="025,86"/>
        </lin>
        <lin>
          <Pregunta V="003"/>
          <Total_Sufragantes V="27881"/>
          <Porc_Sufragantes V="100,00"/>
          <Abstencion V="0"/>
          <Porc_Abstencion V="000,00"/>
          <Votos_Validos V="13353"/>
          <Porc_Votos_Validos V="047,89"/>
          <Votos_No_Marcados V="6950"/>
          <Porc_Votos_No_Marcados V="024,92"/>
          <Votos_Nulos V="7578"/>
          <Porc_Votos_Nulos V="027,17"/>
        </lin>
        <lin>
          <Pregunta V="004"/>
          <Total_Sufragantes V="27881"/>
          <Porc_Sufragantes V="100,00"/>
          <Abstencion V="0"/>
          <Porc_Abstencion V="000,00"/>
          <Votos_Validos V="13461"/>
          <Porc_Votos_Validos V="048,28"/>
          <Votos_No_Marcados V="7858"/>
          <Porc_Votos_No_Marcados V="028,18"/>
          <Votos_Nulos V="6562"/>
          <Porc_Votos_Nulos V="023,53"/>
        </lin>
        <lin>
          <Pregunta V="005"/>
          <Total_Sufragantes V="27881"/>
          <Porc_Sufragantes V="100,00"/>
          <Abstencion V="0"/>
          <Porc_Abstencion V="000,00"/>
          <Votos_Validos V="14554"/>
          <Porc_Votos_Validos V="052,20"/>
          <Votos_No_Marcados V="6061"/>
          <Porc_Votos_No_Marcados V="021,73"/>
          <Votos_Nulos V="7266"/>
          <Porc_Votos_Nulos V="026,06"/>
        </lin>
        <lin>
          <Pregunta V="006"/>
          <Total_Sufragantes V="27881"/>
          <Porc_Sufragantes V="100,00"/>
          <Abstencion V="0"/>
          <Porc_Abstencion V="000,00"/>
          <Votos_Validos V="13906"/>
          <Porc_Votos_Validos V="049,87"/>
          <Votos_No_Marcados V="7163"/>
          <Porc_Votos_No_Marcados V="025,69"/>
          <Votos_Nulos V="6812"/>
          <Porc_Votos_Nulos V="024,43"/>
        </lin>
        <lin>
          <Pregunta V="007"/>
          <Total_Sufragantes V="27881"/>
          <Porc_Sufragantes V="100,00"/>
          <Abstencion V="0"/>
          <Porc_Abstencion V="000,00"/>
          <Votos_Validos V="15249"/>
          <Porc_Votos_Validos V="054,69"/>
          <Votos_No_Marcados V="6113"/>
          <Porc_Votos_No_Marcados V="021,92"/>
          <Votos_Nulos V="6519"/>
          <Porc_Votos_Nulos V="023,38"/>
        </lin>
      </Detalle_Pregunta>
      <Detalle_Opcion>
        <lin>
          <Opcion V="001"/>
          <Votos V="8090"/>
          <Porc V="055,45"/>
          <Pregunta V="001"/>
        </lin>
        <lin>
          <Opcion V="002"/>
          <Votos V="6498"/>
          <Porc V="044,54"/>
          <Pregunta V="001"/>
        </lin>
        <lin>
          <Opcion V="001"/>
          <Votos V="6890"/>
          <Porc V="050,83"/>
          <Pregunta V="002"/>
        </lin>
        <lin>
          <Opcion V="002"/>
          <Votos V="6663"/>
          <Porc V="049,16"/>
          <Pregunta V="002"/>
        </lin>
        <lin>
          <Opcion V="001"/>
          <Votos V="6390"/>
          <Porc V="047,85"/>
          <Pregunta V="003"/>
        </lin>
        <lin>
          <Opcion V="002"/>
          <Votos V="6963"/>
          <Porc V="052,14"/>
          <Pregunta V="003"/>
        </lin>
        <lin>
          <Opcion V="001"/>
          <Votos V="7200"/>
          <Porc V="053,48"/>
          <Pregunta V="004"/>
        </lin>
        <lin>
          <Opcion V="002"/>
          <Votos V="6261"/>
          <Porc V="046,51"/>
          <Pregunta V="004"/>
        </lin>
        <lin>
          <Opcion V="001"/>
          <Votos V="7109"/>
          <Porc V="048,84"/>
          <Pregunta V="005"/>
        </lin>
        <lin>
          <Opcion V="002"/>
          <Votos V="7445"/>
          <Porc V="051,15"/>
          <Pregunta V="005"/>
        </lin>
        <lin>
          <Opcion V="001"/>
          <Votos V="6668"/>
          <Porc V="047,95"/>
          <Pregunta V="006"/>
        </lin>
        <lin>
          <Opcion V="002"/>
          <Votos V="7238"/>
          <Porc V="052,04"/>
          <Pregunta V="006"/>
        </lin>
        <lin>
          <Opcion V="001"/>
          <Votos V="7885"/>
          <Porc V="051,70"/>
          <Pregunta V="007"/>
        </lin>
        <lin>
          <Opcion V="002"/>
          <Votos V="7364"/>
          <Porc V="048,29"/>
          <Pregunta V="007"/>
        </lin>
      </Detalle_Opcion>
    </lin>
  </Detalle_Circunscripcion>
</Boletin>
</Boletin_Consolidado>