<Boletin_Consolidado><Boletin>
  <Numero V="0008"/>
  <Boletin_Departamental V="0012"/>
  <Tipo_Boletin V="DEPARTAMENTAL"/>
  <Desc_Corporacion V="CONSULTA POPULAR"/>
  <Departamento V="01"/>
  <Desc_Departamento V="ANTIOQUIA"/>
  <Municipio V="035"/>
  <Desc_Municipio V="APARTADO"/>
  <Dia V="21"/>
  <Mes V="8"/>
  <Anio V="2018"/>
  <Hora V="14"/>
  <Minuto V="15"/>
  <Mesas_Instaladas V="244"/>
  <Mesas_Informadas V="244"/>
  <Porc_Mesas_Informadas V="100,00"/>
  <Potencial_Sufragantes V="93418"/>
  <Detalle_Circunscripcion>
    <lin>
      <Circunscripcion V="0"/>
      <Desc_Circunscripcion V="NACIONAL"/>
      <Detalle_Pregunta>
        <lin>
          <Pregunta V="001"/>
          <Total_Sufragantes V="93418"/>
          <Porc_Sufragantes V="100,00"/>
          <Abstencion V="0"/>
          <Porc_Abstencion V="000,00"/>
          <Votos_Validos V="46934"/>
          <Porc_Votos_Validos V="050,24"/>
          <Votos_No_Marcados V="22252"/>
          <Porc_Votos_No_Marcados V="023,81"/>
          <Votos_Nulos V="24232"/>
          <Porc_Votos_Nulos V="025,93"/>
        </lin>
        <lin>
          <Pregunta V="002"/>
          <Total_Sufragantes V="93418"/>
          <Porc_Sufragantes V="100,00"/>
          <Abstencion V="0"/>
          <Porc_Abstencion V="000,00"/>
          <Votos_Validos V="46742"/>
          <Porc_Votos_Validos V="050,03"/>
          <Votos_No_Marcados V="23252"/>
          <Porc_Votos_No_Marcados V="024,89"/>
          <Votos_Nulos V="23424"/>
          <Porc_Votos_Nulos V="025,07"/>
        </lin>
        <lin>
          <Pregunta V="003"/>
          <Total_Sufragantes V="93418"/>
          <Porc_Sufragantes V="100,00"/>
          <Abstencion V="0"/>
          <Porc_Abstencion V="000,00"/>
          <Votos_Validos V="47094"/>
          <Porc_Votos_Validos V="050,41"/>
          <Votos_No_Marcados V="23192"/>
          <Porc_Votos_No_Marcados V="024,82"/>
          <Votos_Nulos V="23132"/>
          <Porc_Votos_Nulos V="024,76"/>
        </lin>
        <lin>
          <Pregunta V="004"/>
          <Total_Sufragantes V="93418"/>
          <Porc_Sufragantes V="100,00"/>
          <Abstencion V="0"/>
          <Porc_Abstencion V="000,00"/>
          <Votos_Validos V="49140"/>
          <Porc_Votos_Validos V="052,60"/>
          <Votos_No_Marcados V="21213"/>
          <Porc_Votos_No_Marcados V="022,70"/>
          <Votos_Nulos V="23065"/>
          <Porc_Votos_Nulos V="024,69"/>
        </lin>
        <lin>
          <Pregunta V="005"/>
          <Total_Sufragantes V="93418"/>
          <Porc_Sufragantes V="100,00"/>
          <Abstencion V="0"/>
          <Porc_Abstencion V="000,00"/>
          <Votos_Validos V="47529"/>
          <Porc_Votos_Validos V="050,87"/>
          <Votos_No_Marcados V="24034"/>
          <Porc_Votos_No_Marcados V="025,72"/>
          <Votos_Nulos V="21855"/>
          <Porc_Votos_Nulos V="023,39"/>
        </lin>
        <lin>
          <Pregunta V="006"/>
          <Total_Sufragantes V="93418"/>
          <Porc_Sufragantes V="100,00"/>
          <Abstencion V="0"/>
          <Porc_Abstencion V="000,00"/>
          <Votos_Validos V="46893"/>
          <Porc_Votos_Validos V="050,19"/>
          <Votos_No_Marcados V="22098"/>
          <Porc_Votos_No_Marcados V="023,65"/>
          <Votos_Nulos V="24427"/>
          <Porc_Votos_Nulos V="026,14"/>
        </lin>
        <lin>
          <Pregunta V="007"/>
          <Total_Sufragantes V="93418"/>
          <Porc_Sufragantes V="100,00"/>
          <Abstencion V="0"/>
          <Porc_Abstencion V="000,00"/>
          <Votos_Validos V="47252"/>
          <Porc_Votos_Validos V="050,58"/>
          <Votos_No_Marcados V="24341"/>
          <Porc_Votos_No_Marcados V="026,05"/>
          <Votos_Nulos V="21825"/>
          <Porc_Votos_Nulos V="023,36"/>
        </lin>
      </Detalle_Pregunta>
      <Detalle_Opcion>
        <lin>
          <Opcion V="001"/>
          <Votos V="22954"/>
          <Porc V="048,90"/>
          <Pregunta V="001"/>
        </lin>
        <lin>
          <Opcion V="002"/>
          <Votos V="23980"/>
          <Porc V="051,09"/>
          <Pregunta V="001"/>
        </lin>
        <lin>
          <Opcion V="001"/>
          <Votos V="22681"/>
          <Porc V="048,52"/>
          <Pregunta V="002"/>
        </lin>
        <lin>
          <Opcion V="002"/>
          <Votos V="24061"/>
          <Porc V="051,47"/>
          <Pregunta V="002"/>
        </lin>
        <lin>
          <Opcion V="001"/>
          <Votos V="24379"/>
          <Porc V="051,76"/>
          <Pregunta V="003"/>
        </lin>
        <lin>
          <Opcion V="002"/>
          <Votos V="22715"/>
          <Porc V="048,23"/>
          <Pregunta V="003"/>
        </lin>
        <lin>
          <Opcion V="001"/>
          <Votos V="25962"/>
          <Porc V="052,83"/>
          <Pregunta V="004"/>
        </lin>
        <lin>
          <Opcion V="002"/>
          <Votos V="23178"/>
          <Porc V="047,16"/>
          <Pregunta V="004"/>
        </lin>
        <lin>
          <Opcion V="001"/>
          <Votos V="23085"/>
          <Porc V="048,57"/>
          <Pregunta V="005"/>
        </lin>
        <lin>
          <Opcion V="002"/>
          <Votos V="24444"/>
          <Porc V="051,42"/>
          <Pregunta V="005"/>
        </lin>
        <lin>
          <Opcion V="001"/>
          <Votos V="22909"/>
          <Porc V="048,85"/>
          <Pregunta V="006"/>
        </lin>
        <lin>
          <Opcion V="002"/>
          <Votos V="23984"/>
          <Porc V="051,14"/>
          <Pregunta V="006"/>
        </lin>
        <lin>
          <Opcion V="001"/>
          <Votos V="23424"/>
          <Porc V="049,57"/>
          <Pregunta V="007"/>
        </lin>
        <lin>
          <Opcion V="002"/>
          <Votos V="23828"/>
          <Porc V="050,42"/>
          <Pregunta V="007"/>
        </lin>
      </Detalle_Opcion>
    </lin>
  </Detalle_Circunscripcion>
</Boletin>
</Boletin_Consolidado>