<Boletin_Consolidado><Boletin>
  <Numero V="0008"/>
  <Boletin_Departamental V="0012"/>
  <Tipo_Boletin V="DEPARTAMENTAL"/>
  <Desc_Corporacion V="CONSULTA POPULAR"/>
  <Departamento V="13"/>
  <Desc_Departamento V="CORDOBA"/>
  <Municipio V="022"/>
  <Desc_Municipio V="LORICA"/>
  <Dia V="21"/>
  <Mes V="8"/>
  <Anio V="2018"/>
  <Hora V="14"/>
  <Minuto V="15"/>
  <Mesas_Instaladas V="244"/>
  <Mesas_Informadas V="244"/>
  <Porc_Mesas_Informadas V="100,00"/>
  <Potencial_Sufragantes V="86469"/>
  <Detalle_Circunscripcion>
    <lin>
      <Circunscripcion V="0"/>
      <Desc_Circunscripcion V="NACIONAL"/>
      <Detalle_Pregunta>
        <lin>
          <Pregunta V="001"/>
          <Total_Sufragantes V="86469"/>
          <Porc_Sufragantes V="100,00"/>
          <Abstencion V="0"/>
          <Porc_Abstencion V="000,00"/>
          <Votos_Validos V="44097"/>
          <Porc_Votos_Validos V="050,99"/>
          <Votos_No_Marcados V="21344"/>
          <Porc_Votos_No_Marcados V="024,68"/>
          <Votos_Nulos V="21028"/>
          <Porc_Votos_Nulos V="024,31"/>
        </lin>
        <lin>
          <Pregunta V="002"/>
          <Total_Sufragantes V="86469"/>
          <Porc_Sufragantes V="100,00"/>
          <Abstencion V="0"/>
          <Porc_Abstencion V="000,00"/>
          <Votos_Validos V="44077"/>
          <Porc_Votos_Validos V="050,97"/>
          <Votos_No_Marcados V="21297"/>
          <Porc_Votos_No_Marcados V="024,62"/>
          <Votos_Nulos V="21095"/>
          <Porc_Votos_Nulos V="024,39"/>
        </lin>
        <lin>
          <Pregunta V="003"/>
          <Total_Sufragantes V="86469"/>
          <Porc_Sufragantes V="100,00"/>
          <Abstencion V="0"/>
          <Porc_Abstencion V="000,00"/>
          <Votos_Validos V="45252"/>
          <Porc_Votos_Validos V="052,33"/>
          <Votos_No_Marcados V="20900"/>
          <Porc_Votos_No_Marcados V="024,17"/>
          <Votos_Nulos V="20317"/>
          <Porc_Votos_Nulos V="023,49"/>
        </lin>
        <lin>
          <Pregunta V="004"/>
          <Total_Sufragantes V="86469"/>
          <Porc_Sufragantes V="100,00"/>
          <Abstencion V="0"/>
          <Porc_Abstencion V="000,00"/>
          <Votos_Validos V="42550"/>
          <Porc_Votos_Validos V="049,20"/>
          <Votos_No_Marcados V="23309"/>
          <Porc_Votos_No_Marcados V="026,95"/>
          <Votos_Nulos V="20610"/>
          <Porc_Votos_Nulos V="023,83"/>
        </lin>
        <lin>
          <Pregunta V="005"/>
          <Total_Sufragantes V="86469"/>
          <Porc_Sufragantes V="100,00"/>
          <Abstencion V="0"/>
          <Porc_Abstencion V="000,00"/>
          <Votos_Validos V="43342"/>
          <Porc_Votos_Validos V="050,12"/>
          <Votos_No_Marcados V="21049"/>
          <Porc_Votos_No_Marcados V="024,34"/>
          <Votos_Nulos V="22078"/>
          <Porc_Votos_Nulos V="025,53"/>
        </lin>
        <lin>
          <Pregunta V="006"/>
          <Total_Sufragantes V="86469"/>
          <Porc_Sufragantes V="100,00"/>
          <Abstencion V="0"/>
          <Porc_Abstencion V="000,00"/>
          <Votos_Validos V="42339"/>
          <Porc_Votos_Validos V="048,96"/>
          <Votos_No_Marcados V="22379"/>
          <Porc_Votos_No_Marcados V="025,88"/>
          <Votos_Nulos V="21751"/>
          <Porc_Votos_Nulos V="025,15"/>
        </lin>
        <lin>
          <Pregunta V="007"/>
          <Total_Sufragantes V="86469"/>
          <Porc_Sufragantes V="100,00"/>
          <Abstencion V="0"/>
          <Porc_Abstencion V="000,00"/>
          <Votos_Validos V="44092"/>
          <Porc_Votos_Validos V="050,99"/>
          <Votos_No_Marcados V="22588"/>
          <Porc_Votos_No_Marcados V="026,12"/>
          <Votos_Nulos V="19789"/>
          <Porc_Votos_Nulos V="022,88"/>
        </lin>
      </Detalle_Pregunta>
      <Detalle_Opcion>
        <lin>
          <Opcion V="001"/>
          <Votos V="21294"/>
          <Porc V="048,28"/>
          <Pregunta V="001"/>
        </lin>
        <lin>
          <Opcion V="002"/>
          <Votos V="22803"/>
          <Porc V="051,71"/>
          <Pregunta V="001"/>
        </lin>
        <lin>
          <Opcion V="001"/>
          <Votos V="22183"/>
          <Porc V="050,32"/>
          <Pregunta V="002"/>
        </lin>
        <lin>
          <Opcion V="002"/>
          <Votos V="21894"/>
          <Porc V="049,67"/>
          <Pregunta V="002"/>
        </lin>
        <lin>
          <Opcion V="001"/>
          <Votos V="22493"/>
          <Porc V="049,70"/>
          <Pregunta V="003"/>
        </lin>
        <lin>
          <Opcion V="002"/>
          <Votos V="22759"/>
          <Porc V="050,29"/>
          <Pregunta V="003"/>
        </lin>
        <lin>
          <Opcion V="001"/>
          <Votos V="21446"/>
          <Porc V="050,40"/>
          <Pregunta V="004"/>
        </lin>
        <lin>
          <Opcion V="002"/>
          <Votos V="21104"/>
          <Porc V="049,59"/>
          <Pregunta V="004"/>
        </lin>
        <lin>
          <Opcion V="001"/>
          <Votos V="20145"/>
          <Porc V="046,47"/>
          <Pregunta V="005"/>
        </lin>
        <lin>
          <Opcion V="002"/>
          <Votos V="23197"/>
          <Porc V="053,52"/>
          <Pregunta V="005"/>
        </lin>
        <lin>
          <Opcion V="001"/>
          <Votos V="20790"/>
          <Porc V="049,10"/>
          <Pregunta V="006"/>
        </lin>
        <lin>
          <Opcion V="002"/>
          <Votos V="21549"/>
          <Porc V="050,89"/>
          <Pregunta V="006"/>
        </lin>
        <lin>
          <Opcion V="001"/>
          <Votos V="23441"/>
          <Porc V="053,16"/>
          <Pregunta V="007"/>
        </lin>
        <lin>
          <Opcion V="002"/>
          <Votos V="20651"/>
          <Porc V="046,83"/>
          <Pregunta V="007"/>
        </lin>
      </Detalle_Opcion>
    </lin>
  </Detalle_Circunscripcion>
</Boletin>
</Boletin_Consolidado>