<Boletin_Consolidado><Boletin>
  <Numero V="0008"/>
  <Boletin_Departamental V="0012"/>
  <Tipo_Boletin V="DEPARTAMENTAL"/>
  <Desc_Corporacion V="CONSULTA POPULAR"/>
  <Departamento V="07"/>
  <Desc_Departamento V="BOYACA"/>
  <Municipio V="331"/>
  <Desc_Municipio V="TUTAZA"/>
  <Dia V="21"/>
  <Mes V="8"/>
  <Anio V="2018"/>
  <Hora V="14"/>
  <Minuto V="15"/>
  <Mesas_Instaladas V="5"/>
  <Mesas_Informadas V="5"/>
  <Porc_Mesas_Informadas V="100,00"/>
  <Potencial_Sufragantes V="1806"/>
  <Detalle_Circunscripcion>
    <lin>
      <Circunscripcion V="0"/>
      <Desc_Circunscripcion V="NACIONAL"/>
      <Detalle_Pregunta>
        <lin>
          <Pregunta V="001"/>
          <Total_Sufragantes V="1806"/>
          <Porc_Sufragantes V="100,00"/>
          <Abstencion V="0"/>
          <Porc_Abstencion V="000,00"/>
          <Votos_Validos V="990"/>
          <Porc_Votos_Validos V="054,81"/>
          <Votos_No_Marcados V="511"/>
          <Porc_Votos_No_Marcados V="028,29"/>
          <Votos_Nulos V="305"/>
          <Porc_Votos_Nulos V="016,88"/>
        </lin>
        <lin>
          <Pregunta V="002"/>
          <Total_Sufragantes V="1806"/>
          <Porc_Sufragantes V="100,00"/>
          <Abstencion V="0"/>
          <Porc_Abstencion V="000,00"/>
          <Votos_Validos V="969"/>
          <Porc_Votos_Validos V="053,65"/>
          <Votos_No_Marcados V="301"/>
          <Porc_Votos_No_Marcados V="016,66"/>
          <Votos_Nulos V="536"/>
          <Porc_Votos_Nulos V="029,67"/>
        </lin>
        <lin>
          <Pregunta V="003"/>
          <Total_Sufragantes V="1806"/>
          <Porc_Sufragantes V="100,00"/>
          <Abstencion V="0"/>
          <Porc_Abstencion V="000,00"/>
          <Votos_Validos V="612"/>
          <Porc_Votos_Validos V="033,88"/>
          <Votos_No_Marcados V="609"/>
          <Porc_Votos_No_Marcados V="033,72"/>
          <Votos_Nulos V="585"/>
          <Porc_Votos_Nulos V="032,39"/>
        </lin>
        <lin>
          <Pregunta V="004"/>
          <Total_Sufragantes V="1806"/>
          <Porc_Sufragantes V="100,00"/>
          <Abstencion V="0"/>
          <Porc_Abstencion V="000,00"/>
          <Votos_Validos V="854"/>
          <Porc_Votos_Validos V="047,28"/>
          <Votos_No_Marcados V="535"/>
          <Porc_Votos_No_Marcados V="029,62"/>
          <Votos_Nulos V="417"/>
          <Porc_Votos_Nulos V="023,08"/>
        </lin>
        <lin>
          <Pregunta V="005"/>
          <Total_Sufragantes V="1806"/>
          <Porc_Sufragantes V="100,00"/>
          <Abstencion V="0"/>
          <Porc_Abstencion V="000,00"/>
          <Votos_Validos V="1022"/>
          <Porc_Votos_Validos V="056,58"/>
          <Votos_No_Marcados V="330"/>
          <Porc_Votos_No_Marcados V="018,27"/>
          <Votos_Nulos V="454"/>
          <Porc_Votos_Nulos V="025,13"/>
        </lin>
        <lin>
          <Pregunta V="006"/>
          <Total_Sufragantes V="1806"/>
          <Porc_Sufragantes V="100,00"/>
          <Abstencion V="0"/>
          <Porc_Abstencion V="000,00"/>
          <Votos_Validos V="959"/>
          <Porc_Votos_Validos V="053,10"/>
          <Votos_No_Marcados V="456"/>
          <Porc_Votos_No_Marcados V="025,24"/>
          <Votos_Nulos V="391"/>
          <Porc_Votos_Nulos V="021,65"/>
        </lin>
        <lin>
          <Pregunta V="007"/>
          <Total_Sufragantes V="1806"/>
          <Porc_Sufragantes V="100,00"/>
          <Abstencion V="0"/>
          <Porc_Abstencion V="000,00"/>
          <Votos_Validos V="1023"/>
          <Porc_Votos_Validos V="056,64"/>
          <Votos_No_Marcados V="381"/>
          <Porc_Votos_No_Marcados V="021,09"/>
          <Votos_Nulos V="402"/>
          <Porc_Votos_Nulos V="022,25"/>
        </lin>
      </Detalle_Pregunta>
      <Detalle_Opcion>
        <lin>
          <Opcion V="001"/>
          <Votos V="546"/>
          <Porc V="055,15"/>
          <Pregunta V="001"/>
        </lin>
        <lin>
          <Opcion V="002"/>
          <Votos V="444"/>
          <Porc V="044,84"/>
          <Pregunta V="001"/>
        </lin>
        <lin>
          <Opcion V="001"/>
          <Votos V="321"/>
          <Porc V="033,12"/>
          <Pregunta V="002"/>
        </lin>
        <lin>
          <Opcion V="002"/>
          <Votos V="648"/>
          <Porc V="066,87"/>
          <Pregunta V="002"/>
        </lin>
        <lin>
          <Opcion V="001"/>
          <Votos V="352"/>
          <Porc V="057,51"/>
          <Pregunta V="003"/>
        </lin>
        <lin>
          <Opcion V="002"/>
          <Votos V="260"/>
          <Porc V="042,48"/>
          <Pregunta V="003"/>
        </lin>
        <lin>
          <Opcion V="001"/>
          <Votos V="411"/>
          <Porc V="048,12"/>
          <Pregunta V="004"/>
        </lin>
        <lin>
          <Opcion V="002"/>
          <Votos V="443"/>
          <Porc V="051,87"/>
          <Pregunta V="004"/>
        </lin>
        <lin>
          <Opcion V="001"/>
          <Votos V="362"/>
          <Porc V="035,42"/>
          <Pregunta V="005"/>
        </lin>
        <lin>
          <Opcion V="002"/>
          <Votos V="660"/>
          <Porc V="064,57"/>
          <Pregunta V="005"/>
        </lin>
        <lin>
          <Opcion V="001"/>
          <Votos V="453"/>
          <Porc V="047,23"/>
          <Pregunta V="006"/>
        </lin>
        <lin>
          <Opcion V="002"/>
          <Votos V="506"/>
          <Porc V="052,76"/>
          <Pregunta V="006"/>
        </lin>
        <lin>
          <Opcion V="001"/>
          <Votos V="425"/>
          <Porc V="041,54"/>
          <Pregunta V="007"/>
        </lin>
        <lin>
          <Opcion V="002"/>
          <Votos V="598"/>
          <Porc V="058,45"/>
          <Pregunta V="007"/>
        </lin>
      </Detalle_Opcion>
    </lin>
  </Detalle_Circunscripcion>
</Boletin>
</Boletin_Consolidado>