<Boletin_Consolidado><Boletin>
  <Numero V="0008"/>
  <Boletin_Departamental V="0011"/>
  <Tipo_Boletin V="DEPARTAMENTAL"/>
  <Desc_Corporacion V="CONSULTA POPULAR"/>
  <Departamento V="07"/>
  <Desc_Departamento V="BOYACA"/>
  <Municipio V="289"/>
  <Desc_Municipio V="SUTAMARCHAN"/>
  <Dia V="21"/>
  <Mes V="8"/>
  <Anio V="2018"/>
  <Hora V="14"/>
  <Minuto V="15"/>
  <Mesas_Instaladas V="15"/>
  <Mesas_Informadas V="15"/>
  <Porc_Mesas_Informadas V="100,00"/>
  <Potencial_Sufragantes V="5528"/>
  <Detalle_Circunscripcion>
    <lin>
      <Circunscripcion V="0"/>
      <Desc_Circunscripcion V="NACIONAL"/>
      <Detalle_Pregunta>
        <lin>
          <Pregunta V="001"/>
          <Total_Sufragantes V="5528"/>
          <Porc_Sufragantes V="100,00"/>
          <Abstencion V="0"/>
          <Porc_Abstencion V="000,00"/>
          <Votos_Validos V="2751"/>
          <Porc_Votos_Validos V="049,76"/>
          <Votos_No_Marcados V="1517"/>
          <Porc_Votos_No_Marcados V="027,44"/>
          <Votos_Nulos V="1260"/>
          <Porc_Votos_Nulos V="022,79"/>
        </lin>
        <lin>
          <Pregunta V="002"/>
          <Total_Sufragantes V="5528"/>
          <Porc_Sufragantes V="100,00"/>
          <Abstencion V="0"/>
          <Porc_Abstencion V="000,00"/>
          <Votos_Validos V="2921"/>
          <Porc_Votos_Validos V="052,84"/>
          <Votos_No_Marcados V="1145"/>
          <Porc_Votos_No_Marcados V="020,71"/>
          <Votos_Nulos V="1462"/>
          <Porc_Votos_Nulos V="026,44"/>
        </lin>
        <lin>
          <Pregunta V="003"/>
          <Total_Sufragantes V="5528"/>
          <Porc_Sufragantes V="100,00"/>
          <Abstencion V="0"/>
          <Porc_Abstencion V="000,00"/>
          <Votos_Validos V="2243"/>
          <Porc_Votos_Validos V="040,57"/>
          <Votos_No_Marcados V="1221"/>
          <Porc_Votos_No_Marcados V="022,08"/>
          <Votos_Nulos V="2064"/>
          <Porc_Votos_Nulos V="037,33"/>
        </lin>
        <lin>
          <Pregunta V="004"/>
          <Total_Sufragantes V="5528"/>
          <Porc_Sufragantes V="100,00"/>
          <Abstencion V="0"/>
          <Porc_Abstencion V="000,00"/>
          <Votos_Validos V="3120"/>
          <Porc_Votos_Validos V="056,43"/>
          <Votos_No_Marcados V="1105"/>
          <Porc_Votos_No_Marcados V="019,98"/>
          <Votos_Nulos V="1303"/>
          <Porc_Votos_Nulos V="023,57"/>
        </lin>
        <lin>
          <Pregunta V="005"/>
          <Total_Sufragantes V="5528"/>
          <Porc_Sufragantes V="100,00"/>
          <Abstencion V="0"/>
          <Porc_Abstencion V="000,00"/>
          <Votos_Validos V="2829"/>
          <Porc_Votos_Validos V="051,17"/>
          <Votos_No_Marcados V="1074"/>
          <Porc_Votos_No_Marcados V="019,42"/>
          <Votos_Nulos V="1625"/>
          <Porc_Votos_Nulos V="029,39"/>
        </lin>
        <lin>
          <Pregunta V="006"/>
          <Total_Sufragantes V="5528"/>
          <Porc_Sufragantes V="100,00"/>
          <Abstencion V="0"/>
          <Porc_Abstencion V="000,00"/>
          <Votos_Validos V="3049"/>
          <Porc_Votos_Validos V="055,15"/>
          <Votos_No_Marcados V="1155"/>
          <Porc_Votos_No_Marcados V="020,89"/>
          <Votos_Nulos V="1324"/>
          <Porc_Votos_Nulos V="023,95"/>
        </lin>
        <lin>
          <Pregunta V="007"/>
          <Total_Sufragantes V="5528"/>
          <Porc_Sufragantes V="100,00"/>
          <Abstencion V="0"/>
          <Porc_Abstencion V="000,00"/>
          <Votos_Validos V="2596"/>
          <Porc_Votos_Validos V="046,96"/>
          <Votos_No_Marcados V="1077"/>
          <Porc_Votos_No_Marcados V="019,48"/>
          <Votos_Nulos V="1855"/>
          <Porc_Votos_Nulos V="033,55"/>
        </lin>
      </Detalle_Pregunta>
      <Detalle_Opcion>
        <lin>
          <Opcion V="001"/>
          <Votos V="1509"/>
          <Porc V="054,85"/>
          <Pregunta V="001"/>
        </lin>
        <lin>
          <Opcion V="002"/>
          <Votos V="1242"/>
          <Porc V="045,14"/>
          <Pregunta V="001"/>
        </lin>
        <lin>
          <Opcion V="001"/>
          <Votos V="1339"/>
          <Porc V="045,84"/>
          <Pregunta V="002"/>
        </lin>
        <lin>
          <Opcion V="002"/>
          <Votos V="1582"/>
          <Porc V="054,15"/>
          <Pregunta V="002"/>
        </lin>
        <lin>
          <Opcion V="001"/>
          <Votos V="1088"/>
          <Porc V="048,50"/>
          <Pregunta V="003"/>
        </lin>
        <lin>
          <Opcion V="002"/>
          <Votos V="1155"/>
          <Porc V="051,49"/>
          <Pregunta V="003"/>
        </lin>
        <lin>
          <Opcion V="001"/>
          <Votos V="1313"/>
          <Porc V="042,08"/>
          <Pregunta V="004"/>
        </lin>
        <lin>
          <Opcion V="002"/>
          <Votos V="1807"/>
          <Porc V="057,91"/>
          <Pregunta V="004"/>
        </lin>
        <lin>
          <Opcion V="001"/>
          <Votos V="1773"/>
          <Porc V="062,67"/>
          <Pregunta V="005"/>
        </lin>
        <lin>
          <Opcion V="002"/>
          <Votos V="1056"/>
          <Porc V="037,32"/>
          <Pregunta V="005"/>
        </lin>
        <lin>
          <Opcion V="001"/>
          <Votos V="1519"/>
          <Porc V="049,81"/>
          <Pregunta V="006"/>
        </lin>
        <lin>
          <Opcion V="002"/>
          <Votos V="1530"/>
          <Porc V="050,18"/>
          <Pregunta V="006"/>
        </lin>
        <lin>
          <Opcion V="001"/>
          <Votos V="1580"/>
          <Porc V="060,86"/>
          <Pregunta V="007"/>
        </lin>
        <lin>
          <Opcion V="002"/>
          <Votos V="1016"/>
          <Porc V="039,13"/>
          <Pregunta V="007"/>
        </lin>
      </Detalle_Opcion>
    </lin>
  </Detalle_Circunscripcion>
</Boletin>
</Boletin_Consolidado>