<Boletin_Consolidado><Boletin>
  <Numero V="0008"/>
  <Boletin_Departamental V="0011"/>
  <Tipo_Boletin V="DEPARTAMENTAL"/>
  <Desc_Corporacion V="CONSULTA POPULAR"/>
  <Departamento V="05"/>
  <Desc_Departamento V="BOLIVAR"/>
  <Municipio V="065"/>
  <Desc_Municipio V="RIOVIEJO"/>
  <Dia V="21"/>
  <Mes V="8"/>
  <Anio V="2018"/>
  <Hora V="14"/>
  <Minuto V="15"/>
  <Mesas_Instaladas V="19"/>
  <Mesas_Informadas V="19"/>
  <Porc_Mesas_Informadas V="100,00"/>
  <Potencial_Sufragantes V="6280"/>
  <Detalle_Circunscripcion>
    <lin>
      <Circunscripcion V="0"/>
      <Desc_Circunscripcion V="NACIONAL"/>
      <Detalle_Pregunta>
        <lin>
          <Pregunta V="001"/>
          <Total_Sufragantes V="6280"/>
          <Porc_Sufragantes V="100,00"/>
          <Abstencion V="0"/>
          <Porc_Abstencion V="000,00"/>
          <Votos_Validos V="3499"/>
          <Porc_Votos_Validos V="055,71"/>
          <Votos_No_Marcados V="1222"/>
          <Porc_Votos_No_Marcados V="019,45"/>
          <Votos_Nulos V="1559"/>
          <Porc_Votos_Nulos V="024,82"/>
        </lin>
        <lin>
          <Pregunta V="002"/>
          <Total_Sufragantes V="6280"/>
          <Porc_Sufragantes V="100,00"/>
          <Abstencion V="0"/>
          <Porc_Abstencion V="000,00"/>
          <Votos_Validos V="2507"/>
          <Porc_Votos_Validos V="039,92"/>
          <Votos_No_Marcados V="1972"/>
          <Porc_Votos_No_Marcados V="031,40"/>
          <Votos_Nulos V="1801"/>
          <Porc_Votos_Nulos V="028,67"/>
        </lin>
        <lin>
          <Pregunta V="003"/>
          <Total_Sufragantes V="6280"/>
          <Porc_Sufragantes V="100,00"/>
          <Abstencion V="0"/>
          <Porc_Abstencion V="000,00"/>
          <Votos_Validos V="2982"/>
          <Porc_Votos_Validos V="047,48"/>
          <Votos_No_Marcados V="1769"/>
          <Porc_Votos_No_Marcados V="028,16"/>
          <Votos_Nulos V="1529"/>
          <Porc_Votos_Nulos V="024,34"/>
        </lin>
        <lin>
          <Pregunta V="004"/>
          <Total_Sufragantes V="6280"/>
          <Porc_Sufragantes V="100,00"/>
          <Abstencion V="0"/>
          <Porc_Abstencion V="000,00"/>
          <Votos_Validos V="3576"/>
          <Porc_Votos_Validos V="056,94"/>
          <Votos_No_Marcados V="1407"/>
          <Porc_Votos_No_Marcados V="022,40"/>
          <Votos_Nulos V="1297"/>
          <Porc_Votos_Nulos V="020,65"/>
        </lin>
        <lin>
          <Pregunta V="005"/>
          <Total_Sufragantes V="6280"/>
          <Porc_Sufragantes V="100,00"/>
          <Abstencion V="0"/>
          <Porc_Abstencion V="000,00"/>
          <Votos_Validos V="2622"/>
          <Porc_Votos_Validos V="041,75"/>
          <Votos_No_Marcados V="1737"/>
          <Porc_Votos_No_Marcados V="027,65"/>
          <Votos_Nulos V="1921"/>
          <Porc_Votos_Nulos V="030,58"/>
        </lin>
        <lin>
          <Pregunta V="006"/>
          <Total_Sufragantes V="6280"/>
          <Porc_Sufragantes V="100,00"/>
          <Abstencion V="0"/>
          <Porc_Abstencion V="000,00"/>
          <Votos_Validos V="3245"/>
          <Porc_Votos_Validos V="051,67"/>
          <Votos_No_Marcados V="1385"/>
          <Porc_Votos_No_Marcados V="022,05"/>
          <Votos_Nulos V="1650"/>
          <Porc_Votos_Nulos V="026,27"/>
        </lin>
        <lin>
          <Pregunta V="007"/>
          <Total_Sufragantes V="6280"/>
          <Porc_Sufragantes V="100,00"/>
          <Abstencion V="0"/>
          <Porc_Abstencion V="000,00"/>
          <Votos_Validos V="3234"/>
          <Porc_Votos_Validos V="051,49"/>
          <Votos_No_Marcados V="1441"/>
          <Porc_Votos_No_Marcados V="022,94"/>
          <Votos_Nulos V="1605"/>
          <Porc_Votos_Nulos V="025,55"/>
        </lin>
      </Detalle_Pregunta>
      <Detalle_Opcion>
        <lin>
          <Opcion V="001"/>
          <Votos V="2075"/>
          <Porc V="059,30"/>
          <Pregunta V="001"/>
        </lin>
        <lin>
          <Opcion V="002"/>
          <Votos V="1424"/>
          <Porc V="040,69"/>
          <Pregunta V="001"/>
        </lin>
        <lin>
          <Opcion V="001"/>
          <Votos V="1098"/>
          <Porc V="043,79"/>
          <Pregunta V="002"/>
        </lin>
        <lin>
          <Opcion V="002"/>
          <Votos V="1409"/>
          <Porc V="056,20"/>
          <Pregunta V="002"/>
        </lin>
        <lin>
          <Opcion V="001"/>
          <Votos V="1339"/>
          <Porc V="044,90"/>
          <Pregunta V="003"/>
        </lin>
        <lin>
          <Opcion V="002"/>
          <Votos V="1643"/>
          <Porc V="055,09"/>
          <Pregunta V="003"/>
        </lin>
        <lin>
          <Opcion V="001"/>
          <Votos V="2126"/>
          <Porc V="059,45"/>
          <Pregunta V="004"/>
        </lin>
        <lin>
          <Opcion V="002"/>
          <Votos V="1450"/>
          <Porc V="040,54"/>
          <Pregunta V="004"/>
        </lin>
        <lin>
          <Opcion V="001"/>
          <Votos V="1401"/>
          <Porc V="053,43"/>
          <Pregunta V="005"/>
        </lin>
        <lin>
          <Opcion V="002"/>
          <Votos V="1221"/>
          <Porc V="046,56"/>
          <Pregunta V="005"/>
        </lin>
        <lin>
          <Opcion V="001"/>
          <Votos V="1587"/>
          <Porc V="048,90"/>
          <Pregunta V="006"/>
        </lin>
        <lin>
          <Opcion V="002"/>
          <Votos V="1658"/>
          <Porc V="051,09"/>
          <Pregunta V="006"/>
        </lin>
        <lin>
          <Opcion V="001"/>
          <Votos V="1916"/>
          <Porc V="059,24"/>
          <Pregunta V="007"/>
        </lin>
        <lin>
          <Opcion V="002"/>
          <Votos V="1318"/>
          <Porc V="040,75"/>
          <Pregunta V="007"/>
        </lin>
      </Detalle_Opcion>
    </lin>
  </Detalle_Circunscripcion>
</Boletin>
</Boletin_Consolidado>