<Boletin_Consolidado><Boletin>
  <Numero V="0008"/>
  <Boletin_Departamental V="0012"/>
  <Tipo_Boletin V="DEPARTAMENTAL"/>
  <Desc_Corporacion V="CONSULTA POPULAR"/>
  <Departamento V="05"/>
  <Desc_Departamento V="BOLIVAR"/>
  <Municipio V="031"/>
  <Desc_Municipio V="MAHATES"/>
  <Dia V="21"/>
  <Mes V="8"/>
  <Anio V="2018"/>
  <Hora V="14"/>
  <Minuto V="15"/>
  <Mesas_Instaladas V="57"/>
  <Mesas_Informadas V="57"/>
  <Porc_Mesas_Informadas V="100,00"/>
  <Potencial_Sufragantes V="20251"/>
  <Detalle_Circunscripcion>
    <lin>
      <Circunscripcion V="0"/>
      <Desc_Circunscripcion V="NACIONAL"/>
      <Detalle_Pregunta>
        <lin>
          <Pregunta V="001"/>
          <Total_Sufragantes V="20251"/>
          <Porc_Sufragantes V="100,00"/>
          <Abstencion V="0"/>
          <Porc_Abstencion V="000,00"/>
          <Votos_Validos V="9940"/>
          <Porc_Votos_Validos V="049,08"/>
          <Votos_No_Marcados V="5255"/>
          <Porc_Votos_No_Marcados V="025,94"/>
          <Votos_Nulos V="5056"/>
          <Porc_Votos_Nulos V="024,96"/>
        </lin>
        <lin>
          <Pregunta V="002"/>
          <Total_Sufragantes V="20251"/>
          <Porc_Sufragantes V="100,00"/>
          <Abstencion V="0"/>
          <Porc_Abstencion V="000,00"/>
          <Votos_Validos V="9927"/>
          <Porc_Votos_Validos V="049,01"/>
          <Votos_No_Marcados V="5202"/>
          <Porc_Votos_No_Marcados V="025,68"/>
          <Votos_Nulos V="5122"/>
          <Porc_Votos_Nulos V="025,29"/>
        </lin>
        <lin>
          <Pregunta V="003"/>
          <Total_Sufragantes V="20251"/>
          <Porc_Sufragantes V="100,00"/>
          <Abstencion V="0"/>
          <Porc_Abstencion V="000,00"/>
          <Votos_Validos V="9536"/>
          <Porc_Votos_Validos V="047,08"/>
          <Votos_No_Marcados V="5893"/>
          <Porc_Votos_No_Marcados V="029,09"/>
          <Votos_Nulos V="4822"/>
          <Porc_Votos_Nulos V="023,81"/>
        </lin>
        <lin>
          <Pregunta V="004"/>
          <Total_Sufragantes V="20251"/>
          <Porc_Sufragantes V="100,00"/>
          <Abstencion V="0"/>
          <Porc_Abstencion V="000,00"/>
          <Votos_Validos V="10464"/>
          <Porc_Votos_Validos V="051,67"/>
          <Votos_No_Marcados V="5191"/>
          <Porc_Votos_No_Marcados V="025,63"/>
          <Votos_Nulos V="4596"/>
          <Porc_Votos_Nulos V="022,69"/>
        </lin>
        <lin>
          <Pregunta V="005"/>
          <Total_Sufragantes V="20251"/>
          <Porc_Sufragantes V="100,00"/>
          <Abstencion V="0"/>
          <Porc_Abstencion V="000,00"/>
          <Votos_Validos V="10495"/>
          <Porc_Votos_Validos V="051,82"/>
          <Votos_No_Marcados V="4877"/>
          <Porc_Votos_No_Marcados V="024,08"/>
          <Votos_Nulos V="4879"/>
          <Porc_Votos_Nulos V="024,09"/>
        </lin>
        <lin>
          <Pregunta V="006"/>
          <Total_Sufragantes V="20251"/>
          <Porc_Sufragantes V="100,00"/>
          <Abstencion V="0"/>
          <Porc_Abstencion V="000,00"/>
          <Votos_Validos V="10438"/>
          <Porc_Votos_Validos V="051,54"/>
          <Votos_No_Marcados V="5340"/>
          <Porc_Votos_No_Marcados V="026,36"/>
          <Votos_Nulos V="4473"/>
          <Porc_Votos_Nulos V="022,08"/>
        </lin>
        <lin>
          <Pregunta V="007"/>
          <Total_Sufragantes V="20251"/>
          <Porc_Sufragantes V="100,00"/>
          <Abstencion V="0"/>
          <Porc_Abstencion V="000,00"/>
          <Votos_Validos V="10941"/>
          <Porc_Votos_Validos V="054,02"/>
          <Votos_No_Marcados V="4728"/>
          <Porc_Votos_No_Marcados V="023,34"/>
          <Votos_Nulos V="4582"/>
          <Porc_Votos_Nulos V="022,62"/>
        </lin>
      </Detalle_Pregunta>
      <Detalle_Opcion>
        <lin>
          <Opcion V="001"/>
          <Votos V="4687"/>
          <Porc V="047,15"/>
          <Pregunta V="001"/>
        </lin>
        <lin>
          <Opcion V="002"/>
          <Votos V="5253"/>
          <Porc V="052,84"/>
          <Pregunta V="001"/>
        </lin>
        <lin>
          <Opcion V="001"/>
          <Votos V="5803"/>
          <Porc V="058,45"/>
          <Pregunta V="002"/>
        </lin>
        <lin>
          <Opcion V="002"/>
          <Votos V="4124"/>
          <Porc V="041,54"/>
          <Pregunta V="002"/>
        </lin>
        <lin>
          <Opcion V="001"/>
          <Votos V="4468"/>
          <Porc V="046,85"/>
          <Pregunta V="003"/>
        </lin>
        <lin>
          <Opcion V="002"/>
          <Votos V="5068"/>
          <Porc V="053,14"/>
          <Pregunta V="003"/>
        </lin>
        <lin>
          <Opcion V="001"/>
          <Votos V="4741"/>
          <Porc V="045,30"/>
          <Pregunta V="004"/>
        </lin>
        <lin>
          <Opcion V="002"/>
          <Votos V="5723"/>
          <Porc V="054,69"/>
          <Pregunta V="004"/>
        </lin>
        <lin>
          <Opcion V="001"/>
          <Votos V="4584"/>
          <Porc V="043,67"/>
          <Pregunta V="005"/>
        </lin>
        <lin>
          <Opcion V="002"/>
          <Votos V="5911"/>
          <Porc V="056,32"/>
          <Pregunta V="005"/>
        </lin>
        <lin>
          <Opcion V="001"/>
          <Votos V="5619"/>
          <Porc V="053,83"/>
          <Pregunta V="006"/>
        </lin>
        <lin>
          <Opcion V="002"/>
          <Votos V="4819"/>
          <Porc V="046,16"/>
          <Pregunta V="006"/>
        </lin>
        <lin>
          <Opcion V="001"/>
          <Votos V="6047"/>
          <Porc V="055,26"/>
          <Pregunta V="007"/>
        </lin>
        <lin>
          <Opcion V="002"/>
          <Votos V="4894"/>
          <Porc V="044,73"/>
          <Pregunta V="007"/>
        </lin>
      </Detalle_Opcion>
    </lin>
  </Detalle_Circunscripcion>
</Boletin>
</Boletin_Consolidado>