<Boletin_Consolidado><Boletin>
  <Numero V="0008"/>
  <Boletin_Departamental V="0012"/>
  <Tipo_Boletin V="DEPARTAMENTAL"/>
  <Desc_Corporacion V="CONSULTA POPULAR"/>
  <Departamento V="15"/>
  <Desc_Departamento V="CUNDINAMARCA"/>
  <Municipio V="139"/>
  <Desc_Municipio V="LA CALERA"/>
  <Dia V="21"/>
  <Mes V="8"/>
  <Anio V="2018"/>
  <Hora V="14"/>
  <Minuto V="15"/>
  <Mesas_Instaladas V="59"/>
  <Mesas_Informadas V="59"/>
  <Porc_Mesas_Informadas V="100,00"/>
  <Potencial_Sufragantes V="21993"/>
  <Detalle_Circunscripcion>
    <lin>
      <Circunscripcion V="0"/>
      <Desc_Circunscripcion V="NACIONAL"/>
      <Detalle_Pregunta>
        <lin>
          <Pregunta V="001"/>
          <Total_Sufragantes V="21993"/>
          <Porc_Sufragantes V="100,00"/>
          <Abstencion V="0"/>
          <Porc_Abstencion V="000,00"/>
          <Votos_Validos V="11757"/>
          <Porc_Votos_Validos V="053,45"/>
          <Votos_No_Marcados V="5299"/>
          <Porc_Votos_No_Marcados V="024,09"/>
          <Votos_Nulos V="4937"/>
          <Porc_Votos_Nulos V="022,44"/>
        </lin>
        <lin>
          <Pregunta V="002"/>
          <Total_Sufragantes V="21993"/>
          <Porc_Sufragantes V="100,00"/>
          <Abstencion V="0"/>
          <Porc_Abstencion V="000,00"/>
          <Votos_Validos V="9854"/>
          <Porc_Votos_Validos V="044,80"/>
          <Votos_No_Marcados V="6213"/>
          <Porc_Votos_No_Marcados V="028,24"/>
          <Votos_Nulos V="5926"/>
          <Porc_Votos_Nulos V="026,94"/>
        </lin>
        <lin>
          <Pregunta V="003"/>
          <Total_Sufragantes V="21993"/>
          <Porc_Sufragantes V="100,00"/>
          <Abstencion V="0"/>
          <Porc_Abstencion V="000,00"/>
          <Votos_Validos V="11286"/>
          <Porc_Votos_Validos V="051,31"/>
          <Votos_No_Marcados V="4885"/>
          <Porc_Votos_No_Marcados V="022,21"/>
          <Votos_Nulos V="5822"/>
          <Porc_Votos_Nulos V="026,47"/>
        </lin>
        <lin>
          <Pregunta V="004"/>
          <Total_Sufragantes V="21993"/>
          <Porc_Sufragantes V="100,00"/>
          <Abstencion V="0"/>
          <Porc_Abstencion V="000,00"/>
          <Votos_Validos V="10960"/>
          <Porc_Votos_Validos V="049,83"/>
          <Votos_No_Marcados V="6151"/>
          <Porc_Votos_No_Marcados V="027,96"/>
          <Votos_Nulos V="4882"/>
          <Porc_Votos_Nulos V="022,19"/>
        </lin>
        <lin>
          <Pregunta V="005"/>
          <Total_Sufragantes V="21993"/>
          <Porc_Sufragantes V="100,00"/>
          <Abstencion V="0"/>
          <Porc_Abstencion V="000,00"/>
          <Votos_Validos V="10394"/>
          <Porc_Votos_Validos V="047,26"/>
          <Votos_No_Marcados V="6125"/>
          <Porc_Votos_No_Marcados V="027,84"/>
          <Votos_Nulos V="5474"/>
          <Porc_Votos_Nulos V="024,88"/>
        </lin>
        <lin>
          <Pregunta V="006"/>
          <Total_Sufragantes V="21993"/>
          <Porc_Sufragantes V="100,00"/>
          <Abstencion V="0"/>
          <Porc_Abstencion V="000,00"/>
          <Votos_Validos V="10668"/>
          <Porc_Votos_Validos V="048,50"/>
          <Votos_No_Marcados V="5006"/>
          <Porc_Votos_No_Marcados V="022,76"/>
          <Votos_Nulos V="6319"/>
          <Porc_Votos_Nulos V="028,73"/>
        </lin>
        <lin>
          <Pregunta V="007"/>
          <Total_Sufragantes V="21993"/>
          <Porc_Sufragantes V="100,00"/>
          <Abstencion V="0"/>
          <Porc_Abstencion V="000,00"/>
          <Votos_Validos V="10458"/>
          <Porc_Votos_Validos V="047,55"/>
          <Votos_No_Marcados V="5756"/>
          <Porc_Votos_No_Marcados V="026,17"/>
          <Votos_Nulos V="5779"/>
          <Porc_Votos_Nulos V="026,27"/>
        </lin>
      </Detalle_Pregunta>
      <Detalle_Opcion>
        <lin>
          <Opcion V="001"/>
          <Votos V="5655"/>
          <Porc V="048,09"/>
          <Pregunta V="001"/>
        </lin>
        <lin>
          <Opcion V="002"/>
          <Votos V="6102"/>
          <Porc V="051,90"/>
          <Pregunta V="001"/>
        </lin>
        <lin>
          <Opcion V="001"/>
          <Votos V="4760"/>
          <Porc V="048,30"/>
          <Pregunta V="002"/>
        </lin>
        <lin>
          <Opcion V="002"/>
          <Votos V="5094"/>
          <Porc V="051,69"/>
          <Pregunta V="002"/>
        </lin>
        <lin>
          <Opcion V="001"/>
          <Votos V="6020"/>
          <Porc V="053,34"/>
          <Pregunta V="003"/>
        </lin>
        <lin>
          <Opcion V="002"/>
          <Votos V="5266"/>
          <Porc V="046,65"/>
          <Pregunta V="003"/>
        </lin>
        <lin>
          <Opcion V="001"/>
          <Votos V="5814"/>
          <Porc V="053,04"/>
          <Pregunta V="004"/>
        </lin>
        <lin>
          <Opcion V="002"/>
          <Votos V="5146"/>
          <Porc V="046,95"/>
          <Pregunta V="004"/>
        </lin>
        <lin>
          <Opcion V="001"/>
          <Votos V="5170"/>
          <Porc V="049,74"/>
          <Pregunta V="005"/>
        </lin>
        <lin>
          <Opcion V="002"/>
          <Votos V="5224"/>
          <Porc V="050,25"/>
          <Pregunta V="005"/>
        </lin>
        <lin>
          <Opcion V="001"/>
          <Votos V="5795"/>
          <Porc V="054,32"/>
          <Pregunta V="006"/>
        </lin>
        <lin>
          <Opcion V="002"/>
          <Votos V="4873"/>
          <Porc V="045,67"/>
          <Pregunta V="006"/>
        </lin>
        <lin>
          <Opcion V="001"/>
          <Votos V="5547"/>
          <Porc V="053,04"/>
          <Pregunta V="007"/>
        </lin>
        <lin>
          <Opcion V="002"/>
          <Votos V="4911"/>
          <Porc V="046,95"/>
          <Pregunta V="007"/>
        </lin>
      </Detalle_Opcion>
    </lin>
  </Detalle_Circunscripcion>
</Boletin>
</Boletin_Consolidado>