<Boletin_Consolidado><Boletin>
  <Numero V="0008"/>
  <Boletin_Departamental V="0012"/>
  <Tipo_Boletin V="DEPARTAMENTAL"/>
  <Desc_Corporacion V="CONSULTA POPULAR"/>
  <Departamento V="01"/>
  <Desc_Departamento V="ANTIOQUIA"/>
  <Municipio V="055"/>
  <Desc_Municipio V="BETULIA"/>
  <Dia V="21"/>
  <Mes V="8"/>
  <Anio V="2018"/>
  <Hora V="14"/>
  <Minuto V="15"/>
  <Mesas_Instaladas V="37"/>
  <Mesas_Informadas V="37"/>
  <Porc_Mesas_Informadas V="100,00"/>
  <Potencial_Sufragantes V="13402"/>
  <Detalle_Circunscripcion>
    <lin>
      <Circunscripcion V="0"/>
      <Desc_Circunscripcion V="NACIONAL"/>
      <Detalle_Pregunta>
        <lin>
          <Pregunta V="001"/>
          <Total_Sufragantes V="13402"/>
          <Porc_Sufragantes V="100,00"/>
          <Abstencion V="0"/>
          <Porc_Abstencion V="000,00"/>
          <Votos_Validos V="6886"/>
          <Porc_Votos_Validos V="051,38"/>
          <Votos_No_Marcados V="2901"/>
          <Porc_Votos_No_Marcados V="021,64"/>
          <Votos_Nulos V="3615"/>
          <Porc_Votos_Nulos V="026,97"/>
        </lin>
        <lin>
          <Pregunta V="002"/>
          <Total_Sufragantes V="13402"/>
          <Porc_Sufragantes V="100,00"/>
          <Abstencion V="0"/>
          <Porc_Abstencion V="000,00"/>
          <Votos_Validos V="6338"/>
          <Porc_Votos_Validos V="047,29"/>
          <Votos_No_Marcados V="3873"/>
          <Porc_Votos_No_Marcados V="028,89"/>
          <Votos_Nulos V="3191"/>
          <Porc_Votos_Nulos V="023,80"/>
        </lin>
        <lin>
          <Pregunta V="003"/>
          <Total_Sufragantes V="13402"/>
          <Porc_Sufragantes V="100,00"/>
          <Abstencion V="0"/>
          <Porc_Abstencion V="000,00"/>
          <Votos_Validos V="6224"/>
          <Porc_Votos_Validos V="046,44"/>
          <Votos_No_Marcados V="3387"/>
          <Porc_Votos_No_Marcados V="025,27"/>
          <Votos_Nulos V="3791"/>
          <Porc_Votos_Nulos V="028,28"/>
        </lin>
        <lin>
          <Pregunta V="004"/>
          <Total_Sufragantes V="13402"/>
          <Porc_Sufragantes V="100,00"/>
          <Abstencion V="0"/>
          <Porc_Abstencion V="000,00"/>
          <Votos_Validos V="6245"/>
          <Porc_Votos_Validos V="046,59"/>
          <Votos_No_Marcados V="3878"/>
          <Porc_Votos_No_Marcados V="028,93"/>
          <Votos_Nulos V="3279"/>
          <Porc_Votos_Nulos V="024,46"/>
        </lin>
        <lin>
          <Pregunta V="005"/>
          <Total_Sufragantes V="13402"/>
          <Porc_Sufragantes V="100,00"/>
          <Abstencion V="0"/>
          <Porc_Abstencion V="000,00"/>
          <Votos_Validos V="6678"/>
          <Porc_Votos_Validos V="049,82"/>
          <Votos_No_Marcados V="3165"/>
          <Porc_Votos_No_Marcados V="023,61"/>
          <Votos_Nulos V="3559"/>
          <Porc_Votos_Nulos V="026,55"/>
        </lin>
        <lin>
          <Pregunta V="006"/>
          <Total_Sufragantes V="13402"/>
          <Porc_Sufragantes V="100,00"/>
          <Abstencion V="0"/>
          <Porc_Abstencion V="000,00"/>
          <Votos_Validos V="6643"/>
          <Porc_Votos_Validos V="049,56"/>
          <Votos_No_Marcados V="3506"/>
          <Porc_Votos_No_Marcados V="026,16"/>
          <Votos_Nulos V="3253"/>
          <Porc_Votos_Nulos V="024,27"/>
        </lin>
        <lin>
          <Pregunta V="007"/>
          <Total_Sufragantes V="13402"/>
          <Porc_Sufragantes V="100,00"/>
          <Abstencion V="0"/>
          <Porc_Abstencion V="000,00"/>
          <Votos_Validos V="7024"/>
          <Porc_Votos_Validos V="052,41"/>
          <Votos_No_Marcados V="3665"/>
          <Porc_Votos_No_Marcados V="027,34"/>
          <Votos_Nulos V="2713"/>
          <Porc_Votos_Nulos V="020,24"/>
        </lin>
      </Detalle_Pregunta>
      <Detalle_Opcion>
        <lin>
          <Opcion V="001"/>
          <Votos V="3268"/>
          <Porc V="047,45"/>
          <Pregunta V="001"/>
        </lin>
        <lin>
          <Opcion V="002"/>
          <Votos V="3618"/>
          <Porc V="052,54"/>
          <Pregunta V="001"/>
        </lin>
        <lin>
          <Opcion V="001"/>
          <Votos V="3024"/>
          <Porc V="047,71"/>
          <Pregunta V="002"/>
        </lin>
        <lin>
          <Opcion V="002"/>
          <Votos V="3314"/>
          <Porc V="052,28"/>
          <Pregunta V="002"/>
        </lin>
        <lin>
          <Opcion V="001"/>
          <Votos V="3462"/>
          <Porc V="055,62"/>
          <Pregunta V="003"/>
        </lin>
        <lin>
          <Opcion V="002"/>
          <Votos V="2762"/>
          <Porc V="044,37"/>
          <Pregunta V="003"/>
        </lin>
        <lin>
          <Opcion V="001"/>
          <Votos V="3011"/>
          <Porc V="048,21"/>
          <Pregunta V="004"/>
        </lin>
        <lin>
          <Opcion V="002"/>
          <Votos V="3234"/>
          <Porc V="051,78"/>
          <Pregunta V="004"/>
        </lin>
        <lin>
          <Opcion V="001"/>
          <Votos V="2962"/>
          <Porc V="044,35"/>
          <Pregunta V="005"/>
        </lin>
        <lin>
          <Opcion V="002"/>
          <Votos V="3716"/>
          <Porc V="055,64"/>
          <Pregunta V="005"/>
        </lin>
        <lin>
          <Opcion V="001"/>
          <Votos V="2919"/>
          <Porc V="043,94"/>
          <Pregunta V="006"/>
        </lin>
        <lin>
          <Opcion V="002"/>
          <Votos V="3724"/>
          <Porc V="056,05"/>
          <Pregunta V="006"/>
        </lin>
        <lin>
          <Opcion V="001"/>
          <Votos V="3359"/>
          <Porc V="047,82"/>
          <Pregunta V="007"/>
        </lin>
        <lin>
          <Opcion V="002"/>
          <Votos V="3665"/>
          <Porc V="052,17"/>
          <Pregunta V="007"/>
        </lin>
      </Detalle_Opcion>
    </lin>
  </Detalle_Circunscripcion>
</Boletin>
</Boletin_Consolidado>