<Boletin_Consolidado><Boletin>
  <Numero V="0008"/>
  <Boletin_Departamental V="0012"/>
  <Tipo_Boletin V="DEPARTAMENTAL"/>
  <Desc_Corporacion V="CONSULTA POPULAR"/>
  <Departamento V="15"/>
  <Desc_Departamento V="CUNDINAMARCA"/>
  <Municipio V="031"/>
  <Desc_Municipio V="CAJICA"/>
  <Dia V="21"/>
  <Mes V="8"/>
  <Anio V="2018"/>
  <Hora V="14"/>
  <Minuto V="15"/>
  <Mesas_Instaladas V="126"/>
  <Mesas_Informadas V="126"/>
  <Porc_Mesas_Informadas V="100,00"/>
  <Potencial_Sufragantes V="47111"/>
  <Detalle_Circunscripcion>
    <lin>
      <Circunscripcion V="0"/>
      <Desc_Circunscripcion V="NACIONAL"/>
      <Detalle_Pregunta>
        <lin>
          <Pregunta V="001"/>
          <Total_Sufragantes V="47111"/>
          <Porc_Sufragantes V="100,00"/>
          <Abstencion V="0"/>
          <Porc_Abstencion V="000,00"/>
          <Votos_Validos V="23350"/>
          <Porc_Votos_Validos V="049,56"/>
          <Votos_No_Marcados V="12181"/>
          <Porc_Votos_No_Marcados V="025,85"/>
          <Votos_Nulos V="11580"/>
          <Porc_Votos_Nulos V="024,58"/>
        </lin>
        <lin>
          <Pregunta V="002"/>
          <Total_Sufragantes V="47111"/>
          <Porc_Sufragantes V="100,00"/>
          <Abstencion V="0"/>
          <Porc_Abstencion V="000,00"/>
          <Votos_Validos V="24764"/>
          <Porc_Votos_Validos V="052,56"/>
          <Votos_No_Marcados V="11915"/>
          <Porc_Votos_No_Marcados V="025,29"/>
          <Votos_Nulos V="10432"/>
          <Porc_Votos_Nulos V="022,14"/>
        </lin>
        <lin>
          <Pregunta V="003"/>
          <Total_Sufragantes V="47111"/>
          <Porc_Sufragantes V="100,00"/>
          <Abstencion V="0"/>
          <Porc_Abstencion V="000,00"/>
          <Votos_Validos V="23916"/>
          <Porc_Votos_Validos V="050,76"/>
          <Votos_No_Marcados V="11956"/>
          <Porc_Votos_No_Marcados V="025,37"/>
          <Votos_Nulos V="11239"/>
          <Porc_Votos_Nulos V="023,85"/>
        </lin>
        <lin>
          <Pregunta V="004"/>
          <Total_Sufragantes V="47111"/>
          <Porc_Sufragantes V="100,00"/>
          <Abstencion V="0"/>
          <Porc_Abstencion V="000,00"/>
          <Votos_Validos V="23900"/>
          <Porc_Votos_Validos V="050,73"/>
          <Votos_No_Marcados V="10625"/>
          <Porc_Votos_No_Marcados V="022,55"/>
          <Votos_Nulos V="12586"/>
          <Porc_Votos_Nulos V="026,71"/>
        </lin>
        <lin>
          <Pregunta V="005"/>
          <Total_Sufragantes V="47111"/>
          <Porc_Sufragantes V="100,00"/>
          <Abstencion V="0"/>
          <Porc_Abstencion V="000,00"/>
          <Votos_Validos V="23116"/>
          <Porc_Votos_Validos V="049,06"/>
          <Votos_No_Marcados V="12202"/>
          <Porc_Votos_No_Marcados V="025,90"/>
          <Votos_Nulos V="11793"/>
          <Porc_Votos_Nulos V="025,03"/>
        </lin>
        <lin>
          <Pregunta V="006"/>
          <Total_Sufragantes V="47111"/>
          <Porc_Sufragantes V="100,00"/>
          <Abstencion V="0"/>
          <Porc_Abstencion V="000,00"/>
          <Votos_Validos V="24313"/>
          <Porc_Votos_Validos V="051,60"/>
          <Votos_No_Marcados V="11014"/>
          <Porc_Votos_No_Marcados V="023,37"/>
          <Votos_Nulos V="11784"/>
          <Porc_Votos_Nulos V="025,01"/>
        </lin>
        <lin>
          <Pregunta V="007"/>
          <Total_Sufragantes V="47111"/>
          <Porc_Sufragantes V="100,00"/>
          <Abstencion V="0"/>
          <Porc_Abstencion V="000,00"/>
          <Votos_Validos V="23561"/>
          <Porc_Votos_Validos V="050,01"/>
          <Votos_No_Marcados V="12629"/>
          <Porc_Votos_No_Marcados V="026,80"/>
          <Votos_Nulos V="10921"/>
          <Porc_Votos_Nulos V="023,18"/>
        </lin>
      </Detalle_Pregunta>
      <Detalle_Opcion>
        <lin>
          <Opcion V="001"/>
          <Votos V="11834"/>
          <Porc V="050,68"/>
          <Pregunta V="001"/>
        </lin>
        <lin>
          <Opcion V="002"/>
          <Votos V="11516"/>
          <Porc V="049,31"/>
          <Pregunta V="001"/>
        </lin>
        <lin>
          <Opcion V="001"/>
          <Votos V="12025"/>
          <Porc V="048,55"/>
          <Pregunta V="002"/>
        </lin>
        <lin>
          <Opcion V="002"/>
          <Votos V="12739"/>
          <Porc V="051,44"/>
          <Pregunta V="002"/>
        </lin>
        <lin>
          <Opcion V="001"/>
          <Votos V="12295"/>
          <Porc V="051,40"/>
          <Pregunta V="003"/>
        </lin>
        <lin>
          <Opcion V="002"/>
          <Votos V="11621"/>
          <Porc V="048,59"/>
          <Pregunta V="003"/>
        </lin>
        <lin>
          <Opcion V="001"/>
          <Votos V="11777"/>
          <Porc V="049,27"/>
          <Pregunta V="004"/>
        </lin>
        <lin>
          <Opcion V="002"/>
          <Votos V="12123"/>
          <Porc V="050,72"/>
          <Pregunta V="004"/>
        </lin>
        <lin>
          <Opcion V="001"/>
          <Votos V="12005"/>
          <Porc V="051,93"/>
          <Pregunta V="005"/>
        </lin>
        <lin>
          <Opcion V="002"/>
          <Votos V="11111"/>
          <Porc V="048,06"/>
          <Pregunta V="005"/>
        </lin>
        <lin>
          <Opcion V="001"/>
          <Votos V="11592"/>
          <Porc V="047,67"/>
          <Pregunta V="006"/>
        </lin>
        <lin>
          <Opcion V="002"/>
          <Votos V="12721"/>
          <Porc V="052,32"/>
          <Pregunta V="006"/>
        </lin>
        <lin>
          <Opcion V="001"/>
          <Votos V="12696"/>
          <Porc V="053,88"/>
          <Pregunta V="007"/>
        </lin>
        <lin>
          <Opcion V="002"/>
          <Votos V="10865"/>
          <Porc V="046,11"/>
          <Pregunta V="007"/>
        </lin>
      </Detalle_Opcion>
    </lin>
  </Detalle_Circunscripcion>
</Boletin>
</Boletin_Consolidado>