<Boletin_Consolidado><Boletin>
  <Numero V="0008"/>
  <Boletin_Departamental V="0012"/>
  <Tipo_Boletin V="DEPARTAMENTAL"/>
  <Desc_Corporacion V="CONSULTA POPULAR"/>
  <Departamento V="07"/>
  <Desc_Departamento V="BOYACA"/>
  <Municipio V="061"/>
  <Desc_Municipio V="CUITIVA"/>
  <Dia V="21"/>
  <Mes V="8"/>
  <Anio V="2018"/>
  <Hora V="14"/>
  <Minuto V="15"/>
  <Mesas_Instaladas V="6"/>
  <Mesas_Informadas V="6"/>
  <Porc_Mesas_Informadas V="100,00"/>
  <Potencial_Sufragantes V="1864"/>
  <Detalle_Circunscripcion>
    <lin>
      <Circunscripcion V="0"/>
      <Desc_Circunscripcion V="NACIONAL"/>
      <Detalle_Pregunta>
        <lin>
          <Pregunta V="001"/>
          <Total_Sufragantes V="1864"/>
          <Porc_Sufragantes V="100,00"/>
          <Abstencion V="0"/>
          <Porc_Abstencion V="000,00"/>
          <Votos_Validos V="1019"/>
          <Porc_Votos_Validos V="054,66"/>
          <Votos_No_Marcados V="471"/>
          <Porc_Votos_No_Marcados V="025,26"/>
          <Votos_Nulos V="374"/>
          <Porc_Votos_Nulos V="020,06"/>
        </lin>
        <lin>
          <Pregunta V="002"/>
          <Total_Sufragantes V="1864"/>
          <Porc_Sufragantes V="100,00"/>
          <Abstencion V="0"/>
          <Porc_Abstencion V="000,00"/>
          <Votos_Validos V="950"/>
          <Porc_Votos_Validos V="050,96"/>
          <Votos_No_Marcados V="398"/>
          <Porc_Votos_No_Marcados V="021,35"/>
          <Votos_Nulos V="516"/>
          <Porc_Votos_Nulos V="027,68"/>
        </lin>
        <lin>
          <Pregunta V="003"/>
          <Total_Sufragantes V="1864"/>
          <Porc_Sufragantes V="100,00"/>
          <Abstencion V="0"/>
          <Porc_Abstencion V="000,00"/>
          <Votos_Validos V="897"/>
          <Porc_Votos_Validos V="048,12"/>
          <Votos_No_Marcados V="273"/>
          <Porc_Votos_No_Marcados V="014,64"/>
          <Votos_Nulos V="694"/>
          <Porc_Votos_Nulos V="037,23"/>
        </lin>
        <lin>
          <Pregunta V="004"/>
          <Total_Sufragantes V="1864"/>
          <Porc_Sufragantes V="100,00"/>
          <Abstencion V="0"/>
          <Porc_Abstencion V="000,00"/>
          <Votos_Validos V="990"/>
          <Porc_Votos_Validos V="053,11"/>
          <Votos_No_Marcados V="459"/>
          <Porc_Votos_No_Marcados V="024,62"/>
          <Votos_Nulos V="415"/>
          <Porc_Votos_Nulos V="022,26"/>
        </lin>
        <lin>
          <Pregunta V="005"/>
          <Total_Sufragantes V="1864"/>
          <Porc_Sufragantes V="100,00"/>
          <Abstencion V="0"/>
          <Porc_Abstencion V="000,00"/>
          <Votos_Validos V="965"/>
          <Porc_Votos_Validos V="051,77"/>
          <Votos_No_Marcados V="311"/>
          <Porc_Votos_No_Marcados V="016,68"/>
          <Votos_Nulos V="588"/>
          <Porc_Votos_Nulos V="031,54"/>
        </lin>
        <lin>
          <Pregunta V="006"/>
          <Total_Sufragantes V="1864"/>
          <Porc_Sufragantes V="100,00"/>
          <Abstencion V="0"/>
          <Porc_Abstencion V="000,00"/>
          <Votos_Validos V="965"/>
          <Porc_Votos_Validos V="051,77"/>
          <Votos_No_Marcados V="582"/>
          <Porc_Votos_No_Marcados V="031,22"/>
          <Votos_Nulos V="317"/>
          <Porc_Votos_Nulos V="017,00"/>
        </lin>
        <lin>
          <Pregunta V="007"/>
          <Total_Sufragantes V="1864"/>
          <Porc_Sufragantes V="100,00"/>
          <Abstencion V="0"/>
          <Porc_Abstencion V="000,00"/>
          <Votos_Validos V="870"/>
          <Porc_Votos_Validos V="046,67"/>
          <Votos_No_Marcados V="625"/>
          <Porc_Votos_No_Marcados V="033,53"/>
          <Votos_Nulos V="369"/>
          <Porc_Votos_Nulos V="019,79"/>
        </lin>
      </Detalle_Pregunta>
      <Detalle_Opcion>
        <lin>
          <Opcion V="001"/>
          <Votos V="632"/>
          <Porc V="062,02"/>
          <Pregunta V="001"/>
        </lin>
        <lin>
          <Opcion V="002"/>
          <Votos V="387"/>
          <Porc V="037,97"/>
          <Pregunta V="001"/>
        </lin>
        <lin>
          <Opcion V="001"/>
          <Votos V="369"/>
          <Porc V="038,84"/>
          <Pregunta V="002"/>
        </lin>
        <lin>
          <Opcion V="002"/>
          <Votos V="581"/>
          <Porc V="061,15"/>
          <Pregunta V="002"/>
        </lin>
        <lin>
          <Opcion V="001"/>
          <Votos V="474"/>
          <Porc V="052,84"/>
          <Pregunta V="003"/>
        </lin>
        <lin>
          <Opcion V="002"/>
          <Votos V="423"/>
          <Porc V="047,15"/>
          <Pregunta V="003"/>
        </lin>
        <lin>
          <Opcion V="001"/>
          <Votos V="360"/>
          <Porc V="036,36"/>
          <Pregunta V="004"/>
        </lin>
        <lin>
          <Opcion V="002"/>
          <Votos V="630"/>
          <Porc V="063,63"/>
          <Pregunta V="004"/>
        </lin>
        <lin>
          <Opcion V="001"/>
          <Votos V="362"/>
          <Porc V="037,51"/>
          <Pregunta V="005"/>
        </lin>
        <lin>
          <Opcion V="002"/>
          <Votos V="603"/>
          <Porc V="062,48"/>
          <Pregunta V="005"/>
        </lin>
        <lin>
          <Opcion V="001"/>
          <Votos V="476"/>
          <Porc V="049,32"/>
          <Pregunta V="006"/>
        </lin>
        <lin>
          <Opcion V="002"/>
          <Votos V="489"/>
          <Porc V="050,67"/>
          <Pregunta V="006"/>
        </lin>
        <lin>
          <Opcion V="001"/>
          <Votos V="511"/>
          <Porc V="058,73"/>
          <Pregunta V="007"/>
        </lin>
        <lin>
          <Opcion V="002"/>
          <Votos V="359"/>
          <Porc V="041,26"/>
          <Pregunta V="007"/>
        </lin>
      </Detalle_Opcion>
    </lin>
  </Detalle_Circunscripcion>
</Boletin>
</Boletin_Consolidado>