<Boletin_Consolidado><Boletin>
  <Numero V="0008"/>
  <Boletin_Departamental V="0012"/>
  <Tipo_Boletin V="DEPARTAMENTAL"/>
  <Desc_Corporacion V="CONSULTA POPULAR"/>
  <Departamento V="01"/>
  <Desc_Departamento V="ANTIOQUIA"/>
  <Municipio V="211"/>
  <Desc_Municipio V="RETIRO"/>
  <Dia V="21"/>
  <Mes V="8"/>
  <Anio V="2018"/>
  <Hora V="14"/>
  <Minuto V="15"/>
  <Mesas_Instaladas V="45"/>
  <Mesas_Informadas V="45"/>
  <Porc_Mesas_Informadas V="100,00"/>
  <Potencial_Sufragantes V="17101"/>
  <Detalle_Circunscripcion>
    <lin>
      <Circunscripcion V="0"/>
      <Desc_Circunscripcion V="NACIONAL"/>
      <Detalle_Pregunta>
        <lin>
          <Pregunta V="001"/>
          <Total_Sufragantes V="17101"/>
          <Porc_Sufragantes V="100,00"/>
          <Abstencion V="0"/>
          <Porc_Abstencion V="000,00"/>
          <Votos_Validos V="8501"/>
          <Porc_Votos_Validos V="049,71"/>
          <Votos_No_Marcados V="4260"/>
          <Porc_Votos_No_Marcados V="024,91"/>
          <Votos_Nulos V="4340"/>
          <Porc_Votos_Nulos V="025,37"/>
        </lin>
        <lin>
          <Pregunta V="002"/>
          <Total_Sufragantes V="17101"/>
          <Porc_Sufragantes V="100,00"/>
          <Abstencion V="0"/>
          <Porc_Abstencion V="000,00"/>
          <Votos_Validos V="8606"/>
          <Porc_Votos_Validos V="050,32"/>
          <Votos_No_Marcados V="4446"/>
          <Porc_Votos_No_Marcados V="025,99"/>
          <Votos_Nulos V="4049"/>
          <Porc_Votos_Nulos V="023,67"/>
        </lin>
        <lin>
          <Pregunta V="003"/>
          <Total_Sufragantes V="17101"/>
          <Porc_Sufragantes V="100,00"/>
          <Abstencion V="0"/>
          <Porc_Abstencion V="000,00"/>
          <Votos_Validos V="7936"/>
          <Porc_Votos_Validos V="046,40"/>
          <Votos_No_Marcados V="4073"/>
          <Porc_Votos_No_Marcados V="023,81"/>
          <Votos_Nulos V="5092"/>
          <Porc_Votos_Nulos V="029,77"/>
        </lin>
        <lin>
          <Pregunta V="004"/>
          <Total_Sufragantes V="17101"/>
          <Porc_Sufragantes V="100,00"/>
          <Abstencion V="0"/>
          <Porc_Abstencion V="000,00"/>
          <Votos_Validos V="7464"/>
          <Porc_Votos_Validos V="043,64"/>
          <Votos_No_Marcados V="4162"/>
          <Porc_Votos_No_Marcados V="024,33"/>
          <Votos_Nulos V="5475"/>
          <Porc_Votos_Nulos V="032,01"/>
        </lin>
        <lin>
          <Pregunta V="005"/>
          <Total_Sufragantes V="17101"/>
          <Porc_Sufragantes V="100,00"/>
          <Abstencion V="0"/>
          <Porc_Abstencion V="000,00"/>
          <Votos_Validos V="8786"/>
          <Porc_Votos_Validos V="051,37"/>
          <Votos_No_Marcados V="4592"/>
          <Porc_Votos_No_Marcados V="026,85"/>
          <Votos_Nulos V="3723"/>
          <Porc_Votos_Nulos V="021,77"/>
        </lin>
        <lin>
          <Pregunta V="006"/>
          <Total_Sufragantes V="17101"/>
          <Porc_Sufragantes V="100,00"/>
          <Abstencion V="0"/>
          <Porc_Abstencion V="000,00"/>
          <Votos_Validos V="8676"/>
          <Porc_Votos_Validos V="050,73"/>
          <Votos_No_Marcados V="4217"/>
          <Porc_Votos_No_Marcados V="024,65"/>
          <Votos_Nulos V="4208"/>
          <Porc_Votos_Nulos V="024,60"/>
        </lin>
        <lin>
          <Pregunta V="007"/>
          <Total_Sufragantes V="17101"/>
          <Porc_Sufragantes V="100,00"/>
          <Abstencion V="0"/>
          <Porc_Abstencion V="000,00"/>
          <Votos_Validos V="8597"/>
          <Porc_Votos_Validos V="050,27"/>
          <Votos_No_Marcados V="3731"/>
          <Porc_Votos_No_Marcados V="021,81"/>
          <Votos_Nulos V="4773"/>
          <Porc_Votos_Nulos V="027,91"/>
        </lin>
      </Detalle_Pregunta>
      <Detalle_Opcion>
        <lin>
          <Opcion V="001"/>
          <Votos V="4344"/>
          <Porc V="051,09"/>
          <Pregunta V="001"/>
        </lin>
        <lin>
          <Opcion V="002"/>
          <Votos V="4157"/>
          <Porc V="048,90"/>
          <Pregunta V="001"/>
        </lin>
        <lin>
          <Opcion V="001"/>
          <Votos V="4370"/>
          <Porc V="050,77"/>
          <Pregunta V="002"/>
        </lin>
        <lin>
          <Opcion V="002"/>
          <Votos V="4236"/>
          <Porc V="049,22"/>
          <Pregunta V="002"/>
        </lin>
        <lin>
          <Opcion V="001"/>
          <Votos V="3879"/>
          <Porc V="048,87"/>
          <Pregunta V="003"/>
        </lin>
        <lin>
          <Opcion V="002"/>
          <Votos V="4057"/>
          <Porc V="051,12"/>
          <Pregunta V="003"/>
        </lin>
        <lin>
          <Opcion V="001"/>
          <Votos V="4051"/>
          <Porc V="054,27"/>
          <Pregunta V="004"/>
        </lin>
        <lin>
          <Opcion V="002"/>
          <Votos V="3413"/>
          <Porc V="045,72"/>
          <Pregunta V="004"/>
        </lin>
        <lin>
          <Opcion V="001"/>
          <Votos V="4158"/>
          <Porc V="047,32"/>
          <Pregunta V="005"/>
        </lin>
        <lin>
          <Opcion V="002"/>
          <Votos V="4628"/>
          <Porc V="052,67"/>
          <Pregunta V="005"/>
        </lin>
        <lin>
          <Opcion V="001"/>
          <Votos V="5079"/>
          <Porc V="058,54"/>
          <Pregunta V="006"/>
        </lin>
        <lin>
          <Opcion V="002"/>
          <Votos V="3597"/>
          <Porc V="041,45"/>
          <Pregunta V="006"/>
        </lin>
        <lin>
          <Opcion V="001"/>
          <Votos V="3565"/>
          <Porc V="041,46"/>
          <Pregunta V="007"/>
        </lin>
        <lin>
          <Opcion V="002"/>
          <Votos V="5032"/>
          <Porc V="058,53"/>
          <Pregunta V="007"/>
        </lin>
      </Detalle_Opcion>
    </lin>
  </Detalle_Circunscripcion>
</Boletin>
</Boletin_Consolidado>