<Boletin_Consolidado><Boletin>
  <Numero V="0008"/>
  <Boletin_Departamental V="0010"/>
  <Tipo_Boletin V="DEPARTAMENTAL"/>
  <Desc_Corporacion V="CONSULTA POPULAR"/>
  <Departamento V="07"/>
  <Desc_Departamento V="BOYACA"/>
  <Municipio V="151"/>
  <Desc_Municipio V="MIRAFLORES"/>
  <Dia V="21"/>
  <Mes V="8"/>
  <Anio V="2018"/>
  <Hora V="14"/>
  <Minuto V="15"/>
  <Mesas_Instaladas V="21"/>
  <Mesas_Informadas V="21"/>
  <Porc_Mesas_Informadas V="100,00"/>
  <Potencial_Sufragantes V="7473"/>
  <Detalle_Circunscripcion>
    <lin>
      <Circunscripcion V="0"/>
      <Desc_Circunscripcion V="NACIONAL"/>
      <Detalle_Pregunta>
        <lin>
          <Pregunta V="001"/>
          <Total_Sufragantes V="7473"/>
          <Porc_Sufragantes V="100,00"/>
          <Abstencion V="0"/>
          <Porc_Abstencion V="000,00"/>
          <Votos_Validos V="3715"/>
          <Porc_Votos_Validos V="049,71"/>
          <Votos_No_Marcados V="1626"/>
          <Porc_Votos_No_Marcados V="021,75"/>
          <Votos_Nulos V="2132"/>
          <Porc_Votos_Nulos V="028,52"/>
        </lin>
        <lin>
          <Pregunta V="002"/>
          <Total_Sufragantes V="7473"/>
          <Porc_Sufragantes V="100,00"/>
          <Abstencion V="0"/>
          <Porc_Abstencion V="000,00"/>
          <Votos_Validos V="3708"/>
          <Porc_Votos_Validos V="049,61"/>
          <Votos_No_Marcados V="2035"/>
          <Porc_Votos_No_Marcados V="027,23"/>
          <Votos_Nulos V="1730"/>
          <Porc_Votos_Nulos V="023,15"/>
        </lin>
        <lin>
          <Pregunta V="003"/>
          <Total_Sufragantes V="7473"/>
          <Porc_Sufragantes V="100,00"/>
          <Abstencion V="0"/>
          <Porc_Abstencion V="000,00"/>
          <Votos_Validos V="4203"/>
          <Porc_Votos_Validos V="056,24"/>
          <Votos_No_Marcados V="1579"/>
          <Porc_Votos_No_Marcados V="021,12"/>
          <Votos_Nulos V="1691"/>
          <Porc_Votos_Nulos V="022,62"/>
        </lin>
        <lin>
          <Pregunta V="004"/>
          <Total_Sufragantes V="7473"/>
          <Porc_Sufragantes V="100,00"/>
          <Abstencion V="0"/>
          <Porc_Abstencion V="000,00"/>
          <Votos_Validos V="3342"/>
          <Porc_Votos_Validos V="044,72"/>
          <Votos_No_Marcados V="2200"/>
          <Porc_Votos_No_Marcados V="029,43"/>
          <Votos_Nulos V="1931"/>
          <Porc_Votos_Nulos V="025,83"/>
        </lin>
        <lin>
          <Pregunta V="005"/>
          <Total_Sufragantes V="7473"/>
          <Porc_Sufragantes V="100,00"/>
          <Abstencion V="0"/>
          <Porc_Abstencion V="000,00"/>
          <Votos_Validos V="3552"/>
          <Porc_Votos_Validos V="047,53"/>
          <Votos_No_Marcados V="2387"/>
          <Porc_Votos_No_Marcados V="031,94"/>
          <Votos_Nulos V="1534"/>
          <Porc_Votos_Nulos V="020,52"/>
        </lin>
        <lin>
          <Pregunta V="006"/>
          <Total_Sufragantes V="7473"/>
          <Porc_Sufragantes V="100,00"/>
          <Abstencion V="0"/>
          <Porc_Abstencion V="000,00"/>
          <Votos_Validos V="3862"/>
          <Porc_Votos_Validos V="051,67"/>
          <Votos_No_Marcados V="1604"/>
          <Porc_Votos_No_Marcados V="021,46"/>
          <Votos_Nulos V="2007"/>
          <Porc_Votos_Nulos V="026,85"/>
        </lin>
        <lin>
          <Pregunta V="007"/>
          <Total_Sufragantes V="7473"/>
          <Porc_Sufragantes V="100,00"/>
          <Abstencion V="0"/>
          <Porc_Abstencion V="000,00"/>
          <Votos_Validos V="3243"/>
          <Porc_Votos_Validos V="043,39"/>
          <Votos_No_Marcados V="2396"/>
          <Porc_Votos_No_Marcados V="032,06"/>
          <Votos_Nulos V="1834"/>
          <Porc_Votos_Nulos V="024,54"/>
        </lin>
      </Detalle_Pregunta>
      <Detalle_Opcion>
        <lin>
          <Opcion V="001"/>
          <Votos V="1886"/>
          <Porc V="050,76"/>
          <Pregunta V="001"/>
        </lin>
        <lin>
          <Opcion V="002"/>
          <Votos V="1829"/>
          <Porc V="049,23"/>
          <Pregunta V="001"/>
        </lin>
        <lin>
          <Opcion V="001"/>
          <Votos V="1929"/>
          <Porc V="052,02"/>
          <Pregunta V="002"/>
        </lin>
        <lin>
          <Opcion V="002"/>
          <Votos V="1779"/>
          <Porc V="047,97"/>
          <Pregunta V="002"/>
        </lin>
        <lin>
          <Opcion V="001"/>
          <Votos V="1861"/>
          <Porc V="044,27"/>
          <Pregunta V="003"/>
        </lin>
        <lin>
          <Opcion V="002"/>
          <Votos V="2342"/>
          <Porc V="055,72"/>
          <Pregunta V="003"/>
        </lin>
        <lin>
          <Opcion V="001"/>
          <Votos V="1939"/>
          <Porc V="058,01"/>
          <Pregunta V="004"/>
        </lin>
        <lin>
          <Opcion V="002"/>
          <Votos V="1403"/>
          <Porc V="041,98"/>
          <Pregunta V="004"/>
        </lin>
        <lin>
          <Opcion V="001"/>
          <Votos V="1875"/>
          <Porc V="052,78"/>
          <Pregunta V="005"/>
        </lin>
        <lin>
          <Opcion V="002"/>
          <Votos V="1677"/>
          <Porc V="047,21"/>
          <Pregunta V="005"/>
        </lin>
        <lin>
          <Opcion V="001"/>
          <Votos V="1864"/>
          <Porc V="048,26"/>
          <Pregunta V="006"/>
        </lin>
        <lin>
          <Opcion V="002"/>
          <Votos V="1998"/>
          <Porc V="051,73"/>
          <Pregunta V="006"/>
        </lin>
        <lin>
          <Opcion V="001"/>
          <Votos V="1849"/>
          <Porc V="057,01"/>
          <Pregunta V="007"/>
        </lin>
        <lin>
          <Opcion V="002"/>
          <Votos V="1394"/>
          <Porc V="042,98"/>
          <Pregunta V="007"/>
        </lin>
      </Detalle_Opcion>
    </lin>
  </Detalle_Circunscripcion>
</Boletin>
</Boletin_Consolidado>