<Boletin_Consolidado><Boletin>
  <Numero V="0008"/>
  <Boletin_Departamental V="0012"/>
  <Tipo_Boletin V="DEPARTAMENTAL"/>
  <Desc_Corporacion V="CONSULTA POPULAR"/>
  <Departamento V="05"/>
  <Desc_Departamento V="BOLIVAR"/>
  <Municipio V="121"/>
  <Desc_Municipio V="TURBANA"/>
  <Dia V="21"/>
  <Mes V="8"/>
  <Anio V="2018"/>
  <Hora V="14"/>
  <Minuto V="15"/>
  <Mesas_Instaladas V="39"/>
  <Mesas_Informadas V="39"/>
  <Porc_Mesas_Informadas V="100,00"/>
  <Potencial_Sufragantes V="14694"/>
  <Detalle_Circunscripcion>
    <lin>
      <Circunscripcion V="0"/>
      <Desc_Circunscripcion V="NACIONAL"/>
      <Detalle_Pregunta>
        <lin>
          <Pregunta V="001"/>
          <Total_Sufragantes V="14694"/>
          <Porc_Sufragantes V="100,00"/>
          <Abstencion V="0"/>
          <Porc_Abstencion V="000,00"/>
          <Votos_Validos V="7538"/>
          <Porc_Votos_Validos V="051,29"/>
          <Votos_No_Marcados V="3225"/>
          <Porc_Votos_No_Marcados V="021,94"/>
          <Votos_Nulos V="3931"/>
          <Porc_Votos_Nulos V="026,75"/>
        </lin>
        <lin>
          <Pregunta V="002"/>
          <Total_Sufragantes V="14694"/>
          <Porc_Sufragantes V="100,00"/>
          <Abstencion V="0"/>
          <Porc_Abstencion V="000,00"/>
          <Votos_Validos V="7935"/>
          <Porc_Votos_Validos V="054,00"/>
          <Votos_No_Marcados V="3361"/>
          <Porc_Votos_No_Marcados V="022,87"/>
          <Votos_Nulos V="3398"/>
          <Porc_Votos_Nulos V="023,12"/>
        </lin>
        <lin>
          <Pregunta V="003"/>
          <Total_Sufragantes V="14694"/>
          <Porc_Sufragantes V="100,00"/>
          <Abstencion V="0"/>
          <Porc_Abstencion V="000,00"/>
          <Votos_Validos V="6717"/>
          <Porc_Votos_Validos V="045,71"/>
          <Votos_No_Marcados V="4506"/>
          <Porc_Votos_No_Marcados V="030,66"/>
          <Votos_Nulos V="3471"/>
          <Porc_Votos_Nulos V="023,62"/>
        </lin>
        <lin>
          <Pregunta V="004"/>
          <Total_Sufragantes V="14694"/>
          <Porc_Sufragantes V="100,00"/>
          <Abstencion V="0"/>
          <Porc_Abstencion V="000,00"/>
          <Votos_Validos V="6656"/>
          <Porc_Votos_Validos V="045,29"/>
          <Votos_No_Marcados V="3752"/>
          <Porc_Votos_No_Marcados V="025,53"/>
          <Votos_Nulos V="4286"/>
          <Porc_Votos_Nulos V="029,16"/>
        </lin>
        <lin>
          <Pregunta V="005"/>
          <Total_Sufragantes V="14694"/>
          <Porc_Sufragantes V="100,00"/>
          <Abstencion V="0"/>
          <Porc_Abstencion V="000,00"/>
          <Votos_Validos V="7413"/>
          <Porc_Votos_Validos V="050,44"/>
          <Votos_No_Marcados V="4107"/>
          <Porc_Votos_No_Marcados V="027,95"/>
          <Votos_Nulos V="3174"/>
          <Porc_Votos_Nulos V="021,60"/>
        </lin>
        <lin>
          <Pregunta V="006"/>
          <Total_Sufragantes V="14694"/>
          <Porc_Sufragantes V="100,00"/>
          <Abstencion V="0"/>
          <Porc_Abstencion V="000,00"/>
          <Votos_Validos V="7848"/>
          <Porc_Votos_Validos V="053,40"/>
          <Votos_No_Marcados V="4156"/>
          <Porc_Votos_No_Marcados V="028,28"/>
          <Votos_Nulos V="2690"/>
          <Porc_Votos_Nulos V="018,30"/>
        </lin>
        <lin>
          <Pregunta V="007"/>
          <Total_Sufragantes V="14694"/>
          <Porc_Sufragantes V="100,00"/>
          <Abstencion V="0"/>
          <Porc_Abstencion V="000,00"/>
          <Votos_Validos V="7721"/>
          <Porc_Votos_Validos V="052,54"/>
          <Votos_No_Marcados V="3404"/>
          <Porc_Votos_No_Marcados V="023,16"/>
          <Votos_Nulos V="3569"/>
          <Porc_Votos_Nulos V="024,28"/>
        </lin>
      </Detalle_Pregunta>
      <Detalle_Opcion>
        <lin>
          <Opcion V="001"/>
          <Votos V="3830"/>
          <Porc V="050,80"/>
          <Pregunta V="001"/>
        </lin>
        <lin>
          <Opcion V="002"/>
          <Votos V="3708"/>
          <Porc V="049,19"/>
          <Pregunta V="001"/>
        </lin>
        <lin>
          <Opcion V="001"/>
          <Votos V="4160"/>
          <Porc V="052,42"/>
          <Pregunta V="002"/>
        </lin>
        <lin>
          <Opcion V="002"/>
          <Votos V="3775"/>
          <Porc V="047,57"/>
          <Pregunta V="002"/>
        </lin>
        <lin>
          <Opcion V="001"/>
          <Votos V="3618"/>
          <Porc V="053,86"/>
          <Pregunta V="003"/>
        </lin>
        <lin>
          <Opcion V="002"/>
          <Votos V="3099"/>
          <Porc V="046,13"/>
          <Pregunta V="003"/>
        </lin>
        <lin>
          <Opcion V="001"/>
          <Votos V="3669"/>
          <Porc V="055,12"/>
          <Pregunta V="004"/>
        </lin>
        <lin>
          <Opcion V="002"/>
          <Votos V="2987"/>
          <Porc V="044,87"/>
          <Pregunta V="004"/>
        </lin>
        <lin>
          <Opcion V="001"/>
          <Votos V="3187"/>
          <Porc V="042,99"/>
          <Pregunta V="005"/>
        </lin>
        <lin>
          <Opcion V="002"/>
          <Votos V="4226"/>
          <Porc V="057,00"/>
          <Pregunta V="005"/>
        </lin>
        <lin>
          <Opcion V="001"/>
          <Votos V="3375"/>
          <Porc V="043,00"/>
          <Pregunta V="006"/>
        </lin>
        <lin>
          <Opcion V="002"/>
          <Votos V="4473"/>
          <Porc V="056,99"/>
          <Pregunta V="006"/>
        </lin>
        <lin>
          <Opcion V="001"/>
          <Votos V="3395"/>
          <Porc V="043,97"/>
          <Pregunta V="007"/>
        </lin>
        <lin>
          <Opcion V="002"/>
          <Votos V="4326"/>
          <Porc V="056,02"/>
          <Pregunta V="007"/>
        </lin>
      </Detalle_Opcion>
    </lin>
  </Detalle_Circunscripcion>
</Boletin>
</Boletin_Consolidado>