<Boletin_Consolidado><Boletin>
  <Numero V="0008"/>
  <Boletin_Departamental V="0012"/>
  <Tipo_Boletin V="DEPARTAMENTAL"/>
  <Desc_Corporacion V="CONSULTA POPULAR"/>
  <Departamento V="07"/>
  <Desc_Departamento V="BOYACA"/>
  <Municipio V="214"/>
  <Desc_Municipio V="PUERTO BOYACA"/>
  <Dia V="21"/>
  <Mes V="8"/>
  <Anio V="2018"/>
  <Hora V="14"/>
  <Minuto V="15"/>
  <Mesas_Instaladas V="99"/>
  <Mesas_Informadas V="99"/>
  <Porc_Mesas_Informadas V="100,00"/>
  <Potencial_Sufragantes V="36228"/>
  <Detalle_Circunscripcion>
    <lin>
      <Circunscripcion V="0"/>
      <Desc_Circunscripcion V="NACIONAL"/>
      <Detalle_Pregunta>
        <lin>
          <Pregunta V="001"/>
          <Total_Sufragantes V="36228"/>
          <Porc_Sufragantes V="100,00"/>
          <Abstencion V="0"/>
          <Porc_Abstencion V="000,00"/>
          <Votos_Validos V="18559"/>
          <Porc_Votos_Validos V="051,22"/>
          <Votos_No_Marcados V="9396"/>
          <Porc_Votos_No_Marcados V="025,93"/>
          <Votos_Nulos V="8273"/>
          <Porc_Votos_Nulos V="022,83"/>
        </lin>
        <lin>
          <Pregunta V="002"/>
          <Total_Sufragantes V="36228"/>
          <Porc_Sufragantes V="100,00"/>
          <Abstencion V="0"/>
          <Porc_Abstencion V="000,00"/>
          <Votos_Validos V="17009"/>
          <Porc_Votos_Validos V="046,94"/>
          <Votos_No_Marcados V="9436"/>
          <Porc_Votos_No_Marcados V="026,04"/>
          <Votos_Nulos V="9783"/>
          <Porc_Votos_Nulos V="027,00"/>
        </lin>
        <lin>
          <Pregunta V="003"/>
          <Total_Sufragantes V="36228"/>
          <Porc_Sufragantes V="100,00"/>
          <Abstencion V="0"/>
          <Porc_Abstencion V="000,00"/>
          <Votos_Validos V="17751"/>
          <Porc_Votos_Validos V="048,99"/>
          <Votos_No_Marcados V="9391"/>
          <Porc_Votos_No_Marcados V="025,92"/>
          <Votos_Nulos V="9086"/>
          <Porc_Votos_Nulos V="025,08"/>
        </lin>
        <lin>
          <Pregunta V="004"/>
          <Total_Sufragantes V="36228"/>
          <Porc_Sufragantes V="100,00"/>
          <Abstencion V="0"/>
          <Porc_Abstencion V="000,00"/>
          <Votos_Validos V="16567"/>
          <Porc_Votos_Validos V="045,72"/>
          <Votos_No_Marcados V="9353"/>
          <Porc_Votos_No_Marcados V="025,81"/>
          <Votos_Nulos V="10308"/>
          <Porc_Votos_Nulos V="028,45"/>
        </lin>
        <lin>
          <Pregunta V="005"/>
          <Total_Sufragantes V="36228"/>
          <Porc_Sufragantes V="100,00"/>
          <Abstencion V="0"/>
          <Porc_Abstencion V="000,00"/>
          <Votos_Validos V="18124"/>
          <Porc_Votos_Validos V="050,02"/>
          <Votos_No_Marcados V="9651"/>
          <Porc_Votos_No_Marcados V="026,63"/>
          <Votos_Nulos V="8453"/>
          <Porc_Votos_Nulos V="023,33"/>
        </lin>
        <lin>
          <Pregunta V="006"/>
          <Total_Sufragantes V="36228"/>
          <Porc_Sufragantes V="100,00"/>
          <Abstencion V="0"/>
          <Porc_Abstencion V="000,00"/>
          <Votos_Validos V="16979"/>
          <Porc_Votos_Validos V="046,86"/>
          <Votos_No_Marcados V="9539"/>
          <Porc_Votos_No_Marcados V="026,33"/>
          <Votos_Nulos V="9710"/>
          <Porc_Votos_Nulos V="026,80"/>
        </lin>
        <lin>
          <Pregunta V="007"/>
          <Total_Sufragantes V="36228"/>
          <Porc_Sufragantes V="100,00"/>
          <Abstencion V="0"/>
          <Porc_Abstencion V="000,00"/>
          <Votos_Validos V="17560"/>
          <Porc_Votos_Validos V="048,47"/>
          <Votos_No_Marcados V="8656"/>
          <Porc_Votos_No_Marcados V="023,89"/>
          <Votos_Nulos V="10012"/>
          <Porc_Votos_Nulos V="027,63"/>
        </lin>
      </Detalle_Pregunta>
      <Detalle_Opcion>
        <lin>
          <Opcion V="001"/>
          <Votos V="9840"/>
          <Porc V="053,02"/>
          <Pregunta V="001"/>
        </lin>
        <lin>
          <Opcion V="002"/>
          <Votos V="8719"/>
          <Porc V="046,97"/>
          <Pregunta V="001"/>
        </lin>
        <lin>
          <Opcion V="001"/>
          <Votos V="7917"/>
          <Porc V="046,54"/>
          <Pregunta V="002"/>
        </lin>
        <lin>
          <Opcion V="002"/>
          <Votos V="9092"/>
          <Porc V="053,45"/>
          <Pregunta V="002"/>
        </lin>
        <lin>
          <Opcion V="001"/>
          <Votos V="9385"/>
          <Porc V="052,87"/>
          <Pregunta V="003"/>
        </lin>
        <lin>
          <Opcion V="002"/>
          <Votos V="8366"/>
          <Porc V="047,12"/>
          <Pregunta V="003"/>
        </lin>
        <lin>
          <Opcion V="001"/>
          <Votos V="7865"/>
          <Porc V="047,47"/>
          <Pregunta V="004"/>
        </lin>
        <lin>
          <Opcion V="002"/>
          <Votos V="8702"/>
          <Porc V="052,52"/>
          <Pregunta V="004"/>
        </lin>
        <lin>
          <Opcion V="001"/>
          <Votos V="8755"/>
          <Porc V="048,30"/>
          <Pregunta V="005"/>
        </lin>
        <lin>
          <Opcion V="002"/>
          <Votos V="9369"/>
          <Porc V="051,69"/>
          <Pregunta V="005"/>
        </lin>
        <lin>
          <Opcion V="001"/>
          <Votos V="8294"/>
          <Porc V="048,84"/>
          <Pregunta V="006"/>
        </lin>
        <lin>
          <Opcion V="002"/>
          <Votos V="8685"/>
          <Porc V="051,15"/>
          <Pregunta V="006"/>
        </lin>
        <lin>
          <Opcion V="001"/>
          <Votos V="9190"/>
          <Porc V="052,33"/>
          <Pregunta V="007"/>
        </lin>
        <lin>
          <Opcion V="002"/>
          <Votos V="8370"/>
          <Porc V="047,66"/>
          <Pregunta V="007"/>
        </lin>
      </Detalle_Opcion>
    </lin>
  </Detalle_Circunscripcion>
</Boletin>
</Boletin_Consolidado>