<Boletin_Consolidado><Boletin>
  <Numero V="0008"/>
  <Boletin_Departamental V="0002"/>
  <Tipo_Boletin V="DEPARTAMENTAL"/>
  <Desc_Corporacion V="CONSULTA POPULAR"/>
  <Departamento V="07"/>
  <Desc_Departamento V="BOYACA"/>
  <Municipio V="016"/>
  <Desc_Municipio V="BERBEO"/>
  <Dia V="21"/>
  <Mes V="8"/>
  <Anio V="2018"/>
  <Hora V="14"/>
  <Minuto V="15"/>
  <Mesas_Instaladas V="4"/>
  <Mesas_Informadas V="4"/>
  <Porc_Mesas_Informadas V="100,00"/>
  <Potencial_Sufragantes V="1445"/>
  <Detalle_Circunscripcion>
    <lin>
      <Circunscripcion V="0"/>
      <Desc_Circunscripcion V="NACIONAL"/>
      <Detalle_Pregunta>
        <lin>
          <Pregunta V="001"/>
          <Total_Sufragantes V="1445"/>
          <Porc_Sufragantes V="100,00"/>
          <Abstencion V="0"/>
          <Porc_Abstencion V="000,00"/>
          <Votos_Validos V="737"/>
          <Porc_Votos_Validos V="051,00"/>
          <Votos_No_Marcados V="382"/>
          <Porc_Votos_No_Marcados V="026,43"/>
          <Votos_Nulos V="326"/>
          <Porc_Votos_Nulos V="022,56"/>
        </lin>
        <lin>
          <Pregunta V="002"/>
          <Total_Sufragantes V="1445"/>
          <Porc_Sufragantes V="100,00"/>
          <Abstencion V="0"/>
          <Porc_Abstencion V="000,00"/>
          <Votos_Validos V="664"/>
          <Porc_Votos_Validos V="045,95"/>
          <Votos_No_Marcados V="398"/>
          <Porc_Votos_No_Marcados V="027,54"/>
          <Votos_Nulos V="383"/>
          <Porc_Votos_Nulos V="026,50"/>
        </lin>
        <lin>
          <Pregunta V="003"/>
          <Total_Sufragantes V="1445"/>
          <Porc_Sufragantes V="100,00"/>
          <Abstencion V="0"/>
          <Porc_Abstencion V="000,00"/>
          <Votos_Validos V="732"/>
          <Porc_Votos_Validos V="050,65"/>
          <Votos_No_Marcados V="438"/>
          <Porc_Votos_No_Marcados V="030,31"/>
          <Votos_Nulos V="275"/>
          <Porc_Votos_Nulos V="019,03"/>
        </lin>
        <lin>
          <Pregunta V="004"/>
          <Total_Sufragantes V="1445"/>
          <Porc_Sufragantes V="100,00"/>
          <Abstencion V="0"/>
          <Porc_Abstencion V="000,00"/>
          <Votos_Validos V="689"/>
          <Porc_Votos_Validos V="047,68"/>
          <Votos_No_Marcados V="582"/>
          <Porc_Votos_No_Marcados V="040,27"/>
          <Votos_Nulos V="174"/>
          <Porc_Votos_Nulos V="012,04"/>
        </lin>
        <lin>
          <Pregunta V="005"/>
          <Total_Sufragantes V="1445"/>
          <Porc_Sufragantes V="100,00"/>
          <Abstencion V="0"/>
          <Porc_Abstencion V="000,00"/>
          <Votos_Validos V="739"/>
          <Porc_Votos_Validos V="051,14"/>
          <Votos_No_Marcados V="451"/>
          <Porc_Votos_No_Marcados V="031,21"/>
          <Votos_Nulos V="255"/>
          <Porc_Votos_Nulos V="017,64"/>
        </lin>
        <lin>
          <Pregunta V="006"/>
          <Total_Sufragantes V="1445"/>
          <Porc_Sufragantes V="100,00"/>
          <Abstencion V="0"/>
          <Porc_Abstencion V="000,00"/>
          <Votos_Validos V="785"/>
          <Porc_Votos_Validos V="054,32"/>
          <Votos_No_Marcados V="313"/>
          <Porc_Votos_No_Marcados V="021,66"/>
          <Votos_Nulos V="347"/>
          <Porc_Votos_Nulos V="024,01"/>
        </lin>
        <lin>
          <Pregunta V="007"/>
          <Total_Sufragantes V="1445"/>
          <Porc_Sufragantes V="100,00"/>
          <Abstencion V="0"/>
          <Porc_Abstencion V="000,00"/>
          <Votos_Validos V="767"/>
          <Porc_Votos_Validos V="053,07"/>
          <Votos_No_Marcados V="340"/>
          <Porc_Votos_No_Marcados V="023,52"/>
          <Votos_Nulos V="338"/>
          <Porc_Votos_Nulos V="023,39"/>
        </lin>
      </Detalle_Pregunta>
      <Detalle_Opcion>
        <lin>
          <Opcion V="001"/>
          <Votos V="154"/>
          <Porc V="020,89"/>
          <Pregunta V="001"/>
        </lin>
        <lin>
          <Opcion V="002"/>
          <Votos V="583"/>
          <Porc V="079,10"/>
          <Pregunta V="001"/>
        </lin>
        <lin>
          <Opcion V="001"/>
          <Votos V="327"/>
          <Porc V="049,24"/>
          <Pregunta V="002"/>
        </lin>
        <lin>
          <Opcion V="002"/>
          <Votos V="337"/>
          <Porc V="050,75"/>
          <Pregunta V="002"/>
        </lin>
        <lin>
          <Opcion V="001"/>
          <Votos V="286"/>
          <Porc V="039,07"/>
          <Pregunta V="003"/>
        </lin>
        <lin>
          <Opcion V="002"/>
          <Votos V="446"/>
          <Porc V="060,92"/>
          <Pregunta V="003"/>
        </lin>
        <lin>
          <Opcion V="001"/>
          <Votos V="429"/>
          <Porc V="062,26"/>
          <Pregunta V="004"/>
        </lin>
        <lin>
          <Opcion V="002"/>
          <Votos V="260"/>
          <Porc V="037,73"/>
          <Pregunta V="004"/>
        </lin>
        <lin>
          <Opcion V="001"/>
          <Votos V="378"/>
          <Porc V="051,15"/>
          <Pregunta V="005"/>
        </lin>
        <lin>
          <Opcion V="002"/>
          <Votos V="361"/>
          <Porc V="048,84"/>
          <Pregunta V="005"/>
        </lin>
        <lin>
          <Opcion V="001"/>
          <Votos V="562"/>
          <Porc V="071,59"/>
          <Pregunta V="006"/>
        </lin>
        <lin>
          <Opcion V="002"/>
          <Votos V="223"/>
          <Porc V="028,40"/>
          <Pregunta V="006"/>
        </lin>
        <lin>
          <Opcion V="001"/>
          <Votos V="360"/>
          <Porc V="046,93"/>
          <Pregunta V="007"/>
        </lin>
        <lin>
          <Opcion V="002"/>
          <Votos V="407"/>
          <Porc V="053,06"/>
          <Pregunta V="007"/>
        </lin>
      </Detalle_Opcion>
    </lin>
  </Detalle_Circunscripcion>
</Boletin>
</Boletin_Consolidado>