<Boletin_Consolidado><Boletin>
  <Numero V="0008"/>
  <Boletin_Departamental V="0012"/>
  <Tipo_Boletin V="DEPARTAMENTAL"/>
  <Desc_Corporacion V="CONSULTA POPULAR"/>
  <Departamento V="05"/>
  <Desc_Departamento V="BOLIVAR"/>
  <Municipio V="063"/>
  <Desc_Municipio V="REGIDOR"/>
  <Dia V="21"/>
  <Mes V="8"/>
  <Anio V="2018"/>
  <Hora V="14"/>
  <Minuto V="15"/>
  <Mesas_Instaladas V="16"/>
  <Mesas_Informadas V="16"/>
  <Porc_Mesas_Informadas V="100,00"/>
  <Potencial_Sufragantes V="4821"/>
  <Detalle_Circunscripcion>
    <lin>
      <Circunscripcion V="0"/>
      <Desc_Circunscripcion V="NACIONAL"/>
      <Detalle_Pregunta>
        <lin>
          <Pregunta V="001"/>
          <Total_Sufragantes V="4821"/>
          <Porc_Sufragantes V="100,00"/>
          <Abstencion V="0"/>
          <Porc_Abstencion V="000,00"/>
          <Votos_Validos V="2486"/>
          <Porc_Votos_Validos V="051,56"/>
          <Votos_No_Marcados V="1066"/>
          <Porc_Votos_No_Marcados V="022,11"/>
          <Votos_Nulos V="1269"/>
          <Porc_Votos_Nulos V="026,32"/>
        </lin>
        <lin>
          <Pregunta V="002"/>
          <Total_Sufragantes V="4821"/>
          <Porc_Sufragantes V="100,00"/>
          <Abstencion V="0"/>
          <Porc_Abstencion V="000,00"/>
          <Votos_Validos V="2050"/>
          <Porc_Votos_Validos V="042,52"/>
          <Votos_No_Marcados V="1352"/>
          <Porc_Votos_No_Marcados V="028,04"/>
          <Votos_Nulos V="1419"/>
          <Porc_Votos_Nulos V="029,43"/>
        </lin>
        <lin>
          <Pregunta V="003"/>
          <Total_Sufragantes V="4821"/>
          <Porc_Sufragantes V="100,00"/>
          <Abstencion V="0"/>
          <Porc_Abstencion V="000,00"/>
          <Votos_Validos V="2629"/>
          <Porc_Votos_Validos V="054,53"/>
          <Votos_No_Marcados V="1025"/>
          <Porc_Votos_No_Marcados V="021,26"/>
          <Votos_Nulos V="1167"/>
          <Porc_Votos_Nulos V="024,20"/>
        </lin>
        <lin>
          <Pregunta V="004"/>
          <Total_Sufragantes V="4821"/>
          <Porc_Sufragantes V="100,00"/>
          <Abstencion V="0"/>
          <Porc_Abstencion V="000,00"/>
          <Votos_Validos V="2798"/>
          <Porc_Votos_Validos V="058,03"/>
          <Votos_No_Marcados V="1101"/>
          <Porc_Votos_No_Marcados V="022,83"/>
          <Votos_Nulos V="922"/>
          <Porc_Votos_Nulos V="019,12"/>
        </lin>
        <lin>
          <Pregunta V="005"/>
          <Total_Sufragantes V="4821"/>
          <Porc_Sufragantes V="100,00"/>
          <Abstencion V="0"/>
          <Porc_Abstencion V="000,00"/>
          <Votos_Validos V="2209"/>
          <Porc_Votos_Validos V="045,82"/>
          <Votos_No_Marcados V="1385"/>
          <Porc_Votos_No_Marcados V="028,72"/>
          <Votos_Nulos V="1227"/>
          <Porc_Votos_Nulos V="025,45"/>
        </lin>
        <lin>
          <Pregunta V="006"/>
          <Total_Sufragantes V="4821"/>
          <Porc_Sufragantes V="100,00"/>
          <Abstencion V="0"/>
          <Porc_Abstencion V="000,00"/>
          <Votos_Validos V="2510"/>
          <Porc_Votos_Validos V="052,06"/>
          <Votos_No_Marcados V="1305"/>
          <Porc_Votos_No_Marcados V="027,06"/>
          <Votos_Nulos V="1006"/>
          <Porc_Votos_Nulos V="020,86"/>
        </lin>
        <lin>
          <Pregunta V="007"/>
          <Total_Sufragantes V="4821"/>
          <Porc_Sufragantes V="100,00"/>
          <Abstencion V="0"/>
          <Porc_Abstencion V="000,00"/>
          <Votos_Validos V="2216"/>
          <Porc_Votos_Validos V="045,96"/>
          <Votos_No_Marcados V="1097"/>
          <Porc_Votos_No_Marcados V="022,75"/>
          <Votos_Nulos V="1508"/>
          <Porc_Votos_Nulos V="031,27"/>
        </lin>
      </Detalle_Pregunta>
      <Detalle_Opcion>
        <lin>
          <Opcion V="001"/>
          <Votos V="1285"/>
          <Porc V="051,68"/>
          <Pregunta V="001"/>
        </lin>
        <lin>
          <Opcion V="002"/>
          <Votos V="1201"/>
          <Porc V="048,31"/>
          <Pregunta V="001"/>
        </lin>
        <lin>
          <Opcion V="001"/>
          <Votos V="900"/>
          <Porc V="043,90"/>
          <Pregunta V="002"/>
        </lin>
        <lin>
          <Opcion V="002"/>
          <Votos V="1150"/>
          <Porc V="056,09"/>
          <Pregunta V="002"/>
        </lin>
        <lin>
          <Opcion V="001"/>
          <Votos V="1424"/>
          <Porc V="054,16"/>
          <Pregunta V="003"/>
        </lin>
        <lin>
          <Opcion V="002"/>
          <Votos V="1205"/>
          <Porc V="045,83"/>
          <Pregunta V="003"/>
        </lin>
        <lin>
          <Opcion V="001"/>
          <Votos V="1475"/>
          <Porc V="052,71"/>
          <Pregunta V="004"/>
        </lin>
        <lin>
          <Opcion V="002"/>
          <Votos V="1323"/>
          <Porc V="047,28"/>
          <Pregunta V="004"/>
        </lin>
        <lin>
          <Opcion V="001"/>
          <Votos V="1082"/>
          <Porc V="048,98"/>
          <Pregunta V="005"/>
        </lin>
        <lin>
          <Opcion V="002"/>
          <Votos V="1127"/>
          <Porc V="051,01"/>
          <Pregunta V="005"/>
        </lin>
        <lin>
          <Opcion V="001"/>
          <Votos V="1341"/>
          <Porc V="053,42"/>
          <Pregunta V="006"/>
        </lin>
        <lin>
          <Opcion V="002"/>
          <Votos V="1169"/>
          <Porc V="046,57"/>
          <Pregunta V="006"/>
        </lin>
        <lin>
          <Opcion V="001"/>
          <Votos V="869"/>
          <Porc V="039,21"/>
          <Pregunta V="007"/>
        </lin>
        <lin>
          <Opcion V="002"/>
          <Votos V="1347"/>
          <Porc V="060,78"/>
          <Pregunta V="007"/>
        </lin>
      </Detalle_Opcion>
    </lin>
  </Detalle_Circunscripcion>
</Boletin>
</Boletin_Consolidado>