<Boletin_Consolidado><Boletin>
  <Numero V="0008"/>
  <Boletin_Departamental V="0012"/>
  <Tipo_Boletin V="DEPARTAMENTAL"/>
  <Desc_Corporacion V="CONSULTA POPULAR"/>
  <Departamento V="01"/>
  <Desc_Departamento V="ANTIOQUIA"/>
  <Municipio V="253"/>
  <Desc_Municipio V="SANTO DOMINGO"/>
  <Dia V="21"/>
  <Mes V="8"/>
  <Anio V="2018"/>
  <Hora V="14"/>
  <Minuto V="15"/>
  <Mesas_Instaladas V="29"/>
  <Mesas_Informadas V="29"/>
  <Porc_Mesas_Informadas V="100,00"/>
  <Potencial_Sufragantes V="9194"/>
  <Detalle_Circunscripcion>
    <lin>
      <Circunscripcion V="0"/>
      <Desc_Circunscripcion V="NACIONAL"/>
      <Detalle_Pregunta>
        <lin>
          <Pregunta V="001"/>
          <Total_Sufragantes V="9194"/>
          <Porc_Sufragantes V="100,00"/>
          <Abstencion V="0"/>
          <Porc_Abstencion V="000,00"/>
          <Votos_Validos V="5398"/>
          <Porc_Votos_Validos V="058,71"/>
          <Votos_No_Marcados V="1715"/>
          <Porc_Votos_No_Marcados V="018,65"/>
          <Votos_Nulos V="2081"/>
          <Porc_Votos_Nulos V="022,63"/>
        </lin>
        <lin>
          <Pregunta V="002"/>
          <Total_Sufragantes V="9194"/>
          <Porc_Sufragantes V="100,00"/>
          <Abstencion V="0"/>
          <Porc_Abstencion V="000,00"/>
          <Votos_Validos V="4431"/>
          <Porc_Votos_Validos V="048,19"/>
          <Votos_No_Marcados V="1847"/>
          <Porc_Votos_No_Marcados V="020,08"/>
          <Votos_Nulos V="2916"/>
          <Porc_Votos_Nulos V="031,71"/>
        </lin>
        <lin>
          <Pregunta V="003"/>
          <Total_Sufragantes V="9194"/>
          <Porc_Sufragantes V="100,00"/>
          <Abstencion V="0"/>
          <Porc_Abstencion V="000,00"/>
          <Votos_Validos V="5263"/>
          <Porc_Votos_Validos V="057,24"/>
          <Votos_No_Marcados V="2075"/>
          <Porc_Votos_No_Marcados V="022,56"/>
          <Votos_Nulos V="1856"/>
          <Porc_Votos_Nulos V="020,18"/>
        </lin>
        <lin>
          <Pregunta V="004"/>
          <Total_Sufragantes V="9194"/>
          <Porc_Sufragantes V="100,00"/>
          <Abstencion V="0"/>
          <Porc_Abstencion V="000,00"/>
          <Votos_Validos V="5103"/>
          <Porc_Votos_Validos V="055,50"/>
          <Votos_No_Marcados V="1429"/>
          <Porc_Votos_No_Marcados V="015,54"/>
          <Votos_Nulos V="2662"/>
          <Porc_Votos_Nulos V="028,95"/>
        </lin>
        <lin>
          <Pregunta V="005"/>
          <Total_Sufragantes V="9194"/>
          <Porc_Sufragantes V="100,00"/>
          <Abstencion V="0"/>
          <Porc_Abstencion V="000,00"/>
          <Votos_Validos V="4542"/>
          <Porc_Votos_Validos V="049,40"/>
          <Votos_No_Marcados V="2508"/>
          <Porc_Votos_No_Marcados V="027,27"/>
          <Votos_Nulos V="2144"/>
          <Porc_Votos_Nulos V="023,31"/>
        </lin>
        <lin>
          <Pregunta V="006"/>
          <Total_Sufragantes V="9194"/>
          <Porc_Sufragantes V="100,00"/>
          <Abstencion V="0"/>
          <Porc_Abstencion V="000,00"/>
          <Votos_Validos V="5432"/>
          <Porc_Votos_Validos V="059,08"/>
          <Votos_No_Marcados V="1859"/>
          <Porc_Votos_No_Marcados V="020,21"/>
          <Votos_Nulos V="1903"/>
          <Porc_Votos_Nulos V="020,69"/>
        </lin>
        <lin>
          <Pregunta V="007"/>
          <Total_Sufragantes V="9194"/>
          <Porc_Sufragantes V="100,00"/>
          <Abstencion V="0"/>
          <Porc_Abstencion V="000,00"/>
          <Votos_Validos V="5386"/>
          <Porc_Votos_Validos V="058,58"/>
          <Votos_No_Marcados V="2443"/>
          <Porc_Votos_No_Marcados V="026,57"/>
          <Votos_Nulos V="1365"/>
          <Porc_Votos_Nulos V="014,84"/>
        </lin>
      </Detalle_Pregunta>
      <Detalle_Opcion>
        <lin>
          <Opcion V="001"/>
          <Votos V="2986"/>
          <Porc V="055,31"/>
          <Pregunta V="001"/>
        </lin>
        <lin>
          <Opcion V="002"/>
          <Votos V="2412"/>
          <Porc V="044,68"/>
          <Pregunta V="001"/>
        </lin>
        <lin>
          <Opcion V="001"/>
          <Votos V="1991"/>
          <Porc V="044,93"/>
          <Pregunta V="002"/>
        </lin>
        <lin>
          <Opcion V="002"/>
          <Votos V="2440"/>
          <Porc V="055,06"/>
          <Pregunta V="002"/>
        </lin>
        <lin>
          <Opcion V="001"/>
          <Votos V="2611"/>
          <Porc V="049,61"/>
          <Pregunta V="003"/>
        </lin>
        <lin>
          <Opcion V="002"/>
          <Votos V="2652"/>
          <Porc V="050,38"/>
          <Pregunta V="003"/>
        </lin>
        <lin>
          <Opcion V="001"/>
          <Votos V="2611"/>
          <Porc V="051,16"/>
          <Pregunta V="004"/>
        </lin>
        <lin>
          <Opcion V="002"/>
          <Votos V="2492"/>
          <Porc V="048,83"/>
          <Pregunta V="004"/>
        </lin>
        <lin>
          <Opcion V="001"/>
          <Votos V="1893"/>
          <Porc V="041,67"/>
          <Pregunta V="005"/>
        </lin>
        <lin>
          <Opcion V="002"/>
          <Votos V="2649"/>
          <Porc V="058,32"/>
          <Pregunta V="005"/>
        </lin>
        <lin>
          <Opcion V="001"/>
          <Votos V="2730"/>
          <Porc V="050,25"/>
          <Pregunta V="006"/>
        </lin>
        <lin>
          <Opcion V="002"/>
          <Votos V="2702"/>
          <Porc V="049,74"/>
          <Pregunta V="006"/>
        </lin>
        <lin>
          <Opcion V="001"/>
          <Votos V="2634"/>
          <Porc V="048,90"/>
          <Pregunta V="007"/>
        </lin>
        <lin>
          <Opcion V="002"/>
          <Votos V="2752"/>
          <Porc V="051,09"/>
          <Pregunta V="007"/>
        </lin>
      </Detalle_Opcion>
    </lin>
  </Detalle_Circunscripcion>
</Boletin>
</Boletin_Consolidado>