<Boletin_Consolidado><Boletin>
  <Numero V="0008"/>
  <Boletin_Departamental V="0012"/>
  <Tipo_Boletin V="DEPARTAMENTAL"/>
  <Desc_Corporacion V="CONSULTA POPULAR"/>
  <Departamento V="05"/>
  <Desc_Departamento V="BOLIVAR"/>
  <Municipio V="043"/>
  <Desc_Municipio V="MOMPOS"/>
  <Dia V="21"/>
  <Mes V="8"/>
  <Anio V="2018"/>
  <Hora V="14"/>
  <Minuto V="15"/>
  <Mesas_Instaladas V="108"/>
  <Mesas_Informadas V="108"/>
  <Porc_Mesas_Informadas V="100,00"/>
  <Potencial_Sufragantes V="35675"/>
  <Detalle_Circunscripcion>
    <lin>
      <Circunscripcion V="0"/>
      <Desc_Circunscripcion V="NACIONAL"/>
      <Detalle_Pregunta>
        <lin>
          <Pregunta V="001"/>
          <Total_Sufragantes V="35675"/>
          <Porc_Sufragantes V="100,00"/>
          <Abstencion V="0"/>
          <Porc_Abstencion V="000,00"/>
          <Votos_Validos V="18446"/>
          <Porc_Votos_Validos V="051,70"/>
          <Votos_No_Marcados V="7841"/>
          <Porc_Votos_No_Marcados V="021,97"/>
          <Votos_Nulos V="9388"/>
          <Porc_Votos_Nulos V="026,31"/>
        </lin>
        <lin>
          <Pregunta V="002"/>
          <Total_Sufragantes V="35675"/>
          <Porc_Sufragantes V="100,00"/>
          <Abstencion V="0"/>
          <Porc_Abstencion V="000,00"/>
          <Votos_Validos V="18531"/>
          <Porc_Votos_Validos V="051,94"/>
          <Votos_No_Marcados V="9042"/>
          <Porc_Votos_No_Marcados V="025,34"/>
          <Votos_Nulos V="8102"/>
          <Porc_Votos_Nulos V="022,71"/>
        </lin>
        <lin>
          <Pregunta V="003"/>
          <Total_Sufragantes V="35675"/>
          <Porc_Sufragantes V="100,00"/>
          <Abstencion V="0"/>
          <Porc_Abstencion V="000,00"/>
          <Votos_Validos V="17792"/>
          <Porc_Votos_Validos V="049,87"/>
          <Votos_No_Marcados V="9391"/>
          <Porc_Votos_No_Marcados V="026,32"/>
          <Votos_Nulos V="8492"/>
          <Porc_Votos_Nulos V="023,80"/>
        </lin>
        <lin>
          <Pregunta V="004"/>
          <Total_Sufragantes V="35675"/>
          <Porc_Sufragantes V="100,00"/>
          <Abstencion V="0"/>
          <Porc_Abstencion V="000,00"/>
          <Votos_Validos V="17126"/>
          <Porc_Votos_Validos V="048,00"/>
          <Votos_No_Marcados V="9478"/>
          <Porc_Votos_No_Marcados V="026,56"/>
          <Votos_Nulos V="9071"/>
          <Porc_Votos_Nulos V="025,42"/>
        </lin>
        <lin>
          <Pregunta V="005"/>
          <Total_Sufragantes V="35675"/>
          <Porc_Sufragantes V="100,00"/>
          <Abstencion V="0"/>
          <Porc_Abstencion V="000,00"/>
          <Votos_Validos V="18100"/>
          <Porc_Votos_Validos V="050,73"/>
          <Votos_No_Marcados V="8440"/>
          <Porc_Votos_No_Marcados V="023,65"/>
          <Votos_Nulos V="9135"/>
          <Porc_Votos_Nulos V="025,60"/>
        </lin>
        <lin>
          <Pregunta V="006"/>
          <Total_Sufragantes V="35675"/>
          <Porc_Sufragantes V="100,00"/>
          <Abstencion V="0"/>
          <Porc_Abstencion V="000,00"/>
          <Votos_Validos V="17314"/>
          <Porc_Votos_Validos V="048,53"/>
          <Votos_No_Marcados V="9678"/>
          <Porc_Votos_No_Marcados V="027,12"/>
          <Votos_Nulos V="8683"/>
          <Porc_Votos_Nulos V="024,33"/>
        </lin>
        <lin>
          <Pregunta V="007"/>
          <Total_Sufragantes V="35675"/>
          <Porc_Sufragantes V="100,00"/>
          <Abstencion V="0"/>
          <Porc_Abstencion V="000,00"/>
          <Votos_Validos V="18627"/>
          <Porc_Votos_Validos V="052,21"/>
          <Votos_No_Marcados V="8954"/>
          <Porc_Votos_No_Marcados V="025,09"/>
          <Votos_Nulos V="8094"/>
          <Porc_Votos_Nulos V="022,68"/>
        </lin>
      </Detalle_Pregunta>
      <Detalle_Opcion>
        <lin>
          <Opcion V="001"/>
          <Votos V="9102"/>
          <Porc V="049,34"/>
          <Pregunta V="001"/>
        </lin>
        <lin>
          <Opcion V="002"/>
          <Votos V="9344"/>
          <Porc V="050,65"/>
          <Pregunta V="001"/>
        </lin>
        <lin>
          <Opcion V="001"/>
          <Votos V="8793"/>
          <Porc V="047,45"/>
          <Pregunta V="002"/>
        </lin>
        <lin>
          <Opcion V="002"/>
          <Votos V="9738"/>
          <Porc V="052,54"/>
          <Pregunta V="002"/>
        </lin>
        <lin>
          <Opcion V="001"/>
          <Votos V="8933"/>
          <Porc V="050,20"/>
          <Pregunta V="003"/>
        </lin>
        <lin>
          <Opcion V="002"/>
          <Votos V="8859"/>
          <Porc V="049,79"/>
          <Pregunta V="003"/>
        </lin>
        <lin>
          <Opcion V="001"/>
          <Votos V="8329"/>
          <Porc V="048,63"/>
          <Pregunta V="004"/>
        </lin>
        <lin>
          <Opcion V="002"/>
          <Votos V="8797"/>
          <Porc V="051,36"/>
          <Pregunta V="004"/>
        </lin>
        <lin>
          <Opcion V="001"/>
          <Votos V="8446"/>
          <Porc V="046,66"/>
          <Pregunta V="005"/>
        </lin>
        <lin>
          <Opcion V="002"/>
          <Votos V="9654"/>
          <Porc V="053,33"/>
          <Pregunta V="005"/>
        </lin>
        <lin>
          <Opcion V="001"/>
          <Votos V="7662"/>
          <Porc V="044,25"/>
          <Pregunta V="006"/>
        </lin>
        <lin>
          <Opcion V="002"/>
          <Votos V="9652"/>
          <Porc V="055,74"/>
          <Pregunta V="006"/>
        </lin>
        <lin>
          <Opcion V="001"/>
          <Votos V="9472"/>
          <Porc V="050,85"/>
          <Pregunta V="007"/>
        </lin>
        <lin>
          <Opcion V="002"/>
          <Votos V="9155"/>
          <Porc V="049,14"/>
          <Pregunta V="007"/>
        </lin>
      </Detalle_Opcion>
    </lin>
  </Detalle_Circunscripcion>
</Boletin>
</Boletin_Consolidado>