<Boletin_Consolidado><Boletin>
  <Numero V="0008"/>
  <Boletin_Departamental V="0011"/>
  <Tipo_Boletin V="DEPARTAMENTAL"/>
  <Desc_Corporacion V="CONSULTA POPULAR"/>
  <Departamento V="07"/>
  <Desc_Departamento V="BOYACA"/>
  <Municipio V="049"/>
  <Desc_Municipio V="COMBITA"/>
  <Dia V="21"/>
  <Mes V="8"/>
  <Anio V="2018"/>
  <Hora V="14"/>
  <Minuto V="15"/>
  <Mesas_Instaladas V="26"/>
  <Mesas_Informadas V="26"/>
  <Porc_Mesas_Informadas V="100,00"/>
  <Potencial_Sufragantes V="8940"/>
  <Detalle_Circunscripcion>
    <lin>
      <Circunscripcion V="0"/>
      <Desc_Circunscripcion V="NACIONAL"/>
      <Detalle_Pregunta>
        <lin>
          <Pregunta V="001"/>
          <Total_Sufragantes V="8940"/>
          <Porc_Sufragantes V="100,00"/>
          <Abstencion V="0"/>
          <Porc_Abstencion V="000,00"/>
          <Votos_Validos V="4177"/>
          <Porc_Votos_Validos V="046,72"/>
          <Votos_No_Marcados V="2518"/>
          <Porc_Votos_No_Marcados V="028,16"/>
          <Votos_Nulos V="2245"/>
          <Porc_Votos_Nulos V="025,11"/>
        </lin>
        <lin>
          <Pregunta V="002"/>
          <Total_Sufragantes V="8940"/>
          <Porc_Sufragantes V="100,00"/>
          <Abstencion V="0"/>
          <Porc_Abstencion V="000,00"/>
          <Votos_Validos V="4496"/>
          <Porc_Votos_Validos V="050,29"/>
          <Votos_No_Marcados V="2560"/>
          <Porc_Votos_No_Marcados V="028,63"/>
          <Votos_Nulos V="1884"/>
          <Porc_Votos_Nulos V="021,07"/>
        </lin>
        <lin>
          <Pregunta V="003"/>
          <Total_Sufragantes V="8940"/>
          <Porc_Sufragantes V="100,00"/>
          <Abstencion V="0"/>
          <Porc_Abstencion V="000,00"/>
          <Votos_Validos V="4703"/>
          <Porc_Votos_Validos V="052,60"/>
          <Votos_No_Marcados V="1841"/>
          <Porc_Votos_No_Marcados V="020,59"/>
          <Votos_Nulos V="2396"/>
          <Porc_Votos_Nulos V="026,80"/>
        </lin>
        <lin>
          <Pregunta V="004"/>
          <Total_Sufragantes V="8940"/>
          <Porc_Sufragantes V="100,00"/>
          <Abstencion V="0"/>
          <Porc_Abstencion V="000,00"/>
          <Votos_Validos V="4314"/>
          <Porc_Votos_Validos V="048,25"/>
          <Votos_No_Marcados V="2617"/>
          <Porc_Votos_No_Marcados V="029,27"/>
          <Votos_Nulos V="2009"/>
          <Porc_Votos_Nulos V="022,47"/>
        </lin>
        <lin>
          <Pregunta V="005"/>
          <Total_Sufragantes V="8940"/>
          <Porc_Sufragantes V="100,00"/>
          <Abstencion V="0"/>
          <Porc_Abstencion V="000,00"/>
          <Votos_Validos V="5093"/>
          <Porc_Votos_Validos V="056,96"/>
          <Votos_No_Marcados V="1914"/>
          <Porc_Votos_No_Marcados V="021,40"/>
          <Votos_Nulos V="1933"/>
          <Porc_Votos_Nulos V="021,62"/>
        </lin>
        <lin>
          <Pregunta V="006"/>
          <Total_Sufragantes V="8940"/>
          <Porc_Sufragantes V="100,00"/>
          <Abstencion V="0"/>
          <Porc_Abstencion V="000,00"/>
          <Votos_Validos V="4653"/>
          <Porc_Votos_Validos V="052,04"/>
          <Votos_No_Marcados V="2077"/>
          <Porc_Votos_No_Marcados V="023,23"/>
          <Votos_Nulos V="2210"/>
          <Porc_Votos_Nulos V="024,72"/>
        </lin>
        <lin>
          <Pregunta V="007"/>
          <Total_Sufragantes V="8940"/>
          <Porc_Sufragantes V="100,00"/>
          <Abstencion V="0"/>
          <Porc_Abstencion V="000,00"/>
          <Votos_Validos V="4416"/>
          <Porc_Votos_Validos V="049,39"/>
          <Votos_No_Marcados V="2086"/>
          <Porc_Votos_No_Marcados V="023,33"/>
          <Votos_Nulos V="2438"/>
          <Porc_Votos_Nulos V="027,27"/>
        </lin>
      </Detalle_Pregunta>
      <Detalle_Opcion>
        <lin>
          <Opcion V="001"/>
          <Votos V="1731"/>
          <Porc V="041,44"/>
          <Pregunta V="001"/>
        </lin>
        <lin>
          <Opcion V="002"/>
          <Votos V="2446"/>
          <Porc V="058,55"/>
          <Pregunta V="001"/>
        </lin>
        <lin>
          <Opcion V="001"/>
          <Votos V="2104"/>
          <Porc V="046,79"/>
          <Pregunta V="002"/>
        </lin>
        <lin>
          <Opcion V="002"/>
          <Votos V="2392"/>
          <Porc V="053,20"/>
          <Pregunta V="002"/>
        </lin>
        <lin>
          <Opcion V="001"/>
          <Votos V="2964"/>
          <Porc V="063,02"/>
          <Pregunta V="003"/>
        </lin>
        <lin>
          <Opcion V="002"/>
          <Votos V="1739"/>
          <Porc V="036,97"/>
          <Pregunta V="003"/>
        </lin>
        <lin>
          <Opcion V="001"/>
          <Votos V="2147"/>
          <Porc V="049,76"/>
          <Pregunta V="004"/>
        </lin>
        <lin>
          <Opcion V="002"/>
          <Votos V="2167"/>
          <Porc V="050,23"/>
          <Pregunta V="004"/>
        </lin>
        <lin>
          <Opcion V="001"/>
          <Votos V="2479"/>
          <Porc V="048,67"/>
          <Pregunta V="005"/>
        </lin>
        <lin>
          <Opcion V="002"/>
          <Votos V="2614"/>
          <Porc V="051,32"/>
          <Pregunta V="005"/>
        </lin>
        <lin>
          <Opcion V="001"/>
          <Votos V="2126"/>
          <Porc V="045,69"/>
          <Pregunta V="006"/>
        </lin>
        <lin>
          <Opcion V="002"/>
          <Votos V="2527"/>
          <Porc V="054,30"/>
          <Pregunta V="006"/>
        </lin>
        <lin>
          <Opcion V="001"/>
          <Votos V="2200"/>
          <Porc V="049,81"/>
          <Pregunta V="007"/>
        </lin>
        <lin>
          <Opcion V="002"/>
          <Votos V="2216"/>
          <Porc V="050,18"/>
          <Pregunta V="007"/>
        </lin>
      </Detalle_Opcion>
    </lin>
  </Detalle_Circunscripcion>
</Boletin>
</Boletin_Consolidado>