<Boletin_Consolidado><Boletin>
  <Numero V="0008"/>
  <Boletin_Departamental V="0012"/>
  <Tipo_Boletin V="DEPARTAMENTAL"/>
  <Desc_Corporacion V="CONSULTA POPULAR"/>
  <Departamento V="15"/>
  <Desc_Departamento V="CUNDINAMARCA"/>
  <Municipio V="088"/>
  <Desc_Municipio V="FUNZA"/>
  <Dia V="21"/>
  <Mes V="8"/>
  <Anio V="2018"/>
  <Hora V="14"/>
  <Minuto V="15"/>
  <Mesas_Instaladas V="167"/>
  <Mesas_Informadas V="167"/>
  <Porc_Mesas_Informadas V="100,00"/>
  <Potencial_Sufragantes V="67094"/>
  <Detalle_Circunscripcion>
    <lin>
      <Circunscripcion V="0"/>
      <Desc_Circunscripcion V="NACIONAL"/>
      <Detalle_Pregunta>
        <lin>
          <Pregunta V="001"/>
          <Total_Sufragantes V="67094"/>
          <Porc_Sufragantes V="100,00"/>
          <Abstencion V="0"/>
          <Porc_Abstencion V="000,00"/>
          <Votos_Validos V="34624"/>
          <Porc_Votos_Validos V="051,60"/>
          <Votos_No_Marcados V="16423"/>
          <Porc_Votos_No_Marcados V="024,47"/>
          <Votos_Nulos V="16047"/>
          <Porc_Votos_Nulos V="023,91"/>
        </lin>
        <lin>
          <Pregunta V="002"/>
          <Total_Sufragantes V="67094"/>
          <Porc_Sufragantes V="100,00"/>
          <Abstencion V="0"/>
          <Porc_Abstencion V="000,00"/>
          <Votos_Validos V="32784"/>
          <Porc_Votos_Validos V="048,86"/>
          <Votos_No_Marcados V="17758"/>
          <Porc_Votos_No_Marcados V="026,46"/>
          <Votos_Nulos V="16552"/>
          <Porc_Votos_Nulos V="024,66"/>
        </lin>
        <lin>
          <Pregunta V="003"/>
          <Total_Sufragantes V="67094"/>
          <Porc_Sufragantes V="100,00"/>
          <Abstencion V="0"/>
          <Porc_Abstencion V="000,00"/>
          <Votos_Validos V="34246"/>
          <Porc_Votos_Validos V="051,04"/>
          <Votos_No_Marcados V="14989"/>
          <Porc_Votos_No_Marcados V="022,34"/>
          <Votos_Nulos V="17859"/>
          <Porc_Votos_Nulos V="026,61"/>
        </lin>
        <lin>
          <Pregunta V="004"/>
          <Total_Sufragantes V="67094"/>
          <Porc_Sufragantes V="100,00"/>
          <Abstencion V="0"/>
          <Porc_Abstencion V="000,00"/>
          <Votos_Validos V="32874"/>
          <Porc_Votos_Validos V="048,99"/>
          <Votos_No_Marcados V="17015"/>
          <Porc_Votos_No_Marcados V="025,35"/>
          <Votos_Nulos V="17205"/>
          <Porc_Votos_Nulos V="025,64"/>
        </lin>
        <lin>
          <Pregunta V="005"/>
          <Total_Sufragantes V="67094"/>
          <Porc_Sufragantes V="100,00"/>
          <Abstencion V="0"/>
          <Porc_Abstencion V="000,00"/>
          <Votos_Validos V="32286"/>
          <Porc_Votos_Validos V="048,12"/>
          <Votos_No_Marcados V="16399"/>
          <Porc_Votos_No_Marcados V="024,44"/>
          <Votos_Nulos V="18409"/>
          <Porc_Votos_Nulos V="027,43"/>
        </lin>
        <lin>
          <Pregunta V="006"/>
          <Total_Sufragantes V="67094"/>
          <Porc_Sufragantes V="100,00"/>
          <Abstencion V="0"/>
          <Porc_Abstencion V="000,00"/>
          <Votos_Validos V="32430"/>
          <Porc_Votos_Validos V="048,33"/>
          <Votos_No_Marcados V="17194"/>
          <Porc_Votos_No_Marcados V="025,62"/>
          <Votos_Nulos V="17470"/>
          <Porc_Votos_Nulos V="026,03"/>
        </lin>
        <lin>
          <Pregunta V="007"/>
          <Total_Sufragantes V="67094"/>
          <Porc_Sufragantes V="100,00"/>
          <Abstencion V="0"/>
          <Porc_Abstencion V="000,00"/>
          <Votos_Validos V="32104"/>
          <Porc_Votos_Validos V="047,84"/>
          <Votos_No_Marcados V="19173"/>
          <Porc_Votos_No_Marcados V="028,57"/>
          <Votos_Nulos V="15817"/>
          <Porc_Votos_Nulos V="023,57"/>
        </lin>
      </Detalle_Pregunta>
      <Detalle_Opcion>
        <lin>
          <Opcion V="001"/>
          <Votos V="16766"/>
          <Porc V="048,42"/>
          <Pregunta V="001"/>
        </lin>
        <lin>
          <Opcion V="002"/>
          <Votos V="17858"/>
          <Porc V="051,57"/>
          <Pregunta V="001"/>
        </lin>
        <lin>
          <Opcion V="001"/>
          <Votos V="16960"/>
          <Porc V="051,73"/>
          <Pregunta V="002"/>
        </lin>
        <lin>
          <Opcion V="002"/>
          <Votos V="15824"/>
          <Porc V="048,26"/>
          <Pregunta V="002"/>
        </lin>
        <lin>
          <Opcion V="001"/>
          <Votos V="17824"/>
          <Porc V="052,04"/>
          <Pregunta V="003"/>
        </lin>
        <lin>
          <Opcion V="002"/>
          <Votos V="16422"/>
          <Porc V="047,95"/>
          <Pregunta V="003"/>
        </lin>
        <lin>
          <Opcion V="001"/>
          <Votos V="16498"/>
          <Porc V="050,18"/>
          <Pregunta V="004"/>
        </lin>
        <lin>
          <Opcion V="002"/>
          <Votos V="16376"/>
          <Porc V="049,81"/>
          <Pregunta V="004"/>
        </lin>
        <lin>
          <Opcion V="001"/>
          <Votos V="15909"/>
          <Porc V="049,27"/>
          <Pregunta V="005"/>
        </lin>
        <lin>
          <Opcion V="002"/>
          <Votos V="16377"/>
          <Porc V="050,72"/>
          <Pregunta V="005"/>
        </lin>
        <lin>
          <Opcion V="001"/>
          <Votos V="16105"/>
          <Porc V="049,66"/>
          <Pregunta V="006"/>
        </lin>
        <lin>
          <Opcion V="002"/>
          <Votos V="16325"/>
          <Porc V="050,33"/>
          <Pregunta V="006"/>
        </lin>
        <lin>
          <Opcion V="001"/>
          <Votos V="16744"/>
          <Porc V="052,15"/>
          <Pregunta V="007"/>
        </lin>
        <lin>
          <Opcion V="002"/>
          <Votos V="15360"/>
          <Porc V="047,84"/>
          <Pregunta V="007"/>
        </lin>
      </Detalle_Opcion>
    </lin>
  </Detalle_Circunscripcion>
</Boletin>
</Boletin_Consolidado>