<Boletin_Consolidado><Boletin>
  <Numero V="0008"/>
  <Boletin_Departamental V="0012"/>
  <Tipo_Boletin V="DEPARTAMENTAL"/>
  <Desc_Corporacion V="CONSULTA POPULAR"/>
  <Departamento V="11"/>
  <Desc_Departamento V="CAUCA"/>
  <Municipio V="010"/>
  <Desc_Municipio V="BUENOS AIRES"/>
  <Dia V="21"/>
  <Mes V="8"/>
  <Anio V="2018"/>
  <Hora V="14"/>
  <Minuto V="15"/>
  <Mesas_Instaladas V="47"/>
  <Mesas_Informadas V="47"/>
  <Porc_Mesas_Informadas V="100,00"/>
  <Potencial_Sufragantes V="16118"/>
  <Detalle_Circunscripcion>
    <lin>
      <Circunscripcion V="0"/>
      <Desc_Circunscripcion V="NACIONAL"/>
      <Detalle_Pregunta>
        <lin>
          <Pregunta V="001"/>
          <Total_Sufragantes V="16118"/>
          <Porc_Sufragantes V="100,00"/>
          <Abstencion V="0"/>
          <Porc_Abstencion V="000,00"/>
          <Votos_Validos V="7434"/>
          <Porc_Votos_Validos V="046,12"/>
          <Votos_No_Marcados V="3894"/>
          <Porc_Votos_No_Marcados V="024,15"/>
          <Votos_Nulos V="4790"/>
          <Porc_Votos_Nulos V="029,71"/>
        </lin>
        <lin>
          <Pregunta V="002"/>
          <Total_Sufragantes V="16118"/>
          <Porc_Sufragantes V="100,00"/>
          <Abstencion V="0"/>
          <Porc_Abstencion V="000,00"/>
          <Votos_Validos V="7820"/>
          <Porc_Votos_Validos V="048,51"/>
          <Votos_No_Marcados V="4314"/>
          <Porc_Votos_No_Marcados V="026,76"/>
          <Votos_Nulos V="3984"/>
          <Porc_Votos_Nulos V="024,71"/>
        </lin>
        <lin>
          <Pregunta V="003"/>
          <Total_Sufragantes V="16118"/>
          <Porc_Sufragantes V="100,00"/>
          <Abstencion V="0"/>
          <Porc_Abstencion V="000,00"/>
          <Votos_Validos V="7463"/>
          <Porc_Votos_Validos V="046,30"/>
          <Votos_No_Marcados V="4354"/>
          <Porc_Votos_No_Marcados V="027,01"/>
          <Votos_Nulos V="4301"/>
          <Porc_Votos_Nulos V="026,68"/>
        </lin>
        <lin>
          <Pregunta V="004"/>
          <Total_Sufragantes V="16118"/>
          <Porc_Sufragantes V="100,00"/>
          <Abstencion V="0"/>
          <Porc_Abstencion V="000,00"/>
          <Votos_Validos V="7547"/>
          <Porc_Votos_Validos V="046,82"/>
          <Votos_No_Marcados V="4370"/>
          <Porc_Votos_No_Marcados V="027,11"/>
          <Votos_Nulos V="4201"/>
          <Porc_Votos_Nulos V="026,06"/>
        </lin>
        <lin>
          <Pregunta V="005"/>
          <Total_Sufragantes V="16118"/>
          <Porc_Sufragantes V="100,00"/>
          <Abstencion V="0"/>
          <Porc_Abstencion V="000,00"/>
          <Votos_Validos V="7899"/>
          <Porc_Votos_Validos V="049,00"/>
          <Votos_No_Marcados V="4143"/>
          <Porc_Votos_No_Marcados V="025,70"/>
          <Votos_Nulos V="4076"/>
          <Porc_Votos_Nulos V="025,28"/>
        </lin>
        <lin>
          <Pregunta V="006"/>
          <Total_Sufragantes V="16118"/>
          <Porc_Sufragantes V="100,00"/>
          <Abstencion V="0"/>
          <Porc_Abstencion V="000,00"/>
          <Votos_Validos V="7594"/>
          <Porc_Votos_Validos V="047,11"/>
          <Votos_No_Marcados V="3974"/>
          <Porc_Votos_No_Marcados V="024,65"/>
          <Votos_Nulos V="4550"/>
          <Porc_Votos_Nulos V="028,22"/>
        </lin>
        <lin>
          <Pregunta V="007"/>
          <Total_Sufragantes V="16118"/>
          <Porc_Sufragantes V="100,00"/>
          <Abstencion V="0"/>
          <Porc_Abstencion V="000,00"/>
          <Votos_Validos V="8050"/>
          <Porc_Votos_Validos V="049,94"/>
          <Votos_No_Marcados V="3813"/>
          <Porc_Votos_No_Marcados V="023,65"/>
          <Votos_Nulos V="4255"/>
          <Porc_Votos_Nulos V="026,39"/>
        </lin>
      </Detalle_Pregunta>
      <Detalle_Opcion>
        <lin>
          <Opcion V="001"/>
          <Votos V="3789"/>
          <Porc V="050,96"/>
          <Pregunta V="001"/>
        </lin>
        <lin>
          <Opcion V="002"/>
          <Votos V="3645"/>
          <Porc V="049,03"/>
          <Pregunta V="001"/>
        </lin>
        <lin>
          <Opcion V="001"/>
          <Votos V="3757"/>
          <Porc V="048,04"/>
          <Pregunta V="002"/>
        </lin>
        <lin>
          <Opcion V="002"/>
          <Votos V="4063"/>
          <Porc V="051,95"/>
          <Pregunta V="002"/>
        </lin>
        <lin>
          <Opcion V="001"/>
          <Votos V="4047"/>
          <Porc V="054,22"/>
          <Pregunta V="003"/>
        </lin>
        <lin>
          <Opcion V="002"/>
          <Votos V="3416"/>
          <Porc V="045,77"/>
          <Pregunta V="003"/>
        </lin>
        <lin>
          <Opcion V="001"/>
          <Votos V="4239"/>
          <Porc V="056,16"/>
          <Pregunta V="004"/>
        </lin>
        <lin>
          <Opcion V="002"/>
          <Votos V="3308"/>
          <Porc V="043,83"/>
          <Pregunta V="004"/>
        </lin>
        <lin>
          <Opcion V="001"/>
          <Votos V="4491"/>
          <Porc V="056,85"/>
          <Pregunta V="005"/>
        </lin>
        <lin>
          <Opcion V="002"/>
          <Votos V="3408"/>
          <Porc V="043,14"/>
          <Pregunta V="005"/>
        </lin>
        <lin>
          <Opcion V="001"/>
          <Votos V="4056"/>
          <Porc V="053,41"/>
          <Pregunta V="006"/>
        </lin>
        <lin>
          <Opcion V="002"/>
          <Votos V="3538"/>
          <Porc V="046,58"/>
          <Pregunta V="006"/>
        </lin>
        <lin>
          <Opcion V="001"/>
          <Votos V="4015"/>
          <Porc V="049,87"/>
          <Pregunta V="007"/>
        </lin>
        <lin>
          <Opcion V="002"/>
          <Votos V="4035"/>
          <Porc V="050,12"/>
          <Pregunta V="007"/>
        </lin>
      </Detalle_Opcion>
    </lin>
  </Detalle_Circunscripcion>
</Boletin>
</Boletin_Consolidado>