<Boletin_Consolidado><Boletin>
  <Numero V="0008"/>
  <Boletin_Departamental V="0012"/>
  <Tipo_Boletin V="DEPARTAMENTAL"/>
  <Desc_Corporacion V="CONSULTA POPULAR"/>
  <Departamento V="01"/>
  <Desc_Departamento V="ANTIOQUIA"/>
  <Municipio V="241"/>
  <Desc_Municipio V="SAN ROQUE"/>
  <Dia V="21"/>
  <Mes V="8"/>
  <Anio V="2018"/>
  <Hora V="14"/>
  <Minuto V="15"/>
  <Mesas_Instaladas V="41"/>
  <Mesas_Informadas V="41"/>
  <Porc_Mesas_Informadas V="100,00"/>
  <Potencial_Sufragantes V="14845"/>
  <Detalle_Circunscripcion>
    <lin>
      <Circunscripcion V="0"/>
      <Desc_Circunscripcion V="NACIONAL"/>
      <Detalle_Pregunta>
        <lin>
          <Pregunta V="001"/>
          <Total_Sufragantes V="14845"/>
          <Porc_Sufragantes V="100,00"/>
          <Abstencion V="0"/>
          <Porc_Abstencion V="000,00"/>
          <Votos_Validos V="6910"/>
          <Porc_Votos_Validos V="046,54"/>
          <Votos_No_Marcados V="4022"/>
          <Porc_Votos_No_Marcados V="027,09"/>
          <Votos_Nulos V="3913"/>
          <Porc_Votos_Nulos V="026,35"/>
        </lin>
        <lin>
          <Pregunta V="002"/>
          <Total_Sufragantes V="14845"/>
          <Porc_Sufragantes V="100,00"/>
          <Abstencion V="0"/>
          <Porc_Abstencion V="000,00"/>
          <Votos_Validos V="7092"/>
          <Porc_Votos_Validos V="047,77"/>
          <Votos_No_Marcados V="4471"/>
          <Porc_Votos_No_Marcados V="030,11"/>
          <Votos_Nulos V="3282"/>
          <Porc_Votos_Nulos V="022,10"/>
        </lin>
        <lin>
          <Pregunta V="003"/>
          <Total_Sufragantes V="14845"/>
          <Porc_Sufragantes V="100,00"/>
          <Abstencion V="0"/>
          <Porc_Abstencion V="000,00"/>
          <Votos_Validos V="7631"/>
          <Porc_Votos_Validos V="051,40"/>
          <Votos_No_Marcados V="4161"/>
          <Porc_Votos_No_Marcados V="028,02"/>
          <Votos_Nulos V="3053"/>
          <Porc_Votos_Nulos V="020,56"/>
        </lin>
        <lin>
          <Pregunta V="004"/>
          <Total_Sufragantes V="14845"/>
          <Porc_Sufragantes V="100,00"/>
          <Abstencion V="0"/>
          <Porc_Abstencion V="000,00"/>
          <Votos_Validos V="6707"/>
          <Porc_Votos_Validos V="045,18"/>
          <Votos_No_Marcados V="3854"/>
          <Porc_Votos_No_Marcados V="025,96"/>
          <Votos_Nulos V="4284"/>
          <Porc_Votos_Nulos V="028,85"/>
        </lin>
        <lin>
          <Pregunta V="005"/>
          <Total_Sufragantes V="14845"/>
          <Porc_Sufragantes V="100,00"/>
          <Abstencion V="0"/>
          <Porc_Abstencion V="000,00"/>
          <Votos_Validos V="7679"/>
          <Porc_Votos_Validos V="051,72"/>
          <Votos_No_Marcados V="3721"/>
          <Porc_Votos_No_Marcados V="025,06"/>
          <Votos_Nulos V="3445"/>
          <Porc_Votos_Nulos V="023,20"/>
        </lin>
        <lin>
          <Pregunta V="006"/>
          <Total_Sufragantes V="14845"/>
          <Porc_Sufragantes V="100,00"/>
          <Abstencion V="0"/>
          <Porc_Abstencion V="000,00"/>
          <Votos_Validos V="7007"/>
          <Porc_Votos_Validos V="047,20"/>
          <Votos_No_Marcados V="3706"/>
          <Porc_Votos_No_Marcados V="024,96"/>
          <Votos_Nulos V="4132"/>
          <Porc_Votos_Nulos V="027,83"/>
        </lin>
        <lin>
          <Pregunta V="007"/>
          <Total_Sufragantes V="14845"/>
          <Porc_Sufragantes V="100,00"/>
          <Abstencion V="0"/>
          <Porc_Abstencion V="000,00"/>
          <Votos_Validos V="7006"/>
          <Porc_Votos_Validos V="047,19"/>
          <Votos_No_Marcados V="3880"/>
          <Porc_Votos_No_Marcados V="026,13"/>
          <Votos_Nulos V="3959"/>
          <Porc_Votos_Nulos V="026,66"/>
        </lin>
      </Detalle_Pregunta>
      <Detalle_Opcion>
        <lin>
          <Opcion V="001"/>
          <Votos V="3270"/>
          <Porc V="047,32"/>
          <Pregunta V="001"/>
        </lin>
        <lin>
          <Opcion V="002"/>
          <Votos V="3640"/>
          <Porc V="052,67"/>
          <Pregunta V="001"/>
        </lin>
        <lin>
          <Opcion V="001"/>
          <Votos V="3346"/>
          <Porc V="047,17"/>
          <Pregunta V="002"/>
        </lin>
        <lin>
          <Opcion V="002"/>
          <Votos V="3746"/>
          <Porc V="052,82"/>
          <Pregunta V="002"/>
        </lin>
        <lin>
          <Opcion V="001"/>
          <Votos V="3953"/>
          <Porc V="051,80"/>
          <Pregunta V="003"/>
        </lin>
        <lin>
          <Opcion V="002"/>
          <Votos V="3678"/>
          <Porc V="048,19"/>
          <Pregunta V="003"/>
        </lin>
        <lin>
          <Opcion V="001"/>
          <Votos V="3934"/>
          <Porc V="058,65"/>
          <Pregunta V="004"/>
        </lin>
        <lin>
          <Opcion V="002"/>
          <Votos V="2773"/>
          <Porc V="041,34"/>
          <Pregunta V="004"/>
        </lin>
        <lin>
          <Opcion V="001"/>
          <Votos V="4261"/>
          <Porc V="055,48"/>
          <Pregunta V="005"/>
        </lin>
        <lin>
          <Opcion V="002"/>
          <Votos V="3418"/>
          <Porc V="044,51"/>
          <Pregunta V="005"/>
        </lin>
        <lin>
          <Opcion V="001"/>
          <Votos V="3630"/>
          <Porc V="051,80"/>
          <Pregunta V="006"/>
        </lin>
        <lin>
          <Opcion V="002"/>
          <Votos V="3377"/>
          <Porc V="048,19"/>
          <Pregunta V="006"/>
        </lin>
        <lin>
          <Opcion V="001"/>
          <Votos V="3102"/>
          <Porc V="044,27"/>
          <Pregunta V="007"/>
        </lin>
        <lin>
          <Opcion V="002"/>
          <Votos V="3904"/>
          <Porc V="055,72"/>
          <Pregunta V="007"/>
        </lin>
      </Detalle_Opcion>
    </lin>
  </Detalle_Circunscripcion>
</Boletin>
</Boletin_Consolidado>