<Boletin_Consolidado><Boletin>
  <Numero V="0008"/>
  <Boletin_Departamental V="0012"/>
  <Tipo_Boletin V="DEPARTAMENTAL"/>
  <Desc_Corporacion V="CONSULTA POPULAR"/>
  <Departamento V="07"/>
  <Desc_Departamento V="BOYACA"/>
  <Municipio V="253"/>
  <Desc_Municipio V="SANTA ROSA DE VITERBO"/>
  <Dia V="21"/>
  <Mes V="8"/>
  <Anio V="2018"/>
  <Hora V="14"/>
  <Minuto V="15"/>
  <Mesas_Instaladas V="23"/>
  <Mesas_Informadas V="23"/>
  <Porc_Mesas_Informadas V="100,00"/>
  <Potencial_Sufragantes V="8196"/>
  <Detalle_Circunscripcion>
    <lin>
      <Circunscripcion V="0"/>
      <Desc_Circunscripcion V="NACIONAL"/>
      <Detalle_Pregunta>
        <lin>
          <Pregunta V="001"/>
          <Total_Sufragantes V="8196"/>
          <Porc_Sufragantes V="100,00"/>
          <Abstencion V="0"/>
          <Porc_Abstencion V="000,00"/>
          <Votos_Validos V="4680"/>
          <Porc_Votos_Validos V="057,10"/>
          <Votos_No_Marcados V="1213"/>
          <Porc_Votos_No_Marcados V="014,79"/>
          <Votos_Nulos V="2303"/>
          <Porc_Votos_Nulos V="028,09"/>
        </lin>
        <lin>
          <Pregunta V="002"/>
          <Total_Sufragantes V="8196"/>
          <Porc_Sufragantes V="100,00"/>
          <Abstencion V="0"/>
          <Porc_Abstencion V="000,00"/>
          <Votos_Validos V="4404"/>
          <Porc_Votos_Validos V="053,73"/>
          <Votos_No_Marcados V="1852"/>
          <Porc_Votos_No_Marcados V="022,59"/>
          <Votos_Nulos V="1940"/>
          <Porc_Votos_Nulos V="023,67"/>
        </lin>
        <lin>
          <Pregunta V="003"/>
          <Total_Sufragantes V="8196"/>
          <Porc_Sufragantes V="100,00"/>
          <Abstencion V="0"/>
          <Porc_Abstencion V="000,00"/>
          <Votos_Validos V="4719"/>
          <Porc_Votos_Validos V="057,57"/>
          <Votos_No_Marcados V="1957"/>
          <Porc_Votos_No_Marcados V="023,87"/>
          <Votos_Nulos V="1520"/>
          <Porc_Votos_Nulos V="018,54"/>
        </lin>
        <lin>
          <Pregunta V="004"/>
          <Total_Sufragantes V="8196"/>
          <Porc_Sufragantes V="100,00"/>
          <Abstencion V="0"/>
          <Porc_Abstencion V="000,00"/>
          <Votos_Validos V="4603"/>
          <Porc_Votos_Validos V="056,16"/>
          <Votos_No_Marcados V="1547"/>
          <Porc_Votos_No_Marcados V="018,87"/>
          <Votos_Nulos V="2046"/>
          <Porc_Votos_Nulos V="024,96"/>
        </lin>
        <lin>
          <Pregunta V="005"/>
          <Total_Sufragantes V="8196"/>
          <Porc_Sufragantes V="100,00"/>
          <Abstencion V="0"/>
          <Porc_Abstencion V="000,00"/>
          <Votos_Validos V="3922"/>
          <Porc_Votos_Validos V="047,85"/>
          <Votos_No_Marcados V="2535"/>
          <Porc_Votos_No_Marcados V="030,92"/>
          <Votos_Nulos V="1739"/>
          <Porc_Votos_Nulos V="021,21"/>
        </lin>
        <lin>
          <Pregunta V="006"/>
          <Total_Sufragantes V="8196"/>
          <Porc_Sufragantes V="100,00"/>
          <Abstencion V="0"/>
          <Porc_Abstencion V="000,00"/>
          <Votos_Validos V="3647"/>
          <Porc_Votos_Validos V="044,49"/>
          <Votos_No_Marcados V="2266"/>
          <Porc_Votos_No_Marcados V="027,64"/>
          <Votos_Nulos V="2283"/>
          <Porc_Votos_Nulos V="027,85"/>
        </lin>
        <lin>
          <Pregunta V="007"/>
          <Total_Sufragantes V="8196"/>
          <Porc_Sufragantes V="100,00"/>
          <Abstencion V="0"/>
          <Porc_Abstencion V="000,00"/>
          <Votos_Validos V="3947"/>
          <Porc_Votos_Validos V="048,15"/>
          <Votos_No_Marcados V="1981"/>
          <Porc_Votos_No_Marcados V="024,17"/>
          <Votos_Nulos V="2268"/>
          <Porc_Votos_Nulos V="027,67"/>
        </lin>
      </Detalle_Pregunta>
      <Detalle_Opcion>
        <lin>
          <Opcion V="001"/>
          <Votos V="1996"/>
          <Porc V="042,64"/>
          <Pregunta V="001"/>
        </lin>
        <lin>
          <Opcion V="002"/>
          <Votos V="2684"/>
          <Porc V="057,35"/>
          <Pregunta V="001"/>
        </lin>
        <lin>
          <Opcion V="001"/>
          <Votos V="2091"/>
          <Porc V="047,47"/>
          <Pregunta V="002"/>
        </lin>
        <lin>
          <Opcion V="002"/>
          <Votos V="2313"/>
          <Porc V="052,52"/>
          <Pregunta V="002"/>
        </lin>
        <lin>
          <Opcion V="001"/>
          <Votos V="2313"/>
          <Porc V="049,01"/>
          <Pregunta V="003"/>
        </lin>
        <lin>
          <Opcion V="002"/>
          <Votos V="2406"/>
          <Porc V="050,98"/>
          <Pregunta V="003"/>
        </lin>
        <lin>
          <Opcion V="001"/>
          <Votos V="1695"/>
          <Porc V="036,82"/>
          <Pregunta V="004"/>
        </lin>
        <lin>
          <Opcion V="002"/>
          <Votos V="2908"/>
          <Porc V="063,17"/>
          <Pregunta V="004"/>
        </lin>
        <lin>
          <Opcion V="001"/>
          <Votos V="1867"/>
          <Porc V="047,60"/>
          <Pregunta V="005"/>
        </lin>
        <lin>
          <Opcion V="002"/>
          <Votos V="2055"/>
          <Porc V="052,39"/>
          <Pregunta V="005"/>
        </lin>
        <lin>
          <Opcion V="001"/>
          <Votos V="1919"/>
          <Porc V="052,61"/>
          <Pregunta V="006"/>
        </lin>
        <lin>
          <Opcion V="002"/>
          <Votos V="1728"/>
          <Porc V="047,38"/>
          <Pregunta V="006"/>
        </lin>
        <lin>
          <Opcion V="001"/>
          <Votos V="2080"/>
          <Porc V="052,69"/>
          <Pregunta V="007"/>
        </lin>
        <lin>
          <Opcion V="002"/>
          <Votos V="1867"/>
          <Porc V="047,30"/>
          <Pregunta V="007"/>
        </lin>
      </Detalle_Opcion>
    </lin>
  </Detalle_Circunscripcion>
</Boletin>
</Boletin_Consolidado>