<Boletin_Consolidado><Boletin>
  <Numero V="0008"/>
  <Boletin_Departamental V="0011"/>
  <Tipo_Boletin V="DEPARTAMENTAL"/>
  <Desc_Corporacion V="CONSULTA POPULAR"/>
  <Departamento V="07"/>
  <Desc_Departamento V="BOYACA"/>
  <Municipio V="019"/>
  <Desc_Municipio V="BETEITIVA"/>
  <Dia V="21"/>
  <Mes V="8"/>
  <Anio V="2018"/>
  <Hora V="14"/>
  <Minuto V="15"/>
  <Mesas_Instaladas V="6"/>
  <Mesas_Informadas V="6"/>
  <Porc_Mesas_Informadas V="100,00"/>
  <Potencial_Sufragantes V="1910"/>
  <Detalle_Circunscripcion>
    <lin>
      <Circunscripcion V="0"/>
      <Desc_Circunscripcion V="NACIONAL"/>
      <Detalle_Pregunta>
        <lin>
          <Pregunta V="001"/>
          <Total_Sufragantes V="1910"/>
          <Porc_Sufragantes V="100,00"/>
          <Abstencion V="0"/>
          <Porc_Abstencion V="000,00"/>
          <Votos_Validos V="821"/>
          <Porc_Votos_Validos V="042,98"/>
          <Votos_No_Marcados V="508"/>
          <Porc_Votos_No_Marcados V="026,59"/>
          <Votos_Nulos V="581"/>
          <Porc_Votos_Nulos V="030,41"/>
        </lin>
        <lin>
          <Pregunta V="002"/>
          <Total_Sufragantes V="1910"/>
          <Porc_Sufragantes V="100,00"/>
          <Abstencion V="0"/>
          <Porc_Abstencion V="000,00"/>
          <Votos_Validos V="1088"/>
          <Porc_Votos_Validos V="056,96"/>
          <Votos_No_Marcados V="472"/>
          <Porc_Votos_No_Marcados V="024,71"/>
          <Votos_Nulos V="350"/>
          <Porc_Votos_Nulos V="018,32"/>
        </lin>
        <lin>
          <Pregunta V="003"/>
          <Total_Sufragantes V="1910"/>
          <Porc_Sufragantes V="100,00"/>
          <Abstencion V="0"/>
          <Porc_Abstencion V="000,00"/>
          <Votos_Validos V="1013"/>
          <Porc_Votos_Validos V="053,03"/>
          <Votos_No_Marcados V="551"/>
          <Porc_Votos_No_Marcados V="028,84"/>
          <Votos_Nulos V="346"/>
          <Porc_Votos_Nulos V="018,11"/>
        </lin>
        <lin>
          <Pregunta V="004"/>
          <Total_Sufragantes V="1910"/>
          <Porc_Sufragantes V="100,00"/>
          <Abstencion V="0"/>
          <Porc_Abstencion V="000,00"/>
          <Votos_Validos V="787"/>
          <Porc_Votos_Validos V="041,20"/>
          <Votos_No_Marcados V="682"/>
          <Porc_Votos_No_Marcados V="035,70"/>
          <Votos_Nulos V="441"/>
          <Porc_Votos_Nulos V="023,08"/>
        </lin>
        <lin>
          <Pregunta V="005"/>
          <Total_Sufragantes V="1910"/>
          <Porc_Sufragantes V="100,00"/>
          <Abstencion V="0"/>
          <Porc_Abstencion V="000,00"/>
          <Votos_Validos V="929"/>
          <Porc_Votos_Validos V="048,63"/>
          <Votos_No_Marcados V="271"/>
          <Porc_Votos_No_Marcados V="014,18"/>
          <Votos_Nulos V="710"/>
          <Porc_Votos_Nulos V="037,17"/>
        </lin>
        <lin>
          <Pregunta V="006"/>
          <Total_Sufragantes V="1910"/>
          <Porc_Sufragantes V="100,00"/>
          <Abstencion V="0"/>
          <Porc_Abstencion V="000,00"/>
          <Votos_Validos V="905"/>
          <Porc_Votos_Validos V="047,38"/>
          <Votos_No_Marcados V="519"/>
          <Porc_Votos_No_Marcados V="027,17"/>
          <Votos_Nulos V="486"/>
          <Porc_Votos_Nulos V="025,44"/>
        </lin>
        <lin>
          <Pregunta V="007"/>
          <Total_Sufragantes V="1910"/>
          <Porc_Sufragantes V="100,00"/>
          <Abstencion V="0"/>
          <Porc_Abstencion V="000,00"/>
          <Votos_Validos V="1261"/>
          <Porc_Votos_Validos V="066,02"/>
          <Votos_No_Marcados V="344"/>
          <Porc_Votos_No_Marcados V="018,01"/>
          <Votos_Nulos V="305"/>
          <Porc_Votos_Nulos V="015,96"/>
        </lin>
      </Detalle_Pregunta>
      <Detalle_Opcion>
        <lin>
          <Opcion V="001"/>
          <Votos V="612"/>
          <Porc V="074,54"/>
          <Pregunta V="001"/>
        </lin>
        <lin>
          <Opcion V="002"/>
          <Votos V="209"/>
          <Porc V="025,45"/>
          <Pregunta V="001"/>
        </lin>
        <lin>
          <Opcion V="001"/>
          <Votos V="474"/>
          <Porc V="043,56"/>
          <Pregunta V="002"/>
        </lin>
        <lin>
          <Opcion V="002"/>
          <Votos V="614"/>
          <Porc V="056,43"/>
          <Pregunta V="002"/>
        </lin>
        <lin>
          <Opcion V="001"/>
          <Votos V="421"/>
          <Porc V="041,55"/>
          <Pregunta V="003"/>
        </lin>
        <lin>
          <Opcion V="002"/>
          <Votos V="592"/>
          <Porc V="058,44"/>
          <Pregunta V="003"/>
        </lin>
        <lin>
          <Opcion V="001"/>
          <Votos V="446"/>
          <Porc V="056,67"/>
          <Pregunta V="004"/>
        </lin>
        <lin>
          <Opcion V="002"/>
          <Votos V="341"/>
          <Porc V="043,32"/>
          <Pregunta V="004"/>
        </lin>
        <lin>
          <Opcion V="001"/>
          <Votos V="465"/>
          <Porc V="050,05"/>
          <Pregunta V="005"/>
        </lin>
        <lin>
          <Opcion V="002"/>
          <Votos V="464"/>
          <Porc V="049,94"/>
          <Pregunta V="005"/>
        </lin>
        <lin>
          <Opcion V="001"/>
          <Votos V="383"/>
          <Porc V="042,32"/>
          <Pregunta V="006"/>
        </lin>
        <lin>
          <Opcion V="002"/>
          <Votos V="522"/>
          <Porc V="057,67"/>
          <Pregunta V="006"/>
        </lin>
        <lin>
          <Opcion V="001"/>
          <Votos V="576"/>
          <Porc V="045,67"/>
          <Pregunta V="007"/>
        </lin>
        <lin>
          <Opcion V="002"/>
          <Votos V="685"/>
          <Porc V="054,32"/>
          <Pregunta V="007"/>
        </lin>
      </Detalle_Opcion>
    </lin>
  </Detalle_Circunscripcion>
</Boletin>
</Boletin_Consolidado>