<Boletin_Consolidado><Boletin>
  <Numero V="0008"/>
  <Boletin_Departamental V="0012"/>
  <Tipo_Boletin V="DEPARTAMENTAL"/>
  <Desc_Corporacion V="CONSULTA POPULAR"/>
  <Departamento V="05"/>
  <Desc_Departamento V="BOLIVAR"/>
  <Municipio V="041"/>
  <Desc_Municipio V="MONTECRISTO"/>
  <Dia V="21"/>
  <Mes V="8"/>
  <Anio V="2018"/>
  <Hora V="14"/>
  <Minuto V="15"/>
  <Mesas_Instaladas V="28"/>
  <Mesas_Informadas V="28"/>
  <Porc_Mesas_Informadas V="100,00"/>
  <Potencial_Sufragantes V="8379"/>
  <Detalle_Circunscripcion>
    <lin>
      <Circunscripcion V="0"/>
      <Desc_Circunscripcion V="NACIONAL"/>
      <Detalle_Pregunta>
        <lin>
          <Pregunta V="001"/>
          <Total_Sufragantes V="8379"/>
          <Porc_Sufragantes V="100,00"/>
          <Abstencion V="0"/>
          <Porc_Abstencion V="000,00"/>
          <Votos_Validos V="4286"/>
          <Porc_Votos_Validos V="051,15"/>
          <Votos_No_Marcados V="2290"/>
          <Porc_Votos_No_Marcados V="027,33"/>
          <Votos_Nulos V="1803"/>
          <Porc_Votos_Nulos V="021,51"/>
        </lin>
        <lin>
          <Pregunta V="002"/>
          <Total_Sufragantes V="8379"/>
          <Porc_Sufragantes V="100,00"/>
          <Abstencion V="0"/>
          <Porc_Abstencion V="000,00"/>
          <Votos_Validos V="4467"/>
          <Porc_Votos_Validos V="053,31"/>
          <Votos_No_Marcados V="2088"/>
          <Porc_Votos_No_Marcados V="024,91"/>
          <Votos_Nulos V="1824"/>
          <Porc_Votos_Nulos V="021,76"/>
        </lin>
        <lin>
          <Pregunta V="003"/>
          <Total_Sufragantes V="8379"/>
          <Porc_Sufragantes V="100,00"/>
          <Abstencion V="0"/>
          <Porc_Abstencion V="000,00"/>
          <Votos_Validos V="4136"/>
          <Porc_Votos_Validos V="049,36"/>
          <Votos_No_Marcados V="2408"/>
          <Porc_Votos_No_Marcados V="028,73"/>
          <Votos_Nulos V="1835"/>
          <Porc_Votos_Nulos V="021,89"/>
        </lin>
        <lin>
          <Pregunta V="004"/>
          <Total_Sufragantes V="8379"/>
          <Porc_Sufragantes V="100,00"/>
          <Abstencion V="0"/>
          <Porc_Abstencion V="000,00"/>
          <Votos_Validos V="4399"/>
          <Porc_Votos_Validos V="052,50"/>
          <Votos_No_Marcados V="1919"/>
          <Porc_Votos_No_Marcados V="022,90"/>
          <Votos_Nulos V="2061"/>
          <Porc_Votos_Nulos V="024,59"/>
        </lin>
        <lin>
          <Pregunta V="005"/>
          <Total_Sufragantes V="8379"/>
          <Porc_Sufragantes V="100,00"/>
          <Abstencion V="0"/>
          <Porc_Abstencion V="000,00"/>
          <Votos_Validos V="3869"/>
          <Porc_Votos_Validos V="046,17"/>
          <Votos_No_Marcados V="2305"/>
          <Porc_Votos_No_Marcados V="027,50"/>
          <Votos_Nulos V="2205"/>
          <Porc_Votos_Nulos V="026,31"/>
        </lin>
        <lin>
          <Pregunta V="006"/>
          <Total_Sufragantes V="8379"/>
          <Porc_Sufragantes V="100,00"/>
          <Abstencion V="0"/>
          <Porc_Abstencion V="000,00"/>
          <Votos_Validos V="4124"/>
          <Porc_Votos_Validos V="049,21"/>
          <Votos_No_Marcados V="2276"/>
          <Porc_Votos_No_Marcados V="027,16"/>
          <Votos_Nulos V="1979"/>
          <Porc_Votos_Nulos V="023,61"/>
        </lin>
        <lin>
          <Pregunta V="007"/>
          <Total_Sufragantes V="8379"/>
          <Porc_Sufragantes V="100,00"/>
          <Abstencion V="0"/>
          <Porc_Abstencion V="000,00"/>
          <Votos_Validos V="4041"/>
          <Porc_Votos_Validos V="048,22"/>
          <Votos_No_Marcados V="2039"/>
          <Porc_Votos_No_Marcados V="024,33"/>
          <Votos_Nulos V="2299"/>
          <Porc_Votos_Nulos V="027,43"/>
        </lin>
      </Detalle_Pregunta>
      <Detalle_Opcion>
        <lin>
          <Opcion V="001"/>
          <Votos V="2538"/>
          <Porc V="059,21"/>
          <Pregunta V="001"/>
        </lin>
        <lin>
          <Opcion V="002"/>
          <Votos V="1748"/>
          <Porc V="040,78"/>
          <Pregunta V="001"/>
        </lin>
        <lin>
          <Opcion V="001"/>
          <Votos V="1676"/>
          <Porc V="037,51"/>
          <Pregunta V="002"/>
        </lin>
        <lin>
          <Opcion V="002"/>
          <Votos V="2791"/>
          <Porc V="062,48"/>
          <Pregunta V="002"/>
        </lin>
        <lin>
          <Opcion V="001"/>
          <Votos V="2416"/>
          <Porc V="058,41"/>
          <Pregunta V="003"/>
        </lin>
        <lin>
          <Opcion V="002"/>
          <Votos V="1720"/>
          <Porc V="041,58"/>
          <Pregunta V="003"/>
        </lin>
        <lin>
          <Opcion V="001"/>
          <Votos V="1917"/>
          <Porc V="043,57"/>
          <Pregunta V="004"/>
        </lin>
        <lin>
          <Opcion V="002"/>
          <Votos V="2482"/>
          <Porc V="056,42"/>
          <Pregunta V="004"/>
        </lin>
        <lin>
          <Opcion V="001"/>
          <Votos V="1563"/>
          <Porc V="040,39"/>
          <Pregunta V="005"/>
        </lin>
        <lin>
          <Opcion V="002"/>
          <Votos V="2306"/>
          <Porc V="059,60"/>
          <Pregunta V="005"/>
        </lin>
        <lin>
          <Opcion V="001"/>
          <Votos V="1867"/>
          <Porc V="045,27"/>
          <Pregunta V="006"/>
        </lin>
        <lin>
          <Opcion V="002"/>
          <Votos V="2257"/>
          <Porc V="054,72"/>
          <Pregunta V="006"/>
        </lin>
        <lin>
          <Opcion V="001"/>
          <Votos V="2291"/>
          <Porc V="056,69"/>
          <Pregunta V="007"/>
        </lin>
        <lin>
          <Opcion V="002"/>
          <Votos V="1750"/>
          <Porc V="043,30"/>
          <Pregunta V="007"/>
        </lin>
      </Detalle_Opcion>
    </lin>
  </Detalle_Circunscripcion>
</Boletin>
</Boletin_Consolidado>