<Boletin_Consolidado><Boletin>
  <Numero V="0008"/>
  <Boletin_Departamental V="0012"/>
  <Tipo_Boletin V="DEPARTAMENTAL"/>
  <Desc_Corporacion V="CONSULTA POPULAR"/>
  <Departamento V="01"/>
  <Desc_Departamento V="ANTIOQUIA"/>
  <Municipio V="166"/>
  <Desc_Municipio V="LA ESTRELLA"/>
  <Dia V="21"/>
  <Mes V="8"/>
  <Anio V="2018"/>
  <Hora V="14"/>
  <Minuto V="15"/>
  <Mesas_Instaladas V="143"/>
  <Mesas_Informadas V="143"/>
  <Porc_Mesas_Informadas V="100,00"/>
  <Potencial_Sufragantes V="58384"/>
  <Detalle_Circunscripcion>
    <lin>
      <Circunscripcion V="0"/>
      <Desc_Circunscripcion V="NACIONAL"/>
      <Detalle_Pregunta>
        <lin>
          <Pregunta V="001"/>
          <Total_Sufragantes V="58384"/>
          <Porc_Sufragantes V="100,00"/>
          <Abstencion V="0"/>
          <Porc_Abstencion V="000,00"/>
          <Votos_Validos V="27466"/>
          <Porc_Votos_Validos V="047,04"/>
          <Votos_No_Marcados V="14977"/>
          <Porc_Votos_No_Marcados V="025,65"/>
          <Votos_Nulos V="15941"/>
          <Porc_Votos_Nulos V="027,30"/>
        </lin>
        <lin>
          <Pregunta V="002"/>
          <Total_Sufragantes V="58384"/>
          <Porc_Sufragantes V="100,00"/>
          <Abstencion V="0"/>
          <Porc_Abstencion V="000,00"/>
          <Votos_Validos V="27067"/>
          <Porc_Votos_Validos V="046,36"/>
          <Votos_No_Marcados V="14973"/>
          <Porc_Votos_No_Marcados V="025,64"/>
          <Votos_Nulos V="16344"/>
          <Porc_Votos_Nulos V="027,99"/>
        </lin>
        <lin>
          <Pregunta V="003"/>
          <Total_Sufragantes V="58384"/>
          <Porc_Sufragantes V="100,00"/>
          <Abstencion V="0"/>
          <Porc_Abstencion V="000,00"/>
          <Votos_Validos V="29495"/>
          <Porc_Votos_Validos V="050,51"/>
          <Votos_No_Marcados V="14402"/>
          <Porc_Votos_No_Marcados V="024,66"/>
          <Votos_Nulos V="14487"/>
          <Porc_Votos_Nulos V="024,81"/>
        </lin>
        <lin>
          <Pregunta V="004"/>
          <Total_Sufragantes V="58384"/>
          <Porc_Sufragantes V="100,00"/>
          <Abstencion V="0"/>
          <Porc_Abstencion V="000,00"/>
          <Votos_Validos V="29068"/>
          <Porc_Votos_Validos V="049,78"/>
          <Votos_No_Marcados V="15283"/>
          <Porc_Votos_No_Marcados V="026,17"/>
          <Votos_Nulos V="14033"/>
          <Porc_Votos_Nulos V="024,03"/>
        </lin>
        <lin>
          <Pregunta V="005"/>
          <Total_Sufragantes V="58384"/>
          <Porc_Sufragantes V="100,00"/>
          <Abstencion V="0"/>
          <Porc_Abstencion V="000,00"/>
          <Votos_Validos V="29327"/>
          <Porc_Votos_Validos V="050,23"/>
          <Votos_No_Marcados V="13977"/>
          <Porc_Votos_No_Marcados V="023,93"/>
          <Votos_Nulos V="15080"/>
          <Porc_Votos_Nulos V="025,82"/>
        </lin>
        <lin>
          <Pregunta V="006"/>
          <Total_Sufragantes V="58384"/>
          <Porc_Sufragantes V="100,00"/>
          <Abstencion V="0"/>
          <Porc_Abstencion V="000,00"/>
          <Votos_Validos V="30254"/>
          <Porc_Votos_Validos V="051,81"/>
          <Votos_No_Marcados V="14028"/>
          <Porc_Votos_No_Marcados V="024,02"/>
          <Votos_Nulos V="14102"/>
          <Porc_Votos_Nulos V="024,15"/>
        </lin>
        <lin>
          <Pregunta V="007"/>
          <Total_Sufragantes V="58384"/>
          <Porc_Sufragantes V="100,00"/>
          <Abstencion V="0"/>
          <Porc_Abstencion V="000,00"/>
          <Votos_Validos V="29010"/>
          <Porc_Votos_Validos V="049,68"/>
          <Votos_No_Marcados V="14277"/>
          <Porc_Votos_No_Marcados V="024,45"/>
          <Votos_Nulos V="15097"/>
          <Porc_Votos_Nulos V="025,85"/>
        </lin>
      </Detalle_Pregunta>
      <Detalle_Opcion>
        <lin>
          <Opcion V="001"/>
          <Votos V="13578"/>
          <Porc V="049,43"/>
          <Pregunta V="001"/>
        </lin>
        <lin>
          <Opcion V="002"/>
          <Votos V="13888"/>
          <Porc V="050,56"/>
          <Pregunta V="001"/>
        </lin>
        <lin>
          <Opcion V="001"/>
          <Votos V="13285"/>
          <Porc V="049,08"/>
          <Pregunta V="002"/>
        </lin>
        <lin>
          <Opcion V="002"/>
          <Votos V="13782"/>
          <Porc V="050,91"/>
          <Pregunta V="002"/>
        </lin>
        <lin>
          <Opcion V="001"/>
          <Votos V="13695"/>
          <Porc V="046,43"/>
          <Pregunta V="003"/>
        </lin>
        <lin>
          <Opcion V="002"/>
          <Votos V="15800"/>
          <Porc V="053,56"/>
          <Pregunta V="003"/>
        </lin>
        <lin>
          <Opcion V="001"/>
          <Votos V="15156"/>
          <Porc V="052,13"/>
          <Pregunta V="004"/>
        </lin>
        <lin>
          <Opcion V="002"/>
          <Votos V="13912"/>
          <Porc V="047,86"/>
          <Pregunta V="004"/>
        </lin>
        <lin>
          <Opcion V="001"/>
          <Votos V="12831"/>
          <Porc V="043,75"/>
          <Pregunta V="005"/>
        </lin>
        <lin>
          <Opcion V="002"/>
          <Votos V="16496"/>
          <Porc V="056,24"/>
          <Pregunta V="005"/>
        </lin>
        <lin>
          <Opcion V="001"/>
          <Votos V="15267"/>
          <Porc V="050,46"/>
          <Pregunta V="006"/>
        </lin>
        <lin>
          <Opcion V="002"/>
          <Votos V="14987"/>
          <Porc V="049,53"/>
          <Pregunta V="006"/>
        </lin>
        <lin>
          <Opcion V="001"/>
          <Votos V="12634"/>
          <Porc V="043,55"/>
          <Pregunta V="007"/>
        </lin>
        <lin>
          <Opcion V="002"/>
          <Votos V="16376"/>
          <Porc V="056,44"/>
          <Pregunta V="007"/>
        </lin>
      </Detalle_Opcion>
    </lin>
  </Detalle_Circunscripcion>
</Boletin>
</Boletin_Consolidado>