<Boletin_Consolidado><Boletin>
  <Numero V="0008"/>
  <Boletin_Departamental V="0012"/>
  <Tipo_Boletin V="DEPARTAMENTAL"/>
  <Desc_Corporacion V="CONSULTA POPULAR"/>
  <Departamento V="09"/>
  <Desc_Departamento V="CALDAS"/>
  <Municipio V="078"/>
  <Desc_Municipio V="NORCASIA"/>
  <Dia V="21"/>
  <Mes V="8"/>
  <Anio V="2018"/>
  <Hora V="14"/>
  <Minuto V="15"/>
  <Mesas_Instaladas V="16"/>
  <Mesas_Informadas V="16"/>
  <Porc_Mesas_Informadas V="100,00"/>
  <Potencial_Sufragantes V="5930"/>
  <Detalle_Circunscripcion>
    <lin>
      <Circunscripcion V="0"/>
      <Desc_Circunscripcion V="NACIONAL"/>
      <Detalle_Pregunta>
        <lin>
          <Pregunta V="001"/>
          <Total_Sufragantes V="5930"/>
          <Porc_Sufragantes V="100,00"/>
          <Abstencion V="0"/>
          <Porc_Abstencion V="000,00"/>
          <Votos_Validos V="3151"/>
          <Porc_Votos_Validos V="053,13"/>
          <Votos_No_Marcados V="1280"/>
          <Porc_Votos_No_Marcados V="021,58"/>
          <Votos_Nulos V="1499"/>
          <Porc_Votos_Nulos V="025,27"/>
        </lin>
        <lin>
          <Pregunta V="002"/>
          <Total_Sufragantes V="5930"/>
          <Porc_Sufragantes V="100,00"/>
          <Abstencion V="0"/>
          <Porc_Abstencion V="000,00"/>
          <Votos_Validos V="3249"/>
          <Porc_Votos_Validos V="054,78"/>
          <Votos_No_Marcados V="1773"/>
          <Porc_Votos_No_Marcados V="029,89"/>
          <Votos_Nulos V="908"/>
          <Porc_Votos_Nulos V="015,31"/>
        </lin>
        <lin>
          <Pregunta V="003"/>
          <Total_Sufragantes V="5930"/>
          <Porc_Sufragantes V="100,00"/>
          <Abstencion V="0"/>
          <Porc_Abstencion V="000,00"/>
          <Votos_Validos V="2819"/>
          <Porc_Votos_Validos V="047,53"/>
          <Votos_No_Marcados V="1071"/>
          <Porc_Votos_No_Marcados V="018,06"/>
          <Votos_Nulos V="2040"/>
          <Porc_Votos_Nulos V="034,40"/>
        </lin>
        <lin>
          <Pregunta V="004"/>
          <Total_Sufragantes V="5930"/>
          <Porc_Sufragantes V="100,00"/>
          <Abstencion V="0"/>
          <Porc_Abstencion V="000,00"/>
          <Votos_Validos V="2887"/>
          <Porc_Votos_Validos V="048,68"/>
          <Votos_No_Marcados V="1460"/>
          <Porc_Votos_No_Marcados V="024,62"/>
          <Votos_Nulos V="1583"/>
          <Porc_Votos_Nulos V="026,69"/>
        </lin>
        <lin>
          <Pregunta V="005"/>
          <Total_Sufragantes V="5930"/>
          <Porc_Sufragantes V="100,00"/>
          <Abstencion V="0"/>
          <Porc_Abstencion V="000,00"/>
          <Votos_Validos V="2745"/>
          <Porc_Votos_Validos V="046,29"/>
          <Votos_No_Marcados V="1698"/>
          <Porc_Votos_No_Marcados V="028,63"/>
          <Votos_Nulos V="1487"/>
          <Porc_Votos_Nulos V="025,07"/>
        </lin>
        <lin>
          <Pregunta V="006"/>
          <Total_Sufragantes V="5930"/>
          <Porc_Sufragantes V="100,00"/>
          <Abstencion V="0"/>
          <Porc_Abstencion V="000,00"/>
          <Votos_Validos V="2909"/>
          <Porc_Votos_Validos V="049,05"/>
          <Votos_No_Marcados V="1586"/>
          <Porc_Votos_No_Marcados V="026,74"/>
          <Votos_Nulos V="1435"/>
          <Porc_Votos_Nulos V="024,19"/>
        </lin>
        <lin>
          <Pregunta V="007"/>
          <Total_Sufragantes V="5930"/>
          <Porc_Sufragantes V="100,00"/>
          <Abstencion V="0"/>
          <Porc_Abstencion V="000,00"/>
          <Votos_Validos V="3262"/>
          <Porc_Votos_Validos V="055,00"/>
          <Votos_No_Marcados V="1503"/>
          <Porc_Votos_No_Marcados V="025,34"/>
          <Votos_Nulos V="1165"/>
          <Porc_Votos_Nulos V="019,64"/>
        </lin>
      </Detalle_Pregunta>
      <Detalle_Opcion>
        <lin>
          <Opcion V="001"/>
          <Votos V="1572"/>
          <Porc V="049,88"/>
          <Pregunta V="001"/>
        </lin>
        <lin>
          <Opcion V="002"/>
          <Votos V="1579"/>
          <Porc V="050,11"/>
          <Pregunta V="001"/>
        </lin>
        <lin>
          <Opcion V="001"/>
          <Votos V="1661"/>
          <Porc V="051,12"/>
          <Pregunta V="002"/>
        </lin>
        <lin>
          <Opcion V="002"/>
          <Votos V="1588"/>
          <Porc V="048,87"/>
          <Pregunta V="002"/>
        </lin>
        <lin>
          <Opcion V="001"/>
          <Votos V="1519"/>
          <Porc V="053,88"/>
          <Pregunta V="003"/>
        </lin>
        <lin>
          <Opcion V="002"/>
          <Votos V="1300"/>
          <Porc V="046,11"/>
          <Pregunta V="003"/>
        </lin>
        <lin>
          <Opcion V="001"/>
          <Votos V="1483"/>
          <Porc V="051,36"/>
          <Pregunta V="004"/>
        </lin>
        <lin>
          <Opcion V="002"/>
          <Votos V="1404"/>
          <Porc V="048,63"/>
          <Pregunta V="004"/>
        </lin>
        <lin>
          <Opcion V="001"/>
          <Votos V="1298"/>
          <Porc V="047,28"/>
          <Pregunta V="005"/>
        </lin>
        <lin>
          <Opcion V="002"/>
          <Votos V="1447"/>
          <Porc V="052,71"/>
          <Pregunta V="005"/>
        </lin>
        <lin>
          <Opcion V="001"/>
          <Votos V="1557"/>
          <Porc V="053,52"/>
          <Pregunta V="006"/>
        </lin>
        <lin>
          <Opcion V="002"/>
          <Votos V="1352"/>
          <Porc V="046,47"/>
          <Pregunta V="006"/>
        </lin>
        <lin>
          <Opcion V="001"/>
          <Votos V="1230"/>
          <Porc V="037,70"/>
          <Pregunta V="007"/>
        </lin>
        <lin>
          <Opcion V="002"/>
          <Votos V="2032"/>
          <Porc V="062,29"/>
          <Pregunta V="007"/>
        </lin>
      </Detalle_Opcion>
    </lin>
  </Detalle_Circunscripcion>
</Boletin>
</Boletin_Consolidado>