<Boletin_Consolidado><Boletin>
  <Numero V="0008"/>
  <Boletin_Departamental V="0012"/>
  <Tipo_Boletin V="DEPARTAMENTAL"/>
  <Desc_Corporacion V="CONSULTA POPULAR"/>
  <Departamento V="07"/>
  <Desc_Departamento V="BOYACA"/>
  <Municipio V="100"/>
  <Desc_Municipio V="GARAGOA"/>
  <Dia V="21"/>
  <Mes V="8"/>
  <Anio V="2018"/>
  <Hora V="14"/>
  <Minuto V="15"/>
  <Mesas_Instaladas V="33"/>
  <Mesas_Informadas V="33"/>
  <Porc_Mesas_Informadas V="100,00"/>
  <Potencial_Sufragantes V="11803"/>
  <Detalle_Circunscripcion>
    <lin>
      <Circunscripcion V="0"/>
      <Desc_Circunscripcion V="NACIONAL"/>
      <Detalle_Pregunta>
        <lin>
          <Pregunta V="001"/>
          <Total_Sufragantes V="11803"/>
          <Porc_Sufragantes V="100,00"/>
          <Abstencion V="0"/>
          <Porc_Abstencion V="000,00"/>
          <Votos_Validos V="6535"/>
          <Porc_Votos_Validos V="055,36"/>
          <Votos_No_Marcados V="2480"/>
          <Porc_Votos_No_Marcados V="021,01"/>
          <Votos_Nulos V="2788"/>
          <Porc_Votos_Nulos V="023,62"/>
        </lin>
        <lin>
          <Pregunta V="002"/>
          <Total_Sufragantes V="11803"/>
          <Porc_Sufragantes V="100,00"/>
          <Abstencion V="0"/>
          <Porc_Abstencion V="000,00"/>
          <Votos_Validos V="6020"/>
          <Porc_Votos_Validos V="051,00"/>
          <Votos_No_Marcados V="2817"/>
          <Porc_Votos_No_Marcados V="023,86"/>
          <Votos_Nulos V="2966"/>
          <Porc_Votos_Nulos V="025,12"/>
        </lin>
        <lin>
          <Pregunta V="003"/>
          <Total_Sufragantes V="11803"/>
          <Porc_Sufragantes V="100,00"/>
          <Abstencion V="0"/>
          <Porc_Abstencion V="000,00"/>
          <Votos_Validos V="5911"/>
          <Porc_Votos_Validos V="050,08"/>
          <Votos_No_Marcados V="2476"/>
          <Porc_Votos_No_Marcados V="020,97"/>
          <Votos_Nulos V="3416"/>
          <Porc_Votos_Nulos V="028,94"/>
        </lin>
        <lin>
          <Pregunta V="004"/>
          <Total_Sufragantes V="11803"/>
          <Porc_Sufragantes V="100,00"/>
          <Abstencion V="0"/>
          <Porc_Abstencion V="000,00"/>
          <Votos_Validos V="5899"/>
          <Porc_Votos_Validos V="049,97"/>
          <Votos_No_Marcados V="3347"/>
          <Porc_Votos_No_Marcados V="028,35"/>
          <Votos_Nulos V="2557"/>
          <Porc_Votos_Nulos V="021,66"/>
        </lin>
        <lin>
          <Pregunta V="005"/>
          <Total_Sufragantes V="11803"/>
          <Porc_Sufragantes V="100,00"/>
          <Abstencion V="0"/>
          <Porc_Abstencion V="000,00"/>
          <Votos_Validos V="5973"/>
          <Porc_Votos_Validos V="050,60"/>
          <Votos_No_Marcados V="3068"/>
          <Porc_Votos_No_Marcados V="025,99"/>
          <Votos_Nulos V="2762"/>
          <Porc_Votos_Nulos V="023,40"/>
        </lin>
        <lin>
          <Pregunta V="006"/>
          <Total_Sufragantes V="11803"/>
          <Porc_Sufragantes V="100,00"/>
          <Abstencion V="0"/>
          <Porc_Abstencion V="000,00"/>
          <Votos_Validos V="6121"/>
          <Porc_Votos_Validos V="051,85"/>
          <Votos_No_Marcados V="3271"/>
          <Porc_Votos_No_Marcados V="027,71"/>
          <Votos_Nulos V="2411"/>
          <Porc_Votos_Nulos V="020,42"/>
        </lin>
        <lin>
          <Pregunta V="007"/>
          <Total_Sufragantes V="11803"/>
          <Porc_Sufragantes V="100,00"/>
          <Abstencion V="0"/>
          <Porc_Abstencion V="000,00"/>
          <Votos_Validos V="5210"/>
          <Porc_Votos_Validos V="044,14"/>
          <Votos_No_Marcados V="3258"/>
          <Porc_Votos_No_Marcados V="027,60"/>
          <Votos_Nulos V="3335"/>
          <Porc_Votos_Nulos V="028,25"/>
        </lin>
      </Detalle_Pregunta>
      <Detalle_Opcion>
        <lin>
          <Opcion V="001"/>
          <Votos V="3161"/>
          <Porc V="048,37"/>
          <Pregunta V="001"/>
        </lin>
        <lin>
          <Opcion V="002"/>
          <Votos V="3374"/>
          <Porc V="051,62"/>
          <Pregunta V="001"/>
        </lin>
        <lin>
          <Opcion V="001"/>
          <Votos V="2416"/>
          <Porc V="040,13"/>
          <Pregunta V="002"/>
        </lin>
        <lin>
          <Opcion V="002"/>
          <Votos V="3604"/>
          <Porc V="059,86"/>
          <Pregunta V="002"/>
        </lin>
        <lin>
          <Opcion V="001"/>
          <Votos V="3519"/>
          <Porc V="059,53"/>
          <Pregunta V="003"/>
        </lin>
        <lin>
          <Opcion V="002"/>
          <Votos V="2392"/>
          <Porc V="040,46"/>
          <Pregunta V="003"/>
        </lin>
        <lin>
          <Opcion V="001"/>
          <Votos V="2843"/>
          <Porc V="048,19"/>
          <Pregunta V="004"/>
        </lin>
        <lin>
          <Opcion V="002"/>
          <Votos V="3056"/>
          <Porc V="051,80"/>
          <Pregunta V="004"/>
        </lin>
        <lin>
          <Opcion V="001"/>
          <Votos V="3055"/>
          <Porc V="051,14"/>
          <Pregunta V="005"/>
        </lin>
        <lin>
          <Opcion V="002"/>
          <Votos V="2918"/>
          <Porc V="048,85"/>
          <Pregunta V="005"/>
        </lin>
        <lin>
          <Opcion V="001"/>
          <Votos V="2950"/>
          <Porc V="048,19"/>
          <Pregunta V="006"/>
        </lin>
        <lin>
          <Opcion V="002"/>
          <Votos V="3171"/>
          <Porc V="051,80"/>
          <Pregunta V="006"/>
        </lin>
        <lin>
          <Opcion V="001"/>
          <Votos V="2377"/>
          <Porc V="045,62"/>
          <Pregunta V="007"/>
        </lin>
        <lin>
          <Opcion V="002"/>
          <Votos V="2833"/>
          <Porc V="054,37"/>
          <Pregunta V="007"/>
        </lin>
      </Detalle_Opcion>
    </lin>
  </Detalle_Circunscripcion>
</Boletin>
</Boletin_Consolidado>