<Boletin_Consolidado><Boletin>
  <Numero V="0008"/>
  <Boletin_Departamental V="0011"/>
  <Tipo_Boletin V="DEPARTAMENTAL"/>
  <Desc_Corporacion V="CONSULTA POPULAR"/>
  <Departamento V="07"/>
  <Desc_Departamento V="BOYACA"/>
  <Municipio V="319"/>
  <Desc_Municipio V="TOPAGA"/>
  <Dia V="21"/>
  <Mes V="8"/>
  <Anio V="2018"/>
  <Hora V="14"/>
  <Minuto V="15"/>
  <Mesas_Instaladas V="9"/>
  <Mesas_Informadas V="9"/>
  <Porc_Mesas_Informadas V="100,00"/>
  <Potencial_Sufragantes V="3044"/>
  <Detalle_Circunscripcion>
    <lin>
      <Circunscripcion V="0"/>
      <Desc_Circunscripcion V="NACIONAL"/>
      <Detalle_Pregunta>
        <lin>
          <Pregunta V="001"/>
          <Total_Sufragantes V="3044"/>
          <Porc_Sufragantes V="100,00"/>
          <Abstencion V="0"/>
          <Porc_Abstencion V="000,00"/>
          <Votos_Validos V="1669"/>
          <Porc_Votos_Validos V="054,82"/>
          <Votos_No_Marcados V="735"/>
          <Porc_Votos_No_Marcados V="024,14"/>
          <Votos_Nulos V="640"/>
          <Porc_Votos_Nulos V="021,02"/>
        </lin>
        <lin>
          <Pregunta V="002"/>
          <Total_Sufragantes V="3044"/>
          <Porc_Sufragantes V="100,00"/>
          <Abstencion V="0"/>
          <Porc_Abstencion V="000,00"/>
          <Votos_Validos V="1122"/>
          <Porc_Votos_Validos V="036,85"/>
          <Votos_No_Marcados V="1042"/>
          <Porc_Votos_No_Marcados V="034,23"/>
          <Votos_Nulos V="880"/>
          <Porc_Votos_Nulos V="028,90"/>
        </lin>
        <lin>
          <Pregunta V="003"/>
          <Total_Sufragantes V="3044"/>
          <Porc_Sufragantes V="100,00"/>
          <Abstencion V="0"/>
          <Porc_Abstencion V="000,00"/>
          <Votos_Validos V="1276"/>
          <Porc_Votos_Validos V="041,91"/>
          <Votos_No_Marcados V="812"/>
          <Porc_Votos_No_Marcados V="026,67"/>
          <Votos_Nulos V="956"/>
          <Porc_Votos_Nulos V="031,40"/>
        </lin>
        <lin>
          <Pregunta V="004"/>
          <Total_Sufragantes V="3044"/>
          <Porc_Sufragantes V="100,00"/>
          <Abstencion V="0"/>
          <Porc_Abstencion V="000,00"/>
          <Votos_Validos V="1604"/>
          <Porc_Votos_Validos V="052,69"/>
          <Votos_No_Marcados V="739"/>
          <Porc_Votos_No_Marcados V="024,27"/>
          <Votos_Nulos V="701"/>
          <Porc_Votos_Nulos V="023,02"/>
        </lin>
        <lin>
          <Pregunta V="005"/>
          <Total_Sufragantes V="3044"/>
          <Porc_Sufragantes V="100,00"/>
          <Abstencion V="0"/>
          <Porc_Abstencion V="000,00"/>
          <Votos_Validos V="1588"/>
          <Porc_Votos_Validos V="052,16"/>
          <Votos_No_Marcados V="491"/>
          <Porc_Votos_No_Marcados V="016,13"/>
          <Votos_Nulos V="965"/>
          <Porc_Votos_Nulos V="031,70"/>
        </lin>
        <lin>
          <Pregunta V="006"/>
          <Total_Sufragantes V="3044"/>
          <Porc_Sufragantes V="100,00"/>
          <Abstencion V="0"/>
          <Porc_Abstencion V="000,00"/>
          <Votos_Validos V="1420"/>
          <Porc_Votos_Validos V="046,64"/>
          <Votos_No_Marcados V="730"/>
          <Porc_Votos_No_Marcados V="023,98"/>
          <Votos_Nulos V="894"/>
          <Porc_Votos_Nulos V="029,36"/>
        </lin>
        <lin>
          <Pregunta V="007"/>
          <Total_Sufragantes V="3044"/>
          <Porc_Sufragantes V="100,00"/>
          <Abstencion V="0"/>
          <Porc_Abstencion V="000,00"/>
          <Votos_Validos V="1589"/>
          <Porc_Votos_Validos V="052,20"/>
          <Votos_No_Marcados V="826"/>
          <Porc_Votos_No_Marcados V="027,13"/>
          <Votos_Nulos V="629"/>
          <Porc_Votos_Nulos V="020,66"/>
        </lin>
      </Detalle_Pregunta>
      <Detalle_Opcion>
        <lin>
          <Opcion V="001"/>
          <Votos V="1021"/>
          <Porc V="061,17"/>
          <Pregunta V="001"/>
        </lin>
        <lin>
          <Opcion V="002"/>
          <Votos V="648"/>
          <Porc V="038,82"/>
          <Pregunta V="001"/>
        </lin>
        <lin>
          <Opcion V="001"/>
          <Votos V="412"/>
          <Porc V="036,72"/>
          <Pregunta V="002"/>
        </lin>
        <lin>
          <Opcion V="002"/>
          <Votos V="710"/>
          <Porc V="063,27"/>
          <Pregunta V="002"/>
        </lin>
        <lin>
          <Opcion V="001"/>
          <Votos V="446"/>
          <Porc V="034,95"/>
          <Pregunta V="003"/>
        </lin>
        <lin>
          <Opcion V="002"/>
          <Votos V="830"/>
          <Porc V="065,04"/>
          <Pregunta V="003"/>
        </lin>
        <lin>
          <Opcion V="001"/>
          <Votos V="718"/>
          <Porc V="044,76"/>
          <Pregunta V="004"/>
        </lin>
        <lin>
          <Opcion V="002"/>
          <Votos V="886"/>
          <Porc V="055,23"/>
          <Pregunta V="004"/>
        </lin>
        <lin>
          <Opcion V="001"/>
          <Votos V="662"/>
          <Porc V="041,68"/>
          <Pregunta V="005"/>
        </lin>
        <lin>
          <Opcion V="002"/>
          <Votos V="926"/>
          <Porc V="058,31"/>
          <Pregunta V="005"/>
        </lin>
        <lin>
          <Opcion V="001"/>
          <Votos V="681"/>
          <Porc V="047,95"/>
          <Pregunta V="006"/>
        </lin>
        <lin>
          <Opcion V="002"/>
          <Votos V="739"/>
          <Porc V="052,04"/>
          <Pregunta V="006"/>
        </lin>
        <lin>
          <Opcion V="001"/>
          <Votos V="881"/>
          <Porc V="055,44"/>
          <Pregunta V="007"/>
        </lin>
        <lin>
          <Opcion V="002"/>
          <Votos V="708"/>
          <Porc V="044,55"/>
          <Pregunta V="007"/>
        </lin>
      </Detalle_Opcion>
    </lin>
  </Detalle_Circunscripcion>
</Boletin>
</Boletin_Consolidado>