<Boletin_Consolidado><Boletin>
  <Numero V="0008"/>
  <Boletin_Departamental V="0012"/>
  <Tipo_Boletin V="DEPARTAMENTAL"/>
  <Desc_Corporacion V="CONSULTA POPULAR"/>
  <Departamento V="05"/>
  <Desc_Departamento V="BOLIVAR"/>
  <Municipio V="014"/>
  <Desc_Municipio V="CANTAGALLO"/>
  <Dia V="21"/>
  <Mes V="8"/>
  <Anio V="2018"/>
  <Hora V="14"/>
  <Minuto V="15"/>
  <Mesas_Instaladas V="19"/>
  <Mesas_Informadas V="19"/>
  <Porc_Mesas_Informadas V="100,00"/>
  <Potencial_Sufragantes V="6555"/>
  <Detalle_Circunscripcion>
    <lin>
      <Circunscripcion V="0"/>
      <Desc_Circunscripcion V="NACIONAL"/>
      <Detalle_Pregunta>
        <lin>
          <Pregunta V="001"/>
          <Total_Sufragantes V="6555"/>
          <Porc_Sufragantes V="100,00"/>
          <Abstencion V="0"/>
          <Porc_Abstencion V="000,00"/>
          <Votos_Validos V="3139"/>
          <Porc_Votos_Validos V="047,88"/>
          <Votos_No_Marcados V="1829"/>
          <Porc_Votos_No_Marcados V="027,90"/>
          <Votos_Nulos V="1587"/>
          <Porc_Votos_Nulos V="024,21"/>
        </lin>
        <lin>
          <Pregunta V="002"/>
          <Total_Sufragantes V="6555"/>
          <Porc_Sufragantes V="100,00"/>
          <Abstencion V="0"/>
          <Porc_Abstencion V="000,00"/>
          <Votos_Validos V="3218"/>
          <Porc_Votos_Validos V="049,09"/>
          <Votos_No_Marcados V="1599"/>
          <Porc_Votos_No_Marcados V="024,39"/>
          <Votos_Nulos V="1738"/>
          <Porc_Votos_Nulos V="026,51"/>
        </lin>
        <lin>
          <Pregunta V="003"/>
          <Total_Sufragantes V="6555"/>
          <Porc_Sufragantes V="100,00"/>
          <Abstencion V="0"/>
          <Porc_Abstencion V="000,00"/>
          <Votos_Validos V="3745"/>
          <Porc_Votos_Validos V="057,13"/>
          <Votos_No_Marcados V="1180"/>
          <Porc_Votos_No_Marcados V="018,00"/>
          <Votos_Nulos V="1630"/>
          <Porc_Votos_Nulos V="024,86"/>
        </lin>
        <lin>
          <Pregunta V="004"/>
          <Total_Sufragantes V="6555"/>
          <Porc_Sufragantes V="100,00"/>
          <Abstencion V="0"/>
          <Porc_Abstencion V="000,00"/>
          <Votos_Validos V="3216"/>
          <Porc_Votos_Validos V="049,06"/>
          <Votos_No_Marcados V="1723"/>
          <Porc_Votos_No_Marcados V="026,28"/>
          <Votos_Nulos V="1616"/>
          <Porc_Votos_Nulos V="024,65"/>
        </lin>
        <lin>
          <Pregunta V="005"/>
          <Total_Sufragantes V="6555"/>
          <Porc_Sufragantes V="100,00"/>
          <Abstencion V="0"/>
          <Porc_Abstencion V="000,00"/>
          <Votos_Validos V="2768"/>
          <Porc_Votos_Validos V="042,22"/>
          <Votos_No_Marcados V="2202"/>
          <Porc_Votos_No_Marcados V="033,59"/>
          <Votos_Nulos V="1585"/>
          <Porc_Votos_Nulos V="024,18"/>
        </lin>
        <lin>
          <Pregunta V="006"/>
          <Total_Sufragantes V="6555"/>
          <Porc_Sufragantes V="100,00"/>
          <Abstencion V="0"/>
          <Porc_Abstencion V="000,00"/>
          <Votos_Validos V="3372"/>
          <Porc_Votos_Validos V="051,44"/>
          <Votos_No_Marcados V="1684"/>
          <Porc_Votos_No_Marcados V="025,69"/>
          <Votos_Nulos V="1499"/>
          <Porc_Votos_Nulos V="022,86"/>
        </lin>
        <lin>
          <Pregunta V="007"/>
          <Total_Sufragantes V="6555"/>
          <Porc_Sufragantes V="100,00"/>
          <Abstencion V="0"/>
          <Porc_Abstencion V="000,00"/>
          <Votos_Validos V="2981"/>
          <Porc_Votos_Validos V="045,47"/>
          <Votos_No_Marcados V="1777"/>
          <Porc_Votos_No_Marcados V="027,10"/>
          <Votos_Nulos V="1797"/>
          <Porc_Votos_Nulos V="027,41"/>
        </lin>
      </Detalle_Pregunta>
      <Detalle_Opcion>
        <lin>
          <Opcion V="001"/>
          <Votos V="1547"/>
          <Porc V="049,28"/>
          <Pregunta V="001"/>
        </lin>
        <lin>
          <Opcion V="002"/>
          <Votos V="1592"/>
          <Porc V="050,71"/>
          <Pregunta V="001"/>
        </lin>
        <lin>
          <Opcion V="001"/>
          <Votos V="1449"/>
          <Porc V="045,02"/>
          <Pregunta V="002"/>
        </lin>
        <lin>
          <Opcion V="002"/>
          <Votos V="1769"/>
          <Porc V="054,97"/>
          <Pregunta V="002"/>
        </lin>
        <lin>
          <Opcion V="001"/>
          <Votos V="1715"/>
          <Porc V="045,79"/>
          <Pregunta V="003"/>
        </lin>
        <lin>
          <Opcion V="002"/>
          <Votos V="2030"/>
          <Porc V="054,20"/>
          <Pregunta V="003"/>
        </lin>
        <lin>
          <Opcion V="001"/>
          <Votos V="1665"/>
          <Porc V="051,77"/>
          <Pregunta V="004"/>
        </lin>
        <lin>
          <Opcion V="002"/>
          <Votos V="1551"/>
          <Porc V="048,22"/>
          <Pregunta V="004"/>
        </lin>
        <lin>
          <Opcion V="001"/>
          <Votos V="1495"/>
          <Porc V="054,01"/>
          <Pregunta V="005"/>
        </lin>
        <lin>
          <Opcion V="002"/>
          <Votos V="1273"/>
          <Porc V="045,98"/>
          <Pregunta V="005"/>
        </lin>
        <lin>
          <Opcion V="001"/>
          <Votos V="1902"/>
          <Porc V="056,40"/>
          <Pregunta V="006"/>
        </lin>
        <lin>
          <Opcion V="002"/>
          <Votos V="1470"/>
          <Porc V="043,59"/>
          <Pregunta V="006"/>
        </lin>
        <lin>
          <Opcion V="001"/>
          <Votos V="1547"/>
          <Porc V="051,89"/>
          <Pregunta V="007"/>
        </lin>
        <lin>
          <Opcion V="002"/>
          <Votos V="1434"/>
          <Porc V="048,10"/>
          <Pregunta V="007"/>
        </lin>
      </Detalle_Opcion>
    </lin>
  </Detalle_Circunscripcion>
</Boletin>
</Boletin_Consolidado>