<Boletin_Consolidado><Boletin>
  <Numero V="0008"/>
  <Boletin_Departamental V="0012"/>
  <Tipo_Boletin V="DEPARTAMENTAL"/>
  <Desc_Corporacion V="CONSULTA POPULAR"/>
  <Departamento V="07"/>
  <Desc_Departamento V="BOYACA"/>
  <Municipio V="166"/>
  <Desc_Municipio V="NOBSA"/>
  <Dia V="21"/>
  <Mes V="8"/>
  <Anio V="2018"/>
  <Hora V="14"/>
  <Minuto V="15"/>
  <Mesas_Instaladas V="33"/>
  <Mesas_Informadas V="33"/>
  <Porc_Mesas_Informadas V="100,00"/>
  <Potencial_Sufragantes V="12161"/>
  <Detalle_Circunscripcion>
    <lin>
      <Circunscripcion V="0"/>
      <Desc_Circunscripcion V="NACIONAL"/>
      <Detalle_Pregunta>
        <lin>
          <Pregunta V="001"/>
          <Total_Sufragantes V="12161"/>
          <Porc_Sufragantes V="100,00"/>
          <Abstencion V="0"/>
          <Porc_Abstencion V="000,00"/>
          <Votos_Validos V="5385"/>
          <Porc_Votos_Validos V="044,28"/>
          <Votos_No_Marcados V="3409"/>
          <Porc_Votos_No_Marcados V="028,03"/>
          <Votos_Nulos V="3367"/>
          <Porc_Votos_Nulos V="027,68"/>
        </lin>
        <lin>
          <Pregunta V="002"/>
          <Total_Sufragantes V="12161"/>
          <Porc_Sufragantes V="100,00"/>
          <Abstencion V="0"/>
          <Porc_Abstencion V="000,00"/>
          <Votos_Validos V="6562"/>
          <Porc_Votos_Validos V="053,95"/>
          <Votos_No_Marcados V="3327"/>
          <Porc_Votos_No_Marcados V="027,35"/>
          <Votos_Nulos V="2272"/>
          <Porc_Votos_Nulos V="018,68"/>
        </lin>
        <lin>
          <Pregunta V="003"/>
          <Total_Sufragantes V="12161"/>
          <Porc_Sufragantes V="100,00"/>
          <Abstencion V="0"/>
          <Porc_Abstencion V="000,00"/>
          <Votos_Validos V="6480"/>
          <Porc_Votos_Validos V="053,28"/>
          <Votos_No_Marcados V="2813"/>
          <Porc_Votos_No_Marcados V="023,13"/>
          <Votos_Nulos V="2868"/>
          <Porc_Votos_Nulos V="023,58"/>
        </lin>
        <lin>
          <Pregunta V="004"/>
          <Total_Sufragantes V="12161"/>
          <Porc_Sufragantes V="100,00"/>
          <Abstencion V="0"/>
          <Porc_Abstencion V="000,00"/>
          <Votos_Validos V="5775"/>
          <Porc_Votos_Validos V="047,48"/>
          <Votos_No_Marcados V="2989"/>
          <Porc_Votos_No_Marcados V="024,57"/>
          <Votos_Nulos V="3397"/>
          <Porc_Votos_Nulos V="027,93"/>
        </lin>
        <lin>
          <Pregunta V="005"/>
          <Total_Sufragantes V="12161"/>
          <Porc_Sufragantes V="100,00"/>
          <Abstencion V="0"/>
          <Porc_Abstencion V="000,00"/>
          <Votos_Validos V="5870"/>
          <Porc_Votos_Validos V="048,26"/>
          <Votos_No_Marcados V="2897"/>
          <Porc_Votos_No_Marcados V="023,82"/>
          <Votos_Nulos V="3394"/>
          <Porc_Votos_Nulos V="027,90"/>
        </lin>
        <lin>
          <Pregunta V="006"/>
          <Total_Sufragantes V="12161"/>
          <Porc_Sufragantes V="100,00"/>
          <Abstencion V="0"/>
          <Porc_Abstencion V="000,00"/>
          <Votos_Validos V="6775"/>
          <Porc_Votos_Validos V="055,71"/>
          <Votos_No_Marcados V="2588"/>
          <Porc_Votos_No_Marcados V="021,28"/>
          <Votos_Nulos V="2798"/>
          <Porc_Votos_Nulos V="023,00"/>
        </lin>
        <lin>
          <Pregunta V="007"/>
          <Total_Sufragantes V="12161"/>
          <Porc_Sufragantes V="100,00"/>
          <Abstencion V="0"/>
          <Porc_Abstencion V="000,00"/>
          <Votos_Validos V="6373"/>
          <Porc_Votos_Validos V="052,40"/>
          <Votos_No_Marcados V="3568"/>
          <Porc_Votos_No_Marcados V="029,33"/>
          <Votos_Nulos V="2220"/>
          <Porc_Votos_Nulos V="018,25"/>
        </lin>
      </Detalle_Pregunta>
      <Detalle_Opcion>
        <lin>
          <Opcion V="001"/>
          <Votos V="2667"/>
          <Porc V="049,52"/>
          <Pregunta V="001"/>
        </lin>
        <lin>
          <Opcion V="002"/>
          <Votos V="2718"/>
          <Porc V="050,47"/>
          <Pregunta V="001"/>
        </lin>
        <lin>
          <Opcion V="001"/>
          <Votos V="3665"/>
          <Porc V="055,85"/>
          <Pregunta V="002"/>
        </lin>
        <lin>
          <Opcion V="002"/>
          <Votos V="2897"/>
          <Porc V="044,14"/>
          <Pregunta V="002"/>
        </lin>
        <lin>
          <Opcion V="001"/>
          <Votos V="2792"/>
          <Porc V="043,08"/>
          <Pregunta V="003"/>
        </lin>
        <lin>
          <Opcion V="002"/>
          <Votos V="3688"/>
          <Porc V="056,91"/>
          <Pregunta V="003"/>
        </lin>
        <lin>
          <Opcion V="001"/>
          <Votos V="3247"/>
          <Porc V="056,22"/>
          <Pregunta V="004"/>
        </lin>
        <lin>
          <Opcion V="002"/>
          <Votos V="2528"/>
          <Porc V="043,77"/>
          <Pregunta V="004"/>
        </lin>
        <lin>
          <Opcion V="001"/>
          <Votos V="3070"/>
          <Porc V="052,29"/>
          <Pregunta V="005"/>
        </lin>
        <lin>
          <Opcion V="002"/>
          <Votos V="2800"/>
          <Porc V="047,70"/>
          <Pregunta V="005"/>
        </lin>
        <lin>
          <Opcion V="001"/>
          <Votos V="2864"/>
          <Porc V="042,27"/>
          <Pregunta V="006"/>
        </lin>
        <lin>
          <Opcion V="002"/>
          <Votos V="3911"/>
          <Porc V="057,72"/>
          <Pregunta V="006"/>
        </lin>
        <lin>
          <Opcion V="001"/>
          <Votos V="3218"/>
          <Porc V="050,49"/>
          <Pregunta V="007"/>
        </lin>
        <lin>
          <Opcion V="002"/>
          <Votos V="3155"/>
          <Porc V="049,50"/>
          <Pregunta V="007"/>
        </lin>
      </Detalle_Opcion>
    </lin>
  </Detalle_Circunscripcion>
</Boletin>
</Boletin_Consolidado>