<Boletin_Consolidado><Boletin>
  <Numero V="0008"/>
  <Boletin_Departamental V="0012"/>
  <Tipo_Boletin V="DEPARTAMENTAL"/>
  <Desc_Corporacion V="CONSULTA POPULAR"/>
  <Departamento V="09"/>
  <Desc_Departamento V="CALDAS"/>
  <Municipio V="055"/>
  <Desc_Municipio V="MANZANARES"/>
  <Dia V="21"/>
  <Mes V="8"/>
  <Anio V="2018"/>
  <Hora V="14"/>
  <Minuto V="15"/>
  <Mesas_Instaladas V="45"/>
  <Mesas_Informadas V="45"/>
  <Porc_Mesas_Informadas V="100,00"/>
  <Potencial_Sufragantes V="15404"/>
  <Detalle_Circunscripcion>
    <lin>
      <Circunscripcion V="0"/>
      <Desc_Circunscripcion V="NACIONAL"/>
      <Detalle_Pregunta>
        <lin>
          <Pregunta V="001"/>
          <Total_Sufragantes V="15404"/>
          <Porc_Sufragantes V="100,00"/>
          <Abstencion V="0"/>
          <Porc_Abstencion V="000,00"/>
          <Votos_Validos V="7399"/>
          <Porc_Votos_Validos V="048,03"/>
          <Votos_No_Marcados V="3876"/>
          <Porc_Votos_No_Marcados V="025,16"/>
          <Votos_Nulos V="4129"/>
          <Porc_Votos_Nulos V="026,80"/>
        </lin>
        <lin>
          <Pregunta V="002"/>
          <Total_Sufragantes V="15404"/>
          <Porc_Sufragantes V="100,00"/>
          <Abstencion V="0"/>
          <Porc_Abstencion V="000,00"/>
          <Votos_Validos V="8186"/>
          <Porc_Votos_Validos V="053,14"/>
          <Votos_No_Marcados V="3872"/>
          <Porc_Votos_No_Marcados V="025,13"/>
          <Votos_Nulos V="3346"/>
          <Porc_Votos_Nulos V="021,72"/>
        </lin>
        <lin>
          <Pregunta V="003"/>
          <Total_Sufragantes V="15404"/>
          <Porc_Sufragantes V="100,00"/>
          <Abstencion V="0"/>
          <Porc_Abstencion V="000,00"/>
          <Votos_Validos V="7149"/>
          <Porc_Votos_Validos V="046,41"/>
          <Votos_No_Marcados V="3594"/>
          <Porc_Votos_No_Marcados V="023,33"/>
          <Votos_Nulos V="4661"/>
          <Porc_Votos_Nulos V="030,25"/>
        </lin>
        <lin>
          <Pregunta V="004"/>
          <Total_Sufragantes V="15404"/>
          <Porc_Sufragantes V="100,00"/>
          <Abstencion V="0"/>
          <Porc_Abstencion V="000,00"/>
          <Votos_Validos V="7570"/>
          <Porc_Votos_Validos V="049,14"/>
          <Votos_No_Marcados V="4145"/>
          <Porc_Votos_No_Marcados V="026,90"/>
          <Votos_Nulos V="3689"/>
          <Porc_Votos_Nulos V="023,94"/>
        </lin>
        <lin>
          <Pregunta V="005"/>
          <Total_Sufragantes V="15404"/>
          <Porc_Sufragantes V="100,00"/>
          <Abstencion V="0"/>
          <Porc_Abstencion V="000,00"/>
          <Votos_Validos V="8038"/>
          <Porc_Votos_Validos V="052,18"/>
          <Votos_No_Marcados V="4156"/>
          <Porc_Votos_No_Marcados V="026,98"/>
          <Votos_Nulos V="3210"/>
          <Porc_Votos_Nulos V="020,83"/>
        </lin>
        <lin>
          <Pregunta V="006"/>
          <Total_Sufragantes V="15404"/>
          <Porc_Sufragantes V="100,00"/>
          <Abstencion V="0"/>
          <Porc_Abstencion V="000,00"/>
          <Votos_Validos V="6798"/>
          <Porc_Votos_Validos V="044,13"/>
          <Votos_No_Marcados V="4144"/>
          <Porc_Votos_No_Marcados V="026,90"/>
          <Votos_Nulos V="4462"/>
          <Porc_Votos_Nulos V="028,96"/>
        </lin>
        <lin>
          <Pregunta V="007"/>
          <Total_Sufragantes V="15404"/>
          <Porc_Sufragantes V="100,00"/>
          <Abstencion V="0"/>
          <Porc_Abstencion V="000,00"/>
          <Votos_Validos V="7397"/>
          <Porc_Votos_Validos V="048,01"/>
          <Votos_No_Marcados V="4416"/>
          <Porc_Votos_No_Marcados V="028,66"/>
          <Votos_Nulos V="3591"/>
          <Porc_Votos_Nulos V="023,31"/>
        </lin>
      </Detalle_Pregunta>
      <Detalle_Opcion>
        <lin>
          <Opcion V="001"/>
          <Votos V="3926"/>
          <Porc V="053,06"/>
          <Pregunta V="001"/>
        </lin>
        <lin>
          <Opcion V="002"/>
          <Votos V="3473"/>
          <Porc V="046,93"/>
          <Pregunta V="001"/>
        </lin>
        <lin>
          <Opcion V="001"/>
          <Votos V="4319"/>
          <Porc V="052,76"/>
          <Pregunta V="002"/>
        </lin>
        <lin>
          <Opcion V="002"/>
          <Votos V="3867"/>
          <Porc V="047,23"/>
          <Pregunta V="002"/>
        </lin>
        <lin>
          <Opcion V="001"/>
          <Votos V="3203"/>
          <Porc V="044,80"/>
          <Pregunta V="003"/>
        </lin>
        <lin>
          <Opcion V="002"/>
          <Votos V="3946"/>
          <Porc V="055,19"/>
          <Pregunta V="003"/>
        </lin>
        <lin>
          <Opcion V="001"/>
          <Votos V="4149"/>
          <Porc V="054,80"/>
          <Pregunta V="004"/>
        </lin>
        <lin>
          <Opcion V="002"/>
          <Votos V="3421"/>
          <Porc V="045,19"/>
          <Pregunta V="004"/>
        </lin>
        <lin>
          <Opcion V="001"/>
          <Votos V="4333"/>
          <Porc V="053,90"/>
          <Pregunta V="005"/>
        </lin>
        <lin>
          <Opcion V="002"/>
          <Votos V="3705"/>
          <Porc V="046,09"/>
          <Pregunta V="005"/>
        </lin>
        <lin>
          <Opcion V="001"/>
          <Votos V="4018"/>
          <Porc V="059,10"/>
          <Pregunta V="006"/>
        </lin>
        <lin>
          <Opcion V="002"/>
          <Votos V="2780"/>
          <Porc V="040,89"/>
          <Pregunta V="006"/>
        </lin>
        <lin>
          <Opcion V="001"/>
          <Votos V="3542"/>
          <Porc V="047,88"/>
          <Pregunta V="007"/>
        </lin>
        <lin>
          <Opcion V="002"/>
          <Votos V="3855"/>
          <Porc V="052,11"/>
          <Pregunta V="007"/>
        </lin>
      </Detalle_Opcion>
    </lin>
  </Detalle_Circunscripcion>
</Boletin>
</Boletin_Consolidado>