<Boletin_Consolidado><Boletin>
  <Numero V="0008"/>
  <Boletin_Departamental V="0012"/>
  <Tipo_Boletin V="DEPARTAMENTAL"/>
  <Desc_Corporacion V="CONSULTA POPULAR"/>
  <Departamento V="01"/>
  <Desc_Departamento V="ANTIOQUIA"/>
  <Municipio V="109"/>
  <Desc_Municipio V="DABEIBA"/>
  <Dia V="21"/>
  <Mes V="8"/>
  <Anio V="2018"/>
  <Hora V="14"/>
  <Minuto V="15"/>
  <Mesas_Instaladas V="48"/>
  <Mesas_Informadas V="48"/>
  <Porc_Mesas_Informadas V="100,00"/>
  <Potencial_Sufragantes V="17666"/>
  <Detalle_Circunscripcion>
    <lin>
      <Circunscripcion V="0"/>
      <Desc_Circunscripcion V="NACIONAL"/>
      <Detalle_Pregunta>
        <lin>
          <Pregunta V="001"/>
          <Total_Sufragantes V="17666"/>
          <Porc_Sufragantes V="100,00"/>
          <Abstencion V="0"/>
          <Porc_Abstencion V="000,00"/>
          <Votos_Validos V="9133"/>
          <Porc_Votos_Validos V="051,69"/>
          <Votos_No_Marcados V="4116"/>
          <Porc_Votos_No_Marcados V="023,29"/>
          <Votos_Nulos V="4417"/>
          <Porc_Votos_Nulos V="025,00"/>
        </lin>
        <lin>
          <Pregunta V="002"/>
          <Total_Sufragantes V="17666"/>
          <Porc_Sufragantes V="100,00"/>
          <Abstencion V="0"/>
          <Porc_Abstencion V="000,00"/>
          <Votos_Validos V="8379"/>
          <Porc_Votos_Validos V="047,43"/>
          <Votos_No_Marcados V="4460"/>
          <Porc_Votos_No_Marcados V="025,24"/>
          <Votos_Nulos V="4827"/>
          <Porc_Votos_Nulos V="027,32"/>
        </lin>
        <lin>
          <Pregunta V="003"/>
          <Total_Sufragantes V="17666"/>
          <Porc_Sufragantes V="100,00"/>
          <Abstencion V="0"/>
          <Porc_Abstencion V="000,00"/>
          <Votos_Validos V="8568"/>
          <Porc_Votos_Validos V="048,49"/>
          <Votos_No_Marcados V="4700"/>
          <Porc_Votos_No_Marcados V="026,60"/>
          <Votos_Nulos V="4398"/>
          <Porc_Votos_Nulos V="024,89"/>
        </lin>
        <lin>
          <Pregunta V="004"/>
          <Total_Sufragantes V="17666"/>
          <Porc_Sufragantes V="100,00"/>
          <Abstencion V="0"/>
          <Porc_Abstencion V="000,00"/>
          <Votos_Validos V="9135"/>
          <Porc_Votos_Validos V="051,70"/>
          <Votos_No_Marcados V="3648"/>
          <Porc_Votos_No_Marcados V="020,64"/>
          <Votos_Nulos V="4883"/>
          <Porc_Votos_Nulos V="027,64"/>
        </lin>
        <lin>
          <Pregunta V="005"/>
          <Total_Sufragantes V="17666"/>
          <Porc_Sufragantes V="100,00"/>
          <Abstencion V="0"/>
          <Porc_Abstencion V="000,00"/>
          <Votos_Validos V="9230"/>
          <Porc_Votos_Validos V="052,24"/>
          <Votos_No_Marcados V="4491"/>
          <Porc_Votos_No_Marcados V="025,42"/>
          <Votos_Nulos V="3945"/>
          <Porc_Votos_Nulos V="022,33"/>
        </lin>
        <lin>
          <Pregunta V="006"/>
          <Total_Sufragantes V="17666"/>
          <Porc_Sufragantes V="100,00"/>
          <Abstencion V="0"/>
          <Porc_Abstencion V="000,00"/>
          <Votos_Validos V="8202"/>
          <Porc_Votos_Validos V="046,42"/>
          <Votos_No_Marcados V="4339"/>
          <Porc_Votos_No_Marcados V="024,56"/>
          <Votos_Nulos V="5125"/>
          <Porc_Votos_Nulos V="029,01"/>
        </lin>
        <lin>
          <Pregunta V="007"/>
          <Total_Sufragantes V="17666"/>
          <Porc_Sufragantes V="100,00"/>
          <Abstencion V="0"/>
          <Porc_Abstencion V="000,00"/>
          <Votos_Validos V="9270"/>
          <Porc_Votos_Validos V="052,47"/>
          <Votos_No_Marcados V="4336"/>
          <Porc_Votos_No_Marcados V="024,54"/>
          <Votos_Nulos V="4060"/>
          <Porc_Votos_Nulos V="022,98"/>
        </lin>
      </Detalle_Pregunta>
      <Detalle_Opcion>
        <lin>
          <Opcion V="001"/>
          <Votos V="4252"/>
          <Porc V="046,55"/>
          <Pregunta V="001"/>
        </lin>
        <lin>
          <Opcion V="002"/>
          <Votos V="4881"/>
          <Porc V="053,44"/>
          <Pregunta V="001"/>
        </lin>
        <lin>
          <Opcion V="001"/>
          <Votos V="4084"/>
          <Porc V="048,74"/>
          <Pregunta V="002"/>
        </lin>
        <lin>
          <Opcion V="002"/>
          <Votos V="4295"/>
          <Porc V="051,25"/>
          <Pregunta V="002"/>
        </lin>
        <lin>
          <Opcion V="001"/>
          <Votos V="3641"/>
          <Porc V="042,49"/>
          <Pregunta V="003"/>
        </lin>
        <lin>
          <Opcion V="002"/>
          <Votos V="4927"/>
          <Porc V="057,50"/>
          <Pregunta V="003"/>
        </lin>
        <lin>
          <Opcion V="001"/>
          <Votos V="4449"/>
          <Porc V="048,70"/>
          <Pregunta V="004"/>
        </lin>
        <lin>
          <Opcion V="002"/>
          <Votos V="4686"/>
          <Porc V="051,29"/>
          <Pregunta V="004"/>
        </lin>
        <lin>
          <Opcion V="001"/>
          <Votos V="4421"/>
          <Porc V="047,89"/>
          <Pregunta V="005"/>
        </lin>
        <lin>
          <Opcion V="002"/>
          <Votos V="4809"/>
          <Porc V="052,10"/>
          <Pregunta V="005"/>
        </lin>
        <lin>
          <Opcion V="001"/>
          <Votos V="3627"/>
          <Porc V="044,22"/>
          <Pregunta V="006"/>
        </lin>
        <lin>
          <Opcion V="002"/>
          <Votos V="4575"/>
          <Porc V="055,77"/>
          <Pregunta V="006"/>
        </lin>
        <lin>
          <Opcion V="001"/>
          <Votos V="4838"/>
          <Porc V="052,18"/>
          <Pregunta V="007"/>
        </lin>
        <lin>
          <Opcion V="002"/>
          <Votos V="4432"/>
          <Porc V="047,81"/>
          <Pregunta V="007"/>
        </lin>
      </Detalle_Opcion>
    </lin>
  </Detalle_Circunscripcion>
</Boletin>
</Boletin_Consolidado>