<Boletin_Consolidado><Boletin>
  <Numero V="0008"/>
  <Boletin_Departamental V="0012"/>
  <Tipo_Boletin V="DEPARTAMENTAL"/>
  <Desc_Corporacion V="CONSULTA POPULAR"/>
  <Departamento V="05"/>
  <Desc_Departamento V="BOLIVAR"/>
  <Municipio V="078"/>
  <Desc_Municipio V="SAN JACINTO DEL CAUCA"/>
  <Dia V="21"/>
  <Mes V="8"/>
  <Anio V="2018"/>
  <Hora V="14"/>
  <Minuto V="15"/>
  <Mesas_Instaladas V="22"/>
  <Mesas_Informadas V="22"/>
  <Porc_Mesas_Informadas V="100,00"/>
  <Potencial_Sufragantes V="7053"/>
  <Detalle_Circunscripcion>
    <lin>
      <Circunscripcion V="0"/>
      <Desc_Circunscripcion V="NACIONAL"/>
      <Detalle_Pregunta>
        <lin>
          <Pregunta V="001"/>
          <Total_Sufragantes V="7053"/>
          <Porc_Sufragantes V="100,00"/>
          <Abstencion V="0"/>
          <Porc_Abstencion V="000,00"/>
          <Votos_Validos V="4316"/>
          <Porc_Votos_Validos V="061,19"/>
          <Votos_No_Marcados V="1290"/>
          <Porc_Votos_No_Marcados V="018,29"/>
          <Votos_Nulos V="1447"/>
          <Porc_Votos_Nulos V="020,51"/>
        </lin>
        <lin>
          <Pregunta V="002"/>
          <Total_Sufragantes V="7053"/>
          <Porc_Sufragantes V="100,00"/>
          <Abstencion V="0"/>
          <Porc_Abstencion V="000,00"/>
          <Votos_Validos V="3637"/>
          <Porc_Votos_Validos V="051,56"/>
          <Votos_No_Marcados V="1964"/>
          <Porc_Votos_No_Marcados V="027,84"/>
          <Votos_Nulos V="1452"/>
          <Porc_Votos_Nulos V="020,58"/>
        </lin>
        <lin>
          <Pregunta V="003"/>
          <Total_Sufragantes V="7053"/>
          <Porc_Sufragantes V="100,00"/>
          <Abstencion V="0"/>
          <Porc_Abstencion V="000,00"/>
          <Votos_Validos V="3270"/>
          <Porc_Votos_Validos V="046,36"/>
          <Votos_No_Marcados V="1774"/>
          <Porc_Votos_No_Marcados V="025,15"/>
          <Votos_Nulos V="2009"/>
          <Porc_Votos_Nulos V="028,48"/>
        </lin>
        <lin>
          <Pregunta V="004"/>
          <Total_Sufragantes V="7053"/>
          <Porc_Sufragantes V="100,00"/>
          <Abstencion V="0"/>
          <Porc_Abstencion V="000,00"/>
          <Votos_Validos V="3939"/>
          <Porc_Votos_Validos V="055,84"/>
          <Votos_No_Marcados V="1992"/>
          <Porc_Votos_No_Marcados V="028,24"/>
          <Votos_Nulos V="1122"/>
          <Porc_Votos_Nulos V="015,90"/>
        </lin>
        <lin>
          <Pregunta V="005"/>
          <Total_Sufragantes V="7053"/>
          <Porc_Sufragantes V="100,00"/>
          <Abstencion V="0"/>
          <Porc_Abstencion V="000,00"/>
          <Votos_Validos V="3289"/>
          <Porc_Votos_Validos V="046,63"/>
          <Votos_No_Marcados V="1771"/>
          <Porc_Votos_No_Marcados V="025,10"/>
          <Votos_Nulos V="1993"/>
          <Porc_Votos_Nulos V="028,25"/>
        </lin>
        <lin>
          <Pregunta V="006"/>
          <Total_Sufragantes V="7053"/>
          <Porc_Sufragantes V="100,00"/>
          <Abstencion V="0"/>
          <Porc_Abstencion V="000,00"/>
          <Votos_Validos V="3348"/>
          <Porc_Votos_Validos V="047,46"/>
          <Votos_No_Marcados V="2044"/>
          <Porc_Votos_No_Marcados V="028,98"/>
          <Votos_Nulos V="1661"/>
          <Porc_Votos_Nulos V="023,55"/>
        </lin>
        <lin>
          <Pregunta V="007"/>
          <Total_Sufragantes V="7053"/>
          <Porc_Sufragantes V="100,00"/>
          <Abstencion V="0"/>
          <Porc_Abstencion V="000,00"/>
          <Votos_Validos V="3365"/>
          <Porc_Votos_Validos V="047,71"/>
          <Votos_No_Marcados V="1726"/>
          <Porc_Votos_No_Marcados V="024,47"/>
          <Votos_Nulos V="1962"/>
          <Porc_Votos_Nulos V="027,81"/>
        </lin>
      </Detalle_Pregunta>
      <Detalle_Opcion>
        <lin>
          <Opcion V="001"/>
          <Votos V="2215"/>
          <Porc V="051,32"/>
          <Pregunta V="001"/>
        </lin>
        <lin>
          <Opcion V="002"/>
          <Votos V="2101"/>
          <Porc V="048,67"/>
          <Pregunta V="001"/>
        </lin>
        <lin>
          <Opcion V="001"/>
          <Votos V="1991"/>
          <Porc V="054,74"/>
          <Pregunta V="002"/>
        </lin>
        <lin>
          <Opcion V="002"/>
          <Votos V="1646"/>
          <Porc V="045,25"/>
          <Pregunta V="002"/>
        </lin>
        <lin>
          <Opcion V="001"/>
          <Votos V="1862"/>
          <Porc V="056,94"/>
          <Pregunta V="003"/>
        </lin>
        <lin>
          <Opcion V="002"/>
          <Votos V="1408"/>
          <Porc V="043,05"/>
          <Pregunta V="003"/>
        </lin>
        <lin>
          <Opcion V="001"/>
          <Votos V="2317"/>
          <Porc V="058,82"/>
          <Pregunta V="004"/>
        </lin>
        <lin>
          <Opcion V="002"/>
          <Votos V="1622"/>
          <Porc V="041,17"/>
          <Pregunta V="004"/>
        </lin>
        <lin>
          <Opcion V="001"/>
          <Votos V="1501"/>
          <Porc V="045,63"/>
          <Pregunta V="005"/>
        </lin>
        <lin>
          <Opcion V="002"/>
          <Votos V="1788"/>
          <Porc V="054,36"/>
          <Pregunta V="005"/>
        </lin>
        <lin>
          <Opcion V="001"/>
          <Votos V="1524"/>
          <Porc V="045,51"/>
          <Pregunta V="006"/>
        </lin>
        <lin>
          <Opcion V="002"/>
          <Votos V="1824"/>
          <Porc V="054,48"/>
          <Pregunta V="006"/>
        </lin>
        <lin>
          <Opcion V="001"/>
          <Votos V="1940"/>
          <Porc V="057,65"/>
          <Pregunta V="007"/>
        </lin>
        <lin>
          <Opcion V="002"/>
          <Votos V="1425"/>
          <Porc V="042,34"/>
          <Pregunta V="007"/>
        </lin>
      </Detalle_Opcion>
    </lin>
  </Detalle_Circunscripcion>
</Boletin>
</Boletin_Consolidado>