<Boletin_Consolidado><Boletin>
  <Numero V="0008"/>
  <Boletin_Departamental V="0012"/>
  <Tipo_Boletin V="DEPARTAMENTAL"/>
  <Desc_Corporacion V="CONSULTA POPULAR"/>
  <Departamento V="05"/>
  <Desc_Departamento V="BOLIVAR"/>
  <Municipio V="044"/>
  <Desc_Municipio V="MORALES"/>
  <Dia V="21"/>
  <Mes V="8"/>
  <Anio V="2018"/>
  <Hora V="14"/>
  <Minuto V="15"/>
  <Mesas_Instaladas V="33"/>
  <Mesas_Informadas V="33"/>
  <Porc_Mesas_Informadas V="100,00"/>
  <Potencial_Sufragantes V="11209"/>
  <Detalle_Circunscripcion>
    <lin>
      <Circunscripcion V="0"/>
      <Desc_Circunscripcion V="NACIONAL"/>
      <Detalle_Pregunta>
        <lin>
          <Pregunta V="001"/>
          <Total_Sufragantes V="11209"/>
          <Porc_Sufragantes V="100,00"/>
          <Abstencion V="0"/>
          <Porc_Abstencion V="000,00"/>
          <Votos_Validos V="5776"/>
          <Porc_Votos_Validos V="051,53"/>
          <Votos_No_Marcados V="2974"/>
          <Porc_Votos_No_Marcados V="026,53"/>
          <Votos_Nulos V="2459"/>
          <Porc_Votos_Nulos V="021,93"/>
        </lin>
        <lin>
          <Pregunta V="002"/>
          <Total_Sufragantes V="11209"/>
          <Porc_Sufragantes V="100,00"/>
          <Abstencion V="0"/>
          <Porc_Abstencion V="000,00"/>
          <Votos_Validos V="5169"/>
          <Porc_Votos_Validos V="046,11"/>
          <Votos_No_Marcados V="3175"/>
          <Porc_Votos_No_Marcados V="028,32"/>
          <Votos_Nulos V="2865"/>
          <Porc_Votos_Nulos V="025,55"/>
        </lin>
        <lin>
          <Pregunta V="003"/>
          <Total_Sufragantes V="11209"/>
          <Porc_Sufragantes V="100,00"/>
          <Abstencion V="0"/>
          <Porc_Abstencion V="000,00"/>
          <Votos_Validos V="4854"/>
          <Porc_Votos_Validos V="043,30"/>
          <Votos_No_Marcados V="3066"/>
          <Porc_Votos_No_Marcados V="027,35"/>
          <Votos_Nulos V="3289"/>
          <Porc_Votos_Nulos V="029,34"/>
        </lin>
        <lin>
          <Pregunta V="004"/>
          <Total_Sufragantes V="11209"/>
          <Porc_Sufragantes V="100,00"/>
          <Abstencion V="0"/>
          <Porc_Abstencion V="000,00"/>
          <Votos_Validos V="5363"/>
          <Porc_Votos_Validos V="047,84"/>
          <Votos_No_Marcados V="2638"/>
          <Porc_Votos_No_Marcados V="023,53"/>
          <Votos_Nulos V="3208"/>
          <Porc_Votos_Nulos V="028,61"/>
        </lin>
        <lin>
          <Pregunta V="005"/>
          <Total_Sufragantes V="11209"/>
          <Porc_Sufragantes V="100,00"/>
          <Abstencion V="0"/>
          <Porc_Abstencion V="000,00"/>
          <Votos_Validos V="6096"/>
          <Porc_Votos_Validos V="054,38"/>
          <Votos_No_Marcados V="2098"/>
          <Porc_Votos_No_Marcados V="018,71"/>
          <Votos_Nulos V="3015"/>
          <Porc_Votos_Nulos V="026,89"/>
        </lin>
        <lin>
          <Pregunta V="006"/>
          <Total_Sufragantes V="11209"/>
          <Porc_Sufragantes V="100,00"/>
          <Abstencion V="0"/>
          <Porc_Abstencion V="000,00"/>
          <Votos_Validos V="5272"/>
          <Porc_Votos_Validos V="047,03"/>
          <Votos_No_Marcados V="2856"/>
          <Porc_Votos_No_Marcados V="025,47"/>
          <Votos_Nulos V="3081"/>
          <Porc_Votos_Nulos V="027,48"/>
        </lin>
        <lin>
          <Pregunta V="007"/>
          <Total_Sufragantes V="11209"/>
          <Porc_Sufragantes V="100,00"/>
          <Abstencion V="0"/>
          <Porc_Abstencion V="000,00"/>
          <Votos_Validos V="5376"/>
          <Porc_Votos_Validos V="047,96"/>
          <Votos_No_Marcados V="3224"/>
          <Porc_Votos_No_Marcados V="028,76"/>
          <Votos_Nulos V="2609"/>
          <Porc_Votos_Nulos V="023,27"/>
        </lin>
      </Detalle_Pregunta>
      <Detalle_Opcion>
        <lin>
          <Opcion V="001"/>
          <Votos V="2373"/>
          <Porc V="041,08"/>
          <Pregunta V="001"/>
        </lin>
        <lin>
          <Opcion V="002"/>
          <Votos V="3403"/>
          <Porc V="058,91"/>
          <Pregunta V="001"/>
        </lin>
        <lin>
          <Opcion V="001"/>
          <Votos V="2149"/>
          <Porc V="041,57"/>
          <Pregunta V="002"/>
        </lin>
        <lin>
          <Opcion V="002"/>
          <Votos V="3020"/>
          <Porc V="058,42"/>
          <Pregunta V="002"/>
        </lin>
        <lin>
          <Opcion V="001"/>
          <Votos V="2561"/>
          <Porc V="052,76"/>
          <Pregunta V="003"/>
        </lin>
        <lin>
          <Opcion V="002"/>
          <Votos V="2293"/>
          <Porc V="047,23"/>
          <Pregunta V="003"/>
        </lin>
        <lin>
          <Opcion V="001"/>
          <Votos V="2591"/>
          <Porc V="048,31"/>
          <Pregunta V="004"/>
        </lin>
        <lin>
          <Opcion V="002"/>
          <Votos V="2772"/>
          <Porc V="051,68"/>
          <Pregunta V="004"/>
        </lin>
        <lin>
          <Opcion V="001"/>
          <Votos V="3202"/>
          <Porc V="052,52"/>
          <Pregunta V="005"/>
        </lin>
        <lin>
          <Opcion V="002"/>
          <Votos V="2894"/>
          <Porc V="047,47"/>
          <Pregunta V="005"/>
        </lin>
        <lin>
          <Opcion V="001"/>
          <Votos V="2545"/>
          <Porc V="048,27"/>
          <Pregunta V="006"/>
        </lin>
        <lin>
          <Opcion V="002"/>
          <Votos V="2727"/>
          <Porc V="051,72"/>
          <Pregunta V="006"/>
        </lin>
        <lin>
          <Opcion V="001"/>
          <Votos V="2352"/>
          <Porc V="043,75"/>
          <Pregunta V="007"/>
        </lin>
        <lin>
          <Opcion V="002"/>
          <Votos V="3024"/>
          <Porc V="056,25"/>
          <Pregunta V="007"/>
        </lin>
      </Detalle_Opcion>
    </lin>
  </Detalle_Circunscripcion>
</Boletin>
</Boletin_Consolidado>