<Boletin_Consolidado><Boletin>
  <Numero V="0008"/>
  <Boletin_Departamental V="0012"/>
  <Tipo_Boletin V="DEPARTAMENTAL"/>
  <Desc_Corporacion V="CONSULTA POPULAR"/>
  <Departamento V="07"/>
  <Desc_Departamento V="BOYACA"/>
  <Municipio V="337"/>
  <Desc_Municipio V="VENTAQUEMADA"/>
  <Dia V="21"/>
  <Mes V="8"/>
  <Anio V="2018"/>
  <Hora V="14"/>
  <Minuto V="15"/>
  <Mesas_Instaladas V="30"/>
  <Mesas_Informadas V="30"/>
  <Porc_Mesas_Informadas V="100,00"/>
  <Potencial_Sufragantes V="10958"/>
  <Detalle_Circunscripcion>
    <lin>
      <Circunscripcion V="0"/>
      <Desc_Circunscripcion V="NACIONAL"/>
      <Detalle_Pregunta>
        <lin>
          <Pregunta V="001"/>
          <Total_Sufragantes V="10958"/>
          <Porc_Sufragantes V="100,00"/>
          <Abstencion V="0"/>
          <Porc_Abstencion V="000,00"/>
          <Votos_Validos V="5144"/>
          <Porc_Votos_Validos V="046,94"/>
          <Votos_No_Marcados V="2628"/>
          <Porc_Votos_No_Marcados V="023,98"/>
          <Votos_Nulos V="3186"/>
          <Porc_Votos_Nulos V="029,07"/>
        </lin>
        <lin>
          <Pregunta V="002"/>
          <Total_Sufragantes V="10958"/>
          <Porc_Sufragantes V="100,00"/>
          <Abstencion V="0"/>
          <Porc_Abstencion V="000,00"/>
          <Votos_Validos V="5602"/>
          <Porc_Votos_Validos V="051,12"/>
          <Votos_No_Marcados V="2332"/>
          <Porc_Votos_No_Marcados V="021,28"/>
          <Votos_Nulos V="3024"/>
          <Porc_Votos_Nulos V="027,59"/>
        </lin>
        <lin>
          <Pregunta V="003"/>
          <Total_Sufragantes V="10958"/>
          <Porc_Sufragantes V="100,00"/>
          <Abstencion V="0"/>
          <Porc_Abstencion V="000,00"/>
          <Votos_Validos V="5926"/>
          <Porc_Votos_Validos V="054,07"/>
          <Votos_No_Marcados V="2495"/>
          <Porc_Votos_No_Marcados V="022,76"/>
          <Votos_Nulos V="2537"/>
          <Porc_Votos_Nulos V="023,15"/>
        </lin>
        <lin>
          <Pregunta V="004"/>
          <Total_Sufragantes V="10958"/>
          <Porc_Sufragantes V="100,00"/>
          <Abstencion V="0"/>
          <Porc_Abstencion V="000,00"/>
          <Votos_Validos V="6226"/>
          <Porc_Votos_Validos V="056,81"/>
          <Votos_No_Marcados V="2329"/>
          <Porc_Votos_No_Marcados V="021,25"/>
          <Votos_Nulos V="2403"/>
          <Porc_Votos_Nulos V="021,92"/>
        </lin>
        <lin>
          <Pregunta V="005"/>
          <Total_Sufragantes V="10958"/>
          <Porc_Sufragantes V="100,00"/>
          <Abstencion V="0"/>
          <Porc_Abstencion V="000,00"/>
          <Votos_Validos V="5871"/>
          <Porc_Votos_Validos V="053,57"/>
          <Votos_No_Marcados V="2727"/>
          <Porc_Votos_No_Marcados V="024,88"/>
          <Votos_Nulos V="2360"/>
          <Porc_Votos_Nulos V="021,53"/>
        </lin>
        <lin>
          <Pregunta V="006"/>
          <Total_Sufragantes V="10958"/>
          <Porc_Sufragantes V="100,00"/>
          <Abstencion V="0"/>
          <Porc_Abstencion V="000,00"/>
          <Votos_Validos V="5758"/>
          <Porc_Votos_Validos V="052,54"/>
          <Votos_No_Marcados V="2445"/>
          <Porc_Votos_No_Marcados V="022,31"/>
          <Votos_Nulos V="2755"/>
          <Porc_Votos_Nulos V="025,14"/>
        </lin>
        <lin>
          <Pregunta V="007"/>
          <Total_Sufragantes V="10958"/>
          <Porc_Sufragantes V="100,00"/>
          <Abstencion V="0"/>
          <Porc_Abstencion V="000,00"/>
          <Votos_Validos V="5817"/>
          <Porc_Votos_Validos V="053,08"/>
          <Votos_No_Marcados V="2399"/>
          <Porc_Votos_No_Marcados V="021,89"/>
          <Votos_Nulos V="2742"/>
          <Porc_Votos_Nulos V="025,02"/>
        </lin>
      </Detalle_Pregunta>
      <Detalle_Opcion>
        <lin>
          <Opcion V="001"/>
          <Votos V="2578"/>
          <Porc V="050,11"/>
          <Pregunta V="001"/>
        </lin>
        <lin>
          <Opcion V="002"/>
          <Votos V="2566"/>
          <Porc V="049,88"/>
          <Pregunta V="001"/>
        </lin>
        <lin>
          <Opcion V="001"/>
          <Votos V="3122"/>
          <Porc V="055,73"/>
          <Pregunta V="002"/>
        </lin>
        <lin>
          <Opcion V="002"/>
          <Votos V="2480"/>
          <Porc V="044,26"/>
          <Pregunta V="002"/>
        </lin>
        <lin>
          <Opcion V="001"/>
          <Votos V="3402"/>
          <Porc V="057,40"/>
          <Pregunta V="003"/>
        </lin>
        <lin>
          <Opcion V="002"/>
          <Votos V="2524"/>
          <Porc V="042,59"/>
          <Pregunta V="003"/>
        </lin>
        <lin>
          <Opcion V="001"/>
          <Votos V="2623"/>
          <Porc V="042,12"/>
          <Pregunta V="004"/>
        </lin>
        <lin>
          <Opcion V="002"/>
          <Votos V="3603"/>
          <Porc V="057,87"/>
          <Pregunta V="004"/>
        </lin>
        <lin>
          <Opcion V="001"/>
          <Votos V="3200"/>
          <Porc V="054,50"/>
          <Pregunta V="005"/>
        </lin>
        <lin>
          <Opcion V="002"/>
          <Votos V="2671"/>
          <Porc V="045,49"/>
          <Pregunta V="005"/>
        </lin>
        <lin>
          <Opcion V="001"/>
          <Votos V="3191"/>
          <Porc V="055,41"/>
          <Pregunta V="006"/>
        </lin>
        <lin>
          <Opcion V="002"/>
          <Votos V="2567"/>
          <Porc V="044,58"/>
          <Pregunta V="006"/>
        </lin>
        <lin>
          <Opcion V="001"/>
          <Votos V="2750"/>
          <Porc V="047,27"/>
          <Pregunta V="007"/>
        </lin>
        <lin>
          <Opcion V="002"/>
          <Votos V="3067"/>
          <Porc V="052,72"/>
          <Pregunta V="007"/>
        </lin>
      </Detalle_Opcion>
    </lin>
  </Detalle_Circunscripcion>
</Boletin>
</Boletin_Consolidado>