<Boletin_Consolidado><Boletin>
  <Numero V="0008"/>
  <Boletin_Departamental V="0012"/>
  <Tipo_Boletin V="DEPARTAMENTAL"/>
  <Desc_Corporacion V="CONSULTA POPULAR"/>
  <Departamento V="07"/>
  <Desc_Departamento V="BOYACA"/>
  <Municipio V="328"/>
  <Desc_Municipio V="TUTA"/>
  <Dia V="21"/>
  <Mes V="8"/>
  <Anio V="2018"/>
  <Hora V="14"/>
  <Minuto V="15"/>
  <Mesas_Instaladas V="21"/>
  <Mesas_Informadas V="21"/>
  <Porc_Mesas_Informadas V="100,00"/>
  <Potencial_Sufragantes V="7558"/>
  <Detalle_Circunscripcion>
    <lin>
      <Circunscripcion V="0"/>
      <Desc_Circunscripcion V="NACIONAL"/>
      <Detalle_Pregunta>
        <lin>
          <Pregunta V="001"/>
          <Total_Sufragantes V="7558"/>
          <Porc_Sufragantes V="100,00"/>
          <Abstencion V="0"/>
          <Porc_Abstencion V="000,00"/>
          <Votos_Validos V="3103"/>
          <Porc_Votos_Validos V="041,05"/>
          <Votos_No_Marcados V="1881"/>
          <Porc_Votos_No_Marcados V="024,88"/>
          <Votos_Nulos V="2574"/>
          <Porc_Votos_Nulos V="034,05"/>
        </lin>
        <lin>
          <Pregunta V="002"/>
          <Total_Sufragantes V="7558"/>
          <Porc_Sufragantes V="100,00"/>
          <Abstencion V="0"/>
          <Porc_Abstencion V="000,00"/>
          <Votos_Validos V="3291"/>
          <Porc_Votos_Validos V="043,54"/>
          <Votos_No_Marcados V="1822"/>
          <Porc_Votos_No_Marcados V="024,10"/>
          <Votos_Nulos V="2445"/>
          <Porc_Votos_Nulos V="032,34"/>
        </lin>
        <lin>
          <Pregunta V="003"/>
          <Total_Sufragantes V="7558"/>
          <Porc_Sufragantes V="100,00"/>
          <Abstencion V="0"/>
          <Porc_Abstencion V="000,00"/>
          <Votos_Validos V="4478"/>
          <Porc_Votos_Validos V="059,24"/>
          <Votos_No_Marcados V="1207"/>
          <Porc_Votos_No_Marcados V="015,96"/>
          <Votos_Nulos V="1873"/>
          <Porc_Votos_Nulos V="024,78"/>
        </lin>
        <lin>
          <Pregunta V="004"/>
          <Total_Sufragantes V="7558"/>
          <Porc_Sufragantes V="100,00"/>
          <Abstencion V="0"/>
          <Porc_Abstencion V="000,00"/>
          <Votos_Validos V="4132"/>
          <Porc_Votos_Validos V="054,67"/>
          <Votos_No_Marcados V="2011"/>
          <Porc_Votos_No_Marcados V="026,60"/>
          <Votos_Nulos V="1415"/>
          <Porc_Votos_Nulos V="018,72"/>
        </lin>
        <lin>
          <Pregunta V="005"/>
          <Total_Sufragantes V="7558"/>
          <Porc_Sufragantes V="100,00"/>
          <Abstencion V="0"/>
          <Porc_Abstencion V="000,00"/>
          <Votos_Validos V="3689"/>
          <Porc_Votos_Validos V="048,80"/>
          <Votos_No_Marcados V="1756"/>
          <Porc_Votos_No_Marcados V="023,23"/>
          <Votos_Nulos V="2113"/>
          <Porc_Votos_Nulos V="027,95"/>
        </lin>
        <lin>
          <Pregunta V="006"/>
          <Total_Sufragantes V="7558"/>
          <Porc_Sufragantes V="100,00"/>
          <Abstencion V="0"/>
          <Porc_Abstencion V="000,00"/>
          <Votos_Validos V="3839"/>
          <Porc_Votos_Validos V="050,79"/>
          <Votos_No_Marcados V="2304"/>
          <Porc_Votos_No_Marcados V="030,48"/>
          <Votos_Nulos V="1415"/>
          <Porc_Votos_Nulos V="018,72"/>
        </lin>
        <lin>
          <Pregunta V="007"/>
          <Total_Sufragantes V="7558"/>
          <Porc_Sufragantes V="100,00"/>
          <Abstencion V="0"/>
          <Porc_Abstencion V="000,00"/>
          <Votos_Validos V="4586"/>
          <Porc_Votos_Validos V="060,67"/>
          <Votos_No_Marcados V="1591"/>
          <Porc_Votos_No_Marcados V="021,05"/>
          <Votos_Nulos V="1381"/>
          <Porc_Votos_Nulos V="018,27"/>
        </lin>
      </Detalle_Pregunta>
      <Detalle_Opcion>
        <lin>
          <Opcion V="001"/>
          <Votos V="1731"/>
          <Porc V="055,78"/>
          <Pregunta V="001"/>
        </lin>
        <lin>
          <Opcion V="002"/>
          <Votos V="1372"/>
          <Porc V="044,21"/>
          <Pregunta V="001"/>
        </lin>
        <lin>
          <Opcion V="001"/>
          <Votos V="1611"/>
          <Porc V="048,95"/>
          <Pregunta V="002"/>
        </lin>
        <lin>
          <Opcion V="002"/>
          <Votos V="1680"/>
          <Porc V="051,04"/>
          <Pregunta V="002"/>
        </lin>
        <lin>
          <Opcion V="001"/>
          <Votos V="2174"/>
          <Porc V="048,54"/>
          <Pregunta V="003"/>
        </lin>
        <lin>
          <Opcion V="002"/>
          <Votos V="2304"/>
          <Porc V="051,45"/>
          <Pregunta V="003"/>
        </lin>
        <lin>
          <Opcion V="001"/>
          <Votos V="2506"/>
          <Porc V="060,64"/>
          <Pregunta V="004"/>
        </lin>
        <lin>
          <Opcion V="002"/>
          <Votos V="1626"/>
          <Porc V="039,35"/>
          <Pregunta V="004"/>
        </lin>
        <lin>
          <Opcion V="001"/>
          <Votos V="1759"/>
          <Porc V="047,68"/>
          <Pregunta V="005"/>
        </lin>
        <lin>
          <Opcion V="002"/>
          <Votos V="1930"/>
          <Porc V="052,31"/>
          <Pregunta V="005"/>
        </lin>
        <lin>
          <Opcion V="001"/>
          <Votos V="1872"/>
          <Porc V="048,76"/>
          <Pregunta V="006"/>
        </lin>
        <lin>
          <Opcion V="002"/>
          <Votos V="1967"/>
          <Porc V="051,23"/>
          <Pregunta V="006"/>
        </lin>
        <lin>
          <Opcion V="001"/>
          <Votos V="2815"/>
          <Porc V="061,38"/>
          <Pregunta V="007"/>
        </lin>
        <lin>
          <Opcion V="002"/>
          <Votos V="1771"/>
          <Porc V="038,61"/>
          <Pregunta V="007"/>
        </lin>
      </Detalle_Opcion>
    </lin>
  </Detalle_Circunscripcion>
</Boletin>
</Boletin_Consolidado>