<Boletin_Consolidado><Boletin>
  <Numero V="0008"/>
  <Boletin_Departamental V="0011"/>
  <Tipo_Boletin V="DEPARTAMENTAL"/>
  <Desc_Corporacion V="CONSULTA POPULAR"/>
  <Departamento V="01"/>
  <Desc_Departamento V="ANTIOQUIA"/>
  <Municipio V="079"/>
  <Desc_Municipio V="CARAMANTA"/>
  <Dia V="21"/>
  <Mes V="8"/>
  <Anio V="2018"/>
  <Hora V="14"/>
  <Minuto V="15"/>
  <Mesas_Instaladas V="15"/>
  <Mesas_Informadas V="15"/>
  <Porc_Mesas_Informadas V="100,00"/>
  <Potencial_Sufragantes V="5002"/>
  <Detalle_Circunscripcion>
    <lin>
      <Circunscripcion V="0"/>
      <Desc_Circunscripcion V="NACIONAL"/>
      <Detalle_Pregunta>
        <lin>
          <Pregunta V="001"/>
          <Total_Sufragantes V="5002"/>
          <Porc_Sufragantes V="100,00"/>
          <Abstencion V="0"/>
          <Porc_Abstencion V="000,00"/>
          <Votos_Validos V="2207"/>
          <Porc_Votos_Validos V="044,12"/>
          <Votos_No_Marcados V="1546"/>
          <Porc_Votos_No_Marcados V="030,90"/>
          <Votos_Nulos V="1249"/>
          <Porc_Votos_Nulos V="024,97"/>
        </lin>
        <lin>
          <Pregunta V="002"/>
          <Total_Sufragantes V="5002"/>
          <Porc_Sufragantes V="100,00"/>
          <Abstencion V="0"/>
          <Porc_Abstencion V="000,00"/>
          <Votos_Validos V="2537"/>
          <Porc_Votos_Validos V="050,71"/>
          <Votos_No_Marcados V="1062"/>
          <Porc_Votos_No_Marcados V="021,23"/>
          <Votos_Nulos V="1403"/>
          <Porc_Votos_Nulos V="028,04"/>
        </lin>
        <lin>
          <Pregunta V="003"/>
          <Total_Sufragantes V="5002"/>
          <Porc_Sufragantes V="100,00"/>
          <Abstencion V="0"/>
          <Porc_Abstencion V="000,00"/>
          <Votos_Validos V="2216"/>
          <Porc_Votos_Validos V="044,30"/>
          <Votos_No_Marcados V="1414"/>
          <Porc_Votos_No_Marcados V="028,26"/>
          <Votos_Nulos V="1372"/>
          <Porc_Votos_Nulos V="027,42"/>
        </lin>
        <lin>
          <Pregunta V="004"/>
          <Total_Sufragantes V="5002"/>
          <Porc_Sufragantes V="100,00"/>
          <Abstencion V="0"/>
          <Porc_Abstencion V="000,00"/>
          <Votos_Validos V="2250"/>
          <Porc_Votos_Validos V="044,98"/>
          <Votos_No_Marcados V="1316"/>
          <Porc_Votos_No_Marcados V="026,30"/>
          <Votos_Nulos V="1436"/>
          <Porc_Votos_Nulos V="028,70"/>
        </lin>
        <lin>
          <Pregunta V="005"/>
          <Total_Sufragantes V="5002"/>
          <Porc_Sufragantes V="100,00"/>
          <Abstencion V="0"/>
          <Porc_Abstencion V="000,00"/>
          <Votos_Validos V="2452"/>
          <Porc_Votos_Validos V="049,02"/>
          <Votos_No_Marcados V="1202"/>
          <Porc_Votos_No_Marcados V="024,03"/>
          <Votos_Nulos V="1348"/>
          <Porc_Votos_Nulos V="026,94"/>
        </lin>
        <lin>
          <Pregunta V="006"/>
          <Total_Sufragantes V="5002"/>
          <Porc_Sufragantes V="100,00"/>
          <Abstencion V="0"/>
          <Porc_Abstencion V="000,00"/>
          <Votos_Validos V="2510"/>
          <Porc_Votos_Validos V="050,17"/>
          <Votos_No_Marcados V="1513"/>
          <Porc_Votos_No_Marcados V="030,24"/>
          <Votos_Nulos V="979"/>
          <Porc_Votos_Nulos V="019,57"/>
        </lin>
        <lin>
          <Pregunta V="007"/>
          <Total_Sufragantes V="5002"/>
          <Porc_Sufragantes V="100,00"/>
          <Abstencion V="0"/>
          <Porc_Abstencion V="000,00"/>
          <Votos_Validos V="2530"/>
          <Porc_Votos_Validos V="050,57"/>
          <Votos_No_Marcados V="1016"/>
          <Porc_Votos_No_Marcados V="020,31"/>
          <Votos_Nulos V="1456"/>
          <Porc_Votos_Nulos V="029,10"/>
        </lin>
      </Detalle_Pregunta>
      <Detalle_Opcion>
        <lin>
          <Opcion V="001"/>
          <Votos V="1163"/>
          <Porc V="052,69"/>
          <Pregunta V="001"/>
        </lin>
        <lin>
          <Opcion V="002"/>
          <Votos V="1044"/>
          <Porc V="047,30"/>
          <Pregunta V="001"/>
        </lin>
        <lin>
          <Opcion V="001"/>
          <Votos V="1118"/>
          <Porc V="044,06"/>
          <Pregunta V="002"/>
        </lin>
        <lin>
          <Opcion V="002"/>
          <Votos V="1419"/>
          <Porc V="055,93"/>
          <Pregunta V="002"/>
        </lin>
        <lin>
          <Opcion V="001"/>
          <Votos V="1118"/>
          <Porc V="050,45"/>
          <Pregunta V="003"/>
        </lin>
        <lin>
          <Opcion V="002"/>
          <Votos V="1098"/>
          <Porc V="049,54"/>
          <Pregunta V="003"/>
        </lin>
        <lin>
          <Opcion V="001"/>
          <Votos V="793"/>
          <Porc V="035,24"/>
          <Pregunta V="004"/>
        </lin>
        <lin>
          <Opcion V="002"/>
          <Votos V="1457"/>
          <Porc V="064,75"/>
          <Pregunta V="004"/>
        </lin>
        <lin>
          <Opcion V="001"/>
          <Votos V="1505"/>
          <Porc V="061,37"/>
          <Pregunta V="005"/>
        </lin>
        <lin>
          <Opcion V="002"/>
          <Votos V="947"/>
          <Porc V="038,62"/>
          <Pregunta V="005"/>
        </lin>
        <lin>
          <Opcion V="001"/>
          <Votos V="1308"/>
          <Porc V="052,11"/>
          <Pregunta V="006"/>
        </lin>
        <lin>
          <Opcion V="002"/>
          <Votos V="1202"/>
          <Porc V="047,88"/>
          <Pregunta V="006"/>
        </lin>
        <lin>
          <Opcion V="001"/>
          <Votos V="1730"/>
          <Porc V="068,37"/>
          <Pregunta V="007"/>
        </lin>
        <lin>
          <Opcion V="002"/>
          <Votos V="800"/>
          <Porc V="031,62"/>
          <Pregunta V="007"/>
        </lin>
      </Detalle_Opcion>
    </lin>
  </Detalle_Circunscripcion>
</Boletin>
</Boletin_Consolidado>