<Boletin_Consolidado><Boletin>
  <Numero V="0008"/>
  <Boletin_Departamental V="0012"/>
  <Tipo_Boletin V="DEPARTAMENTAL"/>
  <Desc_Corporacion V="CONSULTA POPULAR"/>
  <Departamento V="11"/>
  <Desc_Departamento V="CAUCA"/>
  <Municipio V="034"/>
  <Desc_Municipio V="JAMBALO"/>
  <Dia V="21"/>
  <Mes V="8"/>
  <Anio V="2018"/>
  <Hora V="14"/>
  <Minuto V="15"/>
  <Mesas_Instaladas V="25"/>
  <Mesas_Informadas V="25"/>
  <Porc_Mesas_Informadas V="100,00"/>
  <Potencial_Sufragantes V="8483"/>
  <Detalle_Circunscripcion>
    <lin>
      <Circunscripcion V="0"/>
      <Desc_Circunscripcion V="NACIONAL"/>
      <Detalle_Pregunta>
        <lin>
          <Pregunta V="001"/>
          <Total_Sufragantes V="8483"/>
          <Porc_Sufragantes V="100,00"/>
          <Abstencion V="0"/>
          <Porc_Abstencion V="000,00"/>
          <Votos_Validos V="4295"/>
          <Porc_Votos_Validos V="050,63"/>
          <Votos_No_Marcados V="1788"/>
          <Porc_Votos_No_Marcados V="021,07"/>
          <Votos_Nulos V="2400"/>
          <Porc_Votos_Nulos V="028,29"/>
        </lin>
        <lin>
          <Pregunta V="002"/>
          <Total_Sufragantes V="8483"/>
          <Porc_Sufragantes V="100,00"/>
          <Abstencion V="0"/>
          <Porc_Abstencion V="000,00"/>
          <Votos_Validos V="4611"/>
          <Porc_Votos_Validos V="054,35"/>
          <Votos_No_Marcados V="2138"/>
          <Porc_Votos_No_Marcados V="025,20"/>
          <Votos_Nulos V="1734"/>
          <Porc_Votos_Nulos V="020,44"/>
        </lin>
        <lin>
          <Pregunta V="003"/>
          <Total_Sufragantes V="8483"/>
          <Porc_Sufragantes V="100,00"/>
          <Abstencion V="0"/>
          <Porc_Abstencion V="000,00"/>
          <Votos_Validos V="3417"/>
          <Porc_Votos_Validos V="040,28"/>
          <Votos_No_Marcados V="2358"/>
          <Porc_Votos_No_Marcados V="027,79"/>
          <Votos_Nulos V="2708"/>
          <Porc_Votos_Nulos V="031,92"/>
        </lin>
        <lin>
          <Pregunta V="004"/>
          <Total_Sufragantes V="8483"/>
          <Porc_Sufragantes V="100,00"/>
          <Abstencion V="0"/>
          <Porc_Abstencion V="000,00"/>
          <Votos_Validos V="3928"/>
          <Porc_Votos_Validos V="046,30"/>
          <Votos_No_Marcados V="1944"/>
          <Porc_Votos_No_Marcados V="022,91"/>
          <Votos_Nulos V="2611"/>
          <Porc_Votos_Nulos V="030,77"/>
        </lin>
        <lin>
          <Pregunta V="005"/>
          <Total_Sufragantes V="8483"/>
          <Porc_Sufragantes V="100,00"/>
          <Abstencion V="0"/>
          <Porc_Abstencion V="000,00"/>
          <Votos_Validos V="3926"/>
          <Porc_Votos_Validos V="046,28"/>
          <Votos_No_Marcados V="1933"/>
          <Porc_Votos_No_Marcados V="022,78"/>
          <Votos_Nulos V="2624"/>
          <Porc_Votos_Nulos V="030,93"/>
        </lin>
        <lin>
          <Pregunta V="006"/>
          <Total_Sufragantes V="8483"/>
          <Porc_Sufragantes V="100,00"/>
          <Abstencion V="0"/>
          <Porc_Abstencion V="000,00"/>
          <Votos_Validos V="4027"/>
          <Porc_Votos_Validos V="047,47"/>
          <Votos_No_Marcados V="2186"/>
          <Porc_Votos_No_Marcados V="025,76"/>
          <Votos_Nulos V="2270"/>
          <Porc_Votos_Nulos V="026,75"/>
        </lin>
        <lin>
          <Pregunta V="007"/>
          <Total_Sufragantes V="8483"/>
          <Porc_Sufragantes V="100,00"/>
          <Abstencion V="0"/>
          <Porc_Abstencion V="000,00"/>
          <Votos_Validos V="4138"/>
          <Porc_Votos_Validos V="048,77"/>
          <Votos_No_Marcados V="2036"/>
          <Porc_Votos_No_Marcados V="024,00"/>
          <Votos_Nulos V="2309"/>
          <Porc_Votos_Nulos V="027,21"/>
        </lin>
      </Detalle_Pregunta>
      <Detalle_Opcion>
        <lin>
          <Opcion V="001"/>
          <Votos V="2005"/>
          <Porc V="046,68"/>
          <Pregunta V="001"/>
        </lin>
        <lin>
          <Opcion V="002"/>
          <Votos V="2290"/>
          <Porc V="053,31"/>
          <Pregunta V="001"/>
        </lin>
        <lin>
          <Opcion V="001"/>
          <Votos V="2079"/>
          <Porc V="045,08"/>
          <Pregunta V="002"/>
        </lin>
        <lin>
          <Opcion V="002"/>
          <Votos V="2532"/>
          <Porc V="054,91"/>
          <Pregunta V="002"/>
        </lin>
        <lin>
          <Opcion V="001"/>
          <Votos V="1423"/>
          <Porc V="041,64"/>
          <Pregunta V="003"/>
        </lin>
        <lin>
          <Opcion V="002"/>
          <Votos V="1994"/>
          <Porc V="058,35"/>
          <Pregunta V="003"/>
        </lin>
        <lin>
          <Opcion V="001"/>
          <Votos V="2469"/>
          <Porc V="062,85"/>
          <Pregunta V="004"/>
        </lin>
        <lin>
          <Opcion V="002"/>
          <Votos V="1459"/>
          <Porc V="037,14"/>
          <Pregunta V="004"/>
        </lin>
        <lin>
          <Opcion V="001"/>
          <Votos V="1996"/>
          <Porc V="050,84"/>
          <Pregunta V="005"/>
        </lin>
        <lin>
          <Opcion V="002"/>
          <Votos V="1930"/>
          <Porc V="049,15"/>
          <Pregunta V="005"/>
        </lin>
        <lin>
          <Opcion V="001"/>
          <Votos V="1981"/>
          <Porc V="049,19"/>
          <Pregunta V="006"/>
        </lin>
        <lin>
          <Opcion V="002"/>
          <Votos V="2046"/>
          <Porc V="050,80"/>
          <Pregunta V="006"/>
        </lin>
        <lin>
          <Opcion V="001"/>
          <Votos V="1914"/>
          <Porc V="046,25"/>
          <Pregunta V="007"/>
        </lin>
        <lin>
          <Opcion V="002"/>
          <Votos V="2224"/>
          <Porc V="053,74"/>
          <Pregunta V="007"/>
        </lin>
      </Detalle_Opcion>
    </lin>
  </Detalle_Circunscripcion>
</Boletin>
</Boletin_Consolidado>