<Boletin_Consolidado><Boletin>
  <Numero V="0008"/>
  <Boletin_Departamental V="0012"/>
  <Tipo_Boletin V="DEPARTAMENTAL"/>
  <Desc_Corporacion V="CONSULTA POPULAR"/>
  <Departamento V="05"/>
  <Desc_Departamento V="BOLIVAR"/>
  <Municipio V="005"/>
  <Desc_Municipio V="ARENAL"/>
  <Dia V="21"/>
  <Mes V="8"/>
  <Anio V="2018"/>
  <Hora V="14"/>
  <Minuto V="15"/>
  <Mesas_Instaladas V="19"/>
  <Mesas_Informadas V="19"/>
  <Porc_Mesas_Informadas V="100,00"/>
  <Potencial_Sufragantes V="5804"/>
  <Detalle_Circunscripcion>
    <lin>
      <Circunscripcion V="0"/>
      <Desc_Circunscripcion V="NACIONAL"/>
      <Detalle_Pregunta>
        <lin>
          <Pregunta V="001"/>
          <Total_Sufragantes V="5804"/>
          <Porc_Sufragantes V="100,00"/>
          <Abstencion V="0"/>
          <Porc_Abstencion V="000,00"/>
          <Votos_Validos V="3046"/>
          <Porc_Votos_Validos V="052,48"/>
          <Votos_No_Marcados V="1255"/>
          <Porc_Votos_No_Marcados V="021,62"/>
          <Votos_Nulos V="1503"/>
          <Porc_Votos_Nulos V="025,89"/>
        </lin>
        <lin>
          <Pregunta V="002"/>
          <Total_Sufragantes V="5804"/>
          <Porc_Sufragantes V="100,00"/>
          <Abstencion V="0"/>
          <Porc_Abstencion V="000,00"/>
          <Votos_Validos V="2798"/>
          <Porc_Votos_Validos V="048,20"/>
          <Votos_No_Marcados V="1589"/>
          <Porc_Votos_No_Marcados V="027,37"/>
          <Votos_Nulos V="1417"/>
          <Porc_Votos_Nulos V="024,41"/>
        </lin>
        <lin>
          <Pregunta V="003"/>
          <Total_Sufragantes V="5804"/>
          <Porc_Sufragantes V="100,00"/>
          <Abstencion V="0"/>
          <Porc_Abstencion V="000,00"/>
          <Votos_Validos V="2728"/>
          <Porc_Votos_Validos V="047,00"/>
          <Votos_No_Marcados V="1415"/>
          <Porc_Votos_No_Marcados V="024,37"/>
          <Votos_Nulos V="1661"/>
          <Porc_Votos_Nulos V="028,61"/>
        </lin>
        <lin>
          <Pregunta V="004"/>
          <Total_Sufragantes V="5804"/>
          <Porc_Sufragantes V="100,00"/>
          <Abstencion V="0"/>
          <Porc_Abstencion V="000,00"/>
          <Votos_Validos V="3195"/>
          <Porc_Votos_Validos V="055,04"/>
          <Votos_No_Marcados V="1299"/>
          <Porc_Votos_No_Marcados V="022,38"/>
          <Votos_Nulos V="1310"/>
          <Porc_Votos_Nulos V="022,57"/>
        </lin>
        <lin>
          <Pregunta V="005"/>
          <Total_Sufragantes V="5804"/>
          <Porc_Sufragantes V="100,00"/>
          <Abstencion V="0"/>
          <Porc_Abstencion V="000,00"/>
          <Votos_Validos V="2889"/>
          <Porc_Votos_Validos V="049,77"/>
          <Votos_No_Marcados V="1176"/>
          <Porc_Votos_No_Marcados V="020,26"/>
          <Votos_Nulos V="1739"/>
          <Porc_Votos_Nulos V="029,96"/>
        </lin>
        <lin>
          <Pregunta V="006"/>
          <Total_Sufragantes V="5804"/>
          <Porc_Sufragantes V="100,00"/>
          <Abstencion V="0"/>
          <Porc_Abstencion V="000,00"/>
          <Votos_Validos V="2465"/>
          <Porc_Votos_Validos V="042,47"/>
          <Votos_No_Marcados V="1824"/>
          <Porc_Votos_No_Marcados V="031,42"/>
          <Votos_Nulos V="1515"/>
          <Porc_Votos_Nulos V="026,10"/>
        </lin>
        <lin>
          <Pregunta V="007"/>
          <Total_Sufragantes V="5804"/>
          <Porc_Sufragantes V="100,00"/>
          <Abstencion V="0"/>
          <Porc_Abstencion V="000,00"/>
          <Votos_Validos V="2881"/>
          <Porc_Votos_Validos V="049,63"/>
          <Votos_No_Marcados V="1439"/>
          <Porc_Votos_No_Marcados V="024,79"/>
          <Votos_Nulos V="1484"/>
          <Porc_Votos_Nulos V="025,56"/>
        </lin>
      </Detalle_Pregunta>
      <Detalle_Opcion>
        <lin>
          <Opcion V="001"/>
          <Votos V="1536"/>
          <Porc V="050,42"/>
          <Pregunta V="001"/>
        </lin>
        <lin>
          <Opcion V="002"/>
          <Votos V="1510"/>
          <Porc V="049,57"/>
          <Pregunta V="001"/>
        </lin>
        <lin>
          <Opcion V="001"/>
          <Votos V="1254"/>
          <Porc V="044,81"/>
          <Pregunta V="002"/>
        </lin>
        <lin>
          <Opcion V="002"/>
          <Votos V="1544"/>
          <Porc V="055,18"/>
          <Pregunta V="002"/>
        </lin>
        <lin>
          <Opcion V="001"/>
          <Votos V="1380"/>
          <Porc V="050,58"/>
          <Pregunta V="003"/>
        </lin>
        <lin>
          <Opcion V="002"/>
          <Votos V="1348"/>
          <Porc V="049,41"/>
          <Pregunta V="003"/>
        </lin>
        <lin>
          <Opcion V="001"/>
          <Votos V="1582"/>
          <Porc V="049,51"/>
          <Pregunta V="004"/>
        </lin>
        <lin>
          <Opcion V="002"/>
          <Votos V="1613"/>
          <Porc V="050,48"/>
          <Pregunta V="004"/>
        </lin>
        <lin>
          <Opcion V="001"/>
          <Votos V="1584"/>
          <Porc V="054,82"/>
          <Pregunta V="005"/>
        </lin>
        <lin>
          <Opcion V="002"/>
          <Votos V="1305"/>
          <Porc V="045,17"/>
          <Pregunta V="005"/>
        </lin>
        <lin>
          <Opcion V="001"/>
          <Votos V="1254"/>
          <Porc V="050,87"/>
          <Pregunta V="006"/>
        </lin>
        <lin>
          <Opcion V="002"/>
          <Votos V="1211"/>
          <Porc V="049,12"/>
          <Pregunta V="006"/>
        </lin>
        <lin>
          <Opcion V="001"/>
          <Votos V="1560"/>
          <Porc V="054,14"/>
          <Pregunta V="007"/>
        </lin>
        <lin>
          <Opcion V="002"/>
          <Votos V="1321"/>
          <Porc V="045,85"/>
          <Pregunta V="007"/>
        </lin>
      </Detalle_Opcion>
    </lin>
  </Detalle_Circunscripcion>
</Boletin>
</Boletin_Consolidado>