<Boletin_Consolidado><Boletin>
  <Numero V="0008"/>
  <Boletin_Departamental V="0012"/>
  <Tipo_Boletin V="DEPARTAMENTAL"/>
  <Desc_Corporacion V="CONSULTA POPULAR"/>
  <Departamento V="11"/>
  <Desc_Departamento V="CAUCA"/>
  <Municipio V="082"/>
  <Desc_Municipio V="SILVIA"/>
  <Dia V="21"/>
  <Mes V="8"/>
  <Anio V="2018"/>
  <Hora V="14"/>
  <Minuto V="15"/>
  <Mesas_Instaladas V="67"/>
  <Mesas_Informadas V="67"/>
  <Porc_Mesas_Informadas V="100,00"/>
  <Potencial_Sufragantes V="22609"/>
  <Detalle_Circunscripcion>
    <lin>
      <Circunscripcion V="0"/>
      <Desc_Circunscripcion V="NACIONAL"/>
      <Detalle_Pregunta>
        <lin>
          <Pregunta V="001"/>
          <Total_Sufragantes V="22609"/>
          <Porc_Sufragantes V="100,00"/>
          <Abstencion V="0"/>
          <Porc_Abstencion V="000,00"/>
          <Votos_Validos V="11429"/>
          <Porc_Votos_Validos V="050,55"/>
          <Votos_No_Marcados V="5829"/>
          <Porc_Votos_No_Marcados V="025,78"/>
          <Votos_Nulos V="5351"/>
          <Porc_Votos_Nulos V="023,66"/>
        </lin>
        <lin>
          <Pregunta V="002"/>
          <Total_Sufragantes V="22609"/>
          <Porc_Sufragantes V="100,00"/>
          <Abstencion V="0"/>
          <Porc_Abstencion V="000,00"/>
          <Votos_Validos V="11266"/>
          <Porc_Votos_Validos V="049,82"/>
          <Votos_No_Marcados V="5486"/>
          <Porc_Votos_No_Marcados V="024,26"/>
          <Votos_Nulos V="5857"/>
          <Porc_Votos_Nulos V="025,90"/>
        </lin>
        <lin>
          <Pregunta V="003"/>
          <Total_Sufragantes V="22609"/>
          <Porc_Sufragantes V="100,00"/>
          <Abstencion V="0"/>
          <Porc_Abstencion V="000,00"/>
          <Votos_Validos V="10621"/>
          <Porc_Votos_Validos V="046,97"/>
          <Votos_No_Marcados V="5813"/>
          <Porc_Votos_No_Marcados V="025,71"/>
          <Votos_Nulos V="6175"/>
          <Porc_Votos_Nulos V="027,31"/>
        </lin>
        <lin>
          <Pregunta V="004"/>
          <Total_Sufragantes V="22609"/>
          <Porc_Sufragantes V="100,00"/>
          <Abstencion V="0"/>
          <Porc_Abstencion V="000,00"/>
          <Votos_Validos V="11986"/>
          <Porc_Votos_Validos V="053,01"/>
          <Votos_No_Marcados V="5438"/>
          <Porc_Votos_No_Marcados V="024,05"/>
          <Votos_Nulos V="5185"/>
          <Porc_Votos_Nulos V="022,93"/>
        </lin>
        <lin>
          <Pregunta V="005"/>
          <Total_Sufragantes V="22609"/>
          <Porc_Sufragantes V="100,00"/>
          <Abstencion V="0"/>
          <Porc_Abstencion V="000,00"/>
          <Votos_Validos V="11704"/>
          <Porc_Votos_Validos V="051,76"/>
          <Votos_No_Marcados V="5716"/>
          <Porc_Votos_No_Marcados V="025,28"/>
          <Votos_Nulos V="5189"/>
          <Porc_Votos_Nulos V="022,95"/>
        </lin>
        <lin>
          <Pregunta V="006"/>
          <Total_Sufragantes V="22609"/>
          <Porc_Sufragantes V="100,00"/>
          <Abstencion V="0"/>
          <Porc_Abstencion V="000,00"/>
          <Votos_Validos V="11126"/>
          <Porc_Votos_Validos V="049,21"/>
          <Votos_No_Marcados V="5530"/>
          <Porc_Votos_No_Marcados V="024,45"/>
          <Votos_Nulos V="5953"/>
          <Porc_Votos_Nulos V="026,33"/>
        </lin>
        <lin>
          <Pregunta V="007"/>
          <Total_Sufragantes V="22609"/>
          <Porc_Sufragantes V="100,00"/>
          <Abstencion V="0"/>
          <Porc_Abstencion V="000,00"/>
          <Votos_Validos V="10091"/>
          <Porc_Votos_Validos V="044,63"/>
          <Votos_No_Marcados V="6818"/>
          <Porc_Votos_No_Marcados V="030,15"/>
          <Votos_Nulos V="5700"/>
          <Porc_Votos_Nulos V="025,21"/>
        </lin>
      </Detalle_Pregunta>
      <Detalle_Opcion>
        <lin>
          <Opcion V="001"/>
          <Votos V="5608"/>
          <Porc V="049,06"/>
          <Pregunta V="001"/>
        </lin>
        <lin>
          <Opcion V="002"/>
          <Votos V="5821"/>
          <Porc V="050,93"/>
          <Pregunta V="001"/>
        </lin>
        <lin>
          <Opcion V="001"/>
          <Votos V="5352"/>
          <Porc V="047,50"/>
          <Pregunta V="002"/>
        </lin>
        <lin>
          <Opcion V="002"/>
          <Votos V="5914"/>
          <Porc V="052,49"/>
          <Pregunta V="002"/>
        </lin>
        <lin>
          <Opcion V="001"/>
          <Votos V="5644"/>
          <Porc V="053,14"/>
          <Pregunta V="003"/>
        </lin>
        <lin>
          <Opcion V="002"/>
          <Votos V="4977"/>
          <Porc V="046,85"/>
          <Pregunta V="003"/>
        </lin>
        <lin>
          <Opcion V="001"/>
          <Votos V="6043"/>
          <Porc V="050,41"/>
          <Pregunta V="004"/>
        </lin>
        <lin>
          <Opcion V="002"/>
          <Votos V="5943"/>
          <Porc V="049,58"/>
          <Pregunta V="004"/>
        </lin>
        <lin>
          <Opcion V="001"/>
          <Votos V="6499"/>
          <Porc V="055,52"/>
          <Pregunta V="005"/>
        </lin>
        <lin>
          <Opcion V="002"/>
          <Votos V="5205"/>
          <Porc V="044,47"/>
          <Pregunta V="005"/>
        </lin>
        <lin>
          <Opcion V="001"/>
          <Votos V="5678"/>
          <Porc V="051,03"/>
          <Pregunta V="006"/>
        </lin>
        <lin>
          <Opcion V="002"/>
          <Votos V="5448"/>
          <Porc V="048,96"/>
          <Pregunta V="006"/>
        </lin>
        <lin>
          <Opcion V="001"/>
          <Votos V="5472"/>
          <Porc V="054,22"/>
          <Pregunta V="007"/>
        </lin>
        <lin>
          <Opcion V="002"/>
          <Votos V="4619"/>
          <Porc V="045,77"/>
          <Pregunta V="007"/>
        </lin>
      </Detalle_Opcion>
    </lin>
  </Detalle_Circunscripcion>
</Boletin>
</Boletin_Consolidado>