<Boletin_Consolidado><Boletin>
  <Numero V="0008"/>
  <Boletin_Departamental V="0012"/>
  <Tipo_Boletin V="DEPARTAMENTAL"/>
  <Desc_Corporacion V="CONSULTA POPULAR"/>
  <Departamento V="09"/>
  <Desc_Departamento V="CALDAS"/>
  <Municipio V="127"/>
  <Desc_Municipio V="VICTORIA"/>
  <Dia V="21"/>
  <Mes V="8"/>
  <Anio V="2018"/>
  <Hora V="14"/>
  <Minuto V="15"/>
  <Mesas_Instaladas V="25"/>
  <Mesas_Informadas V="25"/>
  <Porc_Mesas_Informadas V="100,00"/>
  <Potencial_Sufragantes V="8324"/>
  <Detalle_Circunscripcion>
    <lin>
      <Circunscripcion V="0"/>
      <Desc_Circunscripcion V="NACIONAL"/>
      <Detalle_Pregunta>
        <lin>
          <Pregunta V="001"/>
          <Total_Sufragantes V="8324"/>
          <Porc_Sufragantes V="100,00"/>
          <Abstencion V="0"/>
          <Porc_Abstencion V="000,00"/>
          <Votos_Validos V="4686"/>
          <Porc_Votos_Validos V="056,29"/>
          <Votos_No_Marcados V="2010"/>
          <Porc_Votos_No_Marcados V="024,14"/>
          <Votos_Nulos V="1628"/>
          <Porc_Votos_Nulos V="019,55"/>
        </lin>
        <lin>
          <Pregunta V="002"/>
          <Total_Sufragantes V="8324"/>
          <Porc_Sufragantes V="100,00"/>
          <Abstencion V="0"/>
          <Porc_Abstencion V="000,00"/>
          <Votos_Validos V="4992"/>
          <Porc_Votos_Validos V="059,97"/>
          <Votos_No_Marcados V="1714"/>
          <Porc_Votos_No_Marcados V="020,59"/>
          <Votos_Nulos V="1618"/>
          <Porc_Votos_Nulos V="019,43"/>
        </lin>
        <lin>
          <Pregunta V="003"/>
          <Total_Sufragantes V="8324"/>
          <Porc_Sufragantes V="100,00"/>
          <Abstencion V="0"/>
          <Porc_Abstencion V="000,00"/>
          <Votos_Validos V="4202"/>
          <Porc_Votos_Validos V="050,48"/>
          <Votos_No_Marcados V="1847"/>
          <Porc_Votos_No_Marcados V="022,18"/>
          <Votos_Nulos V="2275"/>
          <Porc_Votos_Nulos V="027,33"/>
        </lin>
        <lin>
          <Pregunta V="004"/>
          <Total_Sufragantes V="8324"/>
          <Porc_Sufragantes V="100,00"/>
          <Abstencion V="0"/>
          <Porc_Abstencion V="000,00"/>
          <Votos_Validos V="4113"/>
          <Porc_Votos_Validos V="049,41"/>
          <Votos_No_Marcados V="1814"/>
          <Porc_Votos_No_Marcados V="021,79"/>
          <Votos_Nulos V="2397"/>
          <Porc_Votos_Nulos V="028,79"/>
        </lin>
        <lin>
          <Pregunta V="005"/>
          <Total_Sufragantes V="8324"/>
          <Porc_Sufragantes V="100,00"/>
          <Abstencion V="0"/>
          <Porc_Abstencion V="000,00"/>
          <Votos_Validos V="4050"/>
          <Porc_Votos_Validos V="048,65"/>
          <Votos_No_Marcados V="2497"/>
          <Porc_Votos_No_Marcados V="029,99"/>
          <Votos_Nulos V="1777"/>
          <Porc_Votos_Nulos V="021,34"/>
        </lin>
        <lin>
          <Pregunta V="006"/>
          <Total_Sufragantes V="8324"/>
          <Porc_Sufragantes V="100,00"/>
          <Abstencion V="0"/>
          <Porc_Abstencion V="000,00"/>
          <Votos_Validos V="3741"/>
          <Porc_Votos_Validos V="044,94"/>
          <Votos_No_Marcados V="2669"/>
          <Porc_Votos_No_Marcados V="032,06"/>
          <Votos_Nulos V="1914"/>
          <Porc_Votos_Nulos V="022,99"/>
        </lin>
        <lin>
          <Pregunta V="007"/>
          <Total_Sufragantes V="8324"/>
          <Porc_Sufragantes V="100,00"/>
          <Abstencion V="0"/>
          <Porc_Abstencion V="000,00"/>
          <Votos_Validos V="4318"/>
          <Porc_Votos_Validos V="051,87"/>
          <Votos_No_Marcados V="2123"/>
          <Porc_Votos_No_Marcados V="025,50"/>
          <Votos_Nulos V="1883"/>
          <Porc_Votos_Nulos V="022,62"/>
        </lin>
      </Detalle_Pregunta>
      <Detalle_Opcion>
        <lin>
          <Opcion V="001"/>
          <Votos V="2255"/>
          <Porc V="048,12"/>
          <Pregunta V="001"/>
        </lin>
        <lin>
          <Opcion V="002"/>
          <Votos V="2431"/>
          <Porc V="051,87"/>
          <Pregunta V="001"/>
        </lin>
        <lin>
          <Opcion V="001"/>
          <Votos V="1975"/>
          <Porc V="039,56"/>
          <Pregunta V="002"/>
        </lin>
        <lin>
          <Opcion V="002"/>
          <Votos V="3017"/>
          <Porc V="060,43"/>
          <Pregunta V="002"/>
        </lin>
        <lin>
          <Opcion V="001"/>
          <Votos V="2085"/>
          <Porc V="049,61"/>
          <Pregunta V="003"/>
        </lin>
        <lin>
          <Opcion V="002"/>
          <Votos V="2117"/>
          <Porc V="050,38"/>
          <Pregunta V="003"/>
        </lin>
        <lin>
          <Opcion V="001"/>
          <Votos V="1771"/>
          <Porc V="043,05"/>
          <Pregunta V="004"/>
        </lin>
        <lin>
          <Opcion V="002"/>
          <Votos V="2342"/>
          <Porc V="056,94"/>
          <Pregunta V="004"/>
        </lin>
        <lin>
          <Opcion V="001"/>
          <Votos V="1985"/>
          <Porc V="049,01"/>
          <Pregunta V="005"/>
        </lin>
        <lin>
          <Opcion V="002"/>
          <Votos V="2065"/>
          <Porc V="050,98"/>
          <Pregunta V="005"/>
        </lin>
        <lin>
          <Opcion V="001"/>
          <Votos V="1617"/>
          <Porc V="043,22"/>
          <Pregunta V="006"/>
        </lin>
        <lin>
          <Opcion V="002"/>
          <Votos V="2124"/>
          <Porc V="056,77"/>
          <Pregunta V="006"/>
        </lin>
        <lin>
          <Opcion V="001"/>
          <Votos V="2294"/>
          <Porc V="053,12"/>
          <Pregunta V="007"/>
        </lin>
        <lin>
          <Opcion V="002"/>
          <Votos V="2024"/>
          <Porc V="046,87"/>
          <Pregunta V="007"/>
        </lin>
      </Detalle_Opcion>
    </lin>
  </Detalle_Circunscripcion>
</Boletin>
</Boletin_Consolidado>