<Boletin_Consolidado><Boletin>
  <Numero V="0008"/>
  <Boletin_Departamental V="0012"/>
  <Tipo_Boletin V="DEPARTAMENTAL"/>
  <Desc_Corporacion V="CONSULTA POPULAR"/>
  <Departamento V="01"/>
  <Desc_Departamento V="ANTIOQUIA"/>
  <Municipio V="170"/>
  <Desc_Municipio V="LA PINTADA"/>
  <Dia V="21"/>
  <Mes V="8"/>
  <Anio V="2018"/>
  <Hora V="14"/>
  <Minuto V="15"/>
  <Mesas_Instaladas V="19"/>
  <Mesas_Informadas V="19"/>
  <Porc_Mesas_Informadas V="100,00"/>
  <Potencial_Sufragantes V="6983"/>
  <Detalle_Circunscripcion>
    <lin>
      <Circunscripcion V="0"/>
      <Desc_Circunscripcion V="NACIONAL"/>
      <Detalle_Pregunta>
        <lin>
          <Pregunta V="001"/>
          <Total_Sufragantes V="6983"/>
          <Porc_Sufragantes V="100,00"/>
          <Abstencion V="0"/>
          <Porc_Abstencion V="000,00"/>
          <Votos_Validos V="3426"/>
          <Porc_Votos_Validos V="049,06"/>
          <Votos_No_Marcados V="1968"/>
          <Porc_Votos_No_Marcados V="028,18"/>
          <Votos_Nulos V="1589"/>
          <Porc_Votos_Nulos V="022,75"/>
        </lin>
        <lin>
          <Pregunta V="002"/>
          <Total_Sufragantes V="6983"/>
          <Porc_Sufragantes V="100,00"/>
          <Abstencion V="0"/>
          <Porc_Abstencion V="000,00"/>
          <Votos_Validos V="3899"/>
          <Porc_Votos_Validos V="055,83"/>
          <Votos_No_Marcados V="1445"/>
          <Porc_Votos_No_Marcados V="020,69"/>
          <Votos_Nulos V="1639"/>
          <Porc_Votos_Nulos V="023,47"/>
        </lin>
        <lin>
          <Pregunta V="003"/>
          <Total_Sufragantes V="6983"/>
          <Porc_Sufragantes V="100,00"/>
          <Abstencion V="0"/>
          <Porc_Abstencion V="000,00"/>
          <Votos_Validos V="3449"/>
          <Porc_Votos_Validos V="049,39"/>
          <Votos_No_Marcados V="1869"/>
          <Porc_Votos_No_Marcados V="026,76"/>
          <Votos_Nulos V="1665"/>
          <Porc_Votos_Nulos V="023,84"/>
        </lin>
        <lin>
          <Pregunta V="004"/>
          <Total_Sufragantes V="6983"/>
          <Porc_Sufragantes V="100,00"/>
          <Abstencion V="0"/>
          <Porc_Abstencion V="000,00"/>
          <Votos_Validos V="3220"/>
          <Porc_Votos_Validos V="046,11"/>
          <Votos_No_Marcados V="1992"/>
          <Porc_Votos_No_Marcados V="028,52"/>
          <Votos_Nulos V="1771"/>
          <Porc_Votos_Nulos V="025,36"/>
        </lin>
        <lin>
          <Pregunta V="005"/>
          <Total_Sufragantes V="6983"/>
          <Porc_Sufragantes V="100,00"/>
          <Abstencion V="0"/>
          <Porc_Abstencion V="000,00"/>
          <Votos_Validos V="3643"/>
          <Porc_Votos_Validos V="052,16"/>
          <Votos_No_Marcados V="1906"/>
          <Porc_Votos_No_Marcados V="027,29"/>
          <Votos_Nulos V="1434"/>
          <Porc_Votos_Nulos V="020,53"/>
        </lin>
        <lin>
          <Pregunta V="006"/>
          <Total_Sufragantes V="6983"/>
          <Porc_Sufragantes V="100,00"/>
          <Abstencion V="0"/>
          <Porc_Abstencion V="000,00"/>
          <Votos_Validos V="3183"/>
          <Porc_Votos_Validos V="045,58"/>
          <Votos_No_Marcados V="2221"/>
          <Porc_Votos_No_Marcados V="031,80"/>
          <Votos_Nulos V="1579"/>
          <Porc_Votos_Nulos V="022,61"/>
        </lin>
        <lin>
          <Pregunta V="007"/>
          <Total_Sufragantes V="6983"/>
          <Porc_Sufragantes V="100,00"/>
          <Abstencion V="0"/>
          <Porc_Abstencion V="000,00"/>
          <Votos_Validos V="3440"/>
          <Porc_Votos_Validos V="049,26"/>
          <Votos_No_Marcados V="1571"/>
          <Porc_Votos_No_Marcados V="022,49"/>
          <Votos_Nulos V="1972"/>
          <Porc_Votos_Nulos V="028,24"/>
        </lin>
      </Detalle_Pregunta>
      <Detalle_Opcion>
        <lin>
          <Opcion V="001"/>
          <Votos V="1575"/>
          <Porc V="045,97"/>
          <Pregunta V="001"/>
        </lin>
        <lin>
          <Opcion V="002"/>
          <Votos V="1851"/>
          <Porc V="054,02"/>
          <Pregunta V="001"/>
        </lin>
        <lin>
          <Opcion V="001"/>
          <Votos V="1787"/>
          <Porc V="045,83"/>
          <Pregunta V="002"/>
        </lin>
        <lin>
          <Opcion V="002"/>
          <Votos V="2112"/>
          <Porc V="054,16"/>
          <Pregunta V="002"/>
        </lin>
        <lin>
          <Opcion V="001"/>
          <Votos V="1276"/>
          <Porc V="036,99"/>
          <Pregunta V="003"/>
        </lin>
        <lin>
          <Opcion V="002"/>
          <Votos V="2173"/>
          <Porc V="063,00"/>
          <Pregunta V="003"/>
        </lin>
        <lin>
          <Opcion V="001"/>
          <Votos V="1760"/>
          <Porc V="054,65"/>
          <Pregunta V="004"/>
        </lin>
        <lin>
          <Opcion V="002"/>
          <Votos V="1460"/>
          <Porc V="045,34"/>
          <Pregunta V="004"/>
        </lin>
        <lin>
          <Opcion V="001"/>
          <Votos V="2130"/>
          <Porc V="058,46"/>
          <Pregunta V="005"/>
        </lin>
        <lin>
          <Opcion V="002"/>
          <Votos V="1513"/>
          <Porc V="041,53"/>
          <Pregunta V="005"/>
        </lin>
        <lin>
          <Opcion V="001"/>
          <Votos V="1461"/>
          <Porc V="045,90"/>
          <Pregunta V="006"/>
        </lin>
        <lin>
          <Opcion V="002"/>
          <Votos V="1722"/>
          <Porc V="054,09"/>
          <Pregunta V="006"/>
        </lin>
        <lin>
          <Opcion V="001"/>
          <Votos V="1856"/>
          <Porc V="053,95"/>
          <Pregunta V="007"/>
        </lin>
        <lin>
          <Opcion V="002"/>
          <Votos V="1584"/>
          <Porc V="046,04"/>
          <Pregunta V="007"/>
        </lin>
      </Detalle_Opcion>
    </lin>
  </Detalle_Circunscripcion>
</Boletin>
</Boletin_Consolidado>