<Boletin_Consolidado><Boletin>
  <Numero V="0008"/>
  <Boletin_Departamental V="0012"/>
  <Tipo_Boletin V="DEPARTAMENTAL"/>
  <Desc_Corporacion V="CONSULTA POPULAR"/>
  <Departamento V="07"/>
  <Desc_Departamento V="BOYACA"/>
  <Municipio V="025"/>
  <Desc_Municipio V="BOYACA"/>
  <Dia V="21"/>
  <Mes V="8"/>
  <Anio V="2018"/>
  <Hora V="14"/>
  <Minuto V="15"/>
  <Mesas_Instaladas V="12"/>
  <Mesas_Informadas V="12"/>
  <Porc_Mesas_Informadas V="100,00"/>
  <Potencial_Sufragantes V="4295"/>
  <Detalle_Circunscripcion>
    <lin>
      <Circunscripcion V="0"/>
      <Desc_Circunscripcion V="NACIONAL"/>
      <Detalle_Pregunta>
        <lin>
          <Pregunta V="001"/>
          <Total_Sufragantes V="4295"/>
          <Porc_Sufragantes V="100,00"/>
          <Abstencion V="0"/>
          <Porc_Abstencion V="000,00"/>
          <Votos_Validos V="2016"/>
          <Porc_Votos_Validos V="046,93"/>
          <Votos_No_Marcados V="1144"/>
          <Porc_Votos_No_Marcados V="026,63"/>
          <Votos_Nulos V="1135"/>
          <Porc_Votos_Nulos V="026,42"/>
        </lin>
        <lin>
          <Pregunta V="002"/>
          <Total_Sufragantes V="4295"/>
          <Porc_Sufragantes V="100,00"/>
          <Abstencion V="0"/>
          <Porc_Abstencion V="000,00"/>
          <Votos_Validos V="2529"/>
          <Porc_Votos_Validos V="058,88"/>
          <Votos_No_Marcados V="819"/>
          <Porc_Votos_No_Marcados V="019,06"/>
          <Votos_Nulos V="947"/>
          <Porc_Votos_Nulos V="022,04"/>
        </lin>
        <lin>
          <Pregunta V="003"/>
          <Total_Sufragantes V="4295"/>
          <Porc_Sufragantes V="100,00"/>
          <Abstencion V="0"/>
          <Porc_Abstencion V="000,00"/>
          <Votos_Validos V="2495"/>
          <Porc_Votos_Validos V="058,09"/>
          <Votos_No_Marcados V="1012"/>
          <Porc_Votos_No_Marcados V="023,56"/>
          <Votos_Nulos V="788"/>
          <Porc_Votos_Nulos V="018,34"/>
        </lin>
        <lin>
          <Pregunta V="004"/>
          <Total_Sufragantes V="4295"/>
          <Porc_Sufragantes V="100,00"/>
          <Abstencion V="0"/>
          <Porc_Abstencion V="000,00"/>
          <Votos_Validos V="2301"/>
          <Porc_Votos_Validos V="053,57"/>
          <Votos_No_Marcados V="1131"/>
          <Porc_Votos_No_Marcados V="026,33"/>
          <Votos_Nulos V="863"/>
          <Porc_Votos_Nulos V="020,09"/>
        </lin>
        <lin>
          <Pregunta V="005"/>
          <Total_Sufragantes V="4295"/>
          <Porc_Sufragantes V="100,00"/>
          <Abstencion V="0"/>
          <Porc_Abstencion V="000,00"/>
          <Votos_Validos V="2099"/>
          <Porc_Votos_Validos V="048,87"/>
          <Votos_No_Marcados V="1350"/>
          <Porc_Votos_No_Marcados V="031,43"/>
          <Votos_Nulos V="846"/>
          <Porc_Votos_Nulos V="019,69"/>
        </lin>
        <lin>
          <Pregunta V="006"/>
          <Total_Sufragantes V="4295"/>
          <Porc_Sufragantes V="100,00"/>
          <Abstencion V="0"/>
          <Porc_Abstencion V="000,00"/>
          <Votos_Validos V="1903"/>
          <Porc_Votos_Validos V="044,30"/>
          <Votos_No_Marcados V="889"/>
          <Porc_Votos_No_Marcados V="020,69"/>
          <Votos_Nulos V="1503"/>
          <Porc_Votos_Nulos V="034,99"/>
        </lin>
        <lin>
          <Pregunta V="007"/>
          <Total_Sufragantes V="4295"/>
          <Porc_Sufragantes V="100,00"/>
          <Abstencion V="0"/>
          <Porc_Abstencion V="000,00"/>
          <Votos_Validos V="2068"/>
          <Porc_Votos_Validos V="048,14"/>
          <Votos_No_Marcados V="718"/>
          <Porc_Votos_No_Marcados V="016,71"/>
          <Votos_Nulos V="1509"/>
          <Porc_Votos_Nulos V="035,13"/>
        </lin>
      </Detalle_Pregunta>
      <Detalle_Opcion>
        <lin>
          <Opcion V="001"/>
          <Votos V="1166"/>
          <Porc V="057,83"/>
          <Pregunta V="001"/>
        </lin>
        <lin>
          <Opcion V="002"/>
          <Votos V="850"/>
          <Porc V="042,16"/>
          <Pregunta V="001"/>
        </lin>
        <lin>
          <Opcion V="001"/>
          <Votos V="1403"/>
          <Porc V="055,47"/>
          <Pregunta V="002"/>
        </lin>
        <lin>
          <Opcion V="002"/>
          <Votos V="1126"/>
          <Porc V="044,52"/>
          <Pregunta V="002"/>
        </lin>
        <lin>
          <Opcion V="001"/>
          <Votos V="1576"/>
          <Porc V="063,16"/>
          <Pregunta V="003"/>
        </lin>
        <lin>
          <Opcion V="002"/>
          <Votos V="919"/>
          <Porc V="036,83"/>
          <Pregunta V="003"/>
        </lin>
        <lin>
          <Opcion V="001"/>
          <Votos V="1428"/>
          <Porc V="062,05"/>
          <Pregunta V="004"/>
        </lin>
        <lin>
          <Opcion V="002"/>
          <Votos V="873"/>
          <Porc V="037,94"/>
          <Pregunta V="004"/>
        </lin>
        <lin>
          <Opcion V="001"/>
          <Votos V="992"/>
          <Porc V="047,26"/>
          <Pregunta V="005"/>
        </lin>
        <lin>
          <Opcion V="002"/>
          <Votos V="1107"/>
          <Porc V="052,73"/>
          <Pregunta V="005"/>
        </lin>
        <lin>
          <Opcion V="001"/>
          <Votos V="857"/>
          <Porc V="045,03"/>
          <Pregunta V="006"/>
        </lin>
        <lin>
          <Opcion V="002"/>
          <Votos V="1046"/>
          <Porc V="054,96"/>
          <Pregunta V="006"/>
        </lin>
        <lin>
          <Opcion V="001"/>
          <Votos V="1246"/>
          <Porc V="060,25"/>
          <Pregunta V="007"/>
        </lin>
        <lin>
          <Opcion V="002"/>
          <Votos V="822"/>
          <Porc V="039,74"/>
          <Pregunta V="007"/>
        </lin>
      </Detalle_Opcion>
    </lin>
  </Detalle_Circunscripcion>
</Boletin>
</Boletin_Consolidado>