<Boletin_Consolidado><Boletin>
  <Numero V="0008"/>
  <Boletin_Departamental V="0012"/>
  <Tipo_Boletin V="DEPARTAMENTAL"/>
  <Desc_Corporacion V="CONSULTA POPULAR"/>
  <Departamento V="07"/>
  <Desc_Departamento V="BOYACA"/>
  <Municipio V="324"/>
  <Desc_Municipio V="TUNUNGUA"/>
  <Dia V="21"/>
  <Mes V="8"/>
  <Anio V="2018"/>
  <Hora V="14"/>
  <Minuto V="15"/>
  <Mesas_Instaladas V="4"/>
  <Mesas_Informadas V="4"/>
  <Porc_Mesas_Informadas V="100,00"/>
  <Potencial_Sufragantes V="1362"/>
  <Detalle_Circunscripcion>
    <lin>
      <Circunscripcion V="0"/>
      <Desc_Circunscripcion V="NACIONAL"/>
      <Detalle_Pregunta>
        <lin>
          <Pregunta V="001"/>
          <Total_Sufragantes V="1362"/>
          <Porc_Sufragantes V="100,00"/>
          <Abstencion V="0"/>
          <Porc_Abstencion V="000,00"/>
          <Votos_Validos V="772"/>
          <Porc_Votos_Validos V="056,68"/>
          <Votos_No_Marcados V="481"/>
          <Porc_Votos_No_Marcados V="035,31"/>
          <Votos_Nulos V="109"/>
          <Porc_Votos_Nulos V="008,00"/>
        </lin>
        <lin>
          <Pregunta V="002"/>
          <Total_Sufragantes V="1362"/>
          <Porc_Sufragantes V="100,00"/>
          <Abstencion V="0"/>
          <Porc_Abstencion V="000,00"/>
          <Votos_Validos V="603"/>
          <Porc_Votos_Validos V="044,27"/>
          <Votos_No_Marcados V="307"/>
          <Porc_Votos_No_Marcados V="022,54"/>
          <Votos_Nulos V="452"/>
          <Porc_Votos_Nulos V="033,18"/>
        </lin>
        <lin>
          <Pregunta V="003"/>
          <Total_Sufragantes V="1362"/>
          <Porc_Sufragantes V="100,00"/>
          <Abstencion V="0"/>
          <Porc_Abstencion V="000,00"/>
          <Votos_Validos V="688"/>
          <Porc_Votos_Validos V="050,51"/>
          <Votos_No_Marcados V="224"/>
          <Porc_Votos_No_Marcados V="016,44"/>
          <Votos_Nulos V="450"/>
          <Porc_Votos_Nulos V="033,03"/>
        </lin>
        <lin>
          <Pregunta V="004"/>
          <Total_Sufragantes V="1362"/>
          <Porc_Sufragantes V="100,00"/>
          <Abstencion V="0"/>
          <Porc_Abstencion V="000,00"/>
          <Votos_Validos V="708"/>
          <Porc_Votos_Validos V="051,98"/>
          <Votos_No_Marcados V="163"/>
          <Porc_Votos_No_Marcados V="011,96"/>
          <Votos_Nulos V="491"/>
          <Porc_Votos_Nulos V="036,04"/>
        </lin>
        <lin>
          <Pregunta V="005"/>
          <Total_Sufragantes V="1362"/>
          <Porc_Sufragantes V="100,00"/>
          <Abstencion V="0"/>
          <Porc_Abstencion V="000,00"/>
          <Votos_Validos V="911"/>
          <Porc_Votos_Validos V="066,88"/>
          <Votos_No_Marcados V="220"/>
          <Porc_Votos_No_Marcados V="016,15"/>
          <Votos_Nulos V="231"/>
          <Porc_Votos_Nulos V="016,96"/>
        </lin>
        <lin>
          <Pregunta V="006"/>
          <Total_Sufragantes V="1362"/>
          <Porc_Sufragantes V="100,00"/>
          <Abstencion V="0"/>
          <Porc_Abstencion V="000,00"/>
          <Votos_Validos V="520"/>
          <Porc_Votos_Validos V="038,17"/>
          <Votos_No_Marcados V="298"/>
          <Porc_Votos_No_Marcados V="021,87"/>
          <Votos_Nulos V="544"/>
          <Porc_Votos_Nulos V="039,94"/>
        </lin>
        <lin>
          <Pregunta V="007"/>
          <Total_Sufragantes V="1362"/>
          <Porc_Sufragantes V="100,00"/>
          <Abstencion V="0"/>
          <Porc_Abstencion V="000,00"/>
          <Votos_Validos V="475"/>
          <Porc_Votos_Validos V="034,87"/>
          <Votos_No_Marcados V="363"/>
          <Porc_Votos_No_Marcados V="026,65"/>
          <Votos_Nulos V="524"/>
          <Porc_Votos_Nulos V="038,47"/>
        </lin>
      </Detalle_Pregunta>
      <Detalle_Opcion>
        <lin>
          <Opcion V="001"/>
          <Votos V="171"/>
          <Porc V="022,15"/>
          <Pregunta V="001"/>
        </lin>
        <lin>
          <Opcion V="002"/>
          <Votos V="601"/>
          <Porc V="077,84"/>
          <Pregunta V="001"/>
        </lin>
        <lin>
          <Opcion V="001"/>
          <Votos V="274"/>
          <Porc V="045,43"/>
          <Pregunta V="002"/>
        </lin>
        <lin>
          <Opcion V="002"/>
          <Votos V="329"/>
          <Porc V="054,56"/>
          <Pregunta V="002"/>
        </lin>
        <lin>
          <Opcion V="001"/>
          <Votos V="235"/>
          <Porc V="034,15"/>
          <Pregunta V="003"/>
        </lin>
        <lin>
          <Opcion V="002"/>
          <Votos V="453"/>
          <Porc V="065,84"/>
          <Pregunta V="003"/>
        </lin>
        <lin>
          <Opcion V="001"/>
          <Votos V="280"/>
          <Porc V="039,54"/>
          <Pregunta V="004"/>
        </lin>
        <lin>
          <Opcion V="002"/>
          <Votos V="428"/>
          <Porc V="060,45"/>
          <Pregunta V="004"/>
        </lin>
        <lin>
          <Opcion V="001"/>
          <Votos V="551"/>
          <Porc V="060,48"/>
          <Pregunta V="005"/>
        </lin>
        <lin>
          <Opcion V="002"/>
          <Votos V="360"/>
          <Porc V="039,51"/>
          <Pregunta V="005"/>
        </lin>
        <lin>
          <Opcion V="001"/>
          <Votos V="293"/>
          <Porc V="056,34"/>
          <Pregunta V="006"/>
        </lin>
        <lin>
          <Opcion V="002"/>
          <Votos V="227"/>
          <Porc V="043,65"/>
          <Pregunta V="006"/>
        </lin>
        <lin>
          <Opcion V="001"/>
          <Votos V="102"/>
          <Porc V="021,47"/>
          <Pregunta V="007"/>
        </lin>
        <lin>
          <Opcion V="002"/>
          <Votos V="373"/>
          <Porc V="078,52"/>
          <Pregunta V="007"/>
        </lin>
      </Detalle_Opcion>
    </lin>
  </Detalle_Circunscripcion>
</Boletin>
</Boletin_Consolidado>