<Boletin_Consolidado><Boletin>
  <Numero V="0008"/>
  <Boletin_Departamental V="0012"/>
  <Tipo_Boletin V="DEPARTAMENTAL"/>
  <Desc_Corporacion V="CONSULTA POPULAR"/>
  <Departamento V="01"/>
  <Desc_Departamento V="ANTIOQUIA"/>
  <Municipio V="283"/>
  <Desc_Municipio V="URRAO"/>
  <Dia V="21"/>
  <Mes V="8"/>
  <Anio V="2018"/>
  <Hora V="14"/>
  <Minuto V="15"/>
  <Mesas_Instaladas V="63"/>
  <Mesas_Informadas V="63"/>
  <Porc_Mesas_Informadas V="100,00"/>
  <Potencial_Sufragantes V="22869"/>
  <Detalle_Circunscripcion>
    <lin>
      <Circunscripcion V="0"/>
      <Desc_Circunscripcion V="NACIONAL"/>
      <Detalle_Pregunta>
        <lin>
          <Pregunta V="001"/>
          <Total_Sufragantes V="22869"/>
          <Porc_Sufragantes V="100,00"/>
          <Abstencion V="0"/>
          <Porc_Abstencion V="000,00"/>
          <Votos_Validos V="10466"/>
          <Porc_Votos_Validos V="045,76"/>
          <Votos_No_Marcados V="6463"/>
          <Porc_Votos_No_Marcados V="028,26"/>
          <Votos_Nulos V="5940"/>
          <Porc_Votos_Nulos V="025,97"/>
        </lin>
        <lin>
          <Pregunta V="002"/>
          <Total_Sufragantes V="22869"/>
          <Porc_Sufragantes V="100,00"/>
          <Abstencion V="0"/>
          <Porc_Abstencion V="000,00"/>
          <Votos_Validos V="12019"/>
          <Porc_Votos_Validos V="052,55"/>
          <Votos_No_Marcados V="5527"/>
          <Porc_Votos_No_Marcados V="024,16"/>
          <Votos_Nulos V="5323"/>
          <Porc_Votos_Nulos V="023,27"/>
        </lin>
        <lin>
          <Pregunta V="003"/>
          <Total_Sufragantes V="22869"/>
          <Porc_Sufragantes V="100,00"/>
          <Abstencion V="0"/>
          <Porc_Abstencion V="000,00"/>
          <Votos_Validos V="10871"/>
          <Porc_Votos_Validos V="047,53"/>
          <Votos_No_Marcados V="5445"/>
          <Porc_Votos_No_Marcados V="023,80"/>
          <Votos_Nulos V="6553"/>
          <Porc_Votos_Nulos V="028,65"/>
        </lin>
        <lin>
          <Pregunta V="004"/>
          <Total_Sufragantes V="22869"/>
          <Porc_Sufragantes V="100,00"/>
          <Abstencion V="0"/>
          <Porc_Abstencion V="000,00"/>
          <Votos_Validos V="12110"/>
          <Porc_Votos_Validos V="052,95"/>
          <Votos_No_Marcados V="5333"/>
          <Porc_Votos_No_Marcados V="023,31"/>
          <Votos_Nulos V="5426"/>
          <Porc_Votos_Nulos V="023,72"/>
        </lin>
        <lin>
          <Pregunta V="005"/>
          <Total_Sufragantes V="22869"/>
          <Porc_Sufragantes V="100,00"/>
          <Abstencion V="0"/>
          <Porc_Abstencion V="000,00"/>
          <Votos_Validos V="11245"/>
          <Porc_Votos_Validos V="049,17"/>
          <Votos_No_Marcados V="6485"/>
          <Porc_Votos_No_Marcados V="028,35"/>
          <Votos_Nulos V="5139"/>
          <Porc_Votos_Nulos V="022,47"/>
        </lin>
        <lin>
          <Pregunta V="006"/>
          <Total_Sufragantes V="22869"/>
          <Porc_Sufragantes V="100,00"/>
          <Abstencion V="0"/>
          <Porc_Abstencion V="000,00"/>
          <Votos_Validos V="12833"/>
          <Porc_Votos_Validos V="056,11"/>
          <Votos_No_Marcados V="4833"/>
          <Porc_Votos_No_Marcados V="021,13"/>
          <Votos_Nulos V="5203"/>
          <Porc_Votos_Nulos V="022,75"/>
        </lin>
        <lin>
          <Pregunta V="007"/>
          <Total_Sufragantes V="22869"/>
          <Porc_Sufragantes V="100,00"/>
          <Abstencion V="0"/>
          <Porc_Abstencion V="000,00"/>
          <Votos_Validos V="10453"/>
          <Porc_Votos_Validos V="045,70"/>
          <Votos_No_Marcados V="6165"/>
          <Porc_Votos_No_Marcados V="026,95"/>
          <Votos_Nulos V="6251"/>
          <Porc_Votos_Nulos V="027,33"/>
        </lin>
      </Detalle_Pregunta>
      <Detalle_Opcion>
        <lin>
          <Opcion V="001"/>
          <Votos V="4878"/>
          <Porc V="046,60"/>
          <Pregunta V="001"/>
        </lin>
        <lin>
          <Opcion V="002"/>
          <Votos V="5588"/>
          <Porc V="053,39"/>
          <Pregunta V="001"/>
        </lin>
        <lin>
          <Opcion V="001"/>
          <Votos V="5746"/>
          <Porc V="047,80"/>
          <Pregunta V="002"/>
        </lin>
        <lin>
          <Opcion V="002"/>
          <Votos V="6273"/>
          <Porc V="052,19"/>
          <Pregunta V="002"/>
        </lin>
        <lin>
          <Opcion V="001"/>
          <Votos V="5282"/>
          <Porc V="048,58"/>
          <Pregunta V="003"/>
        </lin>
        <lin>
          <Opcion V="002"/>
          <Votos V="5589"/>
          <Porc V="051,41"/>
          <Pregunta V="003"/>
        </lin>
        <lin>
          <Opcion V="001"/>
          <Votos V="5329"/>
          <Porc V="044,00"/>
          <Pregunta V="004"/>
        </lin>
        <lin>
          <Opcion V="002"/>
          <Votos V="6781"/>
          <Porc V="055,99"/>
          <Pregunta V="004"/>
        </lin>
        <lin>
          <Opcion V="001"/>
          <Votos V="5703"/>
          <Porc V="050,71"/>
          <Pregunta V="005"/>
        </lin>
        <lin>
          <Opcion V="002"/>
          <Votos V="5542"/>
          <Porc V="049,28"/>
          <Pregunta V="005"/>
        </lin>
        <lin>
          <Opcion V="001"/>
          <Votos V="6830"/>
          <Porc V="053,22"/>
          <Pregunta V="006"/>
        </lin>
        <lin>
          <Opcion V="002"/>
          <Votos V="6003"/>
          <Porc V="046,77"/>
          <Pregunta V="006"/>
        </lin>
        <lin>
          <Opcion V="001"/>
          <Votos V="5190"/>
          <Porc V="049,65"/>
          <Pregunta V="007"/>
        </lin>
        <lin>
          <Opcion V="002"/>
          <Votos V="5263"/>
          <Porc V="050,34"/>
          <Pregunta V="007"/>
        </lin>
      </Detalle_Opcion>
    </lin>
  </Detalle_Circunscripcion>
</Boletin>
</Boletin_Consolidado>