<Boletin_Consolidado><Boletin>
  <Numero V="0008"/>
  <Boletin_Departamental V="0012"/>
  <Tipo_Boletin V="DEPARTAMENTAL"/>
  <Desc_Corporacion V="CONSULTA POPULAR"/>
  <Departamento V="12"/>
  <Desc_Departamento V="CESAR"/>
  <Municipio V="180"/>
  <Desc_Municipio V="BECERRIL"/>
  <Dia V="21"/>
  <Mes V="8"/>
  <Anio V="2018"/>
  <Hora V="14"/>
  <Minuto V="15"/>
  <Mesas_Instaladas V="44"/>
  <Mesas_Informadas V="44"/>
  <Porc_Mesas_Informadas V="100,00"/>
  <Potencial_Sufragantes V="16272"/>
  <Detalle_Circunscripcion>
    <lin>
      <Circunscripcion V="0"/>
      <Desc_Circunscripcion V="NACIONAL"/>
      <Detalle_Pregunta>
        <lin>
          <Pregunta V="001"/>
          <Total_Sufragantes V="16272"/>
          <Porc_Sufragantes V="100,00"/>
          <Abstencion V="0"/>
          <Porc_Abstencion V="000,00"/>
          <Votos_Validos V="8210"/>
          <Porc_Votos_Validos V="050,45"/>
          <Votos_No_Marcados V="4048"/>
          <Porc_Votos_No_Marcados V="024,87"/>
          <Votos_Nulos V="4014"/>
          <Porc_Votos_Nulos V="024,66"/>
        </lin>
        <lin>
          <Pregunta V="002"/>
          <Total_Sufragantes V="16272"/>
          <Porc_Sufragantes V="100,00"/>
          <Abstencion V="0"/>
          <Porc_Abstencion V="000,00"/>
          <Votos_Validos V="8186"/>
          <Porc_Votos_Validos V="050,30"/>
          <Votos_No_Marcados V="4030"/>
          <Porc_Votos_No_Marcados V="024,76"/>
          <Votos_Nulos V="4056"/>
          <Porc_Votos_Nulos V="024,92"/>
        </lin>
        <lin>
          <Pregunta V="003"/>
          <Total_Sufragantes V="16272"/>
          <Porc_Sufragantes V="100,00"/>
          <Abstencion V="0"/>
          <Porc_Abstencion V="000,00"/>
          <Votos_Validos V="7293"/>
          <Porc_Votos_Validos V="044,81"/>
          <Votos_No_Marcados V="4526"/>
          <Porc_Votos_No_Marcados V="027,81"/>
          <Votos_Nulos V="4453"/>
          <Porc_Votos_Nulos V="027,36"/>
        </lin>
        <lin>
          <Pregunta V="004"/>
          <Total_Sufragantes V="16272"/>
          <Porc_Sufragantes V="100,00"/>
          <Abstencion V="0"/>
          <Porc_Abstencion V="000,00"/>
          <Votos_Validos V="7992"/>
          <Porc_Votos_Validos V="049,11"/>
          <Votos_No_Marcados V="4300"/>
          <Porc_Votos_No_Marcados V="026,42"/>
          <Votos_Nulos V="3980"/>
          <Porc_Votos_Nulos V="024,45"/>
        </lin>
        <lin>
          <Pregunta V="005"/>
          <Total_Sufragantes V="16272"/>
          <Porc_Sufragantes V="100,00"/>
          <Abstencion V="0"/>
          <Porc_Abstencion V="000,00"/>
          <Votos_Validos V="7609"/>
          <Porc_Votos_Validos V="046,76"/>
          <Votos_No_Marcados V="4532"/>
          <Porc_Votos_No_Marcados V="027,85"/>
          <Votos_Nulos V="4131"/>
          <Porc_Votos_Nulos V="025,38"/>
        </lin>
        <lin>
          <Pregunta V="006"/>
          <Total_Sufragantes V="16272"/>
          <Porc_Sufragantes V="100,00"/>
          <Abstencion V="0"/>
          <Porc_Abstencion V="000,00"/>
          <Votos_Validos V="8185"/>
          <Porc_Votos_Validos V="050,30"/>
          <Votos_No_Marcados V="4235"/>
          <Porc_Votos_No_Marcados V="026,02"/>
          <Votos_Nulos V="3852"/>
          <Porc_Votos_Nulos V="023,67"/>
        </lin>
        <lin>
          <Pregunta V="007"/>
          <Total_Sufragantes V="16272"/>
          <Porc_Sufragantes V="100,00"/>
          <Abstencion V="0"/>
          <Porc_Abstencion V="000,00"/>
          <Votos_Validos V="8160"/>
          <Porc_Votos_Validos V="050,14"/>
          <Votos_No_Marcados V="3616"/>
          <Porc_Votos_No_Marcados V="022,22"/>
          <Votos_Nulos V="4496"/>
          <Porc_Votos_Nulos V="027,63"/>
        </lin>
      </Detalle_Pregunta>
      <Detalle_Opcion>
        <lin>
          <Opcion V="001"/>
          <Votos V="4436"/>
          <Porc V="054,03"/>
          <Pregunta V="001"/>
        </lin>
        <lin>
          <Opcion V="002"/>
          <Votos V="3774"/>
          <Porc V="045,96"/>
          <Pregunta V="001"/>
        </lin>
        <lin>
          <Opcion V="001"/>
          <Votos V="4215"/>
          <Porc V="051,49"/>
          <Pregunta V="002"/>
        </lin>
        <lin>
          <Opcion V="002"/>
          <Votos V="3971"/>
          <Porc V="048,50"/>
          <Pregunta V="002"/>
        </lin>
        <lin>
          <Opcion V="001"/>
          <Votos V="3856"/>
          <Porc V="052,87"/>
          <Pregunta V="003"/>
        </lin>
        <lin>
          <Opcion V="002"/>
          <Votos V="3437"/>
          <Porc V="047,12"/>
          <Pregunta V="003"/>
        </lin>
        <lin>
          <Opcion V="001"/>
          <Votos V="4084"/>
          <Porc V="051,10"/>
          <Pregunta V="004"/>
        </lin>
        <lin>
          <Opcion V="002"/>
          <Votos V="3908"/>
          <Porc V="048,89"/>
          <Pregunta V="004"/>
        </lin>
        <lin>
          <Opcion V="001"/>
          <Votos V="4212"/>
          <Porc V="055,35"/>
          <Pregunta V="005"/>
        </lin>
        <lin>
          <Opcion V="002"/>
          <Votos V="3397"/>
          <Porc V="044,64"/>
          <Pregunta V="005"/>
        </lin>
        <lin>
          <Opcion V="001"/>
          <Votos V="3882"/>
          <Porc V="047,42"/>
          <Pregunta V="006"/>
        </lin>
        <lin>
          <Opcion V="002"/>
          <Votos V="4303"/>
          <Porc V="052,57"/>
          <Pregunta V="006"/>
        </lin>
        <lin>
          <Opcion V="001"/>
          <Votos V="4300"/>
          <Porc V="052,69"/>
          <Pregunta V="007"/>
        </lin>
        <lin>
          <Opcion V="002"/>
          <Votos V="3860"/>
          <Porc V="047,30"/>
          <Pregunta V="007"/>
        </lin>
      </Detalle_Opcion>
    </lin>
  </Detalle_Circunscripcion>
</Boletin>
</Boletin_Consolidado>