<Boletin_Consolidado><Boletin>
  <Numero V="0008"/>
  <Boletin_Departamental V="0012"/>
  <Tipo_Boletin V="DEPARTAMENTAL"/>
  <Desc_Corporacion V="CONSULTA POPULAR"/>
  <Departamento V="07"/>
  <Desc_Departamento V="BOYACA"/>
  <Municipio V="067"/>
  <Desc_Municipio V="CHIQUINQUIRA"/>
  <Dia V="21"/>
  <Mes V="8"/>
  <Anio V="2018"/>
  <Hora V="14"/>
  <Minuto V="15"/>
  <Mesas_Instaladas V="112"/>
  <Mesas_Informadas V="112"/>
  <Porc_Mesas_Informadas V="100,00"/>
  <Potencial_Sufragantes V="41047"/>
  <Detalle_Circunscripcion>
    <lin>
      <Circunscripcion V="0"/>
      <Desc_Circunscripcion V="NACIONAL"/>
      <Detalle_Pregunta>
        <lin>
          <Pregunta V="001"/>
          <Total_Sufragantes V="41047"/>
          <Porc_Sufragantes V="100,00"/>
          <Abstencion V="0"/>
          <Porc_Abstencion V="000,00"/>
          <Votos_Validos V="21325"/>
          <Porc_Votos_Validos V="051,95"/>
          <Votos_No_Marcados V="9533"/>
          <Porc_Votos_No_Marcados V="023,22"/>
          <Votos_Nulos V="10189"/>
          <Porc_Votos_Nulos V="024,82"/>
        </lin>
        <lin>
          <Pregunta V="002"/>
          <Total_Sufragantes V="41047"/>
          <Porc_Sufragantes V="100,00"/>
          <Abstencion V="0"/>
          <Porc_Abstencion V="000,00"/>
          <Votos_Validos V="20841"/>
          <Porc_Votos_Validos V="050,77"/>
          <Votos_No_Marcados V="9949"/>
          <Porc_Votos_No_Marcados V="024,23"/>
          <Votos_Nulos V="10257"/>
          <Porc_Votos_Nulos V="024,98"/>
        </lin>
        <lin>
          <Pregunta V="003"/>
          <Total_Sufragantes V="41047"/>
          <Porc_Sufragantes V="100,00"/>
          <Abstencion V="0"/>
          <Porc_Abstencion V="000,00"/>
          <Votos_Validos V="19674"/>
          <Porc_Votos_Validos V="047,93"/>
          <Votos_No_Marcados V="9616"/>
          <Porc_Votos_No_Marcados V="023,42"/>
          <Votos_Nulos V="11757"/>
          <Porc_Votos_Nulos V="028,64"/>
        </lin>
        <lin>
          <Pregunta V="004"/>
          <Total_Sufragantes V="41047"/>
          <Porc_Sufragantes V="100,00"/>
          <Abstencion V="0"/>
          <Porc_Abstencion V="000,00"/>
          <Votos_Validos V="20802"/>
          <Porc_Votos_Validos V="050,67"/>
          <Votos_No_Marcados V="10368"/>
          <Porc_Votos_No_Marcados V="025,25"/>
          <Votos_Nulos V="9877"/>
          <Porc_Votos_Nulos V="024,06"/>
        </lin>
        <lin>
          <Pregunta V="005"/>
          <Total_Sufragantes V="41047"/>
          <Porc_Sufragantes V="100,00"/>
          <Abstencion V="0"/>
          <Porc_Abstencion V="000,00"/>
          <Votos_Validos V="21022"/>
          <Porc_Votos_Validos V="051,21"/>
          <Votos_No_Marcados V="9635"/>
          <Porc_Votos_No_Marcados V="023,47"/>
          <Votos_Nulos V="10390"/>
          <Porc_Votos_Nulos V="025,31"/>
        </lin>
        <lin>
          <Pregunta V="006"/>
          <Total_Sufragantes V="41047"/>
          <Porc_Sufragantes V="100,00"/>
          <Abstencion V="0"/>
          <Porc_Abstencion V="000,00"/>
          <Votos_Validos V="19784"/>
          <Porc_Votos_Validos V="048,19"/>
          <Votos_No_Marcados V="10642"/>
          <Porc_Votos_No_Marcados V="025,92"/>
          <Votos_Nulos V="10621"/>
          <Porc_Votos_Nulos V="025,87"/>
        </lin>
        <lin>
          <Pregunta V="007"/>
          <Total_Sufragantes V="41047"/>
          <Porc_Sufragantes V="100,00"/>
          <Abstencion V="0"/>
          <Porc_Abstencion V="000,00"/>
          <Votos_Validos V="20999"/>
          <Porc_Votos_Validos V="051,15"/>
          <Votos_No_Marcados V="10453"/>
          <Porc_Votos_No_Marcados V="025,46"/>
          <Votos_Nulos V="9595"/>
          <Porc_Votos_Nulos V="023,37"/>
        </lin>
      </Detalle_Pregunta>
      <Detalle_Opcion>
        <lin>
          <Opcion V="001"/>
          <Votos V="10814"/>
          <Porc V="050,71"/>
          <Pregunta V="001"/>
        </lin>
        <lin>
          <Opcion V="002"/>
          <Votos V="10511"/>
          <Porc V="049,28"/>
          <Pregunta V="001"/>
        </lin>
        <lin>
          <Opcion V="001"/>
          <Votos V="10144"/>
          <Porc V="048,67"/>
          <Pregunta V="002"/>
        </lin>
        <lin>
          <Opcion V="002"/>
          <Votos V="10697"/>
          <Porc V="051,32"/>
          <Pregunta V="002"/>
        </lin>
        <lin>
          <Opcion V="001"/>
          <Votos V="9596"/>
          <Porc V="048,77"/>
          <Pregunta V="003"/>
        </lin>
        <lin>
          <Opcion V="002"/>
          <Votos V="10078"/>
          <Porc V="051,22"/>
          <Pregunta V="003"/>
        </lin>
        <lin>
          <Opcion V="001"/>
          <Votos V="10394"/>
          <Porc V="049,96"/>
          <Pregunta V="004"/>
        </lin>
        <lin>
          <Opcion V="002"/>
          <Votos V="10408"/>
          <Porc V="050,03"/>
          <Pregunta V="004"/>
        </lin>
        <lin>
          <Opcion V="001"/>
          <Votos V="10761"/>
          <Porc V="051,18"/>
          <Pregunta V="005"/>
        </lin>
        <lin>
          <Opcion V="002"/>
          <Votos V="10261"/>
          <Porc V="048,81"/>
          <Pregunta V="005"/>
        </lin>
        <lin>
          <Opcion V="001"/>
          <Votos V="9467"/>
          <Porc V="047,85"/>
          <Pregunta V="006"/>
        </lin>
        <lin>
          <Opcion V="002"/>
          <Votos V="10317"/>
          <Porc V="052,14"/>
          <Pregunta V="006"/>
        </lin>
        <lin>
          <Opcion V="001"/>
          <Votos V="10319"/>
          <Porc V="049,14"/>
          <Pregunta V="007"/>
        </lin>
        <lin>
          <Opcion V="002"/>
          <Votos V="10680"/>
          <Porc V="050,85"/>
          <Pregunta V="007"/>
        </lin>
      </Detalle_Opcion>
    </lin>
  </Detalle_Circunscripcion>
</Boletin>
</Boletin_Consolidado>