<Boletin_Consolidado><Boletin>
  <Numero V="0008"/>
  <Boletin_Departamental V="0012"/>
  <Tipo_Boletin V="DEPARTAMENTAL"/>
  <Desc_Corporacion V="CONSULTA POPULAR"/>
  <Departamento V="07"/>
  <Desc_Departamento V="BOYACA"/>
  <Municipio V="037"/>
  <Desc_Municipio V="CALDAS"/>
  <Dia V="21"/>
  <Mes V="8"/>
  <Anio V="2018"/>
  <Hora V="14"/>
  <Minuto V="15"/>
  <Mesas_Instaladas V="10"/>
  <Mesas_Informadas V="10"/>
  <Porc_Mesas_Informadas V="100,00"/>
  <Potencial_Sufragantes V="3184"/>
  <Detalle_Circunscripcion>
    <lin>
      <Circunscripcion V="0"/>
      <Desc_Circunscripcion V="NACIONAL"/>
      <Detalle_Pregunta>
        <lin>
          <Pregunta V="001"/>
          <Total_Sufragantes V="3184"/>
          <Porc_Sufragantes V="100,00"/>
          <Abstencion V="0"/>
          <Porc_Abstencion V="000,00"/>
          <Votos_Validos V="2070"/>
          <Porc_Votos_Validos V="065,01"/>
          <Votos_No_Marcados V="537"/>
          <Porc_Votos_No_Marcados V="016,86"/>
          <Votos_Nulos V="577"/>
          <Porc_Votos_Nulos V="018,12"/>
        </lin>
        <lin>
          <Pregunta V="002"/>
          <Total_Sufragantes V="3184"/>
          <Porc_Sufragantes V="100,00"/>
          <Abstencion V="0"/>
          <Porc_Abstencion V="000,00"/>
          <Votos_Validos V="1772"/>
          <Porc_Votos_Validos V="055,65"/>
          <Votos_No_Marcados V="824"/>
          <Porc_Votos_No_Marcados V="025,87"/>
          <Votos_Nulos V="588"/>
          <Porc_Votos_Nulos V="018,46"/>
        </lin>
        <lin>
          <Pregunta V="003"/>
          <Total_Sufragantes V="3184"/>
          <Porc_Sufragantes V="100,00"/>
          <Abstencion V="0"/>
          <Porc_Abstencion V="000,00"/>
          <Votos_Validos V="2031"/>
          <Porc_Votos_Validos V="063,78"/>
          <Votos_No_Marcados V="678"/>
          <Porc_Votos_No_Marcados V="021,29"/>
          <Votos_Nulos V="475"/>
          <Porc_Votos_Nulos V="014,91"/>
        </lin>
        <lin>
          <Pregunta V="004"/>
          <Total_Sufragantes V="3184"/>
          <Porc_Sufragantes V="100,00"/>
          <Abstencion V="0"/>
          <Porc_Abstencion V="000,00"/>
          <Votos_Validos V="1565"/>
          <Porc_Votos_Validos V="049,15"/>
          <Votos_No_Marcados V="1228"/>
          <Porc_Votos_No_Marcados V="038,56"/>
          <Votos_Nulos V="391"/>
          <Porc_Votos_Nulos V="012,28"/>
        </lin>
        <lin>
          <Pregunta V="005"/>
          <Total_Sufragantes V="3184"/>
          <Porc_Sufragantes V="100,00"/>
          <Abstencion V="0"/>
          <Porc_Abstencion V="000,00"/>
          <Votos_Validos V="1556"/>
          <Porc_Votos_Validos V="048,86"/>
          <Votos_No_Marcados V="849"/>
          <Porc_Votos_No_Marcados V="026,66"/>
          <Votos_Nulos V="779"/>
          <Porc_Votos_Nulos V="024,46"/>
        </lin>
        <lin>
          <Pregunta V="006"/>
          <Total_Sufragantes V="3184"/>
          <Porc_Sufragantes V="100,00"/>
          <Abstencion V="0"/>
          <Porc_Abstencion V="000,00"/>
          <Votos_Validos V="1835"/>
          <Porc_Votos_Validos V="057,63"/>
          <Votos_No_Marcados V="676"/>
          <Porc_Votos_No_Marcados V="021,23"/>
          <Votos_Nulos V="673"/>
          <Porc_Votos_Nulos V="021,13"/>
        </lin>
        <lin>
          <Pregunta V="007"/>
          <Total_Sufragantes V="3184"/>
          <Porc_Sufragantes V="100,00"/>
          <Abstencion V="0"/>
          <Porc_Abstencion V="000,00"/>
          <Votos_Validos V="1564"/>
          <Porc_Votos_Validos V="049,12"/>
          <Votos_No_Marcados V="976"/>
          <Porc_Votos_No_Marcados V="030,65"/>
          <Votos_Nulos V="644"/>
          <Porc_Votos_Nulos V="020,22"/>
        </lin>
      </Detalle_Pregunta>
      <Detalle_Opcion>
        <lin>
          <Opcion V="001"/>
          <Votos V="927"/>
          <Porc V="044,78"/>
          <Pregunta V="001"/>
        </lin>
        <lin>
          <Opcion V="002"/>
          <Votos V="1143"/>
          <Porc V="055,21"/>
          <Pregunta V="001"/>
        </lin>
        <lin>
          <Opcion V="001"/>
          <Votos V="794"/>
          <Porc V="044,80"/>
          <Pregunta V="002"/>
        </lin>
        <lin>
          <Opcion V="002"/>
          <Votos V="978"/>
          <Porc V="055,19"/>
          <Pregunta V="002"/>
        </lin>
        <lin>
          <Opcion V="001"/>
          <Votos V="1138"/>
          <Porc V="056,03"/>
          <Pregunta V="003"/>
        </lin>
        <lin>
          <Opcion V="002"/>
          <Votos V="893"/>
          <Porc V="043,96"/>
          <Pregunta V="003"/>
        </lin>
        <lin>
          <Opcion V="001"/>
          <Votos V="817"/>
          <Porc V="052,20"/>
          <Pregunta V="004"/>
        </lin>
        <lin>
          <Opcion V="002"/>
          <Votos V="748"/>
          <Porc V="047,79"/>
          <Pregunta V="004"/>
        </lin>
        <lin>
          <Opcion V="001"/>
          <Votos V="908"/>
          <Porc V="058,35"/>
          <Pregunta V="005"/>
        </lin>
        <lin>
          <Opcion V="002"/>
          <Votos V="648"/>
          <Porc V="041,64"/>
          <Pregunta V="005"/>
        </lin>
        <lin>
          <Opcion V="001"/>
          <Votos V="1079"/>
          <Porc V="058,80"/>
          <Pregunta V="006"/>
        </lin>
        <lin>
          <Opcion V="002"/>
          <Votos V="756"/>
          <Porc V="041,19"/>
          <Pregunta V="006"/>
        </lin>
        <lin>
          <Opcion V="001"/>
          <Votos V="776"/>
          <Porc V="049,61"/>
          <Pregunta V="007"/>
        </lin>
        <lin>
          <Opcion V="002"/>
          <Votos V="788"/>
          <Porc V="050,38"/>
          <Pregunta V="007"/>
        </lin>
      </Detalle_Opcion>
    </lin>
  </Detalle_Circunscripcion>
</Boletin>
</Boletin_Consolidado>