<Boletin_Consolidado><Boletin>
  <Numero V="0008"/>
  <Boletin_Departamental V="0012"/>
  <Tipo_Boletin V="DEPARTAMENTAL"/>
  <Desc_Corporacion V="CONSULTA POPULAR"/>
  <Departamento V="05"/>
  <Desc_Departamento V="BOLIVAR"/>
  <Municipio V="070"/>
  <Desc_Municipio V="SAN ESTANISLAO"/>
  <Dia V="21"/>
  <Mes V="8"/>
  <Anio V="2018"/>
  <Hora V="14"/>
  <Minuto V="15"/>
  <Mesas_Instaladas V="39"/>
  <Mesas_Informadas V="39"/>
  <Porc_Mesas_Informadas V="100,00"/>
  <Potencial_Sufragantes V="14608"/>
  <Detalle_Circunscripcion>
    <lin>
      <Circunscripcion V="0"/>
      <Desc_Circunscripcion V="NACIONAL"/>
      <Detalle_Pregunta>
        <lin>
          <Pregunta V="001"/>
          <Total_Sufragantes V="14608"/>
          <Porc_Sufragantes V="100,00"/>
          <Abstencion V="0"/>
          <Porc_Abstencion V="000,00"/>
          <Votos_Validos V="7862"/>
          <Porc_Votos_Validos V="053,81"/>
          <Votos_No_Marcados V="3218"/>
          <Porc_Votos_No_Marcados V="022,02"/>
          <Votos_Nulos V="3528"/>
          <Porc_Votos_Nulos V="024,15"/>
        </lin>
        <lin>
          <Pregunta V="002"/>
          <Total_Sufragantes V="14608"/>
          <Porc_Sufragantes V="100,00"/>
          <Abstencion V="0"/>
          <Porc_Abstencion V="000,00"/>
          <Votos_Validos V="6813"/>
          <Porc_Votos_Validos V="046,63"/>
          <Votos_No_Marcados V="3539"/>
          <Porc_Votos_No_Marcados V="024,22"/>
          <Votos_Nulos V="4256"/>
          <Porc_Votos_Nulos V="029,13"/>
        </lin>
        <lin>
          <Pregunta V="003"/>
          <Total_Sufragantes V="14608"/>
          <Porc_Sufragantes V="100,00"/>
          <Abstencion V="0"/>
          <Porc_Abstencion V="000,00"/>
          <Votos_Validos V="7036"/>
          <Porc_Votos_Validos V="048,16"/>
          <Votos_No_Marcados V="3821"/>
          <Porc_Votos_No_Marcados V="026,15"/>
          <Votos_Nulos V="3751"/>
          <Porc_Votos_Nulos V="025,67"/>
        </lin>
        <lin>
          <Pregunta V="004"/>
          <Total_Sufragantes V="14608"/>
          <Porc_Sufragantes V="100,00"/>
          <Abstencion V="0"/>
          <Porc_Abstencion V="000,00"/>
          <Votos_Validos V="7827"/>
          <Porc_Votos_Validos V="053,58"/>
          <Votos_No_Marcados V="3311"/>
          <Porc_Votos_No_Marcados V="022,66"/>
          <Votos_Nulos V="3470"/>
          <Porc_Votos_Nulos V="023,75"/>
        </lin>
        <lin>
          <Pregunta V="005"/>
          <Total_Sufragantes V="14608"/>
          <Porc_Sufragantes V="100,00"/>
          <Abstencion V="0"/>
          <Porc_Abstencion V="000,00"/>
          <Votos_Validos V="7827"/>
          <Porc_Votos_Validos V="053,58"/>
          <Votos_No_Marcados V="3460"/>
          <Porc_Votos_No_Marcados V="023,68"/>
          <Votos_Nulos V="3321"/>
          <Porc_Votos_Nulos V="022,73"/>
        </lin>
        <lin>
          <Pregunta V="006"/>
          <Total_Sufragantes V="14608"/>
          <Porc_Sufragantes V="100,00"/>
          <Abstencion V="0"/>
          <Porc_Abstencion V="000,00"/>
          <Votos_Validos V="7556"/>
          <Porc_Votos_Validos V="051,72"/>
          <Votos_No_Marcados V="3137"/>
          <Porc_Votos_No_Marcados V="021,47"/>
          <Votos_Nulos V="3915"/>
          <Porc_Votos_Nulos V="026,80"/>
        </lin>
        <lin>
          <Pregunta V="007"/>
          <Total_Sufragantes V="14608"/>
          <Porc_Sufragantes V="100,00"/>
          <Abstencion V="0"/>
          <Porc_Abstencion V="000,00"/>
          <Votos_Validos V="6871"/>
          <Porc_Votos_Validos V="047,03"/>
          <Votos_No_Marcados V="3213"/>
          <Porc_Votos_No_Marcados V="021,99"/>
          <Votos_Nulos V="4524"/>
          <Porc_Votos_Nulos V="030,96"/>
        </lin>
      </Detalle_Pregunta>
      <Detalle_Opcion>
        <lin>
          <Opcion V="001"/>
          <Votos V="3905"/>
          <Porc V="049,66"/>
          <Pregunta V="001"/>
        </lin>
        <lin>
          <Opcion V="002"/>
          <Votos V="3957"/>
          <Porc V="050,33"/>
          <Pregunta V="001"/>
        </lin>
        <lin>
          <Opcion V="001"/>
          <Votos V="3552"/>
          <Porc V="052,13"/>
          <Pregunta V="002"/>
        </lin>
        <lin>
          <Opcion V="002"/>
          <Votos V="3261"/>
          <Porc V="047,86"/>
          <Pregunta V="002"/>
        </lin>
        <lin>
          <Opcion V="001"/>
          <Votos V="3420"/>
          <Porc V="048,60"/>
          <Pregunta V="003"/>
        </lin>
        <lin>
          <Opcion V="002"/>
          <Votos V="3616"/>
          <Porc V="051,39"/>
          <Pregunta V="003"/>
        </lin>
        <lin>
          <Opcion V="001"/>
          <Votos V="3761"/>
          <Porc V="048,05"/>
          <Pregunta V="004"/>
        </lin>
        <lin>
          <Opcion V="002"/>
          <Votos V="4066"/>
          <Porc V="051,94"/>
          <Pregunta V="004"/>
        </lin>
        <lin>
          <Opcion V="001"/>
          <Votos V="4076"/>
          <Porc V="052,07"/>
          <Pregunta V="005"/>
        </lin>
        <lin>
          <Opcion V="002"/>
          <Votos V="3751"/>
          <Porc V="047,92"/>
          <Pregunta V="005"/>
        </lin>
        <lin>
          <Opcion V="001"/>
          <Votos V="3513"/>
          <Porc V="046,49"/>
          <Pregunta V="006"/>
        </lin>
        <lin>
          <Opcion V="002"/>
          <Votos V="4043"/>
          <Porc V="053,50"/>
          <Pregunta V="006"/>
        </lin>
        <lin>
          <Opcion V="001"/>
          <Votos V="3627"/>
          <Porc V="052,78"/>
          <Pregunta V="007"/>
        </lin>
        <lin>
          <Opcion V="002"/>
          <Votos V="3244"/>
          <Porc V="047,21"/>
          <Pregunta V="007"/>
        </lin>
      </Detalle_Opcion>
    </lin>
  </Detalle_Circunscripcion>
</Boletin>
</Boletin_Consolidado>