<Boletin_Consolidado><Boletin>
  <Numero V="0008"/>
  <Boletin_Departamental V="0011"/>
  <Tipo_Boletin V="DEPARTAMENTAL"/>
  <Desc_Corporacion V="CONSULTA POPULAR"/>
  <Departamento V="07"/>
  <Desc_Departamento V="BOYACA"/>
  <Municipio V="311"/>
  <Desc_Municipio V="TIPACOQUE"/>
  <Dia V="21"/>
  <Mes V="8"/>
  <Anio V="2018"/>
  <Hora V="14"/>
  <Minuto V="15"/>
  <Mesas_Instaladas V="10"/>
  <Mesas_Informadas V="10"/>
  <Porc_Mesas_Informadas V="100,00"/>
  <Potencial_Sufragantes V="3339"/>
  <Detalle_Circunscripcion>
    <lin>
      <Circunscripcion V="0"/>
      <Desc_Circunscripcion V="NACIONAL"/>
      <Detalle_Pregunta>
        <lin>
          <Pregunta V="001"/>
          <Total_Sufragantes V="3339"/>
          <Porc_Sufragantes V="100,00"/>
          <Abstencion V="0"/>
          <Porc_Abstencion V="000,00"/>
          <Votos_Validos V="1681"/>
          <Porc_Votos_Validos V="050,34"/>
          <Votos_No_Marcados V="870"/>
          <Porc_Votos_No_Marcados V="026,05"/>
          <Votos_Nulos V="788"/>
          <Porc_Votos_Nulos V="023,59"/>
        </lin>
        <lin>
          <Pregunta V="002"/>
          <Total_Sufragantes V="3339"/>
          <Porc_Sufragantes V="100,00"/>
          <Abstencion V="0"/>
          <Porc_Abstencion V="000,00"/>
          <Votos_Validos V="1769"/>
          <Porc_Votos_Validos V="052,97"/>
          <Votos_No_Marcados V="1164"/>
          <Porc_Votos_No_Marcados V="034,86"/>
          <Votos_Nulos V="406"/>
          <Porc_Votos_Nulos V="012,15"/>
        </lin>
        <lin>
          <Pregunta V="003"/>
          <Total_Sufragantes V="3339"/>
          <Porc_Sufragantes V="100,00"/>
          <Abstencion V="0"/>
          <Porc_Abstencion V="000,00"/>
          <Votos_Validos V="1481"/>
          <Porc_Votos_Validos V="044,35"/>
          <Votos_No_Marcados V="1296"/>
          <Porc_Votos_No_Marcados V="038,81"/>
          <Votos_Nulos V="562"/>
          <Porc_Votos_Nulos V="016,83"/>
        </lin>
        <lin>
          <Pregunta V="004"/>
          <Total_Sufragantes V="3339"/>
          <Porc_Sufragantes V="100,00"/>
          <Abstencion V="0"/>
          <Porc_Abstencion V="000,00"/>
          <Votos_Validos V="1872"/>
          <Porc_Votos_Validos V="056,06"/>
          <Votos_No_Marcados V="600"/>
          <Porc_Votos_No_Marcados V="017,96"/>
          <Votos_Nulos V="867"/>
          <Porc_Votos_Nulos V="025,96"/>
        </lin>
        <lin>
          <Pregunta V="005"/>
          <Total_Sufragantes V="3339"/>
          <Porc_Sufragantes V="100,00"/>
          <Abstencion V="0"/>
          <Porc_Abstencion V="000,00"/>
          <Votos_Validos V="1671"/>
          <Porc_Votos_Validos V="050,04"/>
          <Votos_No_Marcados V="1004"/>
          <Porc_Votos_No_Marcados V="030,06"/>
          <Votos_Nulos V="664"/>
          <Porc_Votos_Nulos V="019,88"/>
        </lin>
        <lin>
          <Pregunta V="006"/>
          <Total_Sufragantes V="3339"/>
          <Porc_Sufragantes V="100,00"/>
          <Abstencion V="0"/>
          <Porc_Abstencion V="000,00"/>
          <Votos_Validos V="1728"/>
          <Porc_Votos_Validos V="051,75"/>
          <Votos_No_Marcados V="680"/>
          <Porc_Votos_No_Marcados V="020,36"/>
          <Votos_Nulos V="931"/>
          <Porc_Votos_Nulos V="027,88"/>
        </lin>
        <lin>
          <Pregunta V="007"/>
          <Total_Sufragantes V="3339"/>
          <Porc_Sufragantes V="100,00"/>
          <Abstencion V="0"/>
          <Porc_Abstencion V="000,00"/>
          <Votos_Validos V="1966"/>
          <Porc_Votos_Validos V="058,87"/>
          <Votos_No_Marcados V="495"/>
          <Porc_Votos_No_Marcados V="014,82"/>
          <Votos_Nulos V="878"/>
          <Porc_Votos_Nulos V="026,29"/>
        </lin>
      </Detalle_Pregunta>
      <Detalle_Opcion>
        <lin>
          <Opcion V="001"/>
          <Votos V="1010"/>
          <Porc V="060,08"/>
          <Pregunta V="001"/>
        </lin>
        <lin>
          <Opcion V="002"/>
          <Votos V="671"/>
          <Porc V="039,91"/>
          <Pregunta V="001"/>
        </lin>
        <lin>
          <Opcion V="001"/>
          <Votos V="1036"/>
          <Porc V="058,56"/>
          <Pregunta V="002"/>
        </lin>
        <lin>
          <Opcion V="002"/>
          <Votos V="733"/>
          <Porc V="041,43"/>
          <Pregunta V="002"/>
        </lin>
        <lin>
          <Opcion V="001"/>
          <Votos V="965"/>
          <Porc V="065,15"/>
          <Pregunta V="003"/>
        </lin>
        <lin>
          <Opcion V="002"/>
          <Votos V="516"/>
          <Porc V="034,84"/>
          <Pregunta V="003"/>
        </lin>
        <lin>
          <Opcion V="001"/>
          <Votos V="768"/>
          <Porc V="041,02"/>
          <Pregunta V="004"/>
        </lin>
        <lin>
          <Opcion V="002"/>
          <Votos V="1104"/>
          <Porc V="058,97"/>
          <Pregunta V="004"/>
        </lin>
        <lin>
          <Opcion V="001"/>
          <Votos V="598"/>
          <Porc V="035,78"/>
          <Pregunta V="005"/>
        </lin>
        <lin>
          <Opcion V="002"/>
          <Votos V="1073"/>
          <Porc V="064,21"/>
          <Pregunta V="005"/>
        </lin>
        <lin>
          <Opcion V="001"/>
          <Votos V="777"/>
          <Porc V="044,96"/>
          <Pregunta V="006"/>
        </lin>
        <lin>
          <Opcion V="002"/>
          <Votos V="951"/>
          <Porc V="055,03"/>
          <Pregunta V="006"/>
        </lin>
        <lin>
          <Opcion V="001"/>
          <Votos V="873"/>
          <Porc V="044,40"/>
          <Pregunta V="007"/>
        </lin>
        <lin>
          <Opcion V="002"/>
          <Votos V="1093"/>
          <Porc V="055,59"/>
          <Pregunta V="007"/>
        </lin>
      </Detalle_Opcion>
    </lin>
  </Detalle_Circunscripcion>
</Boletin>
</Boletin_Consolidado>