<Boletin_Consolidado><Boletin>
  <Numero V="0008"/>
  <Boletin_Departamental V="0012"/>
  <Tipo_Boletin V="DEPARTAMENTAL"/>
  <Desc_Corporacion V="CONSULTA POPULAR"/>
  <Departamento V="01"/>
  <Desc_Departamento V="ANTIOQUIA"/>
  <Municipio V="025"/>
  <Desc_Municipio V="ANGOSTURA"/>
  <Dia V="21"/>
  <Mes V="8"/>
  <Anio V="2018"/>
  <Hora V="14"/>
  <Minuto V="15"/>
  <Mesas_Instaladas V="26"/>
  <Mesas_Informadas V="26"/>
  <Porc_Mesas_Informadas V="100,00"/>
  <Potencial_Sufragantes V="9135"/>
  <Detalle_Circunscripcion>
    <lin>
      <Circunscripcion V="0"/>
      <Desc_Circunscripcion V="NACIONAL"/>
      <Detalle_Pregunta>
        <lin>
          <Pregunta V="001"/>
          <Total_Sufragantes V="9135"/>
          <Porc_Sufragantes V="100,00"/>
          <Abstencion V="0"/>
          <Porc_Abstencion V="000,00"/>
          <Votos_Validos V="4596"/>
          <Porc_Votos_Validos V="050,31"/>
          <Votos_No_Marcados V="2063"/>
          <Porc_Votos_No_Marcados V="022,58"/>
          <Votos_Nulos V="2476"/>
          <Porc_Votos_Nulos V="027,10"/>
        </lin>
        <lin>
          <Pregunta V="002"/>
          <Total_Sufragantes V="9135"/>
          <Porc_Sufragantes V="100,00"/>
          <Abstencion V="0"/>
          <Porc_Abstencion V="000,00"/>
          <Votos_Validos V="4791"/>
          <Porc_Votos_Validos V="052,44"/>
          <Votos_No_Marcados V="1898"/>
          <Porc_Votos_No_Marcados V="020,77"/>
          <Votos_Nulos V="2446"/>
          <Porc_Votos_Nulos V="026,77"/>
        </lin>
        <lin>
          <Pregunta V="003"/>
          <Total_Sufragantes V="9135"/>
          <Porc_Sufragantes V="100,00"/>
          <Abstencion V="0"/>
          <Porc_Abstencion V="000,00"/>
          <Votos_Validos V="4469"/>
          <Porc_Votos_Validos V="048,92"/>
          <Votos_No_Marcados V="2574"/>
          <Porc_Votos_No_Marcados V="028,17"/>
          <Votos_Nulos V="2092"/>
          <Porc_Votos_Nulos V="022,90"/>
        </lin>
        <lin>
          <Pregunta V="004"/>
          <Total_Sufragantes V="9135"/>
          <Porc_Sufragantes V="100,00"/>
          <Abstencion V="0"/>
          <Porc_Abstencion V="000,00"/>
          <Votos_Validos V="4524"/>
          <Porc_Votos_Validos V="049,52"/>
          <Votos_No_Marcados V="2168"/>
          <Porc_Votos_No_Marcados V="023,73"/>
          <Votos_Nulos V="2443"/>
          <Porc_Votos_Nulos V="026,74"/>
        </lin>
        <lin>
          <Pregunta V="005"/>
          <Total_Sufragantes V="9135"/>
          <Porc_Sufragantes V="100,00"/>
          <Abstencion V="0"/>
          <Porc_Abstencion V="000,00"/>
          <Votos_Validos V="3563"/>
          <Porc_Votos_Validos V="039,00"/>
          <Votos_No_Marcados V="2799"/>
          <Porc_Votos_No_Marcados V="030,64"/>
          <Votos_Nulos V="2773"/>
          <Porc_Votos_Nulos V="030,35"/>
        </lin>
        <lin>
          <Pregunta V="006"/>
          <Total_Sufragantes V="9135"/>
          <Porc_Sufragantes V="100,00"/>
          <Abstencion V="0"/>
          <Porc_Abstencion V="000,00"/>
          <Votos_Validos V="4368"/>
          <Porc_Votos_Validos V="047,81"/>
          <Votos_No_Marcados V="2281"/>
          <Porc_Votos_No_Marcados V="024,96"/>
          <Votos_Nulos V="2486"/>
          <Porc_Votos_Nulos V="027,21"/>
        </lin>
        <lin>
          <Pregunta V="007"/>
          <Total_Sufragantes V="9135"/>
          <Porc_Sufragantes V="100,00"/>
          <Abstencion V="0"/>
          <Porc_Abstencion V="000,00"/>
          <Votos_Validos V="4531"/>
          <Porc_Votos_Validos V="049,60"/>
          <Votos_No_Marcados V="2254"/>
          <Porc_Votos_No_Marcados V="024,67"/>
          <Votos_Nulos V="2350"/>
          <Porc_Votos_Nulos V="025,72"/>
        </lin>
      </Detalle_Pregunta>
      <Detalle_Opcion>
        <lin>
          <Opcion V="001"/>
          <Votos V="2444"/>
          <Porc V="053,17"/>
          <Pregunta V="001"/>
        </lin>
        <lin>
          <Opcion V="002"/>
          <Votos V="2152"/>
          <Porc V="046,82"/>
          <Pregunta V="001"/>
        </lin>
        <lin>
          <Opcion V="001"/>
          <Votos V="2440"/>
          <Porc V="050,92"/>
          <Pregunta V="002"/>
        </lin>
        <lin>
          <Opcion V="002"/>
          <Votos V="2351"/>
          <Porc V="049,07"/>
          <Pregunta V="002"/>
        </lin>
        <lin>
          <Opcion V="001"/>
          <Votos V="2177"/>
          <Porc V="048,71"/>
          <Pregunta V="003"/>
        </lin>
        <lin>
          <Opcion V="002"/>
          <Votos V="2292"/>
          <Porc V="051,28"/>
          <Pregunta V="003"/>
        </lin>
        <lin>
          <Opcion V="001"/>
          <Votos V="2164"/>
          <Porc V="047,83"/>
          <Pregunta V="004"/>
        </lin>
        <lin>
          <Opcion V="002"/>
          <Votos V="2360"/>
          <Porc V="052,16"/>
          <Pregunta V="004"/>
        </lin>
        <lin>
          <Opcion V="001"/>
          <Votos V="1775"/>
          <Porc V="049,81"/>
          <Pregunta V="005"/>
        </lin>
        <lin>
          <Opcion V="002"/>
          <Votos V="1788"/>
          <Porc V="050,18"/>
          <Pregunta V="005"/>
        </lin>
        <lin>
          <Opcion V="001"/>
          <Votos V="2129"/>
          <Porc V="048,74"/>
          <Pregunta V="006"/>
        </lin>
        <lin>
          <Opcion V="002"/>
          <Votos V="2239"/>
          <Porc V="051,25"/>
          <Pregunta V="006"/>
        </lin>
        <lin>
          <Opcion V="001"/>
          <Votos V="2213"/>
          <Porc V="048,84"/>
          <Pregunta V="007"/>
        </lin>
        <lin>
          <Opcion V="002"/>
          <Votos V="2318"/>
          <Porc V="051,15"/>
          <Pregunta V="007"/>
        </lin>
      </Detalle_Opcion>
    </lin>
  </Detalle_Circunscripcion>
</Boletin>
</Boletin_Consolidado>