<Boletin_Consolidado><Boletin>
  <Numero V="0008"/>
  <Boletin_Departamental V="0012"/>
  <Tipo_Boletin V="DEPARTAMENTAL"/>
  <Desc_Corporacion V="CONSULTA POPULAR"/>
  <Departamento V="03"/>
  <Desc_Departamento V="ATLANTICO"/>
  <Municipio V="034"/>
  <Desc_Municipio V="POLONUEVO"/>
  <Dia V="21"/>
  <Mes V="8"/>
  <Anio V="2018"/>
  <Hora V="14"/>
  <Minuto V="15"/>
  <Mesas_Instaladas V="36"/>
  <Mesas_Informadas V="36"/>
  <Porc_Mesas_Informadas V="100,00"/>
  <Potencial_Sufragantes V="13132"/>
  <Detalle_Circunscripcion>
    <lin>
      <Circunscripcion V="0"/>
      <Desc_Circunscripcion V="NACIONAL"/>
      <Detalle_Pregunta>
        <lin>
          <Pregunta V="001"/>
          <Total_Sufragantes V="13132"/>
          <Porc_Sufragantes V="100,00"/>
          <Abstencion V="0"/>
          <Porc_Abstencion V="000,00"/>
          <Votos_Validos V="6514"/>
          <Porc_Votos_Validos V="049,60"/>
          <Votos_No_Marcados V="2818"/>
          <Porc_Votos_No_Marcados V="021,45"/>
          <Votos_Nulos V="3800"/>
          <Porc_Votos_Nulos V="028,93"/>
        </lin>
        <lin>
          <Pregunta V="002"/>
          <Total_Sufragantes V="13132"/>
          <Porc_Sufragantes V="100,00"/>
          <Abstencion V="0"/>
          <Porc_Abstencion V="000,00"/>
          <Votos_Validos V="7127"/>
          <Porc_Votos_Validos V="054,27"/>
          <Votos_No_Marcados V="3278"/>
          <Porc_Votos_No_Marcados V="024,96"/>
          <Votos_Nulos V="2727"/>
          <Porc_Votos_Nulos V="020,76"/>
        </lin>
        <lin>
          <Pregunta V="003"/>
          <Total_Sufragantes V="13132"/>
          <Porc_Sufragantes V="100,00"/>
          <Abstencion V="0"/>
          <Porc_Abstencion V="000,00"/>
          <Votos_Validos V="6598"/>
          <Porc_Votos_Validos V="050,24"/>
          <Votos_No_Marcados V="3026"/>
          <Porc_Votos_No_Marcados V="023,04"/>
          <Votos_Nulos V="3508"/>
          <Porc_Votos_Nulos V="026,71"/>
        </lin>
        <lin>
          <Pregunta V="004"/>
          <Total_Sufragantes V="13132"/>
          <Porc_Sufragantes V="100,00"/>
          <Abstencion V="0"/>
          <Porc_Abstencion V="000,00"/>
          <Votos_Validos V="6988"/>
          <Porc_Votos_Validos V="053,21"/>
          <Votos_No_Marcados V="3092"/>
          <Porc_Votos_No_Marcados V="023,54"/>
          <Votos_Nulos V="3052"/>
          <Porc_Votos_Nulos V="023,24"/>
        </lin>
        <lin>
          <Pregunta V="005"/>
          <Total_Sufragantes V="13132"/>
          <Porc_Sufragantes V="100,00"/>
          <Abstencion V="0"/>
          <Porc_Abstencion V="000,00"/>
          <Votos_Validos V="7233"/>
          <Porc_Votos_Validos V="055,07"/>
          <Votos_No_Marcados V="3128"/>
          <Porc_Votos_No_Marcados V="023,81"/>
          <Votos_Nulos V="2771"/>
          <Porc_Votos_Nulos V="021,10"/>
        </lin>
        <lin>
          <Pregunta V="006"/>
          <Total_Sufragantes V="13132"/>
          <Porc_Sufragantes V="100,00"/>
          <Abstencion V="0"/>
          <Porc_Abstencion V="000,00"/>
          <Votos_Validos V="6965"/>
          <Porc_Votos_Validos V="053,03"/>
          <Votos_No_Marcados V="3133"/>
          <Porc_Votos_No_Marcados V="023,85"/>
          <Votos_Nulos V="3034"/>
          <Porc_Votos_Nulos V="023,10"/>
        </lin>
        <lin>
          <Pregunta V="007"/>
          <Total_Sufragantes V="13132"/>
          <Porc_Sufragantes V="100,00"/>
          <Abstencion V="0"/>
          <Porc_Abstencion V="000,00"/>
          <Votos_Validos V="6803"/>
          <Porc_Votos_Validos V="051,80"/>
          <Votos_No_Marcados V="3471"/>
          <Porc_Votos_No_Marcados V="026,43"/>
          <Votos_Nulos V="2858"/>
          <Porc_Votos_Nulos V="021,76"/>
        </lin>
      </Detalle_Pregunta>
      <Detalle_Opcion>
        <lin>
          <Opcion V="001"/>
          <Votos V="3648"/>
          <Porc V="056,00"/>
          <Pregunta V="001"/>
        </lin>
        <lin>
          <Opcion V="002"/>
          <Votos V="2866"/>
          <Porc V="043,99"/>
          <Pregunta V="001"/>
        </lin>
        <lin>
          <Opcion V="001"/>
          <Votos V="4045"/>
          <Porc V="056,75"/>
          <Pregunta V="002"/>
        </lin>
        <lin>
          <Opcion V="002"/>
          <Votos V="3082"/>
          <Porc V="043,24"/>
          <Pregunta V="002"/>
        </lin>
        <lin>
          <Opcion V="001"/>
          <Votos V="3129"/>
          <Porc V="047,42"/>
          <Pregunta V="003"/>
        </lin>
        <lin>
          <Opcion V="002"/>
          <Votos V="3469"/>
          <Porc V="052,57"/>
          <Pregunta V="003"/>
        </lin>
        <lin>
          <Opcion V="001"/>
          <Votos V="3375"/>
          <Porc V="048,29"/>
          <Pregunta V="004"/>
        </lin>
        <lin>
          <Opcion V="002"/>
          <Votos V="3613"/>
          <Porc V="051,70"/>
          <Pregunta V="004"/>
        </lin>
        <lin>
          <Opcion V="001"/>
          <Votos V="3859"/>
          <Porc V="053,35"/>
          <Pregunta V="005"/>
        </lin>
        <lin>
          <Opcion V="002"/>
          <Votos V="3374"/>
          <Porc V="046,64"/>
          <Pregunta V="005"/>
        </lin>
        <lin>
          <Opcion V="001"/>
          <Votos V="3350"/>
          <Porc V="048,09"/>
          <Pregunta V="006"/>
        </lin>
        <lin>
          <Opcion V="002"/>
          <Votos V="3615"/>
          <Porc V="051,90"/>
          <Pregunta V="006"/>
        </lin>
        <lin>
          <Opcion V="001"/>
          <Votos V="3495"/>
          <Porc V="051,37"/>
          <Pregunta V="007"/>
        </lin>
        <lin>
          <Opcion V="002"/>
          <Votos V="3308"/>
          <Porc V="048,62"/>
          <Pregunta V="007"/>
        </lin>
      </Detalle_Opcion>
    </lin>
  </Detalle_Circunscripcion>
</Boletin>
</Boletin_Consolidado>