<Boletin_Consolidado><Boletin>
  <Numero V="0008"/>
  <Boletin_Departamental V="0012"/>
  <Tipo_Boletin V="DEPARTAMENTAL"/>
  <Desc_Corporacion V="CONSULTA POPULAR"/>
  <Departamento V="07"/>
  <Desc_Departamento V="BOYACA"/>
  <Municipio V="346"/>
  <Desc_Municipio V="ZETAQUIRA"/>
  <Dia V="21"/>
  <Mes V="8"/>
  <Anio V="2018"/>
  <Hora V="14"/>
  <Minuto V="15"/>
  <Mesas_Instaladas V="11"/>
  <Mesas_Informadas V="11"/>
  <Porc_Mesas_Informadas V="100,00"/>
  <Potencial_Sufragantes V="3933"/>
  <Detalle_Circunscripcion>
    <lin>
      <Circunscripcion V="0"/>
      <Desc_Circunscripcion V="NACIONAL"/>
      <Detalle_Pregunta>
        <lin>
          <Pregunta V="001"/>
          <Total_Sufragantes V="3933"/>
          <Porc_Sufragantes V="100,00"/>
          <Abstencion V="0"/>
          <Porc_Abstencion V="000,00"/>
          <Votos_Validos V="2313"/>
          <Porc_Votos_Validos V="058,81"/>
          <Votos_No_Marcados V="871"/>
          <Porc_Votos_No_Marcados V="022,14"/>
          <Votos_Nulos V="749"/>
          <Porc_Votos_Nulos V="019,04"/>
        </lin>
        <lin>
          <Pregunta V="002"/>
          <Total_Sufragantes V="3933"/>
          <Porc_Sufragantes V="100,00"/>
          <Abstencion V="0"/>
          <Porc_Abstencion V="000,00"/>
          <Votos_Validos V="2246"/>
          <Porc_Votos_Validos V="057,10"/>
          <Votos_No_Marcados V="899"/>
          <Porc_Votos_No_Marcados V="022,85"/>
          <Votos_Nulos V="788"/>
          <Porc_Votos_Nulos V="020,03"/>
        </lin>
        <lin>
          <Pregunta V="003"/>
          <Total_Sufragantes V="3933"/>
          <Porc_Sufragantes V="100,00"/>
          <Abstencion V="0"/>
          <Porc_Abstencion V="000,00"/>
          <Votos_Validos V="2054"/>
          <Porc_Votos_Validos V="052,22"/>
          <Votos_No_Marcados V="1058"/>
          <Porc_Votos_No_Marcados V="026,90"/>
          <Votos_Nulos V="821"/>
          <Porc_Votos_Nulos V="020,87"/>
        </lin>
        <lin>
          <Pregunta V="004"/>
          <Total_Sufragantes V="3933"/>
          <Porc_Sufragantes V="100,00"/>
          <Abstencion V="0"/>
          <Porc_Abstencion V="000,00"/>
          <Votos_Validos V="2080"/>
          <Porc_Votos_Validos V="052,88"/>
          <Votos_No_Marcados V="1069"/>
          <Porc_Votos_No_Marcados V="027,18"/>
          <Votos_Nulos V="784"/>
          <Porc_Votos_Nulos V="019,93"/>
        </lin>
        <lin>
          <Pregunta V="005"/>
          <Total_Sufragantes V="3933"/>
          <Porc_Sufragantes V="100,00"/>
          <Abstencion V="0"/>
          <Porc_Abstencion V="000,00"/>
          <Votos_Validos V="1959"/>
          <Porc_Votos_Validos V="049,80"/>
          <Votos_No_Marcados V="928"/>
          <Porc_Votos_No_Marcados V="023,59"/>
          <Votos_Nulos V="1046"/>
          <Porc_Votos_Nulos V="026,59"/>
        </lin>
        <lin>
          <Pregunta V="006"/>
          <Total_Sufragantes V="3933"/>
          <Porc_Sufragantes V="100,00"/>
          <Abstencion V="0"/>
          <Porc_Abstencion V="000,00"/>
          <Votos_Validos V="1706"/>
          <Porc_Votos_Validos V="043,37"/>
          <Votos_No_Marcados V="1534"/>
          <Porc_Votos_No_Marcados V="039,00"/>
          <Votos_Nulos V="693"/>
          <Porc_Votos_Nulos V="017,62"/>
        </lin>
        <lin>
          <Pregunta V="007"/>
          <Total_Sufragantes V="3933"/>
          <Porc_Sufragantes V="100,00"/>
          <Abstencion V="0"/>
          <Porc_Abstencion V="000,00"/>
          <Votos_Validos V="1594"/>
          <Porc_Votos_Validos V="040,52"/>
          <Votos_No_Marcados V="964"/>
          <Porc_Votos_No_Marcados V="024,51"/>
          <Votos_Nulos V="1375"/>
          <Porc_Votos_Nulos V="034,96"/>
        </lin>
      </Detalle_Pregunta>
      <Detalle_Opcion>
        <lin>
          <Opcion V="001"/>
          <Votos V="888"/>
          <Porc V="038,39"/>
          <Pregunta V="001"/>
        </lin>
        <lin>
          <Opcion V="002"/>
          <Votos V="1425"/>
          <Porc V="061,60"/>
          <Pregunta V="001"/>
        </lin>
        <lin>
          <Opcion V="001"/>
          <Votos V="764"/>
          <Porc V="034,01"/>
          <Pregunta V="002"/>
        </lin>
        <lin>
          <Opcion V="002"/>
          <Votos V="1482"/>
          <Porc V="065,98"/>
          <Pregunta V="002"/>
        </lin>
        <lin>
          <Opcion V="001"/>
          <Votos V="764"/>
          <Porc V="037,19"/>
          <Pregunta V="003"/>
        </lin>
        <lin>
          <Opcion V="002"/>
          <Votos V="1290"/>
          <Porc V="062,80"/>
          <Pregunta V="003"/>
        </lin>
        <lin>
          <Opcion V="001"/>
          <Votos V="715"/>
          <Porc V="034,37"/>
          <Pregunta V="004"/>
        </lin>
        <lin>
          <Opcion V="002"/>
          <Votos V="1365"/>
          <Porc V="065,62"/>
          <Pregunta V="004"/>
        </lin>
        <lin>
          <Opcion V="001"/>
          <Votos V="1038"/>
          <Porc V="052,98"/>
          <Pregunta V="005"/>
        </lin>
        <lin>
          <Opcion V="002"/>
          <Votos V="921"/>
          <Porc V="047,01"/>
          <Pregunta V="005"/>
        </lin>
        <lin>
          <Opcion V="001"/>
          <Votos V="688"/>
          <Porc V="040,32"/>
          <Pregunta V="006"/>
        </lin>
        <lin>
          <Opcion V="002"/>
          <Votos V="1018"/>
          <Porc V="059,67"/>
          <Pregunta V="006"/>
        </lin>
        <lin>
          <Opcion V="001"/>
          <Votos V="1041"/>
          <Porc V="065,30"/>
          <Pregunta V="007"/>
        </lin>
        <lin>
          <Opcion V="002"/>
          <Votos V="553"/>
          <Porc V="034,69"/>
          <Pregunta V="007"/>
        </lin>
      </Detalle_Opcion>
    </lin>
  </Detalle_Circunscripcion>
</Boletin>
</Boletin_Consolidado>