<Boletin_Consolidado><Boletin>
  <Numero V="0008"/>
  <Boletin_Departamental V="0012"/>
  <Tipo_Boletin V="DEPARTAMENTAL"/>
  <Desc_Corporacion V="CONSULTA POPULAR"/>
  <Departamento V="01"/>
  <Desc_Departamento V="ANTIOQUIA"/>
  <Municipio V="226"/>
  <Desc_Municipio V="SAN CARLOS"/>
  <Dia V="21"/>
  <Mes V="8"/>
  <Anio V="2018"/>
  <Hora V="14"/>
  <Minuto V="15"/>
  <Mesas_Instaladas V="39"/>
  <Mesas_Informadas V="39"/>
  <Porc_Mesas_Informadas V="100,00"/>
  <Potencial_Sufragantes V="14110"/>
  <Detalle_Circunscripcion>
    <lin>
      <Circunscripcion V="0"/>
      <Desc_Circunscripcion V="NACIONAL"/>
      <Detalle_Pregunta>
        <lin>
          <Pregunta V="001"/>
          <Total_Sufragantes V="14110"/>
          <Porc_Sufragantes V="100,00"/>
          <Abstencion V="0"/>
          <Porc_Abstencion V="000,00"/>
          <Votos_Validos V="7698"/>
          <Porc_Votos_Validos V="054,55"/>
          <Votos_No_Marcados V="2665"/>
          <Porc_Votos_No_Marcados V="018,88"/>
          <Votos_Nulos V="3747"/>
          <Porc_Votos_Nulos V="026,55"/>
        </lin>
        <lin>
          <Pregunta V="002"/>
          <Total_Sufragantes V="14110"/>
          <Porc_Sufragantes V="100,00"/>
          <Abstencion V="0"/>
          <Porc_Abstencion V="000,00"/>
          <Votos_Validos V="7012"/>
          <Porc_Votos_Validos V="049,69"/>
          <Votos_No_Marcados V="3497"/>
          <Porc_Votos_No_Marcados V="024,78"/>
          <Votos_Nulos V="3601"/>
          <Porc_Votos_Nulos V="025,52"/>
        </lin>
        <lin>
          <Pregunta V="003"/>
          <Total_Sufragantes V="14110"/>
          <Porc_Sufragantes V="100,00"/>
          <Abstencion V="0"/>
          <Porc_Abstencion V="000,00"/>
          <Votos_Validos V="7602"/>
          <Porc_Votos_Validos V="053,87"/>
          <Votos_No_Marcados V="2976"/>
          <Porc_Votos_No_Marcados V="021,09"/>
          <Votos_Nulos V="3532"/>
          <Porc_Votos_Nulos V="025,03"/>
        </lin>
        <lin>
          <Pregunta V="004"/>
          <Total_Sufragantes V="14110"/>
          <Porc_Sufragantes V="100,00"/>
          <Abstencion V="0"/>
          <Porc_Abstencion V="000,00"/>
          <Votos_Validos V="7183"/>
          <Porc_Votos_Validos V="050,90"/>
          <Votos_No_Marcados V="2888"/>
          <Porc_Votos_No_Marcados V="020,46"/>
          <Votos_Nulos V="4039"/>
          <Porc_Votos_Nulos V="028,62"/>
        </lin>
        <lin>
          <Pregunta V="005"/>
          <Total_Sufragantes V="14110"/>
          <Porc_Sufragantes V="100,00"/>
          <Abstencion V="0"/>
          <Porc_Abstencion V="000,00"/>
          <Votos_Validos V="7794"/>
          <Porc_Votos_Validos V="055,23"/>
          <Votos_No_Marcados V="3031"/>
          <Porc_Votos_No_Marcados V="021,48"/>
          <Votos_Nulos V="3285"/>
          <Porc_Votos_Nulos V="023,28"/>
        </lin>
        <lin>
          <Pregunta V="006"/>
          <Total_Sufragantes V="14110"/>
          <Porc_Sufragantes V="100,00"/>
          <Abstencion V="0"/>
          <Porc_Abstencion V="000,00"/>
          <Votos_Validos V="6697"/>
          <Porc_Votos_Validos V="047,46"/>
          <Votos_No_Marcados V="3725"/>
          <Porc_Votos_No_Marcados V="026,39"/>
          <Votos_Nulos V="3688"/>
          <Porc_Votos_Nulos V="026,13"/>
        </lin>
        <lin>
          <Pregunta V="007"/>
          <Total_Sufragantes V="14110"/>
          <Porc_Sufragantes V="100,00"/>
          <Abstencion V="0"/>
          <Porc_Abstencion V="000,00"/>
          <Votos_Validos V="7017"/>
          <Porc_Votos_Validos V="049,73"/>
          <Votos_No_Marcados V="3710"/>
          <Porc_Votos_No_Marcados V="026,29"/>
          <Votos_Nulos V="3383"/>
          <Porc_Votos_Nulos V="023,97"/>
        </lin>
      </Detalle_Pregunta>
      <Detalle_Opcion>
        <lin>
          <Opcion V="001"/>
          <Votos V="3956"/>
          <Porc V="051,38"/>
          <Pregunta V="001"/>
        </lin>
        <lin>
          <Opcion V="002"/>
          <Votos V="3742"/>
          <Porc V="048,61"/>
          <Pregunta V="001"/>
        </lin>
        <lin>
          <Opcion V="001"/>
          <Votos V="3345"/>
          <Porc V="047,70"/>
          <Pregunta V="002"/>
        </lin>
        <lin>
          <Opcion V="002"/>
          <Votos V="3667"/>
          <Porc V="052,29"/>
          <Pregunta V="002"/>
        </lin>
        <lin>
          <Opcion V="001"/>
          <Votos V="3532"/>
          <Porc V="046,46"/>
          <Pregunta V="003"/>
        </lin>
        <lin>
          <Opcion V="002"/>
          <Votos V="4070"/>
          <Porc V="053,53"/>
          <Pregunta V="003"/>
        </lin>
        <lin>
          <Opcion V="001"/>
          <Votos V="3771"/>
          <Porc V="052,49"/>
          <Pregunta V="004"/>
        </lin>
        <lin>
          <Opcion V="002"/>
          <Votos V="3412"/>
          <Porc V="047,50"/>
          <Pregunta V="004"/>
        </lin>
        <lin>
          <Opcion V="001"/>
          <Votos V="3408"/>
          <Porc V="043,72"/>
          <Pregunta V="005"/>
        </lin>
        <lin>
          <Opcion V="002"/>
          <Votos V="4386"/>
          <Porc V="056,27"/>
          <Pregunta V="005"/>
        </lin>
        <lin>
          <Opcion V="001"/>
          <Votos V="3049"/>
          <Porc V="045,52"/>
          <Pregunta V="006"/>
        </lin>
        <lin>
          <Opcion V="002"/>
          <Votos V="3648"/>
          <Porc V="054,47"/>
          <Pregunta V="006"/>
        </lin>
        <lin>
          <Opcion V="001"/>
          <Votos V="3402"/>
          <Porc V="048,48"/>
          <Pregunta V="007"/>
        </lin>
        <lin>
          <Opcion V="002"/>
          <Votos V="3615"/>
          <Porc V="051,51"/>
          <Pregunta V="007"/>
        </lin>
      </Detalle_Opcion>
    </lin>
  </Detalle_Circunscripcion>
</Boletin>
</Boletin_Consolidado>