<Boletin_Consolidado><Boletin>
  <Numero V="0008"/>
  <Boletin_Departamental V="0012"/>
  <Tipo_Boletin V="DEPARTAMENTAL"/>
  <Desc_Corporacion V="CONSULTA POPULAR"/>
  <Departamento V="09"/>
  <Desc_Departamento V="CALDAS"/>
  <Municipio V="052"/>
  <Desc_Municipio V="LA MERCED"/>
  <Dia V="21"/>
  <Mes V="8"/>
  <Anio V="2018"/>
  <Hora V="14"/>
  <Minuto V="15"/>
  <Mesas_Instaladas V="18"/>
  <Mesas_Informadas V="18"/>
  <Porc_Mesas_Informadas V="100,00"/>
  <Potencial_Sufragantes V="5571"/>
  <Detalle_Circunscripcion>
    <lin>
      <Circunscripcion V="0"/>
      <Desc_Circunscripcion V="NACIONAL"/>
      <Detalle_Pregunta>
        <lin>
          <Pregunta V="001"/>
          <Total_Sufragantes V="5571"/>
          <Porc_Sufragantes V="100,00"/>
          <Abstencion V="0"/>
          <Porc_Abstencion V="000,00"/>
          <Votos_Validos V="3076"/>
          <Porc_Votos_Validos V="055,21"/>
          <Votos_No_Marcados V="1294"/>
          <Porc_Votos_No_Marcados V="023,22"/>
          <Votos_Nulos V="1201"/>
          <Porc_Votos_Nulos V="021,55"/>
        </lin>
        <lin>
          <Pregunta V="002"/>
          <Total_Sufragantes V="5571"/>
          <Porc_Sufragantes V="100,00"/>
          <Abstencion V="0"/>
          <Porc_Abstencion V="000,00"/>
          <Votos_Validos V="2432"/>
          <Porc_Votos_Validos V="043,65"/>
          <Votos_No_Marcados V="1812"/>
          <Porc_Votos_No_Marcados V="032,52"/>
          <Votos_Nulos V="1327"/>
          <Porc_Votos_Nulos V="023,81"/>
        </lin>
        <lin>
          <Pregunta V="003"/>
          <Total_Sufragantes V="5571"/>
          <Porc_Sufragantes V="100,00"/>
          <Abstencion V="0"/>
          <Porc_Abstencion V="000,00"/>
          <Votos_Validos V="2955"/>
          <Porc_Votos_Validos V="053,04"/>
          <Votos_No_Marcados V="1305"/>
          <Porc_Votos_No_Marcados V="023,42"/>
          <Votos_Nulos V="1311"/>
          <Porc_Votos_Nulos V="023,53"/>
        </lin>
        <lin>
          <Pregunta V="004"/>
          <Total_Sufragantes V="5571"/>
          <Porc_Sufragantes V="100,00"/>
          <Abstencion V="0"/>
          <Porc_Abstencion V="000,00"/>
          <Votos_Validos V="2961"/>
          <Porc_Votos_Validos V="053,15"/>
          <Votos_No_Marcados V="1288"/>
          <Porc_Votos_No_Marcados V="023,11"/>
          <Votos_Nulos V="1322"/>
          <Porc_Votos_Nulos V="023,73"/>
        </lin>
        <lin>
          <Pregunta V="005"/>
          <Total_Sufragantes V="5571"/>
          <Porc_Sufragantes V="100,00"/>
          <Abstencion V="0"/>
          <Porc_Abstencion V="000,00"/>
          <Votos_Validos V="3125"/>
          <Porc_Votos_Validos V="056,09"/>
          <Votos_No_Marcados V="840"/>
          <Porc_Votos_No_Marcados V="015,07"/>
          <Votos_Nulos V="1606"/>
          <Porc_Votos_Nulos V="028,82"/>
        </lin>
        <lin>
          <Pregunta V="006"/>
          <Total_Sufragantes V="5571"/>
          <Porc_Sufragantes V="100,00"/>
          <Abstencion V="0"/>
          <Porc_Abstencion V="000,00"/>
          <Votos_Validos V="2618"/>
          <Porc_Votos_Validos V="046,99"/>
          <Votos_No_Marcados V="1482"/>
          <Porc_Votos_No_Marcados V="026,60"/>
          <Votos_Nulos V="1471"/>
          <Porc_Votos_Nulos V="026,40"/>
        </lin>
        <lin>
          <Pregunta V="007"/>
          <Total_Sufragantes V="5571"/>
          <Porc_Sufragantes V="100,00"/>
          <Abstencion V="0"/>
          <Porc_Abstencion V="000,00"/>
          <Votos_Validos V="2542"/>
          <Porc_Votos_Validos V="045,62"/>
          <Votos_No_Marcados V="1344"/>
          <Porc_Votos_No_Marcados V="024,12"/>
          <Votos_Nulos V="1685"/>
          <Porc_Votos_Nulos V="030,24"/>
        </lin>
      </Detalle_Pregunta>
      <Detalle_Opcion>
        <lin>
          <Opcion V="001"/>
          <Votos V="1317"/>
          <Porc V="042,81"/>
          <Pregunta V="001"/>
        </lin>
        <lin>
          <Opcion V="002"/>
          <Votos V="1759"/>
          <Porc V="057,18"/>
          <Pregunta V="001"/>
        </lin>
        <lin>
          <Opcion V="001"/>
          <Votos V="1328"/>
          <Porc V="054,60"/>
          <Pregunta V="002"/>
        </lin>
        <lin>
          <Opcion V="002"/>
          <Votos V="1104"/>
          <Porc V="045,39"/>
          <Pregunta V="002"/>
        </lin>
        <lin>
          <Opcion V="001"/>
          <Votos V="1227"/>
          <Porc V="041,52"/>
          <Pregunta V="003"/>
        </lin>
        <lin>
          <Opcion V="002"/>
          <Votos V="1728"/>
          <Porc V="058,47"/>
          <Pregunta V="003"/>
        </lin>
        <lin>
          <Opcion V="001"/>
          <Votos V="1595"/>
          <Porc V="053,86"/>
          <Pregunta V="004"/>
        </lin>
        <lin>
          <Opcion V="002"/>
          <Votos V="1366"/>
          <Porc V="046,13"/>
          <Pregunta V="004"/>
        </lin>
        <lin>
          <Opcion V="001"/>
          <Votos V="1268"/>
          <Porc V="040,57"/>
          <Pregunta V="005"/>
        </lin>
        <lin>
          <Opcion V="002"/>
          <Votos V="1857"/>
          <Porc V="059,42"/>
          <Pregunta V="005"/>
        </lin>
        <lin>
          <Opcion V="001"/>
          <Votos V="1184"/>
          <Porc V="045,22"/>
          <Pregunta V="006"/>
        </lin>
        <lin>
          <Opcion V="002"/>
          <Votos V="1434"/>
          <Porc V="054,77"/>
          <Pregunta V="006"/>
        </lin>
        <lin>
          <Opcion V="001"/>
          <Votos V="1595"/>
          <Porc V="062,74"/>
          <Pregunta V="007"/>
        </lin>
        <lin>
          <Opcion V="002"/>
          <Votos V="947"/>
          <Porc V="037,25"/>
          <Pregunta V="007"/>
        </lin>
      </Detalle_Opcion>
    </lin>
  </Detalle_Circunscripcion>
</Boletin>
</Boletin_Consolidado>