<Boletin_Consolidado><Boletin>
  <Numero V="0008"/>
  <Boletin_Departamental V="0012"/>
  <Tipo_Boletin V="DEPARTAMENTAL"/>
  <Desc_Corporacion V="CONSULTA POPULAR"/>
  <Departamento V="01"/>
  <Desc_Departamento V="ANTIOQUIA"/>
  <Municipio V="184"/>
  <Desc_Municipio V="MURINDO"/>
  <Dia V="21"/>
  <Mes V="8"/>
  <Anio V="2018"/>
  <Hora V="14"/>
  <Minuto V="15"/>
  <Mesas_Instaladas V="10"/>
  <Mesas_Informadas V="10"/>
  <Porc_Mesas_Informadas V="100,00"/>
  <Potencial_Sufragantes V="3036"/>
  <Detalle_Circunscripcion>
    <lin>
      <Circunscripcion V="0"/>
      <Desc_Circunscripcion V="NACIONAL"/>
      <Detalle_Pregunta>
        <lin>
          <Pregunta V="001"/>
          <Total_Sufragantes V="3036"/>
          <Porc_Sufragantes V="100,00"/>
          <Abstencion V="0"/>
          <Porc_Abstencion V="000,00"/>
          <Votos_Validos V="1346"/>
          <Porc_Votos_Validos V="044,33"/>
          <Votos_No_Marcados V="956"/>
          <Porc_Votos_No_Marcados V="031,48"/>
          <Votos_Nulos V="734"/>
          <Porc_Votos_Nulos V="024,17"/>
        </lin>
        <lin>
          <Pregunta V="002"/>
          <Total_Sufragantes V="3036"/>
          <Porc_Sufragantes V="100,00"/>
          <Abstencion V="0"/>
          <Porc_Abstencion V="000,00"/>
          <Votos_Validos V="1679"/>
          <Porc_Votos_Validos V="055,30"/>
          <Votos_No_Marcados V="454"/>
          <Porc_Votos_No_Marcados V="014,95"/>
          <Votos_Nulos V="903"/>
          <Porc_Votos_Nulos V="029,74"/>
        </lin>
        <lin>
          <Pregunta V="003"/>
          <Total_Sufragantes V="3036"/>
          <Porc_Sufragantes V="100,00"/>
          <Abstencion V="0"/>
          <Porc_Abstencion V="000,00"/>
          <Votos_Validos V="1495"/>
          <Porc_Votos_Validos V="049,24"/>
          <Votos_No_Marcados V="801"/>
          <Porc_Votos_No_Marcados V="026,38"/>
          <Votos_Nulos V="740"/>
          <Porc_Votos_Nulos V="024,37"/>
        </lin>
        <lin>
          <Pregunta V="004"/>
          <Total_Sufragantes V="3036"/>
          <Porc_Sufragantes V="100,00"/>
          <Abstencion V="0"/>
          <Porc_Abstencion V="000,00"/>
          <Votos_Validos V="1544"/>
          <Porc_Votos_Validos V="050,85"/>
          <Votos_No_Marcados V="480"/>
          <Porc_Votos_No_Marcados V="015,81"/>
          <Votos_Nulos V="1012"/>
          <Porc_Votos_Nulos V="033,33"/>
        </lin>
        <lin>
          <Pregunta V="005"/>
          <Total_Sufragantes V="3036"/>
          <Porc_Sufragantes V="100,00"/>
          <Abstencion V="0"/>
          <Porc_Abstencion V="000,00"/>
          <Votos_Validos V="1518"/>
          <Porc_Votos_Validos V="050,00"/>
          <Votos_No_Marcados V="774"/>
          <Porc_Votos_No_Marcados V="025,49"/>
          <Votos_Nulos V="744"/>
          <Porc_Votos_Nulos V="024,50"/>
        </lin>
        <lin>
          <Pregunta V="006"/>
          <Total_Sufragantes V="3036"/>
          <Porc_Sufragantes V="100,00"/>
          <Abstencion V="0"/>
          <Porc_Abstencion V="000,00"/>
          <Votos_Validos V="1421"/>
          <Porc_Votos_Validos V="046,80"/>
          <Votos_No_Marcados V="843"/>
          <Porc_Votos_No_Marcados V="027,76"/>
          <Votos_Nulos V="772"/>
          <Porc_Votos_Nulos V="025,42"/>
        </lin>
        <lin>
          <Pregunta V="007"/>
          <Total_Sufragantes V="3036"/>
          <Porc_Sufragantes V="100,00"/>
          <Abstencion V="0"/>
          <Porc_Abstencion V="000,00"/>
          <Votos_Validos V="1135"/>
          <Porc_Votos_Validos V="037,38"/>
          <Votos_No_Marcados V="764"/>
          <Porc_Votos_No_Marcados V="025,16"/>
          <Votos_Nulos V="1137"/>
          <Porc_Votos_Nulos V="037,45"/>
        </lin>
      </Detalle_Pregunta>
      <Detalle_Opcion>
        <lin>
          <Opcion V="001"/>
          <Votos V="587"/>
          <Porc V="043,61"/>
          <Pregunta V="001"/>
        </lin>
        <lin>
          <Opcion V="002"/>
          <Votos V="759"/>
          <Porc V="056,38"/>
          <Pregunta V="001"/>
        </lin>
        <lin>
          <Opcion V="001"/>
          <Votos V="1118"/>
          <Porc V="066,58"/>
          <Pregunta V="002"/>
        </lin>
        <lin>
          <Opcion V="002"/>
          <Votos V="561"/>
          <Porc V="033,41"/>
          <Pregunta V="002"/>
        </lin>
        <lin>
          <Opcion V="001"/>
          <Votos V="770"/>
          <Porc V="051,50"/>
          <Pregunta V="003"/>
        </lin>
        <lin>
          <Opcion V="002"/>
          <Votos V="725"/>
          <Porc V="048,49"/>
          <Pregunta V="003"/>
        </lin>
        <lin>
          <Opcion V="001"/>
          <Votos V="767"/>
          <Porc V="049,67"/>
          <Pregunta V="004"/>
        </lin>
        <lin>
          <Opcion V="002"/>
          <Votos V="777"/>
          <Porc V="050,32"/>
          <Pregunta V="004"/>
        </lin>
        <lin>
          <Opcion V="001"/>
          <Votos V="646"/>
          <Porc V="042,55"/>
          <Pregunta V="005"/>
        </lin>
        <lin>
          <Opcion V="002"/>
          <Votos V="872"/>
          <Porc V="057,44"/>
          <Pregunta V="005"/>
        </lin>
        <lin>
          <Opcion V="001"/>
          <Votos V="731"/>
          <Porc V="051,44"/>
          <Pregunta V="006"/>
        </lin>
        <lin>
          <Opcion V="002"/>
          <Votos V="690"/>
          <Porc V="048,55"/>
          <Pregunta V="006"/>
        </lin>
        <lin>
          <Opcion V="001"/>
          <Votos V="714"/>
          <Porc V="062,90"/>
          <Pregunta V="007"/>
        </lin>
        <lin>
          <Opcion V="002"/>
          <Votos V="421"/>
          <Porc V="037,09"/>
          <Pregunta V="007"/>
        </lin>
      </Detalle_Opcion>
    </lin>
  </Detalle_Circunscripcion>
</Boletin>
</Boletin_Consolidado>