<Boletin_Consolidado><Boletin>
  <Numero V="0008"/>
  <Boletin_Departamental V="0012"/>
  <Tipo_Boletin V="DEPARTAMENTAL"/>
  <Desc_Corporacion V="CONSULTA POPULAR"/>
  <Departamento V="05"/>
  <Desc_Departamento V="BOLIVAR"/>
  <Municipio V="059"/>
  <Desc_Municipio V="PINILLOS"/>
  <Dia V="21"/>
  <Mes V="8"/>
  <Anio V="2018"/>
  <Hora V="14"/>
  <Minuto V="15"/>
  <Mesas_Instaladas V="54"/>
  <Mesas_Informadas V="54"/>
  <Porc_Mesas_Informadas V="100,00"/>
  <Potencial_Sufragantes V="16700"/>
  <Detalle_Circunscripcion>
    <lin>
      <Circunscripcion V="0"/>
      <Desc_Circunscripcion V="NACIONAL"/>
      <Detalle_Pregunta>
        <lin>
          <Pregunta V="001"/>
          <Total_Sufragantes V="16700"/>
          <Porc_Sufragantes V="100,00"/>
          <Abstencion V="0"/>
          <Porc_Abstencion V="000,00"/>
          <Votos_Validos V="8523"/>
          <Porc_Votos_Validos V="051,03"/>
          <Votos_No_Marcados V="4215"/>
          <Porc_Votos_No_Marcados V="025,23"/>
          <Votos_Nulos V="3962"/>
          <Porc_Votos_Nulos V="023,72"/>
        </lin>
        <lin>
          <Pregunta V="002"/>
          <Total_Sufragantes V="16700"/>
          <Porc_Sufragantes V="100,00"/>
          <Abstencion V="0"/>
          <Porc_Abstencion V="000,00"/>
          <Votos_Validos V="8156"/>
          <Porc_Votos_Validos V="048,83"/>
          <Votos_No_Marcados V="4607"/>
          <Porc_Votos_No_Marcados V="027,58"/>
          <Votos_Nulos V="3937"/>
          <Porc_Votos_Nulos V="023,57"/>
        </lin>
        <lin>
          <Pregunta V="003"/>
          <Total_Sufragantes V="16700"/>
          <Porc_Sufragantes V="100,00"/>
          <Abstencion V="0"/>
          <Porc_Abstencion V="000,00"/>
          <Votos_Validos V="8394"/>
          <Porc_Votos_Validos V="050,26"/>
          <Votos_No_Marcados V="4254"/>
          <Porc_Votos_No_Marcados V="025,47"/>
          <Votos_Nulos V="4052"/>
          <Porc_Votos_Nulos V="024,26"/>
        </lin>
        <lin>
          <Pregunta V="004"/>
          <Total_Sufragantes V="16700"/>
          <Porc_Sufragantes V="100,00"/>
          <Abstencion V="0"/>
          <Porc_Abstencion V="000,00"/>
          <Votos_Validos V="8411"/>
          <Porc_Votos_Validos V="050,36"/>
          <Votos_No_Marcados V="3965"/>
          <Porc_Votos_No_Marcados V="023,74"/>
          <Votos_Nulos V="4324"/>
          <Porc_Votos_Nulos V="025,89"/>
        </lin>
        <lin>
          <Pregunta V="005"/>
          <Total_Sufragantes V="16700"/>
          <Porc_Sufragantes V="100,00"/>
          <Abstencion V="0"/>
          <Porc_Abstencion V="000,00"/>
          <Votos_Validos V="8451"/>
          <Porc_Votos_Validos V="050,60"/>
          <Votos_No_Marcados V="4087"/>
          <Porc_Votos_No_Marcados V="024,47"/>
          <Votos_Nulos V="4162"/>
          <Porc_Votos_Nulos V="024,92"/>
        </lin>
        <lin>
          <Pregunta V="006"/>
          <Total_Sufragantes V="16700"/>
          <Porc_Sufragantes V="100,00"/>
          <Abstencion V="0"/>
          <Porc_Abstencion V="000,00"/>
          <Votos_Validos V="7460"/>
          <Porc_Votos_Validos V="044,67"/>
          <Votos_No_Marcados V="4368"/>
          <Porc_Votos_No_Marcados V="026,15"/>
          <Votos_Nulos V="4872"/>
          <Porc_Votos_Nulos V="029,17"/>
        </lin>
        <lin>
          <Pregunta V="007"/>
          <Total_Sufragantes V="16700"/>
          <Porc_Sufragantes V="100,00"/>
          <Abstencion V="0"/>
          <Porc_Abstencion V="000,00"/>
          <Votos_Validos V="8151"/>
          <Porc_Votos_Validos V="048,80"/>
          <Votos_No_Marcados V="4572"/>
          <Porc_Votos_No_Marcados V="027,37"/>
          <Votos_Nulos V="3977"/>
          <Porc_Votos_Nulos V="023,81"/>
        </lin>
      </Detalle_Pregunta>
      <Detalle_Opcion>
        <lin>
          <Opcion V="001"/>
          <Votos V="4475"/>
          <Porc V="052,50"/>
          <Pregunta V="001"/>
        </lin>
        <lin>
          <Opcion V="002"/>
          <Votos V="4048"/>
          <Porc V="047,49"/>
          <Pregunta V="001"/>
        </lin>
        <lin>
          <Opcion V="001"/>
          <Votos V="4195"/>
          <Porc V="051,43"/>
          <Pregunta V="002"/>
        </lin>
        <lin>
          <Opcion V="002"/>
          <Votos V="3961"/>
          <Porc V="048,56"/>
          <Pregunta V="002"/>
        </lin>
        <lin>
          <Opcion V="001"/>
          <Votos V="3656"/>
          <Porc V="043,55"/>
          <Pregunta V="003"/>
        </lin>
        <lin>
          <Opcion V="002"/>
          <Votos V="4738"/>
          <Porc V="056,44"/>
          <Pregunta V="003"/>
        </lin>
        <lin>
          <Opcion V="001"/>
          <Votos V="4195"/>
          <Porc V="049,87"/>
          <Pregunta V="004"/>
        </lin>
        <lin>
          <Opcion V="002"/>
          <Votos V="4216"/>
          <Porc V="050,12"/>
          <Pregunta V="004"/>
        </lin>
        <lin>
          <Opcion V="001"/>
          <Votos V="4196"/>
          <Porc V="049,65"/>
          <Pregunta V="005"/>
        </lin>
        <lin>
          <Opcion V="002"/>
          <Votos V="4255"/>
          <Porc V="050,34"/>
          <Pregunta V="005"/>
        </lin>
        <lin>
          <Opcion V="001"/>
          <Votos V="3523"/>
          <Porc V="047,22"/>
          <Pregunta V="006"/>
        </lin>
        <lin>
          <Opcion V="002"/>
          <Votos V="3937"/>
          <Porc V="052,77"/>
          <Pregunta V="006"/>
        </lin>
        <lin>
          <Opcion V="001"/>
          <Votos V="4196"/>
          <Porc V="051,47"/>
          <Pregunta V="007"/>
        </lin>
        <lin>
          <Opcion V="002"/>
          <Votos V="3955"/>
          <Porc V="048,52"/>
          <Pregunta V="007"/>
        </lin>
      </Detalle_Opcion>
    </lin>
  </Detalle_Circunscripcion>
</Boletin>
</Boletin_Consolidado>