<Boletin_Consolidado><Boletin>
  <Numero V="0008"/>
  <Boletin_Departamental V="0012"/>
  <Tipo_Boletin V="DEPARTAMENTAL"/>
  <Desc_Corporacion V="CONSULTA POPULAR"/>
  <Departamento V="15"/>
  <Desc_Departamento V="CUNDINAMARCA"/>
  <Municipio V="076"/>
  <Desc_Municipio V="FACATATIVA"/>
  <Dia V="21"/>
  <Mes V="8"/>
  <Anio V="2018"/>
  <Hora V="14"/>
  <Minuto V="15"/>
  <Mesas_Instaladas V="235"/>
  <Mesas_Informadas V="235"/>
  <Porc_Mesas_Informadas V="100,00"/>
  <Potencial_Sufragantes V="91944"/>
  <Detalle_Circunscripcion>
    <lin>
      <Circunscripcion V="0"/>
      <Desc_Circunscripcion V="NACIONAL"/>
      <Detalle_Pregunta>
        <lin>
          <Pregunta V="001"/>
          <Total_Sufragantes V="91944"/>
          <Porc_Sufragantes V="100,00"/>
          <Abstencion V="0"/>
          <Porc_Abstencion V="000,00"/>
          <Votos_Validos V="45866"/>
          <Porc_Votos_Validos V="049,88"/>
          <Votos_No_Marcados V="22537"/>
          <Porc_Votos_No_Marcados V="024,51"/>
          <Votos_Nulos V="23541"/>
          <Porc_Votos_Nulos V="025,60"/>
        </lin>
        <lin>
          <Pregunta V="002"/>
          <Total_Sufragantes V="91944"/>
          <Porc_Sufragantes V="100,00"/>
          <Abstencion V="0"/>
          <Porc_Abstencion V="000,00"/>
          <Votos_Validos V="45594"/>
          <Porc_Votos_Validos V="049,58"/>
          <Votos_No_Marcados V="23131"/>
          <Porc_Votos_No_Marcados V="025,15"/>
          <Votos_Nulos V="23219"/>
          <Porc_Votos_Nulos V="025,25"/>
        </lin>
        <lin>
          <Pregunta V="003"/>
          <Total_Sufragantes V="91944"/>
          <Porc_Sufragantes V="100,00"/>
          <Abstencion V="0"/>
          <Porc_Abstencion V="000,00"/>
          <Votos_Validos V="48374"/>
          <Porc_Votos_Validos V="052,61"/>
          <Votos_No_Marcados V="20466"/>
          <Porc_Votos_No_Marcados V="022,25"/>
          <Votos_Nulos V="23104"/>
          <Porc_Votos_Nulos V="025,12"/>
        </lin>
        <lin>
          <Pregunta V="004"/>
          <Total_Sufragantes V="91944"/>
          <Porc_Sufragantes V="100,00"/>
          <Abstencion V="0"/>
          <Porc_Abstencion V="000,00"/>
          <Votos_Validos V="42967"/>
          <Porc_Votos_Validos V="046,73"/>
          <Votos_No_Marcados V="25905"/>
          <Porc_Votos_No_Marcados V="028,17"/>
          <Votos_Nulos V="23072"/>
          <Porc_Votos_Nulos V="025,09"/>
        </lin>
        <lin>
          <Pregunta V="005"/>
          <Total_Sufragantes V="91944"/>
          <Porc_Sufragantes V="100,00"/>
          <Abstencion V="0"/>
          <Porc_Abstencion V="000,00"/>
          <Votos_Validos V="45966"/>
          <Porc_Votos_Validos V="049,99"/>
          <Votos_No_Marcados V="24167"/>
          <Porc_Votos_No_Marcados V="026,28"/>
          <Votos_Nulos V="21811"/>
          <Porc_Votos_Nulos V="023,72"/>
        </lin>
        <lin>
          <Pregunta V="006"/>
          <Total_Sufragantes V="91944"/>
          <Porc_Sufragantes V="100,00"/>
          <Abstencion V="0"/>
          <Porc_Abstencion V="000,00"/>
          <Votos_Validos V="46295"/>
          <Porc_Votos_Validos V="050,35"/>
          <Votos_No_Marcados V="24610"/>
          <Porc_Votos_No_Marcados V="026,76"/>
          <Votos_Nulos V="21039"/>
          <Porc_Votos_Nulos V="022,88"/>
        </lin>
        <lin>
          <Pregunta V="007"/>
          <Total_Sufragantes V="91944"/>
          <Porc_Sufragantes V="100,00"/>
          <Abstencion V="0"/>
          <Porc_Abstencion V="000,00"/>
          <Votos_Validos V="43788"/>
          <Porc_Votos_Validos V="047,62"/>
          <Votos_No_Marcados V="23310"/>
          <Porc_Votos_No_Marcados V="025,35"/>
          <Votos_Nulos V="24846"/>
          <Porc_Votos_Nulos V="027,02"/>
        </lin>
      </Detalle_Pregunta>
      <Detalle_Opcion>
        <lin>
          <Opcion V="001"/>
          <Votos V="22119"/>
          <Porc V="048,22"/>
          <Pregunta V="001"/>
        </lin>
        <lin>
          <Opcion V="002"/>
          <Votos V="23747"/>
          <Porc V="051,77"/>
          <Pregunta V="001"/>
        </lin>
        <lin>
          <Opcion V="001"/>
          <Votos V="23305"/>
          <Porc V="051,11"/>
          <Pregunta V="002"/>
        </lin>
        <lin>
          <Opcion V="002"/>
          <Votos V="22289"/>
          <Porc V="048,88"/>
          <Pregunta V="002"/>
        </lin>
        <lin>
          <Opcion V="001"/>
          <Votos V="22631"/>
          <Porc V="046,78"/>
          <Pregunta V="003"/>
        </lin>
        <lin>
          <Opcion V="002"/>
          <Votos V="25743"/>
          <Porc V="053,21"/>
          <Pregunta V="003"/>
        </lin>
        <lin>
          <Opcion V="001"/>
          <Votos V="22038"/>
          <Porc V="051,29"/>
          <Pregunta V="004"/>
        </lin>
        <lin>
          <Opcion V="002"/>
          <Votos V="20929"/>
          <Porc V="048,70"/>
          <Pregunta V="004"/>
        </lin>
        <lin>
          <Opcion V="001"/>
          <Votos V="24597"/>
          <Porc V="053,51"/>
          <Pregunta V="005"/>
        </lin>
        <lin>
          <Opcion V="002"/>
          <Votos V="21369"/>
          <Porc V="046,48"/>
          <Pregunta V="005"/>
        </lin>
        <lin>
          <Opcion V="001"/>
          <Votos V="25522"/>
          <Porc V="055,12"/>
          <Pregunta V="006"/>
        </lin>
        <lin>
          <Opcion V="002"/>
          <Votos V="20773"/>
          <Porc V="044,87"/>
          <Pregunta V="006"/>
        </lin>
        <lin>
          <Opcion V="001"/>
          <Votos V="21607"/>
          <Porc V="049,34"/>
          <Pregunta V="007"/>
        </lin>
        <lin>
          <Opcion V="002"/>
          <Votos V="22181"/>
          <Porc V="050,65"/>
          <Pregunta V="007"/>
        </lin>
      </Detalle_Opcion>
    </lin>
  </Detalle_Circunscripcion>
</Boletin>
</Boletin_Consolidado>