<Boletin_Consolidado><Boletin>
  <Numero V="0008"/>
  <Boletin_Departamental V="0012"/>
  <Tipo_Boletin V="DEPARTAMENTAL"/>
  <Desc_Corporacion V="CONSULTA POPULAR"/>
  <Departamento V="12"/>
  <Desc_Departamento V="CESAR"/>
  <Municipio V="525"/>
  <Desc_Municipio V="GONZALEZ"/>
  <Dia V="21"/>
  <Mes V="8"/>
  <Anio V="2018"/>
  <Hora V="14"/>
  <Minuto V="15"/>
  <Mesas_Instaladas V="15"/>
  <Mesas_Informadas V="15"/>
  <Porc_Mesas_Informadas V="100,00"/>
  <Potencial_Sufragantes V="4020"/>
  <Detalle_Circunscripcion>
    <lin>
      <Circunscripcion V="0"/>
      <Desc_Circunscripcion V="NACIONAL"/>
      <Detalle_Pregunta>
        <lin>
          <Pregunta V="001"/>
          <Total_Sufragantes V="4020"/>
          <Porc_Sufragantes V="100,00"/>
          <Abstencion V="0"/>
          <Porc_Abstencion V="000,00"/>
          <Votos_Validos V="2169"/>
          <Porc_Votos_Validos V="053,95"/>
          <Votos_No_Marcados V="756"/>
          <Porc_Votos_No_Marcados V="018,80"/>
          <Votos_Nulos V="1095"/>
          <Porc_Votos_Nulos V="027,23"/>
        </lin>
        <lin>
          <Pregunta V="002"/>
          <Total_Sufragantes V="4020"/>
          <Porc_Sufragantes V="100,00"/>
          <Abstencion V="0"/>
          <Porc_Abstencion V="000,00"/>
          <Votos_Validos V="1941"/>
          <Porc_Votos_Validos V="048,28"/>
          <Votos_No_Marcados V="1087"/>
          <Porc_Votos_No_Marcados V="027,03"/>
          <Votos_Nulos V="992"/>
          <Porc_Votos_Nulos V="024,67"/>
        </lin>
        <lin>
          <Pregunta V="003"/>
          <Total_Sufragantes V="4020"/>
          <Porc_Sufragantes V="100,00"/>
          <Abstencion V="0"/>
          <Porc_Abstencion V="000,00"/>
          <Votos_Validos V="1967"/>
          <Porc_Votos_Validos V="048,93"/>
          <Votos_No_Marcados V="1040"/>
          <Porc_Votos_No_Marcados V="025,87"/>
          <Votos_Nulos V="1013"/>
          <Porc_Votos_Nulos V="025,19"/>
        </lin>
        <lin>
          <Pregunta V="004"/>
          <Total_Sufragantes V="4020"/>
          <Porc_Sufragantes V="100,00"/>
          <Abstencion V="0"/>
          <Porc_Abstencion V="000,00"/>
          <Votos_Validos V="1973"/>
          <Porc_Votos_Validos V="049,07"/>
          <Votos_No_Marcados V="1059"/>
          <Porc_Votos_No_Marcados V="026,34"/>
          <Votos_Nulos V="988"/>
          <Porc_Votos_Nulos V="024,57"/>
        </lin>
        <lin>
          <Pregunta V="005"/>
          <Total_Sufragantes V="4020"/>
          <Porc_Sufragantes V="100,00"/>
          <Abstencion V="0"/>
          <Porc_Abstencion V="000,00"/>
          <Votos_Validos V="2096"/>
          <Porc_Votos_Validos V="052,13"/>
          <Votos_No_Marcados V="1026"/>
          <Porc_Votos_No_Marcados V="025,52"/>
          <Votos_Nulos V="898"/>
          <Porc_Votos_Nulos V="022,33"/>
        </lin>
        <lin>
          <Pregunta V="006"/>
          <Total_Sufragantes V="4020"/>
          <Porc_Sufragantes V="100,00"/>
          <Abstencion V="0"/>
          <Porc_Abstencion V="000,00"/>
          <Votos_Validos V="1930"/>
          <Porc_Votos_Validos V="048,00"/>
          <Votos_No_Marcados V="1112"/>
          <Porc_Votos_No_Marcados V="027,66"/>
          <Votos_Nulos V="978"/>
          <Porc_Votos_Nulos V="024,32"/>
        </lin>
        <lin>
          <Pregunta V="007"/>
          <Total_Sufragantes V="4020"/>
          <Porc_Sufragantes V="100,00"/>
          <Abstencion V="0"/>
          <Porc_Abstencion V="000,00"/>
          <Votos_Validos V="1567"/>
          <Porc_Votos_Validos V="038,98"/>
          <Votos_No_Marcados V="1000"/>
          <Porc_Votos_No_Marcados V="024,87"/>
          <Votos_Nulos V="1453"/>
          <Porc_Votos_Nulos V="036,14"/>
        </lin>
      </Detalle_Pregunta>
      <Detalle_Opcion>
        <lin>
          <Opcion V="001"/>
          <Votos V="1010"/>
          <Porc V="046,56"/>
          <Pregunta V="001"/>
        </lin>
        <lin>
          <Opcion V="002"/>
          <Votos V="1159"/>
          <Porc V="053,43"/>
          <Pregunta V="001"/>
        </lin>
        <lin>
          <Opcion V="001"/>
          <Votos V="1301"/>
          <Porc V="067,02"/>
          <Pregunta V="002"/>
        </lin>
        <lin>
          <Opcion V="002"/>
          <Votos V="640"/>
          <Porc V="032,97"/>
          <Pregunta V="002"/>
        </lin>
        <lin>
          <Opcion V="001"/>
          <Votos V="756"/>
          <Porc V="038,43"/>
          <Pregunta V="003"/>
        </lin>
        <lin>
          <Opcion V="002"/>
          <Votos V="1211"/>
          <Porc V="061,56"/>
          <Pregunta V="003"/>
        </lin>
        <lin>
          <Opcion V="001"/>
          <Votos V="998"/>
          <Porc V="050,58"/>
          <Pregunta V="004"/>
        </lin>
        <lin>
          <Opcion V="002"/>
          <Votos V="975"/>
          <Porc V="049,41"/>
          <Pregunta V="004"/>
        </lin>
        <lin>
          <Opcion V="001"/>
          <Votos V="1122"/>
          <Porc V="053,53"/>
          <Pregunta V="005"/>
        </lin>
        <lin>
          <Opcion V="002"/>
          <Votos V="974"/>
          <Porc V="046,46"/>
          <Pregunta V="005"/>
        </lin>
        <lin>
          <Opcion V="001"/>
          <Votos V="901"/>
          <Porc V="046,68"/>
          <Pregunta V="006"/>
        </lin>
        <lin>
          <Opcion V="002"/>
          <Votos V="1029"/>
          <Porc V="053,31"/>
          <Pregunta V="006"/>
        </lin>
        <lin>
          <Opcion V="001"/>
          <Votos V="1042"/>
          <Porc V="066,49"/>
          <Pregunta V="007"/>
        </lin>
        <lin>
          <Opcion V="002"/>
          <Votos V="525"/>
          <Porc V="033,50"/>
          <Pregunta V="007"/>
        </lin>
      </Detalle_Opcion>
    </lin>
  </Detalle_Circunscripcion>
</Boletin>
</Boletin_Consolidado>