<Boletin_Consolidado><Boletin>
  <Numero V="0008"/>
  <Boletin_Departamental V="0012"/>
  <Tipo_Boletin V="DEPARTAMENTAL"/>
  <Desc_Corporacion V="CONSULTA POPULAR"/>
  <Departamento V="07"/>
  <Desc_Departamento V="BOYACA"/>
  <Municipio V="250"/>
  <Desc_Municipio V="SANTANA"/>
  <Dia V="21"/>
  <Mes V="8"/>
  <Anio V="2018"/>
  <Hora V="14"/>
  <Minuto V="15"/>
  <Mesas_Instaladas V="19"/>
  <Mesas_Informadas V="19"/>
  <Porc_Mesas_Informadas V="100,00"/>
  <Potencial_Sufragantes V="6965"/>
  <Detalle_Circunscripcion>
    <lin>
      <Circunscripcion V="0"/>
      <Desc_Circunscripcion V="NACIONAL"/>
      <Detalle_Pregunta>
        <lin>
          <Pregunta V="001"/>
          <Total_Sufragantes V="6965"/>
          <Porc_Sufragantes V="100,00"/>
          <Abstencion V="0"/>
          <Porc_Abstencion V="000,00"/>
          <Votos_Validos V="3610"/>
          <Porc_Votos_Validos V="051,83"/>
          <Votos_No_Marcados V="1637"/>
          <Porc_Votos_No_Marcados V="023,50"/>
          <Votos_Nulos V="1718"/>
          <Porc_Votos_Nulos V="024,66"/>
        </lin>
        <lin>
          <Pregunta V="002"/>
          <Total_Sufragantes V="6965"/>
          <Porc_Sufragantes V="100,00"/>
          <Abstencion V="0"/>
          <Porc_Abstencion V="000,00"/>
          <Votos_Validos V="3600"/>
          <Porc_Votos_Validos V="051,68"/>
          <Votos_No_Marcados V="1492"/>
          <Porc_Votos_No_Marcados V="021,42"/>
          <Votos_Nulos V="1873"/>
          <Porc_Votos_Nulos V="026,89"/>
        </lin>
        <lin>
          <Pregunta V="003"/>
          <Total_Sufragantes V="6965"/>
          <Porc_Sufragantes V="100,00"/>
          <Abstencion V="0"/>
          <Porc_Abstencion V="000,00"/>
          <Votos_Validos V="3914"/>
          <Porc_Votos_Validos V="056,19"/>
          <Votos_No_Marcados V="1245"/>
          <Porc_Votos_No_Marcados V="017,87"/>
          <Votos_Nulos V="1806"/>
          <Porc_Votos_Nulos V="025,92"/>
        </lin>
        <lin>
          <Pregunta V="004"/>
          <Total_Sufragantes V="6965"/>
          <Porc_Sufragantes V="100,00"/>
          <Abstencion V="0"/>
          <Porc_Abstencion V="000,00"/>
          <Votos_Validos V="3215"/>
          <Porc_Votos_Validos V="046,15"/>
          <Votos_No_Marcados V="1981"/>
          <Porc_Votos_No_Marcados V="028,44"/>
          <Votos_Nulos V="1769"/>
          <Porc_Votos_Nulos V="025,39"/>
        </lin>
        <lin>
          <Pregunta V="005"/>
          <Total_Sufragantes V="6965"/>
          <Porc_Sufragantes V="100,00"/>
          <Abstencion V="0"/>
          <Porc_Abstencion V="000,00"/>
          <Votos_Validos V="3089"/>
          <Porc_Votos_Validos V="044,35"/>
          <Votos_No_Marcados V="1731"/>
          <Porc_Votos_No_Marcados V="024,85"/>
          <Votos_Nulos V="2145"/>
          <Porc_Votos_Nulos V="030,79"/>
        </lin>
        <lin>
          <Pregunta V="006"/>
          <Total_Sufragantes V="6965"/>
          <Porc_Sufragantes V="100,00"/>
          <Abstencion V="0"/>
          <Porc_Abstencion V="000,00"/>
          <Votos_Validos V="3954"/>
          <Porc_Votos_Validos V="056,76"/>
          <Votos_No_Marcados V="1545"/>
          <Porc_Votos_No_Marcados V="022,18"/>
          <Votos_Nulos V="1466"/>
          <Porc_Votos_Nulos V="021,04"/>
        </lin>
        <lin>
          <Pregunta V="007"/>
          <Total_Sufragantes V="6965"/>
          <Porc_Sufragantes V="100,00"/>
          <Abstencion V="0"/>
          <Porc_Abstencion V="000,00"/>
          <Votos_Validos V="2779"/>
          <Porc_Votos_Validos V="039,89"/>
          <Votos_No_Marcados V="1845"/>
          <Porc_Votos_No_Marcados V="026,48"/>
          <Votos_Nulos V="2341"/>
          <Porc_Votos_Nulos V="033,61"/>
        </lin>
      </Detalle_Pregunta>
      <Detalle_Opcion>
        <lin>
          <Opcion V="001"/>
          <Votos V="2275"/>
          <Porc V="063,01"/>
          <Pregunta V="001"/>
        </lin>
        <lin>
          <Opcion V="002"/>
          <Votos V="1335"/>
          <Porc V="036,98"/>
          <Pregunta V="001"/>
        </lin>
        <lin>
          <Opcion V="001"/>
          <Votos V="1535"/>
          <Porc V="042,63"/>
          <Pregunta V="002"/>
        </lin>
        <lin>
          <Opcion V="002"/>
          <Votos V="2065"/>
          <Porc V="057,36"/>
          <Pregunta V="002"/>
        </lin>
        <lin>
          <Opcion V="001"/>
          <Votos V="1891"/>
          <Porc V="048,31"/>
          <Pregunta V="003"/>
        </lin>
        <lin>
          <Opcion V="002"/>
          <Votos V="2023"/>
          <Porc V="051,68"/>
          <Pregunta V="003"/>
        </lin>
        <lin>
          <Opcion V="001"/>
          <Votos V="1671"/>
          <Porc V="051,97"/>
          <Pregunta V="004"/>
        </lin>
        <lin>
          <Opcion V="002"/>
          <Votos V="1544"/>
          <Porc V="048,02"/>
          <Pregunta V="004"/>
        </lin>
        <lin>
          <Opcion V="001"/>
          <Votos V="1554"/>
          <Porc V="050,30"/>
          <Pregunta V="005"/>
        </lin>
        <lin>
          <Opcion V="002"/>
          <Votos V="1535"/>
          <Porc V="049,69"/>
          <Pregunta V="005"/>
        </lin>
        <lin>
          <Opcion V="001"/>
          <Votos V="2019"/>
          <Porc V="051,06"/>
          <Pregunta V="006"/>
        </lin>
        <lin>
          <Opcion V="002"/>
          <Votos V="1935"/>
          <Porc V="048,93"/>
          <Pregunta V="006"/>
        </lin>
        <lin>
          <Opcion V="001"/>
          <Votos V="1507"/>
          <Porc V="054,22"/>
          <Pregunta V="007"/>
        </lin>
        <lin>
          <Opcion V="002"/>
          <Votos V="1272"/>
          <Porc V="045,77"/>
          <Pregunta V="007"/>
        </lin>
      </Detalle_Opcion>
    </lin>
  </Detalle_Circunscripcion>
</Boletin>
</Boletin_Consolidado>