<Boletin_Consolidado><Boletin>
  <Numero V="0008"/>
  <Boletin_Departamental V="0012"/>
  <Tipo_Boletin V="DEPARTAMENTAL"/>
  <Desc_Corporacion V="CONSULTA POPULAR"/>
  <Departamento V="05"/>
  <Desc_Departamento V="BOLIVAR"/>
  <Municipio V="079"/>
  <Desc_Municipio V="SAN JUAN NEPOMUCENO"/>
  <Dia V="21"/>
  <Mes V="8"/>
  <Anio V="2018"/>
  <Hora V="14"/>
  <Minuto V="15"/>
  <Mesas_Instaladas V="85"/>
  <Mesas_Informadas V="85"/>
  <Porc_Mesas_Informadas V="100,00"/>
  <Potencial_Sufragantes V="30882"/>
  <Detalle_Circunscripcion>
    <lin>
      <Circunscripcion V="0"/>
      <Desc_Circunscripcion V="NACIONAL"/>
      <Detalle_Pregunta>
        <lin>
          <Pregunta V="001"/>
          <Total_Sufragantes V="30882"/>
          <Porc_Sufragantes V="100,00"/>
          <Abstencion V="0"/>
          <Porc_Abstencion V="000,00"/>
          <Votos_Validos V="16464"/>
          <Porc_Votos_Validos V="053,31"/>
          <Votos_No_Marcados V="8066"/>
          <Porc_Votos_No_Marcados V="026,11"/>
          <Votos_Nulos V="6352"/>
          <Porc_Votos_Nulos V="020,56"/>
        </lin>
        <lin>
          <Pregunta V="002"/>
          <Total_Sufragantes V="30882"/>
          <Porc_Sufragantes V="100,00"/>
          <Abstencion V="0"/>
          <Porc_Abstencion V="000,00"/>
          <Votos_Validos V="14933"/>
          <Porc_Votos_Validos V="048,35"/>
          <Votos_No_Marcados V="8037"/>
          <Porc_Votos_No_Marcados V="026,02"/>
          <Votos_Nulos V="7912"/>
          <Porc_Votos_Nulos V="025,62"/>
        </lin>
        <lin>
          <Pregunta V="003"/>
          <Total_Sufragantes V="30882"/>
          <Porc_Sufragantes V="100,00"/>
          <Abstencion V="0"/>
          <Porc_Abstencion V="000,00"/>
          <Votos_Validos V="16089"/>
          <Porc_Votos_Validos V="052,09"/>
          <Votos_No_Marcados V="7036"/>
          <Porc_Votos_No_Marcados V="022,78"/>
          <Votos_Nulos V="7757"/>
          <Porc_Votos_Nulos V="025,11"/>
        </lin>
        <lin>
          <Pregunta V="004"/>
          <Total_Sufragantes V="30882"/>
          <Porc_Sufragantes V="100,00"/>
          <Abstencion V="0"/>
          <Porc_Abstencion V="000,00"/>
          <Votos_Validos V="16731"/>
          <Porc_Votos_Validos V="054,17"/>
          <Votos_No_Marcados V="7089"/>
          <Porc_Votos_No_Marcados V="022,95"/>
          <Votos_Nulos V="7062"/>
          <Porc_Votos_Nulos V="022,86"/>
        </lin>
        <lin>
          <Pregunta V="005"/>
          <Total_Sufragantes V="30882"/>
          <Porc_Sufragantes V="100,00"/>
          <Abstencion V="0"/>
          <Porc_Abstencion V="000,00"/>
          <Votos_Validos V="16341"/>
          <Porc_Votos_Validos V="052,91"/>
          <Votos_No_Marcados V="8005"/>
          <Porc_Votos_No_Marcados V="025,92"/>
          <Votos_Nulos V="6536"/>
          <Porc_Votos_Nulos V="021,16"/>
        </lin>
        <lin>
          <Pregunta V="006"/>
          <Total_Sufragantes V="30882"/>
          <Porc_Sufragantes V="100,00"/>
          <Abstencion V="0"/>
          <Porc_Abstencion V="000,00"/>
          <Votos_Validos V="14662"/>
          <Porc_Votos_Validos V="047,47"/>
          <Votos_No_Marcados V="8837"/>
          <Porc_Votos_No_Marcados V="028,61"/>
          <Votos_Nulos V="7383"/>
          <Porc_Votos_Nulos V="023,90"/>
        </lin>
        <lin>
          <Pregunta V="007"/>
          <Total_Sufragantes V="30882"/>
          <Porc_Sufragantes V="100,00"/>
          <Abstencion V="0"/>
          <Porc_Abstencion V="000,00"/>
          <Votos_Validos V="14001"/>
          <Porc_Votos_Validos V="045,33"/>
          <Votos_No_Marcados V="8443"/>
          <Porc_Votos_No_Marcados V="027,33"/>
          <Votos_Nulos V="8438"/>
          <Porc_Votos_Nulos V="027,32"/>
        </lin>
      </Detalle_Pregunta>
      <Detalle_Opcion>
        <lin>
          <Opcion V="001"/>
          <Votos V="8546"/>
          <Porc V="051,90"/>
          <Pregunta V="001"/>
        </lin>
        <lin>
          <Opcion V="002"/>
          <Votos V="7918"/>
          <Porc V="048,09"/>
          <Pregunta V="001"/>
        </lin>
        <lin>
          <Opcion V="001"/>
          <Votos V="7213"/>
          <Porc V="048,30"/>
          <Pregunta V="002"/>
        </lin>
        <lin>
          <Opcion V="002"/>
          <Votos V="7720"/>
          <Porc V="051,69"/>
          <Pregunta V="002"/>
        </lin>
        <lin>
          <Opcion V="001"/>
          <Votos V="7928"/>
          <Porc V="049,27"/>
          <Pregunta V="003"/>
        </lin>
        <lin>
          <Opcion V="002"/>
          <Votos V="8161"/>
          <Porc V="050,72"/>
          <Pregunta V="003"/>
        </lin>
        <lin>
          <Opcion V="001"/>
          <Votos V="8745"/>
          <Porc V="052,26"/>
          <Pregunta V="004"/>
        </lin>
        <lin>
          <Opcion V="002"/>
          <Votos V="7986"/>
          <Porc V="047,73"/>
          <Pregunta V="004"/>
        </lin>
        <lin>
          <Opcion V="001"/>
          <Votos V="7448"/>
          <Porc V="045,57"/>
          <Pregunta V="005"/>
        </lin>
        <lin>
          <Opcion V="002"/>
          <Votos V="8893"/>
          <Porc V="054,42"/>
          <Pregunta V="005"/>
        </lin>
        <lin>
          <Opcion V="001"/>
          <Votos V="6732"/>
          <Porc V="045,91"/>
          <Pregunta V="006"/>
        </lin>
        <lin>
          <Opcion V="002"/>
          <Votos V="7930"/>
          <Porc V="054,08"/>
          <Pregunta V="006"/>
        </lin>
        <lin>
          <Opcion V="001"/>
          <Votos V="7088"/>
          <Porc V="050,62"/>
          <Pregunta V="007"/>
        </lin>
        <lin>
          <Opcion V="002"/>
          <Votos V="6913"/>
          <Porc V="049,37"/>
          <Pregunta V="007"/>
        </lin>
      </Detalle_Opcion>
    </lin>
  </Detalle_Circunscripcion>
</Boletin>
</Boletin_Consolidado>