<Boletin_Consolidado><Boletin>
  <Numero V="0008"/>
  <Boletin_Departamental V="0012"/>
  <Tipo_Boletin V="DEPARTAMENTAL"/>
  <Desc_Corporacion V="CONSULTA POPULAR"/>
  <Departamento V="01"/>
  <Desc_Departamento V="ANTIOQUIA"/>
  <Municipio V="157"/>
  <Desc_Municipio V="JARDIN"/>
  <Dia V="21"/>
  <Mes V="8"/>
  <Anio V="2018"/>
  <Hora V="14"/>
  <Minuto V="15"/>
  <Mesas_Instaladas V="34"/>
  <Mesas_Informadas V="34"/>
  <Porc_Mesas_Informadas V="100,00"/>
  <Potencial_Sufragantes V="12435"/>
  <Detalle_Circunscripcion>
    <lin>
      <Circunscripcion V="0"/>
      <Desc_Circunscripcion V="NACIONAL"/>
      <Detalle_Pregunta>
        <lin>
          <Pregunta V="001"/>
          <Total_Sufragantes V="12435"/>
          <Porc_Sufragantes V="100,00"/>
          <Abstencion V="0"/>
          <Porc_Abstencion V="000,00"/>
          <Votos_Validos V="6979"/>
          <Porc_Votos_Validos V="056,12"/>
          <Votos_No_Marcados V="2560"/>
          <Porc_Votos_No_Marcados V="020,58"/>
          <Votos_Nulos V="2896"/>
          <Porc_Votos_Nulos V="023,28"/>
        </lin>
        <lin>
          <Pregunta V="002"/>
          <Total_Sufragantes V="12435"/>
          <Porc_Sufragantes V="100,00"/>
          <Abstencion V="0"/>
          <Porc_Abstencion V="000,00"/>
          <Votos_Validos V="6002"/>
          <Porc_Votos_Validos V="048,26"/>
          <Votos_No_Marcados V="3625"/>
          <Porc_Votos_No_Marcados V="029,15"/>
          <Votos_Nulos V="2808"/>
          <Porc_Votos_Nulos V="022,58"/>
        </lin>
        <lin>
          <Pregunta V="003"/>
          <Total_Sufragantes V="12435"/>
          <Porc_Sufragantes V="100,00"/>
          <Abstencion V="0"/>
          <Porc_Abstencion V="000,00"/>
          <Votos_Validos V="5772"/>
          <Porc_Votos_Validos V="046,41"/>
          <Votos_No_Marcados V="3930"/>
          <Porc_Votos_No_Marcados V="031,60"/>
          <Votos_Nulos V="2733"/>
          <Porc_Votos_Nulos V="021,97"/>
        </lin>
        <lin>
          <Pregunta V="004"/>
          <Total_Sufragantes V="12435"/>
          <Porc_Sufragantes V="100,00"/>
          <Abstencion V="0"/>
          <Porc_Abstencion V="000,00"/>
          <Votos_Validos V="5784"/>
          <Porc_Votos_Validos V="046,51"/>
          <Votos_No_Marcados V="3300"/>
          <Porc_Votos_No_Marcados V="026,53"/>
          <Votos_Nulos V="3351"/>
          <Porc_Votos_Nulos V="026,94"/>
        </lin>
        <lin>
          <Pregunta V="005"/>
          <Total_Sufragantes V="12435"/>
          <Porc_Sufragantes V="100,00"/>
          <Abstencion V="0"/>
          <Porc_Abstencion V="000,00"/>
          <Votos_Validos V="6615"/>
          <Porc_Votos_Validos V="053,19"/>
          <Votos_No_Marcados V="2891"/>
          <Porc_Votos_No_Marcados V="023,24"/>
          <Votos_Nulos V="2929"/>
          <Porc_Votos_Nulos V="023,55"/>
        </lin>
        <lin>
          <Pregunta V="006"/>
          <Total_Sufragantes V="12435"/>
          <Porc_Sufragantes V="100,00"/>
          <Abstencion V="0"/>
          <Porc_Abstencion V="000,00"/>
          <Votos_Validos V="6653"/>
          <Porc_Votos_Validos V="053,50"/>
          <Votos_No_Marcados V="2941"/>
          <Porc_Votos_No_Marcados V="023,65"/>
          <Votos_Nulos V="2841"/>
          <Porc_Votos_Nulos V="022,84"/>
        </lin>
        <lin>
          <Pregunta V="007"/>
          <Total_Sufragantes V="12435"/>
          <Porc_Sufragantes V="100,00"/>
          <Abstencion V="0"/>
          <Porc_Abstencion V="000,00"/>
          <Votos_Validos V="5617"/>
          <Porc_Votos_Validos V="045,17"/>
          <Votos_No_Marcados V="3402"/>
          <Porc_Votos_No_Marcados V="027,35"/>
          <Votos_Nulos V="3416"/>
          <Porc_Votos_Nulos V="027,47"/>
        </lin>
      </Detalle_Pregunta>
      <Detalle_Opcion>
        <lin>
          <Opcion V="001"/>
          <Votos V="3445"/>
          <Porc V="049,36"/>
          <Pregunta V="001"/>
        </lin>
        <lin>
          <Opcion V="002"/>
          <Votos V="3534"/>
          <Porc V="050,63"/>
          <Pregunta V="001"/>
        </lin>
        <lin>
          <Opcion V="001"/>
          <Votos V="2915"/>
          <Porc V="048,56"/>
          <Pregunta V="002"/>
        </lin>
        <lin>
          <Opcion V="002"/>
          <Votos V="3087"/>
          <Porc V="051,43"/>
          <Pregunta V="002"/>
        </lin>
        <lin>
          <Opcion V="001"/>
          <Votos V="2404"/>
          <Porc V="041,64"/>
          <Pregunta V="003"/>
        </lin>
        <lin>
          <Opcion V="002"/>
          <Votos V="3368"/>
          <Porc V="058,35"/>
          <Pregunta V="003"/>
        </lin>
        <lin>
          <Opcion V="001"/>
          <Votos V="3203"/>
          <Porc V="055,37"/>
          <Pregunta V="004"/>
        </lin>
        <lin>
          <Opcion V="002"/>
          <Votos V="2581"/>
          <Porc V="044,62"/>
          <Pregunta V="004"/>
        </lin>
        <lin>
          <Opcion V="001"/>
          <Votos V="3738"/>
          <Porc V="056,50"/>
          <Pregunta V="005"/>
        </lin>
        <lin>
          <Opcion V="002"/>
          <Votos V="2877"/>
          <Porc V="043,49"/>
          <Pregunta V="005"/>
        </lin>
        <lin>
          <Opcion V="001"/>
          <Votos V="3552"/>
          <Porc V="053,38"/>
          <Pregunta V="006"/>
        </lin>
        <lin>
          <Opcion V="002"/>
          <Votos V="3101"/>
          <Porc V="046,61"/>
          <Pregunta V="006"/>
        </lin>
        <lin>
          <Opcion V="001"/>
          <Votos V="3131"/>
          <Porc V="055,74"/>
          <Pregunta V="007"/>
        </lin>
        <lin>
          <Opcion V="002"/>
          <Votos V="2486"/>
          <Porc V="044,25"/>
          <Pregunta V="007"/>
        </lin>
      </Detalle_Opcion>
    </lin>
  </Detalle_Circunscripcion>
</Boletin>
</Boletin_Consolidado>