<Boletin_Consolidado><Boletin>
  <Numero V="0008"/>
  <Boletin_Departamental V="0012"/>
  <Tipo_Boletin V="DEPARTAMENTAL"/>
  <Desc_Corporacion V="CONSULTA POPULAR"/>
  <Departamento V="01"/>
  <Desc_Departamento V="ANTIOQUIA"/>
  <Municipio V="118"/>
  <Desc_Municipio V="ENTRERRIOS"/>
  <Dia V="21"/>
  <Mes V="8"/>
  <Anio V="2018"/>
  <Hora V="14"/>
  <Minuto V="15"/>
  <Mesas_Instaladas V="23"/>
  <Mesas_Informadas V="23"/>
  <Porc_Mesas_Informadas V="100,00"/>
  <Potencial_Sufragantes V="8528"/>
  <Detalle_Circunscripcion>
    <lin>
      <Circunscripcion V="0"/>
      <Desc_Circunscripcion V="NACIONAL"/>
      <Detalle_Pregunta>
        <lin>
          <Pregunta V="001"/>
          <Total_Sufragantes V="8528"/>
          <Porc_Sufragantes V="100,00"/>
          <Abstencion V="0"/>
          <Porc_Abstencion V="000,00"/>
          <Votos_Validos V="4336"/>
          <Porc_Votos_Validos V="050,84"/>
          <Votos_No_Marcados V="2202"/>
          <Porc_Votos_No_Marcados V="025,82"/>
          <Votos_Nulos V="1990"/>
          <Porc_Votos_Nulos V="023,33"/>
        </lin>
        <lin>
          <Pregunta V="002"/>
          <Total_Sufragantes V="8528"/>
          <Porc_Sufragantes V="100,00"/>
          <Abstencion V="0"/>
          <Porc_Abstencion V="000,00"/>
          <Votos_Validos V="4651"/>
          <Porc_Votos_Validos V="054,53"/>
          <Votos_No_Marcados V="2074"/>
          <Porc_Votos_No_Marcados V="024,31"/>
          <Votos_Nulos V="1803"/>
          <Porc_Votos_Nulos V="021,14"/>
        </lin>
        <lin>
          <Pregunta V="003"/>
          <Total_Sufragantes V="8528"/>
          <Porc_Sufragantes V="100,00"/>
          <Abstencion V="0"/>
          <Porc_Abstencion V="000,00"/>
          <Votos_Validos V="3895"/>
          <Porc_Votos_Validos V="045,67"/>
          <Votos_No_Marcados V="2599"/>
          <Porc_Votos_No_Marcados V="030,47"/>
          <Votos_Nulos V="2034"/>
          <Porc_Votos_Nulos V="023,85"/>
        </lin>
        <lin>
          <Pregunta V="004"/>
          <Total_Sufragantes V="8528"/>
          <Porc_Sufragantes V="100,00"/>
          <Abstencion V="0"/>
          <Porc_Abstencion V="000,00"/>
          <Votos_Validos V="3401"/>
          <Porc_Votos_Validos V="039,88"/>
          <Votos_No_Marcados V="2316"/>
          <Porc_Votos_No_Marcados V="027,15"/>
          <Votos_Nulos V="2811"/>
          <Porc_Votos_Nulos V="032,96"/>
        </lin>
        <lin>
          <Pregunta V="005"/>
          <Total_Sufragantes V="8528"/>
          <Porc_Sufragantes V="100,00"/>
          <Abstencion V="0"/>
          <Porc_Abstencion V="000,00"/>
          <Votos_Validos V="4249"/>
          <Porc_Votos_Validos V="049,82"/>
          <Votos_No_Marcados V="1879"/>
          <Porc_Votos_No_Marcados V="022,03"/>
          <Votos_Nulos V="2400"/>
          <Porc_Votos_Nulos V="028,14"/>
        </lin>
        <lin>
          <Pregunta V="006"/>
          <Total_Sufragantes V="8528"/>
          <Porc_Sufragantes V="100,00"/>
          <Abstencion V="0"/>
          <Porc_Abstencion V="000,00"/>
          <Votos_Validos V="4042"/>
          <Porc_Votos_Validos V="047,39"/>
          <Votos_No_Marcados V="2487"/>
          <Porc_Votos_No_Marcados V="029,16"/>
          <Votos_Nulos V="1999"/>
          <Porc_Votos_Nulos V="023,44"/>
        </lin>
        <lin>
          <Pregunta V="007"/>
          <Total_Sufragantes V="8528"/>
          <Porc_Sufragantes V="100,00"/>
          <Abstencion V="0"/>
          <Porc_Abstencion V="000,00"/>
          <Votos_Validos V="4250"/>
          <Porc_Votos_Validos V="049,83"/>
          <Votos_No_Marcados V="2204"/>
          <Porc_Votos_No_Marcados V="025,84"/>
          <Votos_Nulos V="2074"/>
          <Porc_Votos_Nulos V="024,31"/>
        </lin>
      </Detalle_Pregunta>
      <Detalle_Opcion>
        <lin>
          <Opcion V="001"/>
          <Votos V="1863"/>
          <Porc V="042,96"/>
          <Pregunta V="001"/>
        </lin>
        <lin>
          <Opcion V="002"/>
          <Votos V="2473"/>
          <Porc V="057,03"/>
          <Pregunta V="001"/>
        </lin>
        <lin>
          <Opcion V="001"/>
          <Votos V="2230"/>
          <Porc V="047,94"/>
          <Pregunta V="002"/>
        </lin>
        <lin>
          <Opcion V="002"/>
          <Votos V="2421"/>
          <Porc V="052,05"/>
          <Pregunta V="002"/>
        </lin>
        <lin>
          <Opcion V="001"/>
          <Votos V="1949"/>
          <Porc V="050,03"/>
          <Pregunta V="003"/>
        </lin>
        <lin>
          <Opcion V="002"/>
          <Votos V="1946"/>
          <Porc V="049,96"/>
          <Pregunta V="003"/>
        </lin>
        <lin>
          <Opcion V="001"/>
          <Votos V="1724"/>
          <Porc V="050,69"/>
          <Pregunta V="004"/>
        </lin>
        <lin>
          <Opcion V="002"/>
          <Votos V="1677"/>
          <Porc V="049,30"/>
          <Pregunta V="004"/>
        </lin>
        <lin>
          <Opcion V="001"/>
          <Votos V="1835"/>
          <Porc V="043,18"/>
          <Pregunta V="005"/>
        </lin>
        <lin>
          <Opcion V="002"/>
          <Votos V="2414"/>
          <Porc V="056,81"/>
          <Pregunta V="005"/>
        </lin>
        <lin>
          <Opcion V="001"/>
          <Votos V="2158"/>
          <Porc V="053,38"/>
          <Pregunta V="006"/>
        </lin>
        <lin>
          <Opcion V="002"/>
          <Votos V="1884"/>
          <Porc V="046,61"/>
          <Pregunta V="006"/>
        </lin>
        <lin>
          <Opcion V="001"/>
          <Votos V="2291"/>
          <Porc V="053,90"/>
          <Pregunta V="007"/>
        </lin>
        <lin>
          <Opcion V="002"/>
          <Votos V="1959"/>
          <Porc V="046,09"/>
          <Pregunta V="007"/>
        </lin>
      </Detalle_Opcion>
    </lin>
  </Detalle_Circunscripcion>
</Boletin>
</Boletin_Consolidado>