<Boletin_Consolidado><Boletin>
  <Numero V="0008"/>
  <Boletin_Departamental V="0012"/>
  <Tipo_Boletin V="DEPARTAMENTAL"/>
  <Desc_Corporacion V="CONSULTA POPULAR"/>
  <Departamento V="01"/>
  <Desc_Departamento V="ANTIOQUIA"/>
  <Municipio V="013"/>
  <Desc_Municipio V="AMAGA"/>
  <Dia V="21"/>
  <Mes V="8"/>
  <Anio V="2018"/>
  <Hora V="14"/>
  <Minuto V="15"/>
  <Mesas_Instaladas V="60"/>
  <Mesas_Informadas V="60"/>
  <Porc_Mesas_Informadas V="100,00"/>
  <Potencial_Sufragantes V="22469"/>
  <Detalle_Circunscripcion>
    <lin>
      <Circunscripcion V="0"/>
      <Desc_Circunscripcion V="NACIONAL"/>
      <Detalle_Pregunta>
        <lin>
          <Pregunta V="001"/>
          <Total_Sufragantes V="22469"/>
          <Porc_Sufragantes V="100,00"/>
          <Abstencion V="0"/>
          <Porc_Abstencion V="000,00"/>
          <Votos_Validos V="11165"/>
          <Porc_Votos_Validos V="049,69"/>
          <Votos_No_Marcados V="5136"/>
          <Porc_Votos_No_Marcados V="022,85"/>
          <Votos_Nulos V="6168"/>
          <Porc_Votos_Nulos V="027,45"/>
        </lin>
        <lin>
          <Pregunta V="002"/>
          <Total_Sufragantes V="22469"/>
          <Porc_Sufragantes V="100,00"/>
          <Abstencion V="0"/>
          <Porc_Abstencion V="000,00"/>
          <Votos_Validos V="10429"/>
          <Porc_Votos_Validos V="046,41"/>
          <Votos_No_Marcados V="6133"/>
          <Porc_Votos_No_Marcados V="027,29"/>
          <Votos_Nulos V="5907"/>
          <Porc_Votos_Nulos V="026,28"/>
        </lin>
        <lin>
          <Pregunta V="003"/>
          <Total_Sufragantes V="22469"/>
          <Porc_Sufragantes V="100,00"/>
          <Abstencion V="0"/>
          <Porc_Abstencion V="000,00"/>
          <Votos_Validos V="11200"/>
          <Porc_Votos_Validos V="049,84"/>
          <Votos_No_Marcados V="6185"/>
          <Porc_Votos_No_Marcados V="027,52"/>
          <Votos_Nulos V="5084"/>
          <Porc_Votos_Nulos V="022,62"/>
        </lin>
        <lin>
          <Pregunta V="004"/>
          <Total_Sufragantes V="22469"/>
          <Porc_Sufragantes V="100,00"/>
          <Abstencion V="0"/>
          <Porc_Abstencion V="000,00"/>
          <Votos_Validos V="11535"/>
          <Porc_Votos_Validos V="051,33"/>
          <Votos_No_Marcados V="4365"/>
          <Porc_Votos_No_Marcados V="019,42"/>
          <Votos_Nulos V="6569"/>
          <Porc_Votos_Nulos V="029,23"/>
        </lin>
        <lin>
          <Pregunta V="005"/>
          <Total_Sufragantes V="22469"/>
          <Porc_Sufragantes V="100,00"/>
          <Abstencion V="0"/>
          <Porc_Abstencion V="000,00"/>
          <Votos_Validos V="11218"/>
          <Porc_Votos_Validos V="049,92"/>
          <Votos_No_Marcados V="5187"/>
          <Porc_Votos_No_Marcados V="023,08"/>
          <Votos_Nulos V="6064"/>
          <Porc_Votos_Nulos V="026,98"/>
        </lin>
        <lin>
          <Pregunta V="006"/>
          <Total_Sufragantes V="22469"/>
          <Porc_Sufragantes V="100,00"/>
          <Abstencion V="0"/>
          <Porc_Abstencion V="000,00"/>
          <Votos_Validos V="10959"/>
          <Porc_Votos_Validos V="048,77"/>
          <Votos_No_Marcados V="5711"/>
          <Porc_Votos_No_Marcados V="025,41"/>
          <Votos_Nulos V="5799"/>
          <Porc_Votos_Nulos V="025,80"/>
        </lin>
        <lin>
          <Pregunta V="007"/>
          <Total_Sufragantes V="22469"/>
          <Porc_Sufragantes V="100,00"/>
          <Abstencion V="0"/>
          <Porc_Abstencion V="000,00"/>
          <Votos_Validos V="10338"/>
          <Porc_Votos_Validos V="046,01"/>
          <Votos_No_Marcados V="6330"/>
          <Porc_Votos_No_Marcados V="028,17"/>
          <Votos_Nulos V="5801"/>
          <Porc_Votos_Nulos V="025,81"/>
        </lin>
      </Detalle_Pregunta>
      <Detalle_Opcion>
        <lin>
          <Opcion V="001"/>
          <Votos V="5083"/>
          <Porc V="045,52"/>
          <Pregunta V="001"/>
        </lin>
        <lin>
          <Opcion V="002"/>
          <Votos V="6082"/>
          <Porc V="054,47"/>
          <Pregunta V="001"/>
        </lin>
        <lin>
          <Opcion V="001"/>
          <Votos V="4652"/>
          <Porc V="044,60"/>
          <Pregunta V="002"/>
        </lin>
        <lin>
          <Opcion V="002"/>
          <Votos V="5777"/>
          <Porc V="055,39"/>
          <Pregunta V="002"/>
        </lin>
        <lin>
          <Opcion V="001"/>
          <Votos V="6202"/>
          <Porc V="055,37"/>
          <Pregunta V="003"/>
        </lin>
        <lin>
          <Opcion V="002"/>
          <Votos V="4998"/>
          <Porc V="044,62"/>
          <Pregunta V="003"/>
        </lin>
        <lin>
          <Opcion V="001"/>
          <Votos V="5680"/>
          <Porc V="049,24"/>
          <Pregunta V="004"/>
        </lin>
        <lin>
          <Opcion V="002"/>
          <Votos V="5855"/>
          <Porc V="050,75"/>
          <Pregunta V="004"/>
        </lin>
        <lin>
          <Opcion V="001"/>
          <Votos V="5539"/>
          <Porc V="049,37"/>
          <Pregunta V="005"/>
        </lin>
        <lin>
          <Opcion V="002"/>
          <Votos V="5679"/>
          <Porc V="050,62"/>
          <Pregunta V="005"/>
        </lin>
        <lin>
          <Opcion V="001"/>
          <Votos V="5921"/>
          <Porc V="054,02"/>
          <Pregunta V="006"/>
        </lin>
        <lin>
          <Opcion V="002"/>
          <Votos V="5038"/>
          <Porc V="045,97"/>
          <Pregunta V="006"/>
        </lin>
        <lin>
          <Opcion V="001"/>
          <Votos V="5191"/>
          <Porc V="050,21"/>
          <Pregunta V="007"/>
        </lin>
        <lin>
          <Opcion V="002"/>
          <Votos V="5147"/>
          <Porc V="049,78"/>
          <Pregunta V="007"/>
        </lin>
      </Detalle_Opcion>
    </lin>
  </Detalle_Circunscripcion>
</Boletin>
</Boletin_Consolidado>