<Boletin_Consolidado><Boletin>
  <Numero V="0008"/>
  <Boletin_Departamental V="0012"/>
  <Tipo_Boletin V="DEPARTAMENTAL"/>
  <Desc_Corporacion V="CONSULTA POPULAR"/>
  <Departamento V="07"/>
  <Desc_Departamento V="BOYACA"/>
  <Municipio V="106"/>
  <Desc_Municipio V="GUATEQUE"/>
  <Dia V="21"/>
  <Mes V="8"/>
  <Anio V="2018"/>
  <Hora V="14"/>
  <Minuto V="15"/>
  <Mesas_Instaladas V="25"/>
  <Mesas_Informadas V="25"/>
  <Porc_Mesas_Informadas V="100,00"/>
  <Potencial_Sufragantes V="8886"/>
  <Detalle_Circunscripcion>
    <lin>
      <Circunscripcion V="0"/>
      <Desc_Circunscripcion V="NACIONAL"/>
      <Detalle_Pregunta>
        <lin>
          <Pregunta V="001"/>
          <Total_Sufragantes V="8886"/>
          <Porc_Sufragantes V="100,00"/>
          <Abstencion V="0"/>
          <Porc_Abstencion V="000,00"/>
          <Votos_Validos V="5184"/>
          <Porc_Votos_Validos V="058,33"/>
          <Votos_No_Marcados V="1641"/>
          <Porc_Votos_No_Marcados V="018,46"/>
          <Votos_Nulos V="2061"/>
          <Porc_Votos_Nulos V="023,19"/>
        </lin>
        <lin>
          <Pregunta V="002"/>
          <Total_Sufragantes V="8886"/>
          <Porc_Sufragantes V="100,00"/>
          <Abstencion V="0"/>
          <Porc_Abstencion V="000,00"/>
          <Votos_Validos V="4719"/>
          <Porc_Votos_Validos V="053,10"/>
          <Votos_No_Marcados V="2078"/>
          <Porc_Votos_No_Marcados V="023,38"/>
          <Votos_Nulos V="2089"/>
          <Porc_Votos_Nulos V="023,50"/>
        </lin>
        <lin>
          <Pregunta V="003"/>
          <Total_Sufragantes V="8886"/>
          <Porc_Sufragantes V="100,00"/>
          <Abstencion V="0"/>
          <Porc_Abstencion V="000,00"/>
          <Votos_Validos V="4714"/>
          <Porc_Votos_Validos V="053,04"/>
          <Votos_No_Marcados V="1832"/>
          <Porc_Votos_No_Marcados V="020,61"/>
          <Votos_Nulos V="2340"/>
          <Porc_Votos_Nulos V="026,33"/>
        </lin>
        <lin>
          <Pregunta V="004"/>
          <Total_Sufragantes V="8886"/>
          <Porc_Sufragantes V="100,00"/>
          <Abstencion V="0"/>
          <Porc_Abstencion V="000,00"/>
          <Votos_Validos V="4057"/>
          <Porc_Votos_Validos V="045,65"/>
          <Votos_No_Marcados V="2724"/>
          <Porc_Votos_No_Marcados V="030,65"/>
          <Votos_Nulos V="2105"/>
          <Porc_Votos_Nulos V="023,68"/>
        </lin>
        <lin>
          <Pregunta V="005"/>
          <Total_Sufragantes V="8886"/>
          <Porc_Sufragantes V="100,00"/>
          <Abstencion V="0"/>
          <Porc_Abstencion V="000,00"/>
          <Votos_Validos V="4503"/>
          <Porc_Votos_Validos V="050,67"/>
          <Votos_No_Marcados V="1891"/>
          <Porc_Votos_No_Marcados V="021,28"/>
          <Votos_Nulos V="2492"/>
          <Porc_Votos_Nulos V="028,04"/>
        </lin>
        <lin>
          <Pregunta V="006"/>
          <Total_Sufragantes V="8886"/>
          <Porc_Sufragantes V="100,00"/>
          <Abstencion V="0"/>
          <Porc_Abstencion V="000,00"/>
          <Votos_Validos V="4156"/>
          <Porc_Votos_Validos V="046,77"/>
          <Votos_No_Marcados V="2197"/>
          <Porc_Votos_No_Marcados V="024,72"/>
          <Votos_Nulos V="2533"/>
          <Porc_Votos_Nulos V="028,50"/>
        </lin>
        <lin>
          <Pregunta V="007"/>
          <Total_Sufragantes V="8886"/>
          <Porc_Sufragantes V="100,00"/>
          <Abstencion V="0"/>
          <Porc_Abstencion V="000,00"/>
          <Votos_Validos V="4572"/>
          <Porc_Votos_Validos V="051,45"/>
          <Votos_No_Marcados V="2251"/>
          <Porc_Votos_No_Marcados V="025,33"/>
          <Votos_Nulos V="2063"/>
          <Porc_Votos_Nulos V="023,21"/>
        </lin>
      </Detalle_Pregunta>
      <Detalle_Opcion>
        <lin>
          <Opcion V="001"/>
          <Votos V="2285"/>
          <Porc V="044,07"/>
          <Pregunta V="001"/>
        </lin>
        <lin>
          <Opcion V="002"/>
          <Votos V="2899"/>
          <Porc V="055,92"/>
          <Pregunta V="001"/>
        </lin>
        <lin>
          <Opcion V="001"/>
          <Votos V="2523"/>
          <Porc V="053,46"/>
          <Pregunta V="002"/>
        </lin>
        <lin>
          <Opcion V="002"/>
          <Votos V="2196"/>
          <Porc V="046,53"/>
          <Pregunta V="002"/>
        </lin>
        <lin>
          <Opcion V="001"/>
          <Votos V="2457"/>
          <Porc V="052,12"/>
          <Pregunta V="003"/>
        </lin>
        <lin>
          <Opcion V="002"/>
          <Votos V="2257"/>
          <Porc V="047,87"/>
          <Pregunta V="003"/>
        </lin>
        <lin>
          <Opcion V="001"/>
          <Votos V="1750"/>
          <Porc V="043,13"/>
          <Pregunta V="004"/>
        </lin>
        <lin>
          <Opcion V="002"/>
          <Votos V="2307"/>
          <Porc V="056,86"/>
          <Pregunta V="004"/>
        </lin>
        <lin>
          <Opcion V="001"/>
          <Votos V="2241"/>
          <Porc V="049,76"/>
          <Pregunta V="005"/>
        </lin>
        <lin>
          <Opcion V="002"/>
          <Votos V="2262"/>
          <Porc V="050,23"/>
          <Pregunta V="005"/>
        </lin>
        <lin>
          <Opcion V="001"/>
          <Votos V="2263"/>
          <Porc V="054,45"/>
          <Pregunta V="006"/>
        </lin>
        <lin>
          <Opcion V="002"/>
          <Votos V="1893"/>
          <Porc V="045,54"/>
          <Pregunta V="006"/>
        </lin>
        <lin>
          <Opcion V="001"/>
          <Votos V="2086"/>
          <Porc V="045,62"/>
          <Pregunta V="007"/>
        </lin>
        <lin>
          <Opcion V="002"/>
          <Votos V="2486"/>
          <Porc V="054,37"/>
          <Pregunta V="007"/>
        </lin>
      </Detalle_Opcion>
    </lin>
  </Detalle_Circunscripcion>
</Boletin>
</Boletin_Consolidado>