<Boletin_Consolidado><Boletin>
  <Numero V="0008"/>
  <Boletin_Departamental V="0012"/>
  <Tipo_Boletin V="DEPARTAMENTAL"/>
  <Desc_Corporacion V="CONSULTA POPULAR"/>
  <Departamento V="05"/>
  <Desc_Departamento V="BOLIVAR"/>
  <Municipio V="084"/>
  <Desc_Municipio V="SAN PABLO"/>
  <Dia V="21"/>
  <Mes V="8"/>
  <Anio V="2018"/>
  <Hora V="14"/>
  <Minuto V="15"/>
  <Mesas_Instaladas V="54"/>
  <Mesas_Informadas V="54"/>
  <Porc_Mesas_Informadas V="100,00"/>
  <Potencial_Sufragantes V="18234"/>
  <Detalle_Circunscripcion>
    <lin>
      <Circunscripcion V="0"/>
      <Desc_Circunscripcion V="NACIONAL"/>
      <Detalle_Pregunta>
        <lin>
          <Pregunta V="001"/>
          <Total_Sufragantes V="18234"/>
          <Porc_Sufragantes V="100,00"/>
          <Abstencion V="0"/>
          <Porc_Abstencion V="000,00"/>
          <Votos_Validos V="9010"/>
          <Porc_Votos_Validos V="049,41"/>
          <Votos_No_Marcados V="4350"/>
          <Porc_Votos_No_Marcados V="023,85"/>
          <Votos_Nulos V="4874"/>
          <Porc_Votos_Nulos V="026,73"/>
        </lin>
        <lin>
          <Pregunta V="002"/>
          <Total_Sufragantes V="18234"/>
          <Porc_Sufragantes V="100,00"/>
          <Abstencion V="0"/>
          <Porc_Abstencion V="000,00"/>
          <Votos_Validos V="8561"/>
          <Porc_Votos_Validos V="046,95"/>
          <Votos_No_Marcados V="4300"/>
          <Porc_Votos_No_Marcados V="023,58"/>
          <Votos_Nulos V="5373"/>
          <Porc_Votos_Nulos V="029,46"/>
        </lin>
        <lin>
          <Pregunta V="003"/>
          <Total_Sufragantes V="18234"/>
          <Porc_Sufragantes V="100,00"/>
          <Abstencion V="0"/>
          <Porc_Abstencion V="000,00"/>
          <Votos_Validos V="9327"/>
          <Porc_Votos_Validos V="051,15"/>
          <Votos_No_Marcados V="4811"/>
          <Porc_Votos_No_Marcados V="026,38"/>
          <Votos_Nulos V="4096"/>
          <Porc_Votos_Nulos V="022,46"/>
        </lin>
        <lin>
          <Pregunta V="004"/>
          <Total_Sufragantes V="18234"/>
          <Porc_Sufragantes V="100,00"/>
          <Abstencion V="0"/>
          <Porc_Abstencion V="000,00"/>
          <Votos_Validos V="8846"/>
          <Porc_Votos_Validos V="048,51"/>
          <Votos_No_Marcados V="4545"/>
          <Porc_Votos_No_Marcados V="024,92"/>
          <Votos_Nulos V="4843"/>
          <Porc_Votos_Nulos V="026,56"/>
        </lin>
        <lin>
          <Pregunta V="005"/>
          <Total_Sufragantes V="18234"/>
          <Porc_Sufragantes V="100,00"/>
          <Abstencion V="0"/>
          <Porc_Abstencion V="000,00"/>
          <Votos_Validos V="9355"/>
          <Porc_Votos_Validos V="051,30"/>
          <Votos_No_Marcados V="4668"/>
          <Porc_Votos_No_Marcados V="025,60"/>
          <Votos_Nulos V="4211"/>
          <Porc_Votos_Nulos V="023,09"/>
        </lin>
        <lin>
          <Pregunta V="006"/>
          <Total_Sufragantes V="18234"/>
          <Porc_Sufragantes V="100,00"/>
          <Abstencion V="0"/>
          <Porc_Abstencion V="000,00"/>
          <Votos_Validos V="8791"/>
          <Porc_Votos_Validos V="048,21"/>
          <Votos_No_Marcados V="5133"/>
          <Porc_Votos_No_Marcados V="028,15"/>
          <Votos_Nulos V="4310"/>
          <Porc_Votos_Nulos V="023,63"/>
        </lin>
        <lin>
          <Pregunta V="007"/>
          <Total_Sufragantes V="18234"/>
          <Porc_Sufragantes V="100,00"/>
          <Abstencion V="0"/>
          <Porc_Abstencion V="000,00"/>
          <Votos_Validos V="9416"/>
          <Porc_Votos_Validos V="051,63"/>
          <Votos_No_Marcados V="4307"/>
          <Porc_Votos_No_Marcados V="023,62"/>
          <Votos_Nulos V="4511"/>
          <Porc_Votos_Nulos V="024,73"/>
        </lin>
      </Detalle_Pregunta>
      <Detalle_Opcion>
        <lin>
          <Opcion V="001"/>
          <Votos V="4123"/>
          <Porc V="045,76"/>
          <Pregunta V="001"/>
        </lin>
        <lin>
          <Opcion V="002"/>
          <Votos V="4887"/>
          <Porc V="054,23"/>
          <Pregunta V="001"/>
        </lin>
        <lin>
          <Opcion V="001"/>
          <Votos V="4375"/>
          <Porc V="051,10"/>
          <Pregunta V="002"/>
        </lin>
        <lin>
          <Opcion V="002"/>
          <Votos V="4186"/>
          <Porc V="048,89"/>
          <Pregunta V="002"/>
        </lin>
        <lin>
          <Opcion V="001"/>
          <Votos V="4620"/>
          <Porc V="049,53"/>
          <Pregunta V="003"/>
        </lin>
        <lin>
          <Opcion V="002"/>
          <Votos V="4707"/>
          <Porc V="050,46"/>
          <Pregunta V="003"/>
        </lin>
        <lin>
          <Opcion V="001"/>
          <Votos V="4116"/>
          <Porc V="046,52"/>
          <Pregunta V="004"/>
        </lin>
        <lin>
          <Opcion V="002"/>
          <Votos V="4730"/>
          <Porc V="053,47"/>
          <Pregunta V="004"/>
        </lin>
        <lin>
          <Opcion V="001"/>
          <Votos V="4632"/>
          <Porc V="049,51"/>
          <Pregunta V="005"/>
        </lin>
        <lin>
          <Opcion V="002"/>
          <Votos V="4723"/>
          <Porc V="050,48"/>
          <Pregunta V="005"/>
        </lin>
        <lin>
          <Opcion V="001"/>
          <Votos V="4466"/>
          <Porc V="050,80"/>
          <Pregunta V="006"/>
        </lin>
        <lin>
          <Opcion V="002"/>
          <Votos V="4325"/>
          <Porc V="049,19"/>
          <Pregunta V="006"/>
        </lin>
        <lin>
          <Opcion V="001"/>
          <Votos V="5085"/>
          <Porc V="054,00"/>
          <Pregunta V="007"/>
        </lin>
        <lin>
          <Opcion V="002"/>
          <Votos V="4331"/>
          <Porc V="045,99"/>
          <Pregunta V="007"/>
        </lin>
      </Detalle_Opcion>
    </lin>
  </Detalle_Circunscripcion>
</Boletin>
</Boletin_Consolidado>