<Boletin_Consolidado><Boletin>
  <Numero V="0008"/>
  <Boletin_Departamental V="0012"/>
  <Tipo_Boletin V="DEPARTAMENTAL"/>
  <Desc_Corporacion V="CONSULTA POPULAR"/>
  <Departamento V="07"/>
  <Desc_Departamento V="BOYACA"/>
  <Municipio V="052"/>
  <Desc_Municipio V="COPER"/>
  <Dia V="21"/>
  <Mes V="8"/>
  <Anio V="2018"/>
  <Hora V="14"/>
  <Minuto V="15"/>
  <Mesas_Instaladas V="11"/>
  <Mesas_Informadas V="11"/>
  <Porc_Mesas_Informadas V="100,00"/>
  <Potencial_Sufragantes V="3175"/>
  <Detalle_Circunscripcion>
    <lin>
      <Circunscripcion V="0"/>
      <Desc_Circunscripcion V="NACIONAL"/>
      <Detalle_Pregunta>
        <lin>
          <Pregunta V="001"/>
          <Total_Sufragantes V="3175"/>
          <Porc_Sufragantes V="100,00"/>
          <Abstencion V="0"/>
          <Porc_Abstencion V="000,00"/>
          <Votos_Validos V="1754"/>
          <Porc_Votos_Validos V="055,24"/>
          <Votos_No_Marcados V="767"/>
          <Porc_Votos_No_Marcados V="024,15"/>
          <Votos_Nulos V="654"/>
          <Porc_Votos_Nulos V="020,59"/>
        </lin>
        <lin>
          <Pregunta V="002"/>
          <Total_Sufragantes V="3175"/>
          <Porc_Sufragantes V="100,00"/>
          <Abstencion V="0"/>
          <Porc_Abstencion V="000,00"/>
          <Votos_Validos V="1731"/>
          <Porc_Votos_Validos V="054,51"/>
          <Votos_No_Marcados V="847"/>
          <Porc_Votos_No_Marcados V="026,67"/>
          <Votos_Nulos V="597"/>
          <Porc_Votos_Nulos V="018,80"/>
        </lin>
        <lin>
          <Pregunta V="003"/>
          <Total_Sufragantes V="3175"/>
          <Porc_Sufragantes V="100,00"/>
          <Abstencion V="0"/>
          <Porc_Abstencion V="000,00"/>
          <Votos_Validos V="1538"/>
          <Porc_Votos_Validos V="048,44"/>
          <Votos_No_Marcados V="778"/>
          <Porc_Votos_No_Marcados V="024,50"/>
          <Votos_Nulos V="859"/>
          <Porc_Votos_Nulos V="027,05"/>
        </lin>
        <lin>
          <Pregunta V="004"/>
          <Total_Sufragantes V="3175"/>
          <Porc_Sufragantes V="100,00"/>
          <Abstencion V="0"/>
          <Porc_Abstencion V="000,00"/>
          <Votos_Validos V="1607"/>
          <Porc_Votos_Validos V="050,61"/>
          <Votos_No_Marcados V="946"/>
          <Porc_Votos_No_Marcados V="029,79"/>
          <Votos_Nulos V="622"/>
          <Porc_Votos_Nulos V="019,59"/>
        </lin>
        <lin>
          <Pregunta V="005"/>
          <Total_Sufragantes V="3175"/>
          <Porc_Sufragantes V="100,00"/>
          <Abstencion V="0"/>
          <Porc_Abstencion V="000,00"/>
          <Votos_Validos V="1425"/>
          <Porc_Votos_Validos V="044,88"/>
          <Votos_No_Marcados V="954"/>
          <Porc_Votos_No_Marcados V="030,04"/>
          <Votos_Nulos V="796"/>
          <Porc_Votos_Nulos V="025,07"/>
        </lin>
        <lin>
          <Pregunta V="006"/>
          <Total_Sufragantes V="3175"/>
          <Porc_Sufragantes V="100,00"/>
          <Abstencion V="0"/>
          <Porc_Abstencion V="000,00"/>
          <Votos_Validos V="1595"/>
          <Porc_Votos_Validos V="050,23"/>
          <Votos_No_Marcados V="775"/>
          <Porc_Votos_No_Marcados V="024,40"/>
          <Votos_Nulos V="805"/>
          <Porc_Votos_Nulos V="025,35"/>
        </lin>
        <lin>
          <Pregunta V="007"/>
          <Total_Sufragantes V="3175"/>
          <Porc_Sufragantes V="100,00"/>
          <Abstencion V="0"/>
          <Porc_Abstencion V="000,00"/>
          <Votos_Validos V="1518"/>
          <Porc_Votos_Validos V="047,81"/>
          <Votos_No_Marcados V="894"/>
          <Porc_Votos_No_Marcados V="028,15"/>
          <Votos_Nulos V="763"/>
          <Porc_Votos_Nulos V="024,03"/>
        </lin>
      </Detalle_Pregunta>
      <Detalle_Opcion>
        <lin>
          <Opcion V="001"/>
          <Votos V="749"/>
          <Porc V="042,70"/>
          <Pregunta V="001"/>
        </lin>
        <lin>
          <Opcion V="002"/>
          <Votos V="1005"/>
          <Porc V="057,29"/>
          <Pregunta V="001"/>
        </lin>
        <lin>
          <Opcion V="001"/>
          <Votos V="1007"/>
          <Porc V="058,17"/>
          <Pregunta V="002"/>
        </lin>
        <lin>
          <Opcion V="002"/>
          <Votos V="724"/>
          <Porc V="041,82"/>
          <Pregunta V="002"/>
        </lin>
        <lin>
          <Opcion V="001"/>
          <Votos V="501"/>
          <Porc V="032,57"/>
          <Pregunta V="003"/>
        </lin>
        <lin>
          <Opcion V="002"/>
          <Votos V="1037"/>
          <Porc V="067,42"/>
          <Pregunta V="003"/>
        </lin>
        <lin>
          <Opcion V="001"/>
          <Votos V="857"/>
          <Porc V="053,32"/>
          <Pregunta V="004"/>
        </lin>
        <lin>
          <Opcion V="002"/>
          <Votos V="750"/>
          <Porc V="046,67"/>
          <Pregunta V="004"/>
        </lin>
        <lin>
          <Opcion V="001"/>
          <Votos V="598"/>
          <Porc V="041,96"/>
          <Pregunta V="005"/>
        </lin>
        <lin>
          <Opcion V="002"/>
          <Votos V="827"/>
          <Porc V="058,03"/>
          <Pregunta V="005"/>
        </lin>
        <lin>
          <Opcion V="001"/>
          <Votos V="826"/>
          <Porc V="051,78"/>
          <Pregunta V="006"/>
        </lin>
        <lin>
          <Opcion V="002"/>
          <Votos V="769"/>
          <Porc V="048,21"/>
          <Pregunta V="006"/>
        </lin>
        <lin>
          <Opcion V="001"/>
          <Votos V="869"/>
          <Porc V="057,24"/>
          <Pregunta V="007"/>
        </lin>
        <lin>
          <Opcion V="002"/>
          <Votos V="649"/>
          <Porc V="042,75"/>
          <Pregunta V="007"/>
        </lin>
      </Detalle_Opcion>
    </lin>
  </Detalle_Circunscripcion>
</Boletin>
</Boletin_Consolidado>