<Boletin_Consolidado><Boletin>
  <Numero V="0008"/>
  <Boletin_Departamental V="0012"/>
  <Tipo_Boletin V="DEPARTAMENTAL"/>
  <Desc_Corporacion V="CONSULTA POPULAR"/>
  <Departamento V="15"/>
  <Desc_Departamento V="CUNDINAMARCA"/>
  <Municipio V="097"/>
  <Desc_Municipio V="GACHALA"/>
  <Dia V="21"/>
  <Mes V="8"/>
  <Anio V="2018"/>
  <Hora V="14"/>
  <Minuto V="15"/>
  <Mesas_Instaladas V="15"/>
  <Mesas_Informadas V="15"/>
  <Porc_Mesas_Informadas V="100,00"/>
  <Potencial_Sufragantes V="5158"/>
  <Detalle_Circunscripcion>
    <lin>
      <Circunscripcion V="0"/>
      <Desc_Circunscripcion V="NACIONAL"/>
      <Detalle_Pregunta>
        <lin>
          <Pregunta V="001"/>
          <Total_Sufragantes V="5158"/>
          <Porc_Sufragantes V="100,00"/>
          <Abstencion V="0"/>
          <Porc_Abstencion V="000,00"/>
          <Votos_Validos V="2239"/>
          <Porc_Votos_Validos V="043,40"/>
          <Votos_No_Marcados V="1503"/>
          <Porc_Votos_No_Marcados V="029,13"/>
          <Votos_Nulos V="1416"/>
          <Porc_Votos_Nulos V="027,45"/>
        </lin>
        <lin>
          <Pregunta V="002"/>
          <Total_Sufragantes V="5158"/>
          <Porc_Sufragantes V="100,00"/>
          <Abstencion V="0"/>
          <Porc_Abstencion V="000,00"/>
          <Votos_Validos V="3126"/>
          <Porc_Votos_Validos V="060,60"/>
          <Votos_No_Marcados V="978"/>
          <Porc_Votos_No_Marcados V="018,96"/>
          <Votos_Nulos V="1054"/>
          <Porc_Votos_Nulos V="020,43"/>
        </lin>
        <lin>
          <Pregunta V="003"/>
          <Total_Sufragantes V="5158"/>
          <Porc_Sufragantes V="100,00"/>
          <Abstencion V="0"/>
          <Porc_Abstencion V="000,00"/>
          <Votos_Validos V="2199"/>
          <Porc_Votos_Validos V="042,63"/>
          <Votos_No_Marcados V="1535"/>
          <Porc_Votos_No_Marcados V="029,75"/>
          <Votos_Nulos V="1424"/>
          <Porc_Votos_Nulos V="027,60"/>
        </lin>
        <lin>
          <Pregunta V="004"/>
          <Total_Sufragantes V="5158"/>
          <Porc_Sufragantes V="100,00"/>
          <Abstencion V="0"/>
          <Porc_Abstencion V="000,00"/>
          <Votos_Validos V="2800"/>
          <Porc_Votos_Validos V="054,28"/>
          <Votos_No_Marcados V="1045"/>
          <Porc_Votos_No_Marcados V="020,25"/>
          <Votos_Nulos V="1313"/>
          <Porc_Votos_Nulos V="025,45"/>
        </lin>
        <lin>
          <Pregunta V="005"/>
          <Total_Sufragantes V="5158"/>
          <Porc_Sufragantes V="100,00"/>
          <Abstencion V="0"/>
          <Porc_Abstencion V="000,00"/>
          <Votos_Validos V="2395"/>
          <Porc_Votos_Validos V="046,43"/>
          <Votos_No_Marcados V="1384"/>
          <Porc_Votos_No_Marcados V="026,83"/>
          <Votos_Nulos V="1379"/>
          <Porc_Votos_Nulos V="026,73"/>
        </lin>
        <lin>
          <Pregunta V="006"/>
          <Total_Sufragantes V="5158"/>
          <Porc_Sufragantes V="100,00"/>
          <Abstencion V="0"/>
          <Porc_Abstencion V="000,00"/>
          <Votos_Validos V="2604"/>
          <Porc_Votos_Validos V="050,48"/>
          <Votos_No_Marcados V="1310"/>
          <Porc_Votos_No_Marcados V="025,39"/>
          <Votos_Nulos V="1244"/>
          <Porc_Votos_Nulos V="024,11"/>
        </lin>
        <lin>
          <Pregunta V="007"/>
          <Total_Sufragantes V="5158"/>
          <Porc_Sufragantes V="100,00"/>
          <Abstencion V="0"/>
          <Porc_Abstencion V="000,00"/>
          <Votos_Validos V="2512"/>
          <Porc_Votos_Validos V="048,70"/>
          <Votos_No_Marcados V="1208"/>
          <Porc_Votos_No_Marcados V="023,41"/>
          <Votos_Nulos V="1438"/>
          <Porc_Votos_Nulos V="027,87"/>
        </lin>
      </Detalle_Pregunta>
      <Detalle_Opcion>
        <lin>
          <Opcion V="001"/>
          <Votos V="1004"/>
          <Porc V="044,84"/>
          <Pregunta V="001"/>
        </lin>
        <lin>
          <Opcion V="002"/>
          <Votos V="1235"/>
          <Porc V="055,15"/>
          <Pregunta V="001"/>
        </lin>
        <lin>
          <Opcion V="001"/>
          <Votos V="1396"/>
          <Porc V="044,65"/>
          <Pregunta V="002"/>
        </lin>
        <lin>
          <Opcion V="002"/>
          <Votos V="1730"/>
          <Porc V="055,34"/>
          <Pregunta V="002"/>
        </lin>
        <lin>
          <Opcion V="001"/>
          <Votos V="1150"/>
          <Porc V="052,29"/>
          <Pregunta V="003"/>
        </lin>
        <lin>
          <Opcion V="002"/>
          <Votos V="1049"/>
          <Porc V="047,70"/>
          <Pregunta V="003"/>
        </lin>
        <lin>
          <Opcion V="001"/>
          <Votos V="1088"/>
          <Porc V="038,85"/>
          <Pregunta V="004"/>
        </lin>
        <lin>
          <Opcion V="002"/>
          <Votos V="1712"/>
          <Porc V="061,14"/>
          <Pregunta V="004"/>
        </lin>
        <lin>
          <Opcion V="001"/>
          <Votos V="1274"/>
          <Porc V="053,19"/>
          <Pregunta V="005"/>
        </lin>
        <lin>
          <Opcion V="002"/>
          <Votos V="1121"/>
          <Porc V="046,80"/>
          <Pregunta V="005"/>
        </lin>
        <lin>
          <Opcion V="001"/>
          <Votos V="874"/>
          <Porc V="033,56"/>
          <Pregunta V="006"/>
        </lin>
        <lin>
          <Opcion V="002"/>
          <Votos V="1730"/>
          <Porc V="066,43"/>
          <Pregunta V="006"/>
        </lin>
        <lin>
          <Opcion V="001"/>
          <Votos V="1117"/>
          <Porc V="044,46"/>
          <Pregunta V="007"/>
        </lin>
        <lin>
          <Opcion V="002"/>
          <Votos V="1395"/>
          <Porc V="055,53"/>
          <Pregunta V="007"/>
        </lin>
      </Detalle_Opcion>
    </lin>
  </Detalle_Circunscripcion>
</Boletin>
</Boletin_Consolidado>