<Boletin_Consolidado><Boletin>
  <Numero V="0008"/>
  <Boletin_Departamental V="0012"/>
  <Tipo_Boletin V="DEPARTAMENTAL"/>
  <Desc_Corporacion V="CONSULTA POPULAR"/>
  <Departamento V="11"/>
  <Desc_Departamento V="CAUCA"/>
  <Municipio V="016"/>
  <Desc_Municipio V="CALDONO"/>
  <Dia V="21"/>
  <Mes V="8"/>
  <Anio V="2018"/>
  <Hora V="14"/>
  <Minuto V="15"/>
  <Mesas_Instaladas V="63"/>
  <Mesas_Informadas V="63"/>
  <Porc_Mesas_Informadas V="100,00"/>
  <Potencial_Sufragantes V="21700"/>
  <Detalle_Circunscripcion>
    <lin>
      <Circunscripcion V="0"/>
      <Desc_Circunscripcion V="NACIONAL"/>
      <Detalle_Pregunta>
        <lin>
          <Pregunta V="001"/>
          <Total_Sufragantes V="21700"/>
          <Porc_Sufragantes V="100,00"/>
          <Abstencion V="0"/>
          <Porc_Abstencion V="000,00"/>
          <Votos_Validos V="10900"/>
          <Porc_Votos_Validos V="050,23"/>
          <Votos_No_Marcados V="5321"/>
          <Porc_Votos_No_Marcados V="024,52"/>
          <Votos_Nulos V="5479"/>
          <Porc_Votos_Nulos V="025,24"/>
        </lin>
        <lin>
          <Pregunta V="002"/>
          <Total_Sufragantes V="21700"/>
          <Porc_Sufragantes V="100,00"/>
          <Abstencion V="0"/>
          <Porc_Abstencion V="000,00"/>
          <Votos_Validos V="11529"/>
          <Porc_Votos_Validos V="053,12"/>
          <Votos_No_Marcados V="5368"/>
          <Porc_Votos_No_Marcados V="024,73"/>
          <Votos_Nulos V="4803"/>
          <Porc_Votos_Nulos V="022,13"/>
        </lin>
        <lin>
          <Pregunta V="003"/>
          <Total_Sufragantes V="21700"/>
          <Porc_Sufragantes V="100,00"/>
          <Abstencion V="0"/>
          <Porc_Abstencion V="000,00"/>
          <Votos_Validos V="10117"/>
          <Porc_Votos_Validos V="046,62"/>
          <Votos_No_Marcados V="5671"/>
          <Porc_Votos_No_Marcados V="026,13"/>
          <Votos_Nulos V="5912"/>
          <Porc_Votos_Nulos V="027,24"/>
        </lin>
        <lin>
          <Pregunta V="004"/>
          <Total_Sufragantes V="21700"/>
          <Porc_Sufragantes V="100,00"/>
          <Abstencion V="0"/>
          <Porc_Abstencion V="000,00"/>
          <Votos_Validos V="11433"/>
          <Porc_Votos_Validos V="052,68"/>
          <Votos_No_Marcados V="4767"/>
          <Porc_Votos_No_Marcados V="021,96"/>
          <Votos_Nulos V="5500"/>
          <Porc_Votos_Nulos V="025,34"/>
        </lin>
        <lin>
          <Pregunta V="005"/>
          <Total_Sufragantes V="21700"/>
          <Porc_Sufragantes V="100,00"/>
          <Abstencion V="0"/>
          <Porc_Abstencion V="000,00"/>
          <Votos_Validos V="10465"/>
          <Porc_Votos_Validos V="048,22"/>
          <Votos_No_Marcados V="5860"/>
          <Porc_Votos_No_Marcados V="027,00"/>
          <Votos_Nulos V="5375"/>
          <Porc_Votos_Nulos V="024,76"/>
        </lin>
        <lin>
          <Pregunta V="006"/>
          <Total_Sufragantes V="21700"/>
          <Porc_Sufragantes V="100,00"/>
          <Abstencion V="0"/>
          <Porc_Abstencion V="000,00"/>
          <Votos_Validos V="11393"/>
          <Porc_Votos_Validos V="052,50"/>
          <Votos_No_Marcados V="4976"/>
          <Porc_Votos_No_Marcados V="022,93"/>
          <Votos_Nulos V="5331"/>
          <Porc_Votos_Nulos V="024,56"/>
        </lin>
        <lin>
          <Pregunta V="007"/>
          <Total_Sufragantes V="21700"/>
          <Porc_Sufragantes V="100,00"/>
          <Abstencion V="0"/>
          <Porc_Abstencion V="000,00"/>
          <Votos_Validos V="10748"/>
          <Porc_Votos_Validos V="049,52"/>
          <Votos_No_Marcados V="5346"/>
          <Porc_Votos_No_Marcados V="024,63"/>
          <Votos_Nulos V="5606"/>
          <Porc_Votos_Nulos V="025,83"/>
        </lin>
      </Detalle_Pregunta>
      <Detalle_Opcion>
        <lin>
          <Opcion V="001"/>
          <Votos V="6383"/>
          <Porc V="058,55"/>
          <Pregunta V="001"/>
        </lin>
        <lin>
          <Opcion V="002"/>
          <Votos V="4517"/>
          <Porc V="041,44"/>
          <Pregunta V="001"/>
        </lin>
        <lin>
          <Opcion V="001"/>
          <Votos V="6075"/>
          <Porc V="052,69"/>
          <Pregunta V="002"/>
        </lin>
        <lin>
          <Opcion V="002"/>
          <Votos V="5454"/>
          <Porc V="047,30"/>
          <Pregunta V="002"/>
        </lin>
        <lin>
          <Opcion V="001"/>
          <Votos V="4991"/>
          <Porc V="049,33"/>
          <Pregunta V="003"/>
        </lin>
        <lin>
          <Opcion V="002"/>
          <Votos V="5126"/>
          <Porc V="050,66"/>
          <Pregunta V="003"/>
        </lin>
        <lin>
          <Opcion V="001"/>
          <Votos V="5596"/>
          <Porc V="048,94"/>
          <Pregunta V="004"/>
        </lin>
        <lin>
          <Opcion V="002"/>
          <Votos V="5837"/>
          <Porc V="051,05"/>
          <Pregunta V="004"/>
        </lin>
        <lin>
          <Opcion V="001"/>
          <Votos V="5071"/>
          <Porc V="048,45"/>
          <Pregunta V="005"/>
        </lin>
        <lin>
          <Opcion V="002"/>
          <Votos V="5394"/>
          <Porc V="051,54"/>
          <Pregunta V="005"/>
        </lin>
        <lin>
          <Opcion V="001"/>
          <Votos V="5618"/>
          <Porc V="049,31"/>
          <Pregunta V="006"/>
        </lin>
        <lin>
          <Opcion V="002"/>
          <Votos V="5775"/>
          <Porc V="050,68"/>
          <Pregunta V="006"/>
        </lin>
        <lin>
          <Opcion V="001"/>
          <Votos V="5510"/>
          <Porc V="051,26"/>
          <Pregunta V="007"/>
        </lin>
        <lin>
          <Opcion V="002"/>
          <Votos V="5238"/>
          <Porc V="048,73"/>
          <Pregunta V="007"/>
        </lin>
      </Detalle_Opcion>
    </lin>
  </Detalle_Circunscripcion>
</Boletin>
</Boletin_Consolidado>