<Boletin_Consolidado><Boletin>
  <Numero V="0008"/>
  <Boletin_Departamental V="0012"/>
  <Tipo_Boletin V="DEPARTAMENTAL"/>
  <Desc_Corporacion V="CONSULTA POPULAR"/>
  <Departamento V="01"/>
  <Desc_Departamento V="ANTIOQUIA"/>
  <Municipio V="022"/>
  <Desc_Municipio V="ANGELOPOLIS"/>
  <Dia V="21"/>
  <Mes V="8"/>
  <Anio V="2018"/>
  <Hora V="14"/>
  <Minuto V="15"/>
  <Mesas_Instaladas V="17"/>
  <Mesas_Informadas V="17"/>
  <Porc_Mesas_Informadas V="100,00"/>
  <Potencial_Sufragantes V="5829"/>
  <Detalle_Circunscripcion>
    <lin>
      <Circunscripcion V="0"/>
      <Desc_Circunscripcion V="NACIONAL"/>
      <Detalle_Pregunta>
        <lin>
          <Pregunta V="001"/>
          <Total_Sufragantes V="5829"/>
          <Porc_Sufragantes V="100,00"/>
          <Abstencion V="0"/>
          <Porc_Abstencion V="000,00"/>
          <Votos_Validos V="3479"/>
          <Porc_Votos_Validos V="059,68"/>
          <Votos_No_Marcados V="1138"/>
          <Porc_Votos_No_Marcados V="019,52"/>
          <Votos_Nulos V="1212"/>
          <Porc_Votos_Nulos V="020,79"/>
        </lin>
        <lin>
          <Pregunta V="002"/>
          <Total_Sufragantes V="5829"/>
          <Porc_Sufragantes V="100,00"/>
          <Abstencion V="0"/>
          <Porc_Abstencion V="000,00"/>
          <Votos_Validos V="3405"/>
          <Porc_Votos_Validos V="058,41"/>
          <Votos_No_Marcados V="1162"/>
          <Porc_Votos_No_Marcados V="019,93"/>
          <Votos_Nulos V="1262"/>
          <Porc_Votos_Nulos V="021,65"/>
        </lin>
        <lin>
          <Pregunta V="003"/>
          <Total_Sufragantes V="5829"/>
          <Porc_Sufragantes V="100,00"/>
          <Abstencion V="0"/>
          <Porc_Abstencion V="000,00"/>
          <Votos_Validos V="2409"/>
          <Porc_Votos_Validos V="041,32"/>
          <Votos_No_Marcados V="1580"/>
          <Porc_Votos_No_Marcados V="027,10"/>
          <Votos_Nulos V="1840"/>
          <Porc_Votos_Nulos V="031,56"/>
        </lin>
        <lin>
          <Pregunta V="004"/>
          <Total_Sufragantes V="5829"/>
          <Porc_Sufragantes V="100,00"/>
          <Abstencion V="0"/>
          <Porc_Abstencion V="000,00"/>
          <Votos_Validos V="2634"/>
          <Porc_Votos_Validos V="045,18"/>
          <Votos_No_Marcados V="1232"/>
          <Porc_Votos_No_Marcados V="021,13"/>
          <Votos_Nulos V="1963"/>
          <Porc_Votos_Nulos V="033,67"/>
        </lin>
        <lin>
          <Pregunta V="005"/>
          <Total_Sufragantes V="5829"/>
          <Porc_Sufragantes V="100,00"/>
          <Abstencion V="0"/>
          <Porc_Abstencion V="000,00"/>
          <Votos_Validos V="3666"/>
          <Porc_Votos_Validos V="062,89"/>
          <Votos_No_Marcados V="1010"/>
          <Porc_Votos_No_Marcados V="017,32"/>
          <Votos_Nulos V="1153"/>
          <Porc_Votos_Nulos V="019,78"/>
        </lin>
        <lin>
          <Pregunta V="006"/>
          <Total_Sufragantes V="5829"/>
          <Porc_Sufragantes V="100,00"/>
          <Abstencion V="0"/>
          <Porc_Abstencion V="000,00"/>
          <Votos_Validos V="2928"/>
          <Porc_Votos_Validos V="050,23"/>
          <Votos_No_Marcados V="1212"/>
          <Porc_Votos_No_Marcados V="020,79"/>
          <Votos_Nulos V="1689"/>
          <Porc_Votos_Nulos V="028,97"/>
        </lin>
        <lin>
          <Pregunta V="007"/>
          <Total_Sufragantes V="5829"/>
          <Porc_Sufragantes V="100,00"/>
          <Abstencion V="0"/>
          <Porc_Abstencion V="000,00"/>
          <Votos_Validos V="2820"/>
          <Porc_Votos_Validos V="048,37"/>
          <Votos_No_Marcados V="1593"/>
          <Porc_Votos_No_Marcados V="027,32"/>
          <Votos_Nulos V="1416"/>
          <Porc_Votos_Nulos V="024,29"/>
        </lin>
      </Detalle_Pregunta>
      <Detalle_Opcion>
        <lin>
          <Opcion V="001"/>
          <Votos V="1618"/>
          <Porc V="046,50"/>
          <Pregunta V="001"/>
        </lin>
        <lin>
          <Opcion V="002"/>
          <Votos V="1861"/>
          <Porc V="053,49"/>
          <Pregunta V="001"/>
        </lin>
        <lin>
          <Opcion V="001"/>
          <Votos V="1766"/>
          <Porc V="051,86"/>
          <Pregunta V="002"/>
        </lin>
        <lin>
          <Opcion V="002"/>
          <Votos V="1639"/>
          <Porc V="048,13"/>
          <Pregunta V="002"/>
        </lin>
        <lin>
          <Opcion V="001"/>
          <Votos V="1147"/>
          <Porc V="047,61"/>
          <Pregunta V="003"/>
        </lin>
        <lin>
          <Opcion V="002"/>
          <Votos V="1262"/>
          <Porc V="052,38"/>
          <Pregunta V="003"/>
        </lin>
        <lin>
          <Opcion V="001"/>
          <Votos V="1288"/>
          <Porc V="048,89"/>
          <Pregunta V="004"/>
        </lin>
        <lin>
          <Opcion V="002"/>
          <Votos V="1346"/>
          <Porc V="051,10"/>
          <Pregunta V="004"/>
        </lin>
        <lin>
          <Opcion V="001"/>
          <Votos V="2022"/>
          <Porc V="055,15"/>
          <Pregunta V="005"/>
        </lin>
        <lin>
          <Opcion V="002"/>
          <Votos V="1644"/>
          <Porc V="044,84"/>
          <Pregunta V="005"/>
        </lin>
        <lin>
          <Opcion V="001"/>
          <Votos V="1414"/>
          <Porc V="048,29"/>
          <Pregunta V="006"/>
        </lin>
        <lin>
          <Opcion V="002"/>
          <Votos V="1514"/>
          <Porc V="051,70"/>
          <Pregunta V="006"/>
        </lin>
        <lin>
          <Opcion V="001"/>
          <Votos V="1586"/>
          <Porc V="056,24"/>
          <Pregunta V="007"/>
        </lin>
        <lin>
          <Opcion V="002"/>
          <Votos V="1234"/>
          <Porc V="043,75"/>
          <Pregunta V="007"/>
        </lin>
      </Detalle_Opcion>
    </lin>
  </Detalle_Circunscripcion>
</Boletin>
</Boletin_Consolidado>