<Boletin_Consolidado><Boletin>
  <Numero V="0008"/>
  <Boletin_Departamental V="0012"/>
  <Tipo_Boletin V="DEPARTAMENTAL"/>
  <Desc_Corporacion V="CONSULTA POPULAR"/>
  <Departamento V="12"/>
  <Desc_Departamento V="CESAR"/>
  <Municipio V="375"/>
  <Desc_Municipio V="CHIRIGUANA"/>
  <Dia V="21"/>
  <Mes V="8"/>
  <Anio V="2018"/>
  <Hora V="14"/>
  <Minuto V="15"/>
  <Mesas_Instaladas V="60"/>
  <Mesas_Informadas V="60"/>
  <Porc_Mesas_Informadas V="100,00"/>
  <Potencial_Sufragantes V="21916"/>
  <Detalle_Circunscripcion>
    <lin>
      <Circunscripcion V="0"/>
      <Desc_Circunscripcion V="NACIONAL"/>
      <Detalle_Pregunta>
        <lin>
          <Pregunta V="001"/>
          <Total_Sufragantes V="21916"/>
          <Porc_Sufragantes V="100,00"/>
          <Abstencion V="0"/>
          <Porc_Abstencion V="000,00"/>
          <Votos_Validos V="10980"/>
          <Porc_Votos_Validos V="050,10"/>
          <Votos_No_Marcados V="5564"/>
          <Porc_Votos_No_Marcados V="025,38"/>
          <Votos_Nulos V="5372"/>
          <Porc_Votos_Nulos V="024,51"/>
        </lin>
        <lin>
          <Pregunta V="002"/>
          <Total_Sufragantes V="21916"/>
          <Porc_Sufragantes V="100,00"/>
          <Abstencion V="0"/>
          <Porc_Abstencion V="000,00"/>
          <Votos_Validos V="11140"/>
          <Porc_Votos_Validos V="050,83"/>
          <Votos_No_Marcados V="5372"/>
          <Porc_Votos_No_Marcados V="024,51"/>
          <Votos_Nulos V="5404"/>
          <Porc_Votos_Nulos V="024,65"/>
        </lin>
        <lin>
          <Pregunta V="003"/>
          <Total_Sufragantes V="21916"/>
          <Porc_Sufragantes V="100,00"/>
          <Abstencion V="0"/>
          <Porc_Abstencion V="000,00"/>
          <Votos_Validos V="11452"/>
          <Porc_Votos_Validos V="052,25"/>
          <Votos_No_Marcados V="4963"/>
          <Porc_Votos_No_Marcados V="022,64"/>
          <Votos_Nulos V="5501"/>
          <Porc_Votos_Nulos V="025,10"/>
        </lin>
        <lin>
          <Pregunta V="004"/>
          <Total_Sufragantes V="21916"/>
          <Porc_Sufragantes V="100,00"/>
          <Abstencion V="0"/>
          <Porc_Abstencion V="000,00"/>
          <Votos_Validos V="11342"/>
          <Porc_Votos_Validos V="051,75"/>
          <Votos_No_Marcados V="4800"/>
          <Porc_Votos_No_Marcados V="021,90"/>
          <Votos_Nulos V="5774"/>
          <Porc_Votos_Nulos V="026,34"/>
        </lin>
        <lin>
          <Pregunta V="005"/>
          <Total_Sufragantes V="21916"/>
          <Porc_Sufragantes V="100,00"/>
          <Abstencion V="0"/>
          <Porc_Abstencion V="000,00"/>
          <Votos_Validos V="11045"/>
          <Porc_Votos_Validos V="050,39"/>
          <Votos_No_Marcados V="5038"/>
          <Porc_Votos_No_Marcados V="022,98"/>
          <Votos_Nulos V="5833"/>
          <Porc_Votos_Nulos V="026,61"/>
        </lin>
        <lin>
          <Pregunta V="006"/>
          <Total_Sufragantes V="21916"/>
          <Porc_Sufragantes V="100,00"/>
          <Abstencion V="0"/>
          <Porc_Abstencion V="000,00"/>
          <Votos_Validos V="11208"/>
          <Porc_Votos_Validos V="051,14"/>
          <Votos_No_Marcados V="5926"/>
          <Porc_Votos_No_Marcados V="027,03"/>
          <Votos_Nulos V="4782"/>
          <Porc_Votos_Nulos V="021,81"/>
        </lin>
        <lin>
          <Pregunta V="007"/>
          <Total_Sufragantes V="21916"/>
          <Porc_Sufragantes V="100,00"/>
          <Abstencion V="0"/>
          <Porc_Abstencion V="000,00"/>
          <Votos_Validos V="10424"/>
          <Porc_Votos_Validos V="047,56"/>
          <Votos_No_Marcados V="5653"/>
          <Porc_Votos_No_Marcados V="025,79"/>
          <Votos_Nulos V="5839"/>
          <Porc_Votos_Nulos V="026,64"/>
        </lin>
      </Detalle_Pregunta>
      <Detalle_Opcion>
        <lin>
          <Opcion V="001"/>
          <Votos V="5051"/>
          <Porc V="046,00"/>
          <Pregunta V="001"/>
        </lin>
        <lin>
          <Opcion V="002"/>
          <Votos V="5929"/>
          <Porc V="053,99"/>
          <Pregunta V="001"/>
        </lin>
        <lin>
          <Opcion V="001"/>
          <Votos V="5807"/>
          <Porc V="052,12"/>
          <Pregunta V="002"/>
        </lin>
        <lin>
          <Opcion V="002"/>
          <Votos V="5333"/>
          <Porc V="047,87"/>
          <Pregunta V="002"/>
        </lin>
        <lin>
          <Opcion V="001"/>
          <Votos V="6328"/>
          <Porc V="055,25"/>
          <Pregunta V="003"/>
        </lin>
        <lin>
          <Opcion V="002"/>
          <Votos V="5124"/>
          <Porc V="044,74"/>
          <Pregunta V="003"/>
        </lin>
        <lin>
          <Opcion V="001"/>
          <Votos V="5226"/>
          <Porc V="046,07"/>
          <Pregunta V="004"/>
        </lin>
        <lin>
          <Opcion V="002"/>
          <Votos V="6116"/>
          <Porc V="053,92"/>
          <Pregunta V="004"/>
        </lin>
        <lin>
          <Opcion V="001"/>
          <Votos V="4817"/>
          <Porc V="043,61"/>
          <Pregunta V="005"/>
        </lin>
        <lin>
          <Opcion V="002"/>
          <Votos V="6228"/>
          <Porc V="056,38"/>
          <Pregunta V="005"/>
        </lin>
        <lin>
          <Opcion V="001"/>
          <Votos V="5228"/>
          <Porc V="046,64"/>
          <Pregunta V="006"/>
        </lin>
        <lin>
          <Opcion V="002"/>
          <Votos V="5980"/>
          <Porc V="053,35"/>
          <Pregunta V="006"/>
        </lin>
        <lin>
          <Opcion V="001"/>
          <Votos V="5142"/>
          <Porc V="049,32"/>
          <Pregunta V="007"/>
        </lin>
        <lin>
          <Opcion V="002"/>
          <Votos V="5282"/>
          <Porc V="050,67"/>
          <Pregunta V="007"/>
        </lin>
      </Detalle_Opcion>
    </lin>
  </Detalle_Circunscripcion>
</Boletin>
</Boletin_Consolidado>