<Boletin_Consolidado><Boletin>
  <Numero V="0008"/>
  <Boletin_Departamental V="0011"/>
  <Tipo_Boletin V="DEPARTAMENTAL"/>
  <Desc_Corporacion V="CONSULTA POPULAR"/>
  <Departamento V="07"/>
  <Desc_Departamento V="BOYACA"/>
  <Municipio V="247"/>
  <Desc_Municipio V="SAN MATEO"/>
  <Dia V="21"/>
  <Mes V="8"/>
  <Anio V="2018"/>
  <Hora V="14"/>
  <Minuto V="15"/>
  <Mesas_Instaladas V="10"/>
  <Mesas_Informadas V="10"/>
  <Porc_Mesas_Informadas V="100,00"/>
  <Potencial_Sufragantes V="3568"/>
  <Detalle_Circunscripcion>
    <lin>
      <Circunscripcion V="0"/>
      <Desc_Circunscripcion V="NACIONAL"/>
      <Detalle_Pregunta>
        <lin>
          <Pregunta V="001"/>
          <Total_Sufragantes V="3568"/>
          <Porc_Sufragantes V="100,00"/>
          <Abstencion V="0"/>
          <Porc_Abstencion V="000,00"/>
          <Votos_Validos V="1664"/>
          <Porc_Votos_Validos V="046,63"/>
          <Votos_No_Marcados V="653"/>
          <Porc_Votos_No_Marcados V="018,30"/>
          <Votos_Nulos V="1251"/>
          <Porc_Votos_Nulos V="035,06"/>
        </lin>
        <lin>
          <Pregunta V="002"/>
          <Total_Sufragantes V="3568"/>
          <Porc_Sufragantes V="100,00"/>
          <Abstencion V="0"/>
          <Porc_Abstencion V="000,00"/>
          <Votos_Validos V="1971"/>
          <Porc_Votos_Validos V="055,24"/>
          <Votos_No_Marcados V="690"/>
          <Porc_Votos_No_Marcados V="019,33"/>
          <Votos_Nulos V="907"/>
          <Porc_Votos_Nulos V="025,42"/>
        </lin>
        <lin>
          <Pregunta V="003"/>
          <Total_Sufragantes V="3568"/>
          <Porc_Sufragantes V="100,00"/>
          <Abstencion V="0"/>
          <Porc_Abstencion V="000,00"/>
          <Votos_Validos V="1854"/>
          <Porc_Votos_Validos V="051,96"/>
          <Votos_No_Marcados V="683"/>
          <Porc_Votos_No_Marcados V="019,14"/>
          <Votos_Nulos V="1031"/>
          <Porc_Votos_Nulos V="028,89"/>
        </lin>
        <lin>
          <Pregunta V="004"/>
          <Total_Sufragantes V="3568"/>
          <Porc_Sufragantes V="100,00"/>
          <Abstencion V="0"/>
          <Porc_Abstencion V="000,00"/>
          <Votos_Validos V="2009"/>
          <Porc_Votos_Validos V="056,30"/>
          <Votos_No_Marcados V="696"/>
          <Porc_Votos_No_Marcados V="019,50"/>
          <Votos_Nulos V="863"/>
          <Porc_Votos_Nulos V="024,18"/>
        </lin>
        <lin>
          <Pregunta V="005"/>
          <Total_Sufragantes V="3568"/>
          <Porc_Sufragantes V="100,00"/>
          <Abstencion V="0"/>
          <Porc_Abstencion V="000,00"/>
          <Votos_Validos V="1880"/>
          <Porc_Votos_Validos V="052,69"/>
          <Votos_No_Marcados V="858"/>
          <Porc_Votos_No_Marcados V="024,04"/>
          <Votos_Nulos V="830"/>
          <Porc_Votos_Nulos V="023,26"/>
        </lin>
        <lin>
          <Pregunta V="006"/>
          <Total_Sufragantes V="3568"/>
          <Porc_Sufragantes V="100,00"/>
          <Abstencion V="0"/>
          <Porc_Abstencion V="000,00"/>
          <Votos_Validos V="1871"/>
          <Porc_Votos_Validos V="052,43"/>
          <Votos_No_Marcados V="907"/>
          <Porc_Votos_No_Marcados V="025,42"/>
          <Votos_Nulos V="790"/>
          <Porc_Votos_Nulos V="022,14"/>
        </lin>
        <lin>
          <Pregunta V="007"/>
          <Total_Sufragantes V="3568"/>
          <Porc_Sufragantes V="100,00"/>
          <Abstencion V="0"/>
          <Porc_Abstencion V="000,00"/>
          <Votos_Validos V="1529"/>
          <Porc_Votos_Validos V="042,85"/>
          <Votos_No_Marcados V="1260"/>
          <Porc_Votos_No_Marcados V="035,31"/>
          <Votos_Nulos V="779"/>
          <Porc_Votos_Nulos V="021,83"/>
        </lin>
      </Detalle_Pregunta>
      <Detalle_Opcion>
        <lin>
          <Opcion V="001"/>
          <Votos V="590"/>
          <Porc V="035,45"/>
          <Pregunta V="001"/>
        </lin>
        <lin>
          <Opcion V="002"/>
          <Votos V="1074"/>
          <Porc V="064,54"/>
          <Pregunta V="001"/>
        </lin>
        <lin>
          <Opcion V="001"/>
          <Votos V="867"/>
          <Porc V="043,98"/>
          <Pregunta V="002"/>
        </lin>
        <lin>
          <Opcion V="002"/>
          <Votos V="1104"/>
          <Porc V="056,01"/>
          <Pregunta V="002"/>
        </lin>
        <lin>
          <Opcion V="001"/>
          <Votos V="1149"/>
          <Porc V="061,97"/>
          <Pregunta V="003"/>
        </lin>
        <lin>
          <Opcion V="002"/>
          <Votos V="705"/>
          <Porc V="038,02"/>
          <Pregunta V="003"/>
        </lin>
        <lin>
          <Opcion V="001"/>
          <Votos V="718"/>
          <Porc V="035,73"/>
          <Pregunta V="004"/>
        </lin>
        <lin>
          <Opcion V="002"/>
          <Votos V="1291"/>
          <Porc V="064,26"/>
          <Pregunta V="004"/>
        </lin>
        <lin>
          <Opcion V="001"/>
          <Votos V="696"/>
          <Porc V="037,02"/>
          <Pregunta V="005"/>
        </lin>
        <lin>
          <Opcion V="002"/>
          <Votos V="1184"/>
          <Porc V="062,97"/>
          <Pregunta V="005"/>
        </lin>
        <lin>
          <Opcion V="001"/>
          <Votos V="828"/>
          <Porc V="044,25"/>
          <Pregunta V="006"/>
        </lin>
        <lin>
          <Opcion V="002"/>
          <Votos V="1043"/>
          <Porc V="055,74"/>
          <Pregunta V="006"/>
        </lin>
        <lin>
          <Opcion V="001"/>
          <Votos V="831"/>
          <Porc V="054,34"/>
          <Pregunta V="007"/>
        </lin>
        <lin>
          <Opcion V="002"/>
          <Votos V="698"/>
          <Porc V="045,65"/>
          <Pregunta V="007"/>
        </lin>
      </Detalle_Opcion>
    </lin>
  </Detalle_Circunscripcion>
</Boletin>
</Boletin_Consolidado>