<Boletin_Consolidado><Boletin>
  <Numero V="0008"/>
  <Boletin_Departamental V="0012"/>
  <Tipo_Boletin V="DEPARTAMENTAL"/>
  <Desc_Corporacion V="CONSULTA POPULAR"/>
  <Departamento V="11"/>
  <Desc_Departamento V="CAUCA"/>
  <Municipio V="079"/>
  <Desc_Municipio V="SANTA ROSA"/>
  <Dia V="21"/>
  <Mes V="8"/>
  <Anio V="2018"/>
  <Hora V="14"/>
  <Minuto V="15"/>
  <Mesas_Instaladas V="16"/>
  <Mesas_Informadas V="16"/>
  <Porc_Mesas_Informadas V="100,00"/>
  <Potencial_Sufragantes V="3938"/>
  <Detalle_Circunscripcion>
    <lin>
      <Circunscripcion V="0"/>
      <Desc_Circunscripcion V="NACIONAL"/>
      <Detalle_Pregunta>
        <lin>
          <Pregunta V="001"/>
          <Total_Sufragantes V="3938"/>
          <Porc_Sufragantes V="100,00"/>
          <Abstencion V="0"/>
          <Porc_Abstencion V="000,00"/>
          <Votos_Validos V="1962"/>
          <Porc_Votos_Validos V="049,82"/>
          <Votos_No_Marcados V="1103"/>
          <Porc_Votos_No_Marcados V="028,00"/>
          <Votos_Nulos V="873"/>
          <Porc_Votos_Nulos V="022,16"/>
        </lin>
        <lin>
          <Pregunta V="002"/>
          <Total_Sufragantes V="3938"/>
          <Porc_Sufragantes V="100,00"/>
          <Abstencion V="0"/>
          <Porc_Abstencion V="000,00"/>
          <Votos_Validos V="2133"/>
          <Porc_Votos_Validos V="054,16"/>
          <Votos_No_Marcados V="600"/>
          <Porc_Votos_No_Marcados V="015,23"/>
          <Votos_Nulos V="1205"/>
          <Porc_Votos_Nulos V="030,59"/>
        </lin>
        <lin>
          <Pregunta V="003"/>
          <Total_Sufragantes V="3938"/>
          <Porc_Sufragantes V="100,00"/>
          <Abstencion V="0"/>
          <Porc_Abstencion V="000,00"/>
          <Votos_Validos V="1985"/>
          <Porc_Votos_Validos V="050,40"/>
          <Votos_No_Marcados V="1127"/>
          <Porc_Votos_No_Marcados V="028,61"/>
          <Votos_Nulos V="826"/>
          <Porc_Votos_Nulos V="020,97"/>
        </lin>
        <lin>
          <Pregunta V="004"/>
          <Total_Sufragantes V="3938"/>
          <Porc_Sufragantes V="100,00"/>
          <Abstencion V="0"/>
          <Porc_Abstencion V="000,00"/>
          <Votos_Validos V="2319"/>
          <Porc_Votos_Validos V="058,88"/>
          <Votos_No_Marcados V="753"/>
          <Porc_Votos_No_Marcados V="019,12"/>
          <Votos_Nulos V="866"/>
          <Porc_Votos_Nulos V="021,99"/>
        </lin>
        <lin>
          <Pregunta V="005"/>
          <Total_Sufragantes V="3938"/>
          <Porc_Sufragantes V="100,00"/>
          <Abstencion V="0"/>
          <Porc_Abstencion V="000,00"/>
          <Votos_Validos V="2081"/>
          <Porc_Votos_Validos V="052,84"/>
          <Votos_No_Marcados V="989"/>
          <Porc_Votos_No_Marcados V="025,11"/>
          <Votos_Nulos V="868"/>
          <Porc_Votos_Nulos V="022,04"/>
        </lin>
        <lin>
          <Pregunta V="006"/>
          <Total_Sufragantes V="3938"/>
          <Porc_Sufragantes V="100,00"/>
          <Abstencion V="0"/>
          <Porc_Abstencion V="000,00"/>
          <Votos_Validos V="1762"/>
          <Porc_Votos_Validos V="044,74"/>
          <Votos_No_Marcados V="1248"/>
          <Porc_Votos_No_Marcados V="031,69"/>
          <Votos_Nulos V="928"/>
          <Porc_Votos_Nulos V="023,56"/>
        </lin>
        <lin>
          <Pregunta V="007"/>
          <Total_Sufragantes V="3938"/>
          <Porc_Sufragantes V="100,00"/>
          <Abstencion V="0"/>
          <Porc_Abstencion V="000,00"/>
          <Votos_Validos V="1779"/>
          <Porc_Votos_Validos V="045,17"/>
          <Votos_No_Marcados V="951"/>
          <Porc_Votos_No_Marcados V="024,14"/>
          <Votos_Nulos V="1208"/>
          <Porc_Votos_Nulos V="030,67"/>
        </lin>
      </Detalle_Pregunta>
      <Detalle_Opcion>
        <lin>
          <Opcion V="001"/>
          <Votos V="871"/>
          <Porc V="044,39"/>
          <Pregunta V="001"/>
        </lin>
        <lin>
          <Opcion V="002"/>
          <Votos V="1091"/>
          <Porc V="055,60"/>
          <Pregunta V="001"/>
        </lin>
        <lin>
          <Opcion V="001"/>
          <Votos V="1090"/>
          <Porc V="051,10"/>
          <Pregunta V="002"/>
        </lin>
        <lin>
          <Opcion V="002"/>
          <Votos V="1043"/>
          <Porc V="048,89"/>
          <Pregunta V="002"/>
        </lin>
        <lin>
          <Opcion V="001"/>
          <Votos V="970"/>
          <Porc V="048,86"/>
          <Pregunta V="003"/>
        </lin>
        <lin>
          <Opcion V="002"/>
          <Votos V="1015"/>
          <Porc V="051,13"/>
          <Pregunta V="003"/>
        </lin>
        <lin>
          <Opcion V="001"/>
          <Votos V="1254"/>
          <Porc V="054,07"/>
          <Pregunta V="004"/>
        </lin>
        <lin>
          <Opcion V="002"/>
          <Votos V="1065"/>
          <Porc V="045,92"/>
          <Pregunta V="004"/>
        </lin>
        <lin>
          <Opcion V="001"/>
          <Votos V="1037"/>
          <Porc V="049,83"/>
          <Pregunta V="005"/>
        </lin>
        <lin>
          <Opcion V="002"/>
          <Votos V="1044"/>
          <Porc V="050,16"/>
          <Pregunta V="005"/>
        </lin>
        <lin>
          <Opcion V="001"/>
          <Votos V="920"/>
          <Porc V="052,21"/>
          <Pregunta V="006"/>
        </lin>
        <lin>
          <Opcion V="002"/>
          <Votos V="842"/>
          <Porc V="047,78"/>
          <Pregunta V="006"/>
        </lin>
        <lin>
          <Opcion V="001"/>
          <Votos V="987"/>
          <Porc V="055,48"/>
          <Pregunta V="007"/>
        </lin>
        <lin>
          <Opcion V="002"/>
          <Votos V="792"/>
          <Porc V="044,51"/>
          <Pregunta V="007"/>
        </lin>
      </Detalle_Opcion>
    </lin>
  </Detalle_Circunscripcion>
</Boletin>
</Boletin_Consolidado>