<Boletin_Consolidado><Boletin>
  <Numero V="0008"/>
  <Boletin_Departamental V="0012"/>
  <Tipo_Boletin V="DEPARTAMENTAL"/>
  <Desc_Corporacion V="CONSULTA POPULAR"/>
  <Departamento V="01"/>
  <Desc_Departamento V="ANTIOQUIA"/>
  <Municipio V="175"/>
  <Desc_Municipio V="MACEO"/>
  <Dia V="21"/>
  <Mes V="8"/>
  <Anio V="2018"/>
  <Hora V="14"/>
  <Minuto V="15"/>
  <Mesas_Instaladas V="21"/>
  <Mesas_Informadas V="21"/>
  <Porc_Mesas_Informadas V="100,00"/>
  <Potencial_Sufragantes V="7758"/>
  <Detalle_Circunscripcion>
    <lin>
      <Circunscripcion V="0"/>
      <Desc_Circunscripcion V="NACIONAL"/>
      <Detalle_Pregunta>
        <lin>
          <Pregunta V="001"/>
          <Total_Sufragantes V="7758"/>
          <Porc_Sufragantes V="100,00"/>
          <Abstencion V="0"/>
          <Porc_Abstencion V="000,00"/>
          <Votos_Validos V="3345"/>
          <Porc_Votos_Validos V="043,11"/>
          <Votos_No_Marcados V="2202"/>
          <Porc_Votos_No_Marcados V="028,38"/>
          <Votos_Nulos V="2211"/>
          <Porc_Votos_Nulos V="028,49"/>
        </lin>
        <lin>
          <Pregunta V="002"/>
          <Total_Sufragantes V="7758"/>
          <Porc_Sufragantes V="100,00"/>
          <Abstencion V="0"/>
          <Porc_Abstencion V="000,00"/>
          <Votos_Validos V="3495"/>
          <Porc_Votos_Validos V="045,05"/>
          <Votos_No_Marcados V="1843"/>
          <Porc_Votos_No_Marcados V="023,75"/>
          <Votos_Nulos V="2420"/>
          <Porc_Votos_Nulos V="031,19"/>
        </lin>
        <lin>
          <Pregunta V="003"/>
          <Total_Sufragantes V="7758"/>
          <Porc_Sufragantes V="100,00"/>
          <Abstencion V="0"/>
          <Porc_Abstencion V="000,00"/>
          <Votos_Validos V="4291"/>
          <Porc_Votos_Validos V="055,31"/>
          <Votos_No_Marcados V="1886"/>
          <Porc_Votos_No_Marcados V="024,31"/>
          <Votos_Nulos V="1581"/>
          <Porc_Votos_Nulos V="020,37"/>
        </lin>
        <lin>
          <Pregunta V="004"/>
          <Total_Sufragantes V="7758"/>
          <Porc_Sufragantes V="100,00"/>
          <Abstencion V="0"/>
          <Porc_Abstencion V="000,00"/>
          <Votos_Validos V="3754"/>
          <Porc_Votos_Validos V="048,38"/>
          <Votos_No_Marcados V="2474"/>
          <Porc_Votos_No_Marcados V="031,88"/>
          <Votos_Nulos V="1530"/>
          <Porc_Votos_Nulos V="019,72"/>
        </lin>
        <lin>
          <Pregunta V="005"/>
          <Total_Sufragantes V="7758"/>
          <Porc_Sufragantes V="100,00"/>
          <Abstencion V="0"/>
          <Porc_Abstencion V="000,00"/>
          <Votos_Validos V="4262"/>
          <Porc_Votos_Validos V="054,93"/>
          <Votos_No_Marcados V="1410"/>
          <Porc_Votos_No_Marcados V="018,17"/>
          <Votos_Nulos V="2086"/>
          <Porc_Votos_Nulos V="026,88"/>
        </lin>
        <lin>
          <Pregunta V="006"/>
          <Total_Sufragantes V="7758"/>
          <Porc_Sufragantes V="100,00"/>
          <Abstencion V="0"/>
          <Porc_Abstencion V="000,00"/>
          <Votos_Validos V="3790"/>
          <Porc_Votos_Validos V="048,85"/>
          <Votos_No_Marcados V="2201"/>
          <Porc_Votos_No_Marcados V="028,37"/>
          <Votos_Nulos V="1767"/>
          <Porc_Votos_Nulos V="022,77"/>
        </lin>
        <lin>
          <Pregunta V="007"/>
          <Total_Sufragantes V="7758"/>
          <Porc_Sufragantes V="100,00"/>
          <Abstencion V="0"/>
          <Porc_Abstencion V="000,00"/>
          <Votos_Validos V="3991"/>
          <Porc_Votos_Validos V="051,44"/>
          <Votos_No_Marcados V="1810"/>
          <Porc_Votos_No_Marcados V="023,33"/>
          <Votos_Nulos V="1957"/>
          <Porc_Votos_Nulos V="025,22"/>
        </lin>
      </Detalle_Pregunta>
      <Detalle_Opcion>
        <lin>
          <Opcion V="001"/>
          <Votos V="1731"/>
          <Porc V="051,74"/>
          <Pregunta V="001"/>
        </lin>
        <lin>
          <Opcion V="002"/>
          <Votos V="1614"/>
          <Porc V="048,25"/>
          <Pregunta V="001"/>
        </lin>
        <lin>
          <Opcion V="001"/>
          <Votos V="1954"/>
          <Porc V="055,90"/>
          <Pregunta V="002"/>
        </lin>
        <lin>
          <Opcion V="002"/>
          <Votos V="1541"/>
          <Porc V="044,09"/>
          <Pregunta V="002"/>
        </lin>
        <lin>
          <Opcion V="001"/>
          <Votos V="2477"/>
          <Porc V="057,72"/>
          <Pregunta V="003"/>
        </lin>
        <lin>
          <Opcion V="002"/>
          <Votos V="1814"/>
          <Porc V="042,27"/>
          <Pregunta V="003"/>
        </lin>
        <lin>
          <Opcion V="001"/>
          <Votos V="1833"/>
          <Porc V="048,82"/>
          <Pregunta V="004"/>
        </lin>
        <lin>
          <Opcion V="002"/>
          <Votos V="1921"/>
          <Porc V="051,17"/>
          <Pregunta V="004"/>
        </lin>
        <lin>
          <Opcion V="001"/>
          <Votos V="1847"/>
          <Porc V="043,33"/>
          <Pregunta V="005"/>
        </lin>
        <lin>
          <Opcion V="002"/>
          <Votos V="2415"/>
          <Porc V="056,66"/>
          <Pregunta V="005"/>
        </lin>
        <lin>
          <Opcion V="001"/>
          <Votos V="1835"/>
          <Porc V="048,41"/>
          <Pregunta V="006"/>
        </lin>
        <lin>
          <Opcion V="002"/>
          <Votos V="1955"/>
          <Porc V="051,58"/>
          <Pregunta V="006"/>
        </lin>
        <lin>
          <Opcion V="001"/>
          <Votos V="1748"/>
          <Porc V="043,79"/>
          <Pregunta V="007"/>
        </lin>
        <lin>
          <Opcion V="002"/>
          <Votos V="2243"/>
          <Porc V="056,20"/>
          <Pregunta V="007"/>
        </lin>
      </Detalle_Opcion>
    </lin>
  </Detalle_Circunscripcion>
</Boletin>
</Boletin_Consolidado>