<Boletin_Consolidado><Boletin>
  <Numero V="0008"/>
  <Boletin_Departamental V="0012"/>
  <Tipo_Boletin V="DEPARTAMENTAL"/>
  <Desc_Corporacion V="CONSULTA POPULAR"/>
  <Departamento V="01"/>
  <Desc_Departamento V="ANTIOQUIA"/>
  <Municipio V="235"/>
  <Desc_Municipio V="SAN PEDRO"/>
  <Dia V="21"/>
  <Mes V="8"/>
  <Anio V="2018"/>
  <Hora V="14"/>
  <Minuto V="15"/>
  <Mesas_Instaladas V="55"/>
  <Mesas_Informadas V="55"/>
  <Porc_Mesas_Informadas V="100,00"/>
  <Potencial_Sufragantes V="20275"/>
  <Detalle_Circunscripcion>
    <lin>
      <Circunscripcion V="0"/>
      <Desc_Circunscripcion V="NACIONAL"/>
      <Detalle_Pregunta>
        <lin>
          <Pregunta V="001"/>
          <Total_Sufragantes V="20275"/>
          <Porc_Sufragantes V="100,00"/>
          <Abstencion V="0"/>
          <Porc_Abstencion V="000,00"/>
          <Votos_Validos V="10061"/>
          <Porc_Votos_Validos V="049,62"/>
          <Votos_No_Marcados V="5036"/>
          <Porc_Votos_No_Marcados V="024,83"/>
          <Votos_Nulos V="5178"/>
          <Porc_Votos_Nulos V="025,53"/>
        </lin>
        <lin>
          <Pregunta V="002"/>
          <Total_Sufragantes V="20275"/>
          <Porc_Sufragantes V="100,00"/>
          <Abstencion V="0"/>
          <Porc_Abstencion V="000,00"/>
          <Votos_Validos V="9888"/>
          <Porc_Votos_Validos V="048,76"/>
          <Votos_No_Marcados V="5311"/>
          <Porc_Votos_No_Marcados V="026,19"/>
          <Votos_Nulos V="5076"/>
          <Porc_Votos_Nulos V="025,03"/>
        </lin>
        <lin>
          <Pregunta V="003"/>
          <Total_Sufragantes V="20275"/>
          <Porc_Sufragantes V="100,00"/>
          <Abstencion V="0"/>
          <Porc_Abstencion V="000,00"/>
          <Votos_Validos V="10470"/>
          <Porc_Votos_Validos V="051,63"/>
          <Votos_No_Marcados V="5046"/>
          <Porc_Votos_No_Marcados V="024,88"/>
          <Votos_Nulos V="4759"/>
          <Porc_Votos_Nulos V="023,47"/>
        </lin>
        <lin>
          <Pregunta V="004"/>
          <Total_Sufragantes V="20275"/>
          <Porc_Sufragantes V="100,00"/>
          <Abstencion V="0"/>
          <Porc_Abstencion V="000,00"/>
          <Votos_Validos V="9648"/>
          <Porc_Votos_Validos V="047,58"/>
          <Votos_No_Marcados V="4710"/>
          <Porc_Votos_No_Marcados V="023,23"/>
          <Votos_Nulos V="5917"/>
          <Porc_Votos_Nulos V="029,18"/>
        </lin>
        <lin>
          <Pregunta V="005"/>
          <Total_Sufragantes V="20275"/>
          <Porc_Sufragantes V="100,00"/>
          <Abstencion V="0"/>
          <Porc_Abstencion V="000,00"/>
          <Votos_Validos V="10336"/>
          <Porc_Votos_Validos V="050,97"/>
          <Votos_No_Marcados V="4848"/>
          <Porc_Votos_No_Marcados V="023,91"/>
          <Votos_Nulos V="5091"/>
          <Porc_Votos_Nulos V="025,10"/>
        </lin>
        <lin>
          <Pregunta V="006"/>
          <Total_Sufragantes V="20275"/>
          <Porc_Sufragantes V="100,00"/>
          <Abstencion V="0"/>
          <Porc_Abstencion V="000,00"/>
          <Votos_Validos V="10552"/>
          <Porc_Votos_Validos V="052,04"/>
          <Votos_No_Marcados V="5267"/>
          <Porc_Votos_No_Marcados V="025,97"/>
          <Votos_Nulos V="4456"/>
          <Porc_Votos_Nulos V="021,97"/>
        </lin>
        <lin>
          <Pregunta V="007"/>
          <Total_Sufragantes V="20275"/>
          <Porc_Sufragantes V="100,00"/>
          <Abstencion V="0"/>
          <Porc_Abstencion V="000,00"/>
          <Votos_Validos V="10749"/>
          <Porc_Votos_Validos V="053,01"/>
          <Votos_No_Marcados V="4950"/>
          <Porc_Votos_No_Marcados V="024,41"/>
          <Votos_Nulos V="4576"/>
          <Porc_Votos_Nulos V="022,56"/>
        </lin>
      </Detalle_Pregunta>
      <Detalle_Opcion>
        <lin>
          <Opcion V="001"/>
          <Votos V="4823"/>
          <Porc V="047,93"/>
          <Pregunta V="001"/>
        </lin>
        <lin>
          <Opcion V="002"/>
          <Votos V="5238"/>
          <Porc V="052,06"/>
          <Pregunta V="001"/>
        </lin>
        <lin>
          <Opcion V="001"/>
          <Votos V="4476"/>
          <Porc V="045,26"/>
          <Pregunta V="002"/>
        </lin>
        <lin>
          <Opcion V="002"/>
          <Votos V="5412"/>
          <Porc V="054,73"/>
          <Pregunta V="002"/>
        </lin>
        <lin>
          <Opcion V="001"/>
          <Votos V="5873"/>
          <Porc V="056,09"/>
          <Pregunta V="003"/>
        </lin>
        <lin>
          <Opcion V="002"/>
          <Votos V="4597"/>
          <Porc V="043,90"/>
          <Pregunta V="003"/>
        </lin>
        <lin>
          <Opcion V="001"/>
          <Votos V="4505"/>
          <Porc V="046,69"/>
          <Pregunta V="004"/>
        </lin>
        <lin>
          <Opcion V="002"/>
          <Votos V="5143"/>
          <Porc V="053,30"/>
          <Pregunta V="004"/>
        </lin>
        <lin>
          <Opcion V="001"/>
          <Votos V="4903"/>
          <Porc V="047,43"/>
          <Pregunta V="005"/>
        </lin>
        <lin>
          <Opcion V="002"/>
          <Votos V="5433"/>
          <Porc V="052,56"/>
          <Pregunta V="005"/>
        </lin>
        <lin>
          <Opcion V="001"/>
          <Votos V="5200"/>
          <Porc V="049,27"/>
          <Pregunta V="006"/>
        </lin>
        <lin>
          <Opcion V="002"/>
          <Votos V="5352"/>
          <Porc V="050,72"/>
          <Pregunta V="006"/>
        </lin>
        <lin>
          <Opcion V="001"/>
          <Votos V="5443"/>
          <Porc V="050,63"/>
          <Pregunta V="007"/>
        </lin>
        <lin>
          <Opcion V="002"/>
          <Votos V="5306"/>
          <Porc V="049,36"/>
          <Pregunta V="007"/>
        </lin>
      </Detalle_Opcion>
    </lin>
  </Detalle_Circunscripcion>
</Boletin>
</Boletin_Consolidado>