<Boletin_Consolidado><Boletin>
  <Numero V="0008"/>
  <Boletin_Departamental V="0012"/>
  <Tipo_Boletin V="DEPARTAMENTAL"/>
  <Desc_Corporacion V="CONSULTA POPULAR"/>
  <Departamento V="13"/>
  <Desc_Departamento V="CORDOBA"/>
  <Municipio V="009"/>
  <Desc_Municipio V="CANALETE"/>
  <Dia V="21"/>
  <Mes V="8"/>
  <Anio V="2018"/>
  <Hora V="14"/>
  <Minuto V="15"/>
  <Mesas_Instaladas V="47"/>
  <Mesas_Informadas V="47"/>
  <Porc_Mesas_Informadas V="100,00"/>
  <Potencial_Sufragantes V="16205"/>
  <Detalle_Circunscripcion>
    <lin>
      <Circunscripcion V="0"/>
      <Desc_Circunscripcion V="NACIONAL"/>
      <Detalle_Pregunta>
        <lin>
          <Pregunta V="001"/>
          <Total_Sufragantes V="16205"/>
          <Porc_Sufragantes V="100,00"/>
          <Abstencion V="0"/>
          <Porc_Abstencion V="000,00"/>
          <Votos_Validos V="7870"/>
          <Porc_Votos_Validos V="048,56"/>
          <Votos_No_Marcados V="4310"/>
          <Porc_Votos_No_Marcados V="026,59"/>
          <Votos_Nulos V="4025"/>
          <Porc_Votos_Nulos V="024,83"/>
        </lin>
        <lin>
          <Pregunta V="002"/>
          <Total_Sufragantes V="16205"/>
          <Porc_Sufragantes V="100,00"/>
          <Abstencion V="0"/>
          <Porc_Abstencion V="000,00"/>
          <Votos_Validos V="8987"/>
          <Porc_Votos_Validos V="055,45"/>
          <Votos_No_Marcados V="4504"/>
          <Porc_Votos_No_Marcados V="027,79"/>
          <Votos_Nulos V="2714"/>
          <Porc_Votos_Nulos V="016,74"/>
        </lin>
        <lin>
          <Pregunta V="003"/>
          <Total_Sufragantes V="16205"/>
          <Porc_Sufragantes V="100,00"/>
          <Abstencion V="0"/>
          <Porc_Abstencion V="000,00"/>
          <Votos_Validos V="8924"/>
          <Porc_Votos_Validos V="055,06"/>
          <Votos_No_Marcados V="3681"/>
          <Porc_Votos_No_Marcados V="022,71"/>
          <Votos_Nulos V="3600"/>
          <Porc_Votos_Nulos V="022,21"/>
        </lin>
        <lin>
          <Pregunta V="004"/>
          <Total_Sufragantes V="16205"/>
          <Porc_Sufragantes V="100,00"/>
          <Abstencion V="0"/>
          <Porc_Abstencion V="000,00"/>
          <Votos_Validos V="8559"/>
          <Porc_Votos_Validos V="052,81"/>
          <Votos_No_Marcados V="3955"/>
          <Porc_Votos_No_Marcados V="024,40"/>
          <Votos_Nulos V="3691"/>
          <Porc_Votos_Nulos V="022,77"/>
        </lin>
        <lin>
          <Pregunta V="005"/>
          <Total_Sufragantes V="16205"/>
          <Porc_Sufragantes V="100,00"/>
          <Abstencion V="0"/>
          <Porc_Abstencion V="000,00"/>
          <Votos_Validos V="8356"/>
          <Porc_Votos_Validos V="051,56"/>
          <Votos_No_Marcados V="3923"/>
          <Porc_Votos_No_Marcados V="024,20"/>
          <Votos_Nulos V="3926"/>
          <Porc_Votos_Nulos V="024,22"/>
        </lin>
        <lin>
          <Pregunta V="006"/>
          <Total_Sufragantes V="16205"/>
          <Porc_Sufragantes V="100,00"/>
          <Abstencion V="0"/>
          <Porc_Abstencion V="000,00"/>
          <Votos_Validos V="8353"/>
          <Porc_Votos_Validos V="051,54"/>
          <Votos_No_Marcados V="4202"/>
          <Porc_Votos_No_Marcados V="025,93"/>
          <Votos_Nulos V="3650"/>
          <Porc_Votos_Nulos V="022,52"/>
        </lin>
        <lin>
          <Pregunta V="007"/>
          <Total_Sufragantes V="16205"/>
          <Porc_Sufragantes V="100,00"/>
          <Abstencion V="0"/>
          <Porc_Abstencion V="000,00"/>
          <Votos_Validos V="7612"/>
          <Porc_Votos_Validos V="046,97"/>
          <Votos_No_Marcados V="4187"/>
          <Porc_Votos_No_Marcados V="025,83"/>
          <Votos_Nulos V="4406"/>
          <Porc_Votos_Nulos V="027,18"/>
        </lin>
      </Detalle_Pregunta>
      <Detalle_Opcion>
        <lin>
          <Opcion V="001"/>
          <Votos V="3919"/>
          <Porc V="049,79"/>
          <Pregunta V="001"/>
        </lin>
        <lin>
          <Opcion V="002"/>
          <Votos V="3951"/>
          <Porc V="050,20"/>
          <Pregunta V="001"/>
        </lin>
        <lin>
          <Opcion V="001"/>
          <Votos V="4397"/>
          <Porc V="048,92"/>
          <Pregunta V="002"/>
        </lin>
        <lin>
          <Opcion V="002"/>
          <Votos V="4590"/>
          <Porc V="051,07"/>
          <Pregunta V="002"/>
        </lin>
        <lin>
          <Opcion V="001"/>
          <Votos V="4484"/>
          <Porc V="050,24"/>
          <Pregunta V="003"/>
        </lin>
        <lin>
          <Opcion V="002"/>
          <Votos V="4440"/>
          <Porc V="049,75"/>
          <Pregunta V="003"/>
        </lin>
        <lin>
          <Opcion V="001"/>
          <Votos V="3784"/>
          <Porc V="044,21"/>
          <Pregunta V="004"/>
        </lin>
        <lin>
          <Opcion V="002"/>
          <Votos V="4775"/>
          <Porc V="055,78"/>
          <Pregunta V="004"/>
        </lin>
        <lin>
          <Opcion V="001"/>
          <Votos V="3853"/>
          <Porc V="046,11"/>
          <Pregunta V="005"/>
        </lin>
        <lin>
          <Opcion V="002"/>
          <Votos V="4503"/>
          <Porc V="053,88"/>
          <Pregunta V="005"/>
        </lin>
        <lin>
          <Opcion V="001"/>
          <Votos V="4253"/>
          <Porc V="050,91"/>
          <Pregunta V="006"/>
        </lin>
        <lin>
          <Opcion V="002"/>
          <Votos V="4100"/>
          <Porc V="049,08"/>
          <Pregunta V="006"/>
        </lin>
        <lin>
          <Opcion V="001"/>
          <Votos V="3886"/>
          <Porc V="051,05"/>
          <Pregunta V="007"/>
        </lin>
        <lin>
          <Opcion V="002"/>
          <Votos V="3726"/>
          <Porc V="048,94"/>
          <Pregunta V="007"/>
        </lin>
      </Detalle_Opcion>
    </lin>
  </Detalle_Circunscripcion>
</Boletin>
</Boletin_Consolidado>