<Boletin_Consolidado><Boletin>
  <Numero V="0008"/>
  <Boletin_Departamental V="0012"/>
  <Tipo_Boletin V="DEPARTAMENTAL"/>
  <Desc_Corporacion V="CONSULTA POPULAR"/>
  <Departamento V="03"/>
  <Desc_Departamento V="ATLANTICO"/>
  <Municipio V="049"/>
  <Desc_Municipio V="SANTO TOMAS"/>
  <Dia V="21"/>
  <Mes V="8"/>
  <Anio V="2018"/>
  <Hora V="14"/>
  <Minuto V="15"/>
  <Mesas_Instaladas V="72"/>
  <Mesas_Informadas V="72"/>
  <Porc_Mesas_Informadas V="100,00"/>
  <Potencial_Sufragantes V="27108"/>
  <Detalle_Circunscripcion>
    <lin>
      <Circunscripcion V="0"/>
      <Desc_Circunscripcion V="NACIONAL"/>
      <Detalle_Pregunta>
        <lin>
          <Pregunta V="001"/>
          <Total_Sufragantes V="27108"/>
          <Porc_Sufragantes V="100,00"/>
          <Abstencion V="0"/>
          <Porc_Abstencion V="000,00"/>
          <Votos_Validos V="13165"/>
          <Porc_Votos_Validos V="048,56"/>
          <Votos_No_Marcados V="6664"/>
          <Porc_Votos_No_Marcados V="024,58"/>
          <Votos_Nulos V="7279"/>
          <Porc_Votos_Nulos V="026,85"/>
        </lin>
        <lin>
          <Pregunta V="002"/>
          <Total_Sufragantes V="27108"/>
          <Porc_Sufragantes V="100,00"/>
          <Abstencion V="0"/>
          <Porc_Abstencion V="000,00"/>
          <Votos_Validos V="14192"/>
          <Porc_Votos_Validos V="052,35"/>
          <Votos_No_Marcados V="5611"/>
          <Porc_Votos_No_Marcados V="020,69"/>
          <Votos_Nulos V="7305"/>
          <Porc_Votos_Nulos V="026,94"/>
        </lin>
        <lin>
          <Pregunta V="003"/>
          <Total_Sufragantes V="27108"/>
          <Porc_Sufragantes V="100,00"/>
          <Abstencion V="0"/>
          <Porc_Abstencion V="000,00"/>
          <Votos_Validos V="13513"/>
          <Porc_Votos_Validos V="049,84"/>
          <Votos_No_Marcados V="5980"/>
          <Porc_Votos_No_Marcados V="022,05"/>
          <Votos_Nulos V="7615"/>
          <Porc_Votos_Nulos V="028,09"/>
        </lin>
        <lin>
          <Pregunta V="004"/>
          <Total_Sufragantes V="27108"/>
          <Porc_Sufragantes V="100,00"/>
          <Abstencion V="0"/>
          <Porc_Abstencion V="000,00"/>
          <Votos_Validos V="14208"/>
          <Porc_Votos_Validos V="052,41"/>
          <Votos_No_Marcados V="6678"/>
          <Porc_Votos_No_Marcados V="024,63"/>
          <Votos_Nulos V="6222"/>
          <Porc_Votos_Nulos V="022,95"/>
        </lin>
        <lin>
          <Pregunta V="005"/>
          <Total_Sufragantes V="27108"/>
          <Porc_Sufragantes V="100,00"/>
          <Abstencion V="0"/>
          <Porc_Abstencion V="000,00"/>
          <Votos_Validos V="13202"/>
          <Porc_Votos_Validos V="048,70"/>
          <Votos_No_Marcados V="7249"/>
          <Porc_Votos_No_Marcados V="026,74"/>
          <Votos_Nulos V="6657"/>
          <Porc_Votos_Nulos V="024,55"/>
        </lin>
        <lin>
          <Pregunta V="006"/>
          <Total_Sufragantes V="27108"/>
          <Porc_Sufragantes V="100,00"/>
          <Abstencion V="0"/>
          <Porc_Abstencion V="000,00"/>
          <Votos_Validos V="12278"/>
          <Porc_Votos_Validos V="045,29"/>
          <Votos_No_Marcados V="7225"/>
          <Porc_Votos_No_Marcados V="026,65"/>
          <Votos_Nulos V="7605"/>
          <Porc_Votos_Nulos V="028,05"/>
        </lin>
        <lin>
          <Pregunta V="007"/>
          <Total_Sufragantes V="27108"/>
          <Porc_Sufragantes V="100,00"/>
          <Abstencion V="0"/>
          <Porc_Abstencion V="000,00"/>
          <Votos_Validos V="12646"/>
          <Porc_Votos_Validos V="046,65"/>
          <Votos_No_Marcados V="7325"/>
          <Porc_Votos_No_Marcados V="027,02"/>
          <Votos_Nulos V="7137"/>
          <Porc_Votos_Nulos V="026,32"/>
        </lin>
      </Detalle_Pregunta>
      <Detalle_Opcion>
        <lin>
          <Opcion V="001"/>
          <Votos V="6883"/>
          <Porc V="052,28"/>
          <Pregunta V="001"/>
        </lin>
        <lin>
          <Opcion V="002"/>
          <Votos V="6282"/>
          <Porc V="047,71"/>
          <Pregunta V="001"/>
        </lin>
        <lin>
          <Opcion V="001"/>
          <Votos V="6150"/>
          <Porc V="043,33"/>
          <Pregunta V="002"/>
        </lin>
        <lin>
          <Opcion V="002"/>
          <Votos V="8042"/>
          <Porc V="056,66"/>
          <Pregunta V="002"/>
        </lin>
        <lin>
          <Opcion V="001"/>
          <Votos V="7337"/>
          <Porc V="054,29"/>
          <Pregunta V="003"/>
        </lin>
        <lin>
          <Opcion V="002"/>
          <Votos V="6176"/>
          <Porc V="045,70"/>
          <Pregunta V="003"/>
        </lin>
        <lin>
          <Opcion V="001"/>
          <Votos V="7135"/>
          <Porc V="050,21"/>
          <Pregunta V="004"/>
        </lin>
        <lin>
          <Opcion V="002"/>
          <Votos V="7073"/>
          <Porc V="049,78"/>
          <Pregunta V="004"/>
        </lin>
        <lin>
          <Opcion V="001"/>
          <Votos V="6227"/>
          <Porc V="047,16"/>
          <Pregunta V="005"/>
        </lin>
        <lin>
          <Opcion V="002"/>
          <Votos V="6975"/>
          <Porc V="052,83"/>
          <Pregunta V="005"/>
        </lin>
        <lin>
          <Opcion V="001"/>
          <Votos V="5186"/>
          <Porc V="042,23"/>
          <Pregunta V="006"/>
        </lin>
        <lin>
          <Opcion V="002"/>
          <Votos V="7092"/>
          <Porc V="057,76"/>
          <Pregunta V="006"/>
        </lin>
        <lin>
          <Opcion V="001"/>
          <Votos V="6743"/>
          <Porc V="053,32"/>
          <Pregunta V="007"/>
        </lin>
        <lin>
          <Opcion V="002"/>
          <Votos V="5903"/>
          <Porc V="046,67"/>
          <Pregunta V="007"/>
        </lin>
      </Detalle_Opcion>
    </lin>
  </Detalle_Circunscripcion>
</Boletin>
</Boletin_Consolidado>