<Boletin_Consolidado><Boletin>
  <Numero V="0008"/>
  <Boletin_Departamental V="0012"/>
  <Tipo_Boletin V="DEPARTAMENTAL"/>
  <Desc_Corporacion V="CONSULTA POPULAR"/>
  <Departamento V="05"/>
  <Desc_Departamento V="BOLIVAR"/>
  <Municipio V="022"/>
  <Desc_Municipio V="EL CARMEN DE BOLIVAR"/>
  <Dia V="21"/>
  <Mes V="8"/>
  <Anio V="2018"/>
  <Hora V="14"/>
  <Minuto V="15"/>
  <Mesas_Instaladas V="153"/>
  <Mesas_Informadas V="153"/>
  <Porc_Mesas_Informadas V="100,00"/>
  <Potencial_Sufragantes V="55340"/>
  <Detalle_Circunscripcion>
    <lin>
      <Circunscripcion V="0"/>
      <Desc_Circunscripcion V="NACIONAL"/>
      <Detalle_Pregunta>
        <lin>
          <Pregunta V="001"/>
          <Total_Sufragantes V="55340"/>
          <Porc_Sufragantes V="100,00"/>
          <Abstencion V="0"/>
          <Porc_Abstencion V="000,00"/>
          <Votos_Validos V="27367"/>
          <Porc_Votos_Validos V="049,45"/>
          <Votos_No_Marcados V="12784"/>
          <Porc_Votos_No_Marcados V="023,10"/>
          <Votos_Nulos V="15189"/>
          <Porc_Votos_Nulos V="027,44"/>
        </lin>
        <lin>
          <Pregunta V="002"/>
          <Total_Sufragantes V="55340"/>
          <Porc_Sufragantes V="100,00"/>
          <Abstencion V="0"/>
          <Porc_Abstencion V="000,00"/>
          <Votos_Validos V="28343"/>
          <Porc_Votos_Validos V="051,21"/>
          <Votos_No_Marcados V="13533"/>
          <Porc_Votos_No_Marcados V="024,45"/>
          <Votos_Nulos V="13464"/>
          <Porc_Votos_Nulos V="024,32"/>
        </lin>
        <lin>
          <Pregunta V="003"/>
          <Total_Sufragantes V="55340"/>
          <Porc_Sufragantes V="100,00"/>
          <Abstencion V="0"/>
          <Porc_Abstencion V="000,00"/>
          <Votos_Validos V="27146"/>
          <Porc_Votos_Validos V="049,05"/>
          <Votos_No_Marcados V="15152"/>
          <Porc_Votos_No_Marcados V="027,37"/>
          <Votos_Nulos V="13042"/>
          <Porc_Votos_Nulos V="023,56"/>
        </lin>
        <lin>
          <Pregunta V="004"/>
          <Total_Sufragantes V="55340"/>
          <Porc_Sufragantes V="100,00"/>
          <Abstencion V="0"/>
          <Porc_Abstencion V="000,00"/>
          <Votos_Validos V="27873"/>
          <Porc_Votos_Validos V="050,36"/>
          <Votos_No_Marcados V="13219"/>
          <Porc_Votos_No_Marcados V="023,88"/>
          <Votos_Nulos V="14248"/>
          <Porc_Votos_Nulos V="025,74"/>
        </lin>
        <lin>
          <Pregunta V="005"/>
          <Total_Sufragantes V="55340"/>
          <Porc_Sufragantes V="100,00"/>
          <Abstencion V="0"/>
          <Porc_Abstencion V="000,00"/>
          <Votos_Validos V="27413"/>
          <Porc_Votos_Validos V="049,53"/>
          <Votos_No_Marcados V="13664"/>
          <Porc_Votos_No_Marcados V="024,69"/>
          <Votos_Nulos V="14263"/>
          <Porc_Votos_Nulos V="025,77"/>
        </lin>
        <lin>
          <Pregunta V="006"/>
          <Total_Sufragantes V="55340"/>
          <Porc_Sufragantes V="100,00"/>
          <Abstencion V="0"/>
          <Porc_Abstencion V="000,00"/>
          <Votos_Validos V="26771"/>
          <Porc_Votos_Validos V="048,37"/>
          <Votos_No_Marcados V="14594"/>
          <Porc_Votos_No_Marcados V="026,37"/>
          <Votos_Nulos V="13975"/>
          <Porc_Votos_Nulos V="025,25"/>
        </lin>
        <lin>
          <Pregunta V="007"/>
          <Total_Sufragantes V="55340"/>
          <Porc_Sufragantes V="100,00"/>
          <Abstencion V="0"/>
          <Porc_Abstencion V="000,00"/>
          <Votos_Validos V="26635"/>
          <Porc_Votos_Validos V="048,12"/>
          <Votos_No_Marcados V="14205"/>
          <Porc_Votos_No_Marcados V="025,66"/>
          <Votos_Nulos V="14500"/>
          <Porc_Votos_Nulos V="026,20"/>
        </lin>
      </Detalle_Pregunta>
      <Detalle_Opcion>
        <lin>
          <Opcion V="001"/>
          <Votos V="14018"/>
          <Porc V="051,22"/>
          <Pregunta V="001"/>
        </lin>
        <lin>
          <Opcion V="002"/>
          <Votos V="13349"/>
          <Porc V="048,77"/>
          <Pregunta V="001"/>
        </lin>
        <lin>
          <Opcion V="001"/>
          <Votos V="14639"/>
          <Porc V="051,64"/>
          <Pregunta V="002"/>
        </lin>
        <lin>
          <Opcion V="002"/>
          <Votos V="13704"/>
          <Porc V="048,35"/>
          <Pregunta V="002"/>
        </lin>
        <lin>
          <Opcion V="001"/>
          <Votos V="12958"/>
          <Porc V="047,73"/>
          <Pregunta V="003"/>
        </lin>
        <lin>
          <Opcion V="002"/>
          <Votos V="14188"/>
          <Porc V="052,26"/>
          <Pregunta V="003"/>
        </lin>
        <lin>
          <Opcion V="001"/>
          <Votos V="14715"/>
          <Porc V="052,79"/>
          <Pregunta V="004"/>
        </lin>
        <lin>
          <Opcion V="002"/>
          <Votos V="13158"/>
          <Porc V="047,20"/>
          <Pregunta V="004"/>
        </lin>
        <lin>
          <Opcion V="001"/>
          <Votos V="13488"/>
          <Porc V="049,20"/>
          <Pregunta V="005"/>
        </lin>
        <lin>
          <Opcion V="002"/>
          <Votos V="13925"/>
          <Porc V="050,79"/>
          <Pregunta V="005"/>
        </lin>
        <lin>
          <Opcion V="001"/>
          <Votos V="12710"/>
          <Porc V="047,47"/>
          <Pregunta V="006"/>
        </lin>
        <lin>
          <Opcion V="002"/>
          <Votos V="14061"/>
          <Porc V="052,52"/>
          <Pregunta V="006"/>
        </lin>
        <lin>
          <Opcion V="001"/>
          <Votos V="13663"/>
          <Porc V="051,29"/>
          <Pregunta V="007"/>
        </lin>
        <lin>
          <Opcion V="002"/>
          <Votos V="12972"/>
          <Porc V="048,70"/>
          <Pregunta V="007"/>
        </lin>
      </Detalle_Opcion>
    </lin>
  </Detalle_Circunscripcion>
</Boletin>
</Boletin_Consolidado>