<Boletin_Consolidado><Boletin>
  <Numero V="0008"/>
  <Boletin_Departamental V="0012"/>
  <Tipo_Boletin V="DEPARTAMENTAL"/>
  <Desc_Corporacion V="CONSULTA POPULAR"/>
  <Departamento V="05"/>
  <Desc_Departamento V="BOLIVAR"/>
  <Municipio V="018"/>
  <Desc_Municipio V="CLEMENCIA"/>
  <Dia V="21"/>
  <Mes V="8"/>
  <Anio V="2018"/>
  <Hora V="14"/>
  <Minuto V="15"/>
  <Mesas_Instaladas V="31"/>
  <Mesas_Informadas V="31"/>
  <Porc_Mesas_Informadas V="100,00"/>
  <Potencial_Sufragantes V="11196"/>
  <Detalle_Circunscripcion>
    <lin>
      <Circunscripcion V="0"/>
      <Desc_Circunscripcion V="NACIONAL"/>
      <Detalle_Pregunta>
        <lin>
          <Pregunta V="001"/>
          <Total_Sufragantes V="11196"/>
          <Porc_Sufragantes V="100,00"/>
          <Abstencion V="0"/>
          <Porc_Abstencion V="000,00"/>
          <Votos_Validos V="5514"/>
          <Porc_Votos_Validos V="049,24"/>
          <Votos_No_Marcados V="2637"/>
          <Porc_Votos_No_Marcados V="023,55"/>
          <Votos_Nulos V="3045"/>
          <Porc_Votos_Nulos V="027,19"/>
        </lin>
        <lin>
          <Pregunta V="002"/>
          <Total_Sufragantes V="11196"/>
          <Porc_Sufragantes V="100,00"/>
          <Abstencion V="0"/>
          <Porc_Abstencion V="000,00"/>
          <Votos_Validos V="5839"/>
          <Porc_Votos_Validos V="052,15"/>
          <Votos_No_Marcados V="2527"/>
          <Porc_Votos_No_Marcados V="022,57"/>
          <Votos_Nulos V="2830"/>
          <Porc_Votos_Nulos V="025,27"/>
        </lin>
        <lin>
          <Pregunta V="003"/>
          <Total_Sufragantes V="11196"/>
          <Porc_Sufragantes V="100,00"/>
          <Abstencion V="0"/>
          <Porc_Abstencion V="000,00"/>
          <Votos_Validos V="5297"/>
          <Porc_Votos_Validos V="047,31"/>
          <Votos_No_Marcados V="2886"/>
          <Porc_Votos_No_Marcados V="025,77"/>
          <Votos_Nulos V="3013"/>
          <Porc_Votos_Nulos V="026,91"/>
        </lin>
        <lin>
          <Pregunta V="004"/>
          <Total_Sufragantes V="11196"/>
          <Porc_Sufragantes V="100,00"/>
          <Abstencion V="0"/>
          <Porc_Abstencion V="000,00"/>
          <Votos_Validos V="5554"/>
          <Porc_Votos_Validos V="049,60"/>
          <Votos_No_Marcados V="3307"/>
          <Porc_Votos_No_Marcados V="029,53"/>
          <Votos_Nulos V="2335"/>
          <Porc_Votos_Nulos V="020,85"/>
        </lin>
        <lin>
          <Pregunta V="005"/>
          <Total_Sufragantes V="11196"/>
          <Porc_Sufragantes V="100,00"/>
          <Abstencion V="0"/>
          <Porc_Abstencion V="000,00"/>
          <Votos_Validos V="6041"/>
          <Porc_Votos_Validos V="053,95"/>
          <Votos_No_Marcados V="2675"/>
          <Porc_Votos_No_Marcados V="023,89"/>
          <Votos_Nulos V="2480"/>
          <Porc_Votos_Nulos V="022,15"/>
        </lin>
        <lin>
          <Pregunta V="006"/>
          <Total_Sufragantes V="11196"/>
          <Porc_Sufragantes V="100,00"/>
          <Abstencion V="0"/>
          <Porc_Abstencion V="000,00"/>
          <Votos_Validos V="5194"/>
          <Porc_Votos_Validos V="046,39"/>
          <Votos_No_Marcados V="2932"/>
          <Porc_Votos_No_Marcados V="026,18"/>
          <Votos_Nulos V="3070"/>
          <Porc_Votos_Nulos V="027,42"/>
        </lin>
        <lin>
          <Pregunta V="007"/>
          <Total_Sufragantes V="11196"/>
          <Porc_Sufragantes V="100,00"/>
          <Abstencion V="0"/>
          <Porc_Abstencion V="000,00"/>
          <Votos_Validos V="5265"/>
          <Porc_Votos_Validos V="047,02"/>
          <Votos_No_Marcados V="2632"/>
          <Porc_Votos_No_Marcados V="023,50"/>
          <Votos_Nulos V="3299"/>
          <Porc_Votos_Nulos V="029,46"/>
        </lin>
      </Detalle_Pregunta>
      <Detalle_Opcion>
        <lin>
          <Opcion V="001"/>
          <Votos V="2459"/>
          <Porc V="044,59"/>
          <Pregunta V="001"/>
        </lin>
        <lin>
          <Opcion V="002"/>
          <Votos V="3055"/>
          <Porc V="055,40"/>
          <Pregunta V="001"/>
        </lin>
        <lin>
          <Opcion V="001"/>
          <Votos V="2693"/>
          <Porc V="046,12"/>
          <Pregunta V="002"/>
        </lin>
        <lin>
          <Opcion V="002"/>
          <Votos V="3146"/>
          <Porc V="053,87"/>
          <Pregunta V="002"/>
        </lin>
        <lin>
          <Opcion V="001"/>
          <Votos V="2461"/>
          <Porc V="046,46"/>
          <Pregunta V="003"/>
        </lin>
        <lin>
          <Opcion V="002"/>
          <Votos V="2836"/>
          <Porc V="053,53"/>
          <Pregunta V="003"/>
        </lin>
        <lin>
          <Opcion V="001"/>
          <Votos V="2631"/>
          <Porc V="047,37"/>
          <Pregunta V="004"/>
        </lin>
        <lin>
          <Opcion V="002"/>
          <Votos V="2923"/>
          <Porc V="052,62"/>
          <Pregunta V="004"/>
        </lin>
        <lin>
          <Opcion V="001"/>
          <Votos V="3041"/>
          <Porc V="050,33"/>
          <Pregunta V="005"/>
        </lin>
        <lin>
          <Opcion V="002"/>
          <Votos V="3000"/>
          <Porc V="049,66"/>
          <Pregunta V="005"/>
        </lin>
        <lin>
          <Opcion V="001"/>
          <Votos V="2116"/>
          <Porc V="040,73"/>
          <Pregunta V="006"/>
        </lin>
        <lin>
          <Opcion V="002"/>
          <Votos V="3078"/>
          <Porc V="059,26"/>
          <Pregunta V="006"/>
        </lin>
        <lin>
          <Opcion V="001"/>
          <Votos V="2741"/>
          <Porc V="052,06"/>
          <Pregunta V="007"/>
        </lin>
        <lin>
          <Opcion V="002"/>
          <Votos V="2524"/>
          <Porc V="047,93"/>
          <Pregunta V="007"/>
        </lin>
      </Detalle_Opcion>
    </lin>
  </Detalle_Circunscripcion>
</Boletin>
</Boletin_Consolidado>