<Boletin_Consolidado><Boletin>
  <Numero V="0008"/>
  <Boletin_Departamental V="0012"/>
  <Tipo_Boletin V="DEPARTAMENTAL"/>
  <Desc_Corporacion V="CONSULTA POPULAR"/>
  <Departamento V="15"/>
  <Desc_Departamento V="CUNDINAMARCA"/>
  <Municipio V="030"/>
  <Desc_Municipio V="CACHIPAY"/>
  <Dia V="21"/>
  <Mes V="8"/>
  <Anio V="2018"/>
  <Hora V="14"/>
  <Minuto V="15"/>
  <Mesas_Instaladas V="25"/>
  <Mesas_Informadas V="25"/>
  <Porc_Mesas_Informadas V="100,00"/>
  <Potencial_Sufragantes V="9125"/>
  <Detalle_Circunscripcion>
    <lin>
      <Circunscripcion V="0"/>
      <Desc_Circunscripcion V="NACIONAL"/>
      <Detalle_Pregunta>
        <lin>
          <Pregunta V="001"/>
          <Total_Sufragantes V="9125"/>
          <Porc_Sufragantes V="100,00"/>
          <Abstencion V="0"/>
          <Porc_Abstencion V="000,00"/>
          <Votos_Validos V="5321"/>
          <Porc_Votos_Validos V="058,31"/>
          <Votos_No_Marcados V="1802"/>
          <Porc_Votos_No_Marcados V="019,74"/>
          <Votos_Nulos V="2002"/>
          <Porc_Votos_Nulos V="021,93"/>
        </lin>
        <lin>
          <Pregunta V="002"/>
          <Total_Sufragantes V="9125"/>
          <Porc_Sufragantes V="100,00"/>
          <Abstencion V="0"/>
          <Porc_Abstencion V="000,00"/>
          <Votos_Validos V="4911"/>
          <Porc_Votos_Validos V="053,81"/>
          <Votos_No_Marcados V="2318"/>
          <Porc_Votos_No_Marcados V="025,40"/>
          <Votos_Nulos V="1896"/>
          <Porc_Votos_Nulos V="020,77"/>
        </lin>
        <lin>
          <Pregunta V="003"/>
          <Total_Sufragantes V="9125"/>
          <Porc_Sufragantes V="100,00"/>
          <Abstencion V="0"/>
          <Porc_Abstencion V="000,00"/>
          <Votos_Validos V="4253"/>
          <Porc_Votos_Validos V="046,60"/>
          <Votos_No_Marcados V="2687"/>
          <Porc_Votos_No_Marcados V="029,44"/>
          <Votos_Nulos V="2185"/>
          <Porc_Votos_Nulos V="023,94"/>
        </lin>
        <lin>
          <Pregunta V="004"/>
          <Total_Sufragantes V="9125"/>
          <Porc_Sufragantes V="100,00"/>
          <Abstencion V="0"/>
          <Porc_Abstencion V="000,00"/>
          <Votos_Validos V="4573"/>
          <Porc_Votos_Validos V="050,11"/>
          <Votos_No_Marcados V="1908"/>
          <Porc_Votos_No_Marcados V="020,90"/>
          <Votos_Nulos V="2644"/>
          <Porc_Votos_Nulos V="028,97"/>
        </lin>
        <lin>
          <Pregunta V="005"/>
          <Total_Sufragantes V="9125"/>
          <Porc_Sufragantes V="100,00"/>
          <Abstencion V="0"/>
          <Porc_Abstencion V="000,00"/>
          <Votos_Validos V="4284"/>
          <Porc_Votos_Validos V="046,94"/>
          <Votos_No_Marcados V="2011"/>
          <Porc_Votos_No_Marcados V="022,03"/>
          <Votos_Nulos V="2830"/>
          <Porc_Votos_Nulos V="031,01"/>
        </lin>
        <lin>
          <Pregunta V="006"/>
          <Total_Sufragantes V="9125"/>
          <Porc_Sufragantes V="100,00"/>
          <Abstencion V="0"/>
          <Porc_Abstencion V="000,00"/>
          <Votos_Validos V="4786"/>
          <Porc_Votos_Validos V="052,44"/>
          <Votos_No_Marcados V="1992"/>
          <Porc_Votos_No_Marcados V="021,83"/>
          <Votos_Nulos V="2347"/>
          <Porc_Votos_Nulos V="025,72"/>
        </lin>
        <lin>
          <Pregunta V="007"/>
          <Total_Sufragantes V="9125"/>
          <Porc_Sufragantes V="100,00"/>
          <Abstencion V="0"/>
          <Porc_Abstencion V="000,00"/>
          <Votos_Validos V="4513"/>
          <Porc_Votos_Validos V="049,45"/>
          <Votos_No_Marcados V="2343"/>
          <Porc_Votos_No_Marcados V="025,67"/>
          <Votos_Nulos V="2269"/>
          <Porc_Votos_Nulos V="024,86"/>
        </lin>
      </Detalle_Pregunta>
      <Detalle_Opcion>
        <lin>
          <Opcion V="001"/>
          <Votos V="3232"/>
          <Porc V="060,74"/>
          <Pregunta V="001"/>
        </lin>
        <lin>
          <Opcion V="002"/>
          <Votos V="2089"/>
          <Porc V="039,25"/>
          <Pregunta V="001"/>
        </lin>
        <lin>
          <Opcion V="001"/>
          <Votos V="2381"/>
          <Porc V="048,48"/>
          <Pregunta V="002"/>
        </lin>
        <lin>
          <Opcion V="002"/>
          <Votos V="2530"/>
          <Porc V="051,51"/>
          <Pregunta V="002"/>
        </lin>
        <lin>
          <Opcion V="001"/>
          <Votos V="2306"/>
          <Porc V="054,22"/>
          <Pregunta V="003"/>
        </lin>
        <lin>
          <Opcion V="002"/>
          <Votos V="1947"/>
          <Porc V="045,77"/>
          <Pregunta V="003"/>
        </lin>
        <lin>
          <Opcion V="001"/>
          <Votos V="1759"/>
          <Porc V="038,46"/>
          <Pregunta V="004"/>
        </lin>
        <lin>
          <Opcion V="002"/>
          <Votos V="2814"/>
          <Porc V="061,53"/>
          <Pregunta V="004"/>
        </lin>
        <lin>
          <Opcion V="001"/>
          <Votos V="1714"/>
          <Porc V="040,00"/>
          <Pregunta V="005"/>
        </lin>
        <lin>
          <Opcion V="002"/>
          <Votos V="2570"/>
          <Porc V="059,99"/>
          <Pregunta V="005"/>
        </lin>
        <lin>
          <Opcion V="001"/>
          <Votos V="2366"/>
          <Porc V="049,43"/>
          <Pregunta V="006"/>
        </lin>
        <lin>
          <Opcion V="002"/>
          <Votos V="2420"/>
          <Porc V="050,56"/>
          <Pregunta V="006"/>
        </lin>
        <lin>
          <Opcion V="001"/>
          <Votos V="2300"/>
          <Porc V="050,96"/>
          <Pregunta V="007"/>
        </lin>
        <lin>
          <Opcion V="002"/>
          <Votos V="2213"/>
          <Porc V="049,03"/>
          <Pregunta V="007"/>
        </lin>
      </Detalle_Opcion>
    </lin>
  </Detalle_Circunscripcion>
</Boletin>
</Boletin_Consolidado>