<Boletin_Consolidado><Boletin>
  <Numero V="0008"/>
  <Boletin_Departamental V="0012"/>
  <Tipo_Boletin V="DEPARTAMENTAL"/>
  <Desc_Corporacion V="CONSULTA POPULAR"/>
  <Departamento V="01"/>
  <Desc_Departamento V="ANTIOQUIA"/>
  <Municipio V="181"/>
  <Desc_Municipio V="MONTEBELLO"/>
  <Dia V="21"/>
  <Mes V="8"/>
  <Anio V="2018"/>
  <Hora V="14"/>
  <Minuto V="15"/>
  <Mesas_Instaladas V="17"/>
  <Mesas_Informadas V="17"/>
  <Porc_Mesas_Informadas V="100,00"/>
  <Potencial_Sufragantes V="6186"/>
  <Detalle_Circunscripcion>
    <lin>
      <Circunscripcion V="0"/>
      <Desc_Circunscripcion V="NACIONAL"/>
      <Detalle_Pregunta>
        <lin>
          <Pregunta V="001"/>
          <Total_Sufragantes V="6186"/>
          <Porc_Sufragantes V="100,00"/>
          <Abstencion V="0"/>
          <Porc_Abstencion V="000,00"/>
          <Votos_Validos V="2555"/>
          <Porc_Votos_Validos V="041,30"/>
          <Votos_No_Marcados V="2090"/>
          <Porc_Votos_No_Marcados V="033,78"/>
          <Votos_Nulos V="1541"/>
          <Porc_Votos_Nulos V="024,91"/>
        </lin>
        <lin>
          <Pregunta V="002"/>
          <Total_Sufragantes V="6186"/>
          <Porc_Sufragantes V="100,00"/>
          <Abstencion V="0"/>
          <Porc_Abstencion V="000,00"/>
          <Votos_Validos V="3064"/>
          <Porc_Votos_Validos V="049,53"/>
          <Votos_No_Marcados V="1667"/>
          <Porc_Votos_No_Marcados V="026,94"/>
          <Votos_Nulos V="1455"/>
          <Porc_Votos_Nulos V="023,52"/>
        </lin>
        <lin>
          <Pregunta V="003"/>
          <Total_Sufragantes V="6186"/>
          <Porc_Sufragantes V="100,00"/>
          <Abstencion V="0"/>
          <Porc_Abstencion V="000,00"/>
          <Votos_Validos V="3624"/>
          <Porc_Votos_Validos V="058,58"/>
          <Votos_No_Marcados V="1084"/>
          <Porc_Votos_No_Marcados V="017,52"/>
          <Votos_Nulos V="1478"/>
          <Porc_Votos_Nulos V="023,89"/>
        </lin>
        <lin>
          <Pregunta V="004"/>
          <Total_Sufragantes V="6186"/>
          <Porc_Sufragantes V="100,00"/>
          <Abstencion V="0"/>
          <Porc_Abstencion V="000,00"/>
          <Votos_Validos V="2645"/>
          <Porc_Votos_Validos V="042,75"/>
          <Votos_No_Marcados V="1471"/>
          <Porc_Votos_No_Marcados V="023,77"/>
          <Votos_Nulos V="2070"/>
          <Porc_Votos_Nulos V="033,46"/>
        </lin>
        <lin>
          <Pregunta V="005"/>
          <Total_Sufragantes V="6186"/>
          <Porc_Sufragantes V="100,00"/>
          <Abstencion V="0"/>
          <Porc_Abstencion V="000,00"/>
          <Votos_Validos V="3256"/>
          <Porc_Votos_Validos V="052,63"/>
          <Votos_No_Marcados V="1404"/>
          <Porc_Votos_No_Marcados V="022,69"/>
          <Votos_Nulos V="1526"/>
          <Porc_Votos_Nulos V="024,66"/>
        </lin>
        <lin>
          <Pregunta V="006"/>
          <Total_Sufragantes V="6186"/>
          <Porc_Sufragantes V="100,00"/>
          <Abstencion V="0"/>
          <Porc_Abstencion V="000,00"/>
          <Votos_Validos V="2688"/>
          <Porc_Votos_Validos V="043,45"/>
          <Votos_No_Marcados V="1392"/>
          <Porc_Votos_No_Marcados V="022,50"/>
          <Votos_Nulos V="2106"/>
          <Porc_Votos_Nulos V="034,04"/>
        </lin>
        <lin>
          <Pregunta V="007"/>
          <Total_Sufragantes V="6186"/>
          <Porc_Sufragantes V="100,00"/>
          <Abstencion V="0"/>
          <Porc_Abstencion V="000,00"/>
          <Votos_Validos V="3308"/>
          <Porc_Votos_Validos V="053,47"/>
          <Votos_No_Marcados V="1476"/>
          <Porc_Votos_No_Marcados V="023,86"/>
          <Votos_Nulos V="1402"/>
          <Porc_Votos_Nulos V="022,66"/>
        </lin>
      </Detalle_Pregunta>
      <Detalle_Opcion>
        <lin>
          <Opcion V="001"/>
          <Votos V="1196"/>
          <Porc V="046,81"/>
          <Pregunta V="001"/>
        </lin>
        <lin>
          <Opcion V="002"/>
          <Votos V="1359"/>
          <Porc V="053,18"/>
          <Pregunta V="001"/>
        </lin>
        <lin>
          <Opcion V="001"/>
          <Votos V="1682"/>
          <Porc V="054,89"/>
          <Pregunta V="002"/>
        </lin>
        <lin>
          <Opcion V="002"/>
          <Votos V="1382"/>
          <Porc V="045,10"/>
          <Pregunta V="002"/>
        </lin>
        <lin>
          <Opcion V="001"/>
          <Votos V="1798"/>
          <Porc V="049,61"/>
          <Pregunta V="003"/>
        </lin>
        <lin>
          <Opcion V="002"/>
          <Votos V="1826"/>
          <Porc V="050,38"/>
          <Pregunta V="003"/>
        </lin>
        <lin>
          <Opcion V="001"/>
          <Votos V="1567"/>
          <Porc V="059,24"/>
          <Pregunta V="004"/>
        </lin>
        <lin>
          <Opcion V="002"/>
          <Votos V="1078"/>
          <Porc V="040,75"/>
          <Pregunta V="004"/>
        </lin>
        <lin>
          <Opcion V="001"/>
          <Votos V="1941"/>
          <Porc V="059,61"/>
          <Pregunta V="005"/>
        </lin>
        <lin>
          <Opcion V="002"/>
          <Votos V="1315"/>
          <Porc V="040,38"/>
          <Pregunta V="005"/>
        </lin>
        <lin>
          <Opcion V="001"/>
          <Votos V="1485"/>
          <Porc V="055,24"/>
          <Pregunta V="006"/>
        </lin>
        <lin>
          <Opcion V="002"/>
          <Votos V="1203"/>
          <Porc V="044,75"/>
          <Pregunta V="006"/>
        </lin>
        <lin>
          <Opcion V="001"/>
          <Votos V="1542"/>
          <Porc V="046,61"/>
          <Pregunta V="007"/>
        </lin>
        <lin>
          <Opcion V="002"/>
          <Votos V="1766"/>
          <Porc V="053,38"/>
          <Pregunta V="007"/>
        </lin>
      </Detalle_Opcion>
    </lin>
  </Detalle_Circunscripcion>
</Boletin>
</Boletin_Consolidado>