<Boletin_Consolidado><Boletin>
  <Numero V="0008"/>
  <Boletin_Departamental V="0012"/>
  <Tipo_Boletin V="DEPARTAMENTAL"/>
  <Desc_Corporacion V="CONSULTA POPULAR"/>
  <Departamento V="03"/>
  <Desc_Departamento V="ATLANTICO"/>
  <Municipio V="028"/>
  <Desc_Municipio V="PALMAR DE VARELA"/>
  <Dia V="21"/>
  <Mes V="8"/>
  <Anio V="2018"/>
  <Hora V="14"/>
  <Minuto V="15"/>
  <Mesas_Instaladas V="55"/>
  <Mesas_Informadas V="55"/>
  <Porc_Mesas_Informadas V="100,00"/>
  <Potencial_Sufragantes V="20914"/>
  <Detalle_Circunscripcion>
    <lin>
      <Circunscripcion V="0"/>
      <Desc_Circunscripcion V="NACIONAL"/>
      <Detalle_Pregunta>
        <lin>
          <Pregunta V="001"/>
          <Total_Sufragantes V="20914"/>
          <Porc_Sufragantes V="100,00"/>
          <Abstencion V="0"/>
          <Porc_Abstencion V="000,00"/>
          <Votos_Validos V="10396"/>
          <Porc_Votos_Validos V="049,70"/>
          <Votos_No_Marcados V="5322"/>
          <Porc_Votos_No_Marcados V="025,44"/>
          <Votos_Nulos V="5196"/>
          <Porc_Votos_Nulos V="024,84"/>
        </lin>
        <lin>
          <Pregunta V="002"/>
          <Total_Sufragantes V="20914"/>
          <Porc_Sufragantes V="100,00"/>
          <Abstencion V="0"/>
          <Porc_Abstencion V="000,00"/>
          <Votos_Validos V="10361"/>
          <Porc_Votos_Validos V="049,54"/>
          <Votos_No_Marcados V="5423"/>
          <Porc_Votos_No_Marcados V="025,92"/>
          <Votos_Nulos V="5130"/>
          <Porc_Votos_Nulos V="024,52"/>
        </lin>
        <lin>
          <Pregunta V="003"/>
          <Total_Sufragantes V="20914"/>
          <Porc_Sufragantes V="100,00"/>
          <Abstencion V="0"/>
          <Porc_Abstencion V="000,00"/>
          <Votos_Validos V="10800"/>
          <Porc_Votos_Validos V="051,64"/>
          <Votos_No_Marcados V="5170"/>
          <Porc_Votos_No_Marcados V="024,72"/>
          <Votos_Nulos V="4944"/>
          <Porc_Votos_Nulos V="023,63"/>
        </lin>
        <lin>
          <Pregunta V="004"/>
          <Total_Sufragantes V="20914"/>
          <Porc_Sufragantes V="100,00"/>
          <Abstencion V="0"/>
          <Porc_Abstencion V="000,00"/>
          <Votos_Validos V="10572"/>
          <Porc_Votos_Validos V="050,54"/>
          <Votos_No_Marcados V="4886"/>
          <Porc_Votos_No_Marcados V="023,36"/>
          <Votos_Nulos V="5456"/>
          <Porc_Votos_Nulos V="026,08"/>
        </lin>
        <lin>
          <Pregunta V="005"/>
          <Total_Sufragantes V="20914"/>
          <Porc_Sufragantes V="100,00"/>
          <Abstencion V="0"/>
          <Porc_Abstencion V="000,00"/>
          <Votos_Validos V="9888"/>
          <Porc_Votos_Validos V="047,27"/>
          <Votos_No_Marcados V="5124"/>
          <Porc_Votos_No_Marcados V="024,50"/>
          <Votos_Nulos V="5902"/>
          <Porc_Votos_Nulos V="028,22"/>
        </lin>
        <lin>
          <Pregunta V="006"/>
          <Total_Sufragantes V="20914"/>
          <Porc_Sufragantes V="100,00"/>
          <Abstencion V="0"/>
          <Porc_Abstencion V="000,00"/>
          <Votos_Validos V="10544"/>
          <Porc_Votos_Validos V="050,41"/>
          <Votos_No_Marcados V="5440"/>
          <Porc_Votos_No_Marcados V="026,01"/>
          <Votos_Nulos V="4930"/>
          <Porc_Votos_Nulos V="023,57"/>
        </lin>
        <lin>
          <Pregunta V="007"/>
          <Total_Sufragantes V="20914"/>
          <Porc_Sufragantes V="100,00"/>
          <Abstencion V="0"/>
          <Porc_Abstencion V="000,00"/>
          <Votos_Validos V="11074"/>
          <Porc_Votos_Validos V="052,95"/>
          <Votos_No_Marcados V="4361"/>
          <Porc_Votos_No_Marcados V="020,85"/>
          <Votos_Nulos V="5479"/>
          <Porc_Votos_Nulos V="026,19"/>
        </lin>
      </Detalle_Pregunta>
      <Detalle_Opcion>
        <lin>
          <Opcion V="001"/>
          <Votos V="4711"/>
          <Porc V="045,31"/>
          <Pregunta V="001"/>
        </lin>
        <lin>
          <Opcion V="002"/>
          <Votos V="5685"/>
          <Porc V="054,68"/>
          <Pregunta V="001"/>
        </lin>
        <lin>
          <Opcion V="001"/>
          <Votos V="4895"/>
          <Porc V="047,24"/>
          <Pregunta V="002"/>
        </lin>
        <lin>
          <Opcion V="002"/>
          <Votos V="5466"/>
          <Porc V="052,75"/>
          <Pregunta V="002"/>
        </lin>
        <lin>
          <Opcion V="001"/>
          <Votos V="5176"/>
          <Porc V="047,92"/>
          <Pregunta V="003"/>
        </lin>
        <lin>
          <Opcion V="002"/>
          <Votos V="5624"/>
          <Porc V="052,07"/>
          <Pregunta V="003"/>
        </lin>
        <lin>
          <Opcion V="001"/>
          <Votos V="5219"/>
          <Porc V="049,36"/>
          <Pregunta V="004"/>
        </lin>
        <lin>
          <Opcion V="002"/>
          <Votos V="5353"/>
          <Porc V="050,63"/>
          <Pregunta V="004"/>
        </lin>
        <lin>
          <Opcion V="001"/>
          <Votos V="4859"/>
          <Porc V="049,14"/>
          <Pregunta V="005"/>
        </lin>
        <lin>
          <Opcion V="002"/>
          <Votos V="5029"/>
          <Porc V="050,85"/>
          <Pregunta V="005"/>
        </lin>
        <lin>
          <Opcion V="001"/>
          <Votos V="5259"/>
          <Porc V="049,87"/>
          <Pregunta V="006"/>
        </lin>
        <lin>
          <Opcion V="002"/>
          <Votos V="5285"/>
          <Porc V="050,12"/>
          <Pregunta V="006"/>
        </lin>
        <lin>
          <Opcion V="001"/>
          <Votos V="5756"/>
          <Porc V="051,97"/>
          <Pregunta V="007"/>
        </lin>
        <lin>
          <Opcion V="002"/>
          <Votos V="5318"/>
          <Porc V="048,02"/>
          <Pregunta V="007"/>
        </lin>
      </Detalle_Opcion>
    </lin>
  </Detalle_Circunscripcion>
</Boletin>
</Boletin_Consolidado>