<Boletin_Consolidado><Boletin>
  <Numero V="0008"/>
  <Boletin_Departamental V="0012"/>
  <Tipo_Boletin V="DEPARTAMENTAL"/>
  <Desc_Corporacion V="CONSULTA POPULAR"/>
  <Departamento V="07"/>
  <Desc_Departamento V="BOYACA"/>
  <Municipio V="139"/>
  <Desc_Municipio V="VILLA DE LEIVA"/>
  <Dia V="21"/>
  <Mes V="8"/>
  <Anio V="2018"/>
  <Hora V="14"/>
  <Minuto V="15"/>
  <Mesas_Instaladas V="30"/>
  <Mesas_Informadas V="30"/>
  <Porc_Mesas_Informadas V="100,00"/>
  <Potencial_Sufragantes V="11211"/>
  <Detalle_Circunscripcion>
    <lin>
      <Circunscripcion V="0"/>
      <Desc_Circunscripcion V="NACIONAL"/>
      <Detalle_Pregunta>
        <lin>
          <Pregunta V="001"/>
          <Total_Sufragantes V="11211"/>
          <Porc_Sufragantes V="100,00"/>
          <Abstencion V="0"/>
          <Porc_Abstencion V="000,00"/>
          <Votos_Validos V="6192"/>
          <Porc_Votos_Validos V="055,23"/>
          <Votos_No_Marcados V="2492"/>
          <Porc_Votos_No_Marcados V="022,22"/>
          <Votos_Nulos V="2527"/>
          <Porc_Votos_Nulos V="022,54"/>
        </lin>
        <lin>
          <Pregunta V="002"/>
          <Total_Sufragantes V="11211"/>
          <Porc_Sufragantes V="100,00"/>
          <Abstencion V="0"/>
          <Porc_Abstencion V="000,00"/>
          <Votos_Validos V="6031"/>
          <Porc_Votos_Validos V="053,79"/>
          <Votos_No_Marcados V="2510"/>
          <Porc_Votos_No_Marcados V="022,38"/>
          <Votos_Nulos V="2670"/>
          <Porc_Votos_Nulos V="023,81"/>
        </lin>
        <lin>
          <Pregunta V="003"/>
          <Total_Sufragantes V="11211"/>
          <Porc_Sufragantes V="100,00"/>
          <Abstencion V="0"/>
          <Porc_Abstencion V="000,00"/>
          <Votos_Validos V="5452"/>
          <Porc_Votos_Validos V="048,63"/>
          <Votos_No_Marcados V="2743"/>
          <Porc_Votos_No_Marcados V="024,46"/>
          <Votos_Nulos V="3016"/>
          <Porc_Votos_Nulos V="026,90"/>
        </lin>
        <lin>
          <Pregunta V="004"/>
          <Total_Sufragantes V="11211"/>
          <Porc_Sufragantes V="100,00"/>
          <Abstencion V="0"/>
          <Porc_Abstencion V="000,00"/>
          <Votos_Validos V="5442"/>
          <Porc_Votos_Validos V="048,54"/>
          <Votos_No_Marcados V="2645"/>
          <Porc_Votos_No_Marcados V="023,59"/>
          <Votos_Nulos V="3124"/>
          <Porc_Votos_Nulos V="027,86"/>
        </lin>
        <lin>
          <Pregunta V="005"/>
          <Total_Sufragantes V="11211"/>
          <Porc_Sufragantes V="100,00"/>
          <Abstencion V="0"/>
          <Porc_Abstencion V="000,00"/>
          <Votos_Validos V="5670"/>
          <Porc_Votos_Validos V="050,57"/>
          <Votos_No_Marcados V="2727"/>
          <Porc_Votos_No_Marcados V="024,32"/>
          <Votos_Nulos V="2814"/>
          <Porc_Votos_Nulos V="025,10"/>
        </lin>
        <lin>
          <Pregunta V="006"/>
          <Total_Sufragantes V="11211"/>
          <Porc_Sufragantes V="100,00"/>
          <Abstencion V="0"/>
          <Porc_Abstencion V="000,00"/>
          <Votos_Validos V="5715"/>
          <Porc_Votos_Validos V="050,97"/>
          <Votos_No_Marcados V="2584"/>
          <Porc_Votos_No_Marcados V="023,04"/>
          <Votos_Nulos V="2912"/>
          <Porc_Votos_Nulos V="025,97"/>
        </lin>
        <lin>
          <Pregunta V="007"/>
          <Total_Sufragantes V="11211"/>
          <Porc_Sufragantes V="100,00"/>
          <Abstencion V="0"/>
          <Porc_Abstencion V="000,00"/>
          <Votos_Validos V="5344"/>
          <Porc_Votos_Validos V="047,66"/>
          <Votos_No_Marcados V="3371"/>
          <Porc_Votos_No_Marcados V="030,06"/>
          <Votos_Nulos V="2496"/>
          <Porc_Votos_Nulos V="022,26"/>
        </lin>
      </Detalle_Pregunta>
      <Detalle_Opcion>
        <lin>
          <Opcion V="001"/>
          <Votos V="3401"/>
          <Porc V="054,92"/>
          <Pregunta V="001"/>
        </lin>
        <lin>
          <Opcion V="002"/>
          <Votos V="2791"/>
          <Porc V="045,07"/>
          <Pregunta V="001"/>
        </lin>
        <lin>
          <Opcion V="001"/>
          <Votos V="2614"/>
          <Porc V="043,34"/>
          <Pregunta V="002"/>
        </lin>
        <lin>
          <Opcion V="002"/>
          <Votos V="3417"/>
          <Porc V="056,65"/>
          <Pregunta V="002"/>
        </lin>
        <lin>
          <Opcion V="001"/>
          <Votos V="2843"/>
          <Porc V="052,14"/>
          <Pregunta V="003"/>
        </lin>
        <lin>
          <Opcion V="002"/>
          <Votos V="2609"/>
          <Porc V="047,85"/>
          <Pregunta V="003"/>
        </lin>
        <lin>
          <Opcion V="001"/>
          <Votos V="2666"/>
          <Porc V="048,98"/>
          <Pregunta V="004"/>
        </lin>
        <lin>
          <Opcion V="002"/>
          <Votos V="2776"/>
          <Porc V="051,01"/>
          <Pregunta V="004"/>
        </lin>
        <lin>
          <Opcion V="001"/>
          <Votos V="2238"/>
          <Porc V="039,47"/>
          <Pregunta V="005"/>
        </lin>
        <lin>
          <Opcion V="002"/>
          <Votos V="3432"/>
          <Porc V="060,52"/>
          <Pregunta V="005"/>
        </lin>
        <lin>
          <Opcion V="001"/>
          <Votos V="3372"/>
          <Porc V="059,00"/>
          <Pregunta V="006"/>
        </lin>
        <lin>
          <Opcion V="002"/>
          <Votos V="2343"/>
          <Porc V="040,99"/>
          <Pregunta V="006"/>
        </lin>
        <lin>
          <Opcion V="001"/>
          <Votos V="3052"/>
          <Porc V="057,11"/>
          <Pregunta V="007"/>
        </lin>
        <lin>
          <Opcion V="002"/>
          <Votos V="2292"/>
          <Porc V="042,88"/>
          <Pregunta V="007"/>
        </lin>
      </Detalle_Opcion>
    </lin>
  </Detalle_Circunscripcion>
</Boletin>
</Boletin_Consolidado>