<Boletin_Consolidado><Boletin>
  <Numero V="0008"/>
  <Boletin_Departamental V="0012"/>
  <Tipo_Boletin V="DEPARTAMENTAL"/>
  <Desc_Corporacion V="CONSULTA POPULAR"/>
  <Departamento V="13"/>
  <Desc_Departamento V="CORDOBA"/>
  <Municipio V="049"/>
  <Desc_Municipio V="SAN CARLOS"/>
  <Dia V="21"/>
  <Mes V="8"/>
  <Anio V="2018"/>
  <Hora V="14"/>
  <Minuto V="15"/>
  <Mesas_Instaladas V="56"/>
  <Mesas_Informadas V="56"/>
  <Porc_Mesas_Informadas V="100,00"/>
  <Potencial_Sufragantes V="20086"/>
  <Detalle_Circunscripcion>
    <lin>
      <Circunscripcion V="0"/>
      <Desc_Circunscripcion V="NACIONAL"/>
      <Detalle_Pregunta>
        <lin>
          <Pregunta V="001"/>
          <Total_Sufragantes V="20086"/>
          <Porc_Sufragantes V="100,00"/>
          <Abstencion V="0"/>
          <Porc_Abstencion V="000,00"/>
          <Votos_Validos V="10181"/>
          <Porc_Votos_Validos V="050,68"/>
          <Votos_No_Marcados V="4961"/>
          <Porc_Votos_No_Marcados V="024,69"/>
          <Votos_Nulos V="4944"/>
          <Porc_Votos_Nulos V="024,61"/>
        </lin>
        <lin>
          <Pregunta V="002"/>
          <Total_Sufragantes V="20086"/>
          <Porc_Sufragantes V="100,00"/>
          <Abstencion V="0"/>
          <Porc_Abstencion V="000,00"/>
          <Votos_Validos V="9656"/>
          <Porc_Votos_Validos V="048,07"/>
          <Votos_No_Marcados V="5191"/>
          <Porc_Votos_No_Marcados V="025,84"/>
          <Votos_Nulos V="5239"/>
          <Porc_Votos_Nulos V="026,08"/>
        </lin>
        <lin>
          <Pregunta V="003"/>
          <Total_Sufragantes V="20086"/>
          <Porc_Sufragantes V="100,00"/>
          <Abstencion V="0"/>
          <Porc_Abstencion V="000,00"/>
          <Votos_Validos V="9738"/>
          <Porc_Votos_Validos V="048,48"/>
          <Votos_No_Marcados V="5126"/>
          <Porc_Votos_No_Marcados V="025,52"/>
          <Votos_Nulos V="5222"/>
          <Porc_Votos_Nulos V="025,99"/>
        </lin>
        <lin>
          <Pregunta V="004"/>
          <Total_Sufragantes V="20086"/>
          <Porc_Sufragantes V="100,00"/>
          <Abstencion V="0"/>
          <Porc_Abstencion V="000,00"/>
          <Votos_Validos V="9403"/>
          <Porc_Votos_Validos V="046,81"/>
          <Votos_No_Marcados V="4890"/>
          <Porc_Votos_No_Marcados V="024,34"/>
          <Votos_Nulos V="5793"/>
          <Porc_Votos_Nulos V="028,84"/>
        </lin>
        <lin>
          <Pregunta V="005"/>
          <Total_Sufragantes V="20086"/>
          <Porc_Sufragantes V="100,00"/>
          <Abstencion V="0"/>
          <Porc_Abstencion V="000,00"/>
          <Votos_Validos V="10442"/>
          <Porc_Votos_Validos V="051,98"/>
          <Votos_No_Marcados V="4991"/>
          <Porc_Votos_No_Marcados V="024,84"/>
          <Votos_Nulos V="4653"/>
          <Porc_Votos_Nulos V="023,16"/>
        </lin>
        <lin>
          <Pregunta V="006"/>
          <Total_Sufragantes V="20086"/>
          <Porc_Sufragantes V="100,00"/>
          <Abstencion V="0"/>
          <Porc_Abstencion V="000,00"/>
          <Votos_Validos V="9478"/>
          <Porc_Votos_Validos V="047,18"/>
          <Votos_No_Marcados V="4425"/>
          <Porc_Votos_No_Marcados V="022,03"/>
          <Votos_Nulos V="6183"/>
          <Porc_Votos_Nulos V="030,78"/>
        </lin>
        <lin>
          <Pregunta V="007"/>
          <Total_Sufragantes V="20086"/>
          <Porc_Sufragantes V="100,00"/>
          <Abstencion V="0"/>
          <Porc_Abstencion V="000,00"/>
          <Votos_Validos V="10166"/>
          <Porc_Votos_Validos V="050,61"/>
          <Votos_No_Marcados V="4426"/>
          <Porc_Votos_No_Marcados V="022,03"/>
          <Votos_Nulos V="5494"/>
          <Porc_Votos_Nulos V="027,35"/>
        </lin>
      </Detalle_Pregunta>
      <Detalle_Opcion>
        <lin>
          <Opcion V="001"/>
          <Votos V="4692"/>
          <Porc V="046,08"/>
          <Pregunta V="001"/>
        </lin>
        <lin>
          <Opcion V="002"/>
          <Votos V="5489"/>
          <Porc V="053,91"/>
          <Pregunta V="001"/>
        </lin>
        <lin>
          <Opcion V="001"/>
          <Votos V="4692"/>
          <Porc V="048,59"/>
          <Pregunta V="002"/>
        </lin>
        <lin>
          <Opcion V="002"/>
          <Votos V="4964"/>
          <Porc V="051,40"/>
          <Pregunta V="002"/>
        </lin>
        <lin>
          <Opcion V="001"/>
          <Votos V="4791"/>
          <Porc V="049,19"/>
          <Pregunta V="003"/>
        </lin>
        <lin>
          <Opcion V="002"/>
          <Votos V="4947"/>
          <Porc V="050,80"/>
          <Pregunta V="003"/>
        </lin>
        <lin>
          <Opcion V="001"/>
          <Votos V="4712"/>
          <Porc V="050,11"/>
          <Pregunta V="004"/>
        </lin>
        <lin>
          <Opcion V="002"/>
          <Votos V="4691"/>
          <Porc V="049,88"/>
          <Pregunta V="004"/>
        </lin>
        <lin>
          <Opcion V="001"/>
          <Votos V="4950"/>
          <Porc V="047,40"/>
          <Pregunta V="005"/>
        </lin>
        <lin>
          <Opcion V="002"/>
          <Votos V="5492"/>
          <Porc V="052,59"/>
          <Pregunta V="005"/>
        </lin>
        <lin>
          <Opcion V="001"/>
          <Votos V="4583"/>
          <Porc V="048,35"/>
          <Pregunta V="006"/>
        </lin>
        <lin>
          <Opcion V="002"/>
          <Votos V="4895"/>
          <Porc V="051,64"/>
          <Pregunta V="006"/>
        </lin>
        <lin>
          <Opcion V="001"/>
          <Votos V="5082"/>
          <Porc V="049,99"/>
          <Pregunta V="007"/>
        </lin>
        <lin>
          <Opcion V="002"/>
          <Votos V="5084"/>
          <Porc V="050,00"/>
          <Pregunta V="007"/>
        </lin>
      </Detalle_Opcion>
    </lin>
  </Detalle_Circunscripcion>
</Boletin>
</Boletin_Consolidado>