<Boletin_Consolidado><Boletin>
  <Numero V="0008"/>
  <Boletin_Departamental V="0012"/>
  <Tipo_Boletin V="DEPARTAMENTAL"/>
  <Desc_Corporacion V="CONSULTA POPULAR"/>
  <Departamento V="09"/>
  <Desc_Departamento V="CALDAS"/>
  <Municipio V="115"/>
  <Desc_Municipio V="SAMANA"/>
  <Dia V="21"/>
  <Mes V="8"/>
  <Anio V="2018"/>
  <Hora V="14"/>
  <Minuto V="15"/>
  <Mesas_Instaladas V="48"/>
  <Mesas_Informadas V="48"/>
  <Porc_Mesas_Informadas V="100,00"/>
  <Potencial_Sufragantes V="15970"/>
  <Detalle_Circunscripcion>
    <lin>
      <Circunscripcion V="0"/>
      <Desc_Circunscripcion V="NACIONAL"/>
      <Detalle_Pregunta>
        <lin>
          <Pregunta V="001"/>
          <Total_Sufragantes V="15970"/>
          <Porc_Sufragantes V="100,00"/>
          <Abstencion V="0"/>
          <Porc_Abstencion V="000,00"/>
          <Votos_Validos V="7730"/>
          <Porc_Votos_Validos V="048,40"/>
          <Votos_No_Marcados V="4844"/>
          <Porc_Votos_No_Marcados V="030,33"/>
          <Votos_Nulos V="3396"/>
          <Porc_Votos_Nulos V="021,26"/>
        </lin>
        <lin>
          <Pregunta V="002"/>
          <Total_Sufragantes V="15970"/>
          <Porc_Sufragantes V="100,00"/>
          <Abstencion V="0"/>
          <Porc_Abstencion V="000,00"/>
          <Votos_Validos V="7134"/>
          <Porc_Votos_Validos V="044,67"/>
          <Votos_No_Marcados V="4676"/>
          <Porc_Votos_No_Marcados V="029,27"/>
          <Votos_Nulos V="4160"/>
          <Porc_Votos_Nulos V="026,04"/>
        </lin>
        <lin>
          <Pregunta V="003"/>
          <Total_Sufragantes V="15970"/>
          <Porc_Sufragantes V="100,00"/>
          <Abstencion V="0"/>
          <Porc_Abstencion V="000,00"/>
          <Votos_Validos V="7667"/>
          <Porc_Votos_Validos V="048,00"/>
          <Votos_No_Marcados V="3500"/>
          <Porc_Votos_No_Marcados V="021,91"/>
          <Votos_Nulos V="4803"/>
          <Porc_Votos_Nulos V="030,07"/>
        </lin>
        <lin>
          <Pregunta V="004"/>
          <Total_Sufragantes V="15970"/>
          <Porc_Sufragantes V="100,00"/>
          <Abstencion V="0"/>
          <Porc_Abstencion V="000,00"/>
          <Votos_Validos V="8966"/>
          <Porc_Votos_Validos V="056,14"/>
          <Votos_No_Marcados V="3236"/>
          <Porc_Votos_No_Marcados V="020,26"/>
          <Votos_Nulos V="3768"/>
          <Porc_Votos_Nulos V="023,59"/>
        </lin>
        <lin>
          <Pregunta V="005"/>
          <Total_Sufragantes V="15970"/>
          <Porc_Sufragantes V="100,00"/>
          <Abstencion V="0"/>
          <Porc_Abstencion V="000,00"/>
          <Votos_Validos V="7736"/>
          <Porc_Votos_Validos V="048,44"/>
          <Votos_No_Marcados V="3528"/>
          <Porc_Votos_No_Marcados V="022,09"/>
          <Votos_Nulos V="4706"/>
          <Porc_Votos_Nulos V="029,46"/>
        </lin>
        <lin>
          <Pregunta V="006"/>
          <Total_Sufragantes V="15970"/>
          <Porc_Sufragantes V="100,00"/>
          <Abstencion V="0"/>
          <Porc_Abstencion V="000,00"/>
          <Votos_Validos V="8082"/>
          <Porc_Votos_Validos V="050,60"/>
          <Votos_No_Marcados V="3989"/>
          <Porc_Votos_No_Marcados V="024,97"/>
          <Votos_Nulos V="3899"/>
          <Porc_Votos_Nulos V="024,41"/>
        </lin>
        <lin>
          <Pregunta V="007"/>
          <Total_Sufragantes V="15970"/>
          <Porc_Sufragantes V="100,00"/>
          <Abstencion V="0"/>
          <Porc_Abstencion V="000,00"/>
          <Votos_Validos V="7729"/>
          <Porc_Votos_Validos V="048,39"/>
          <Votos_No_Marcados V="4042"/>
          <Porc_Votos_No_Marcados V="025,30"/>
          <Votos_Nulos V="4199"/>
          <Porc_Votos_Nulos V="026,29"/>
        </lin>
      </Detalle_Pregunta>
      <Detalle_Opcion>
        <lin>
          <Opcion V="001"/>
          <Votos V="4535"/>
          <Porc V="058,66"/>
          <Pregunta V="001"/>
        </lin>
        <lin>
          <Opcion V="002"/>
          <Votos V="3195"/>
          <Porc V="041,33"/>
          <Pregunta V="001"/>
        </lin>
        <lin>
          <Opcion V="001"/>
          <Votos V="3730"/>
          <Porc V="052,28"/>
          <Pregunta V="002"/>
        </lin>
        <lin>
          <Opcion V="002"/>
          <Votos V="3404"/>
          <Porc V="047,71"/>
          <Pregunta V="002"/>
        </lin>
        <lin>
          <Opcion V="001"/>
          <Votos V="4362"/>
          <Porc V="056,89"/>
          <Pregunta V="003"/>
        </lin>
        <lin>
          <Opcion V="002"/>
          <Votos V="3305"/>
          <Porc V="043,10"/>
          <Pregunta V="003"/>
        </lin>
        <lin>
          <Opcion V="001"/>
          <Votos V="4225"/>
          <Porc V="047,12"/>
          <Pregunta V="004"/>
        </lin>
        <lin>
          <Opcion V="002"/>
          <Votos V="4741"/>
          <Porc V="052,87"/>
          <Pregunta V="004"/>
        </lin>
        <lin>
          <Opcion V="001"/>
          <Votos V="3912"/>
          <Porc V="050,56"/>
          <Pregunta V="005"/>
        </lin>
        <lin>
          <Opcion V="002"/>
          <Votos V="3824"/>
          <Porc V="049,43"/>
          <Pregunta V="005"/>
        </lin>
        <lin>
          <Opcion V="001"/>
          <Votos V="4884"/>
          <Porc V="060,43"/>
          <Pregunta V="006"/>
        </lin>
        <lin>
          <Opcion V="002"/>
          <Votos V="3198"/>
          <Porc V="039,56"/>
          <Pregunta V="006"/>
        </lin>
        <lin>
          <Opcion V="001"/>
          <Votos V="3914"/>
          <Porc V="050,64"/>
          <Pregunta V="007"/>
        </lin>
        <lin>
          <Opcion V="002"/>
          <Votos V="3815"/>
          <Porc V="049,35"/>
          <Pregunta V="007"/>
        </lin>
      </Detalle_Opcion>
    </lin>
  </Detalle_Circunscripcion>
</Boletin>
</Boletin_Consolidado>