<Boletin_Consolidado><Boletin>
  <Numero V="0008"/>
  <Boletin_Departamental V="0012"/>
  <Tipo_Boletin V="DEPARTAMENTAL"/>
  <Desc_Corporacion V="CONSULTA POPULAR"/>
  <Departamento V="03"/>
  <Desc_Departamento V="ATLANTICO"/>
  <Municipio V="025"/>
  <Desc_Municipio V="MANATI"/>
  <Dia V="21"/>
  <Mes V="8"/>
  <Anio V="2018"/>
  <Hora V="14"/>
  <Minuto V="15"/>
  <Mesas_Instaladas V="38"/>
  <Mesas_Informadas V="38"/>
  <Porc_Mesas_Informadas V="100,00"/>
  <Potencial_Sufragantes V="14447"/>
  <Detalle_Circunscripcion>
    <lin>
      <Circunscripcion V="0"/>
      <Desc_Circunscripcion V="NACIONAL"/>
      <Detalle_Pregunta>
        <lin>
          <Pregunta V="001"/>
          <Total_Sufragantes V="14447"/>
          <Porc_Sufragantes V="100,00"/>
          <Abstencion V="0"/>
          <Porc_Abstencion V="000,00"/>
          <Votos_Validos V="7454"/>
          <Porc_Votos_Validos V="051,59"/>
          <Votos_No_Marcados V="3384"/>
          <Porc_Votos_No_Marcados V="023,42"/>
          <Votos_Nulos V="3609"/>
          <Porc_Votos_Nulos V="024,98"/>
        </lin>
        <lin>
          <Pregunta V="002"/>
          <Total_Sufragantes V="14447"/>
          <Porc_Sufragantes V="100,00"/>
          <Abstencion V="0"/>
          <Porc_Abstencion V="000,00"/>
          <Votos_Validos V="7487"/>
          <Porc_Votos_Validos V="051,82"/>
          <Votos_No_Marcados V="3584"/>
          <Porc_Votos_No_Marcados V="024,80"/>
          <Votos_Nulos V="3376"/>
          <Porc_Votos_Nulos V="023,36"/>
        </lin>
        <lin>
          <Pregunta V="003"/>
          <Total_Sufragantes V="14447"/>
          <Porc_Sufragantes V="100,00"/>
          <Abstencion V="0"/>
          <Porc_Abstencion V="000,00"/>
          <Votos_Validos V="7505"/>
          <Porc_Votos_Validos V="051,94"/>
          <Votos_No_Marcados V="2736"/>
          <Porc_Votos_No_Marcados V="018,93"/>
          <Votos_Nulos V="4206"/>
          <Porc_Votos_Nulos V="029,11"/>
        </lin>
        <lin>
          <Pregunta V="004"/>
          <Total_Sufragantes V="14447"/>
          <Porc_Sufragantes V="100,00"/>
          <Abstencion V="0"/>
          <Porc_Abstencion V="000,00"/>
          <Votos_Validos V="7421"/>
          <Porc_Votos_Validos V="051,36"/>
          <Votos_No_Marcados V="3635"/>
          <Porc_Votos_No_Marcados V="025,16"/>
          <Votos_Nulos V="3391"/>
          <Porc_Votos_Nulos V="023,47"/>
        </lin>
        <lin>
          <Pregunta V="005"/>
          <Total_Sufragantes V="14447"/>
          <Porc_Sufragantes V="100,00"/>
          <Abstencion V="0"/>
          <Porc_Abstencion V="000,00"/>
          <Votos_Validos V="7213"/>
          <Porc_Votos_Validos V="049,92"/>
          <Votos_No_Marcados V="3836"/>
          <Porc_Votos_No_Marcados V="026,55"/>
          <Votos_Nulos V="3398"/>
          <Porc_Votos_Nulos V="023,52"/>
        </lin>
        <lin>
          <Pregunta V="006"/>
          <Total_Sufragantes V="14447"/>
          <Porc_Sufragantes V="100,00"/>
          <Abstencion V="0"/>
          <Porc_Abstencion V="000,00"/>
          <Votos_Validos V="7175"/>
          <Porc_Votos_Validos V="049,66"/>
          <Votos_No_Marcados V="3847"/>
          <Porc_Votos_No_Marcados V="026,62"/>
          <Votos_Nulos V="3425"/>
          <Porc_Votos_Nulos V="023,70"/>
        </lin>
        <lin>
          <Pregunta V="007"/>
          <Total_Sufragantes V="14447"/>
          <Porc_Sufragantes V="100,00"/>
          <Abstencion V="0"/>
          <Porc_Abstencion V="000,00"/>
          <Votos_Validos V="7562"/>
          <Porc_Votos_Validos V="052,34"/>
          <Votos_No_Marcados V="3824"/>
          <Porc_Votos_No_Marcados V="026,46"/>
          <Votos_Nulos V="3061"/>
          <Porc_Votos_Nulos V="021,18"/>
        </lin>
      </Detalle_Pregunta>
      <Detalle_Opcion>
        <lin>
          <Opcion V="001"/>
          <Votos V="3940"/>
          <Porc V="052,85"/>
          <Pregunta V="001"/>
        </lin>
        <lin>
          <Opcion V="002"/>
          <Votos V="3514"/>
          <Porc V="047,14"/>
          <Pregunta V="001"/>
        </lin>
        <lin>
          <Opcion V="001"/>
          <Votos V="3645"/>
          <Porc V="048,68"/>
          <Pregunta V="002"/>
        </lin>
        <lin>
          <Opcion V="002"/>
          <Votos V="3842"/>
          <Porc V="051,31"/>
          <Pregunta V="002"/>
        </lin>
        <lin>
          <Opcion V="001"/>
          <Votos V="3898"/>
          <Porc V="051,93"/>
          <Pregunta V="003"/>
        </lin>
        <lin>
          <Opcion V="002"/>
          <Votos V="3607"/>
          <Porc V="048,06"/>
          <Pregunta V="003"/>
        </lin>
        <lin>
          <Opcion V="001"/>
          <Votos V="3654"/>
          <Porc V="049,23"/>
          <Pregunta V="004"/>
        </lin>
        <lin>
          <Opcion V="002"/>
          <Votos V="3767"/>
          <Porc V="050,76"/>
          <Pregunta V="004"/>
        </lin>
        <lin>
          <Opcion V="001"/>
          <Votos V="3331"/>
          <Porc V="046,18"/>
          <Pregunta V="005"/>
        </lin>
        <lin>
          <Opcion V="002"/>
          <Votos V="3882"/>
          <Porc V="053,81"/>
          <Pregunta V="005"/>
        </lin>
        <lin>
          <Opcion V="001"/>
          <Votos V="3588"/>
          <Porc V="050,00"/>
          <Pregunta V="006"/>
        </lin>
        <lin>
          <Opcion V="002"/>
          <Votos V="3587"/>
          <Porc V="049,99"/>
          <Pregunta V="006"/>
        </lin>
        <lin>
          <Opcion V="001"/>
          <Votos V="3905"/>
          <Porc V="051,63"/>
          <Pregunta V="007"/>
        </lin>
        <lin>
          <Opcion V="002"/>
          <Votos V="3657"/>
          <Porc V="048,36"/>
          <Pregunta V="007"/>
        </lin>
      </Detalle_Opcion>
    </lin>
  </Detalle_Circunscripcion>
</Boletin>
</Boletin_Consolidado>