<Boletin_Consolidado><Boletin>
  <Numero V="0008"/>
  <Boletin_Departamental V="0011"/>
  <Tipo_Boletin V="DEPARTAMENTAL"/>
  <Desc_Corporacion V="CONSULTA POPULAR"/>
  <Departamento V="07"/>
  <Desc_Departamento V="BOYACA"/>
  <Municipio V="259"/>
  <Desc_Municipio V="SATIVANORTE"/>
  <Dia V="21"/>
  <Mes V="8"/>
  <Anio V="2018"/>
  <Hora V="14"/>
  <Minuto V="15"/>
  <Mesas_Instaladas V="8"/>
  <Mesas_Informadas V="8"/>
  <Porc_Mesas_Informadas V="100,00"/>
  <Potencial_Sufragantes V="2452"/>
  <Detalle_Circunscripcion>
    <lin>
      <Circunscripcion V="0"/>
      <Desc_Circunscripcion V="NACIONAL"/>
      <Detalle_Pregunta>
        <lin>
          <Pregunta V="001"/>
          <Total_Sufragantes V="2452"/>
          <Porc_Sufragantes V="100,00"/>
          <Abstencion V="0"/>
          <Porc_Abstencion V="000,00"/>
          <Votos_Validos V="1052"/>
          <Porc_Votos_Validos V="042,90"/>
          <Votos_No_Marcados V="791"/>
          <Porc_Votos_No_Marcados V="032,25"/>
          <Votos_Nulos V="609"/>
          <Porc_Votos_Nulos V="024,83"/>
        </lin>
        <lin>
          <Pregunta V="002"/>
          <Total_Sufragantes V="2452"/>
          <Porc_Sufragantes V="100,00"/>
          <Abstencion V="0"/>
          <Porc_Abstencion V="000,00"/>
          <Votos_Validos V="1453"/>
          <Porc_Votos_Validos V="059,25"/>
          <Votos_No_Marcados V="666"/>
          <Porc_Votos_No_Marcados V="027,16"/>
          <Votos_Nulos V="333"/>
          <Porc_Votos_Nulos V="013,58"/>
        </lin>
        <lin>
          <Pregunta V="003"/>
          <Total_Sufragantes V="2452"/>
          <Porc_Sufragantes V="100,00"/>
          <Abstencion V="0"/>
          <Porc_Abstencion V="000,00"/>
          <Votos_Validos V="1357"/>
          <Porc_Votos_Validos V="055,34"/>
          <Votos_No_Marcados V="641"/>
          <Porc_Votos_No_Marcados V="026,14"/>
          <Votos_Nulos V="454"/>
          <Porc_Votos_Nulos V="018,51"/>
        </lin>
        <lin>
          <Pregunta V="004"/>
          <Total_Sufragantes V="2452"/>
          <Porc_Sufragantes V="100,00"/>
          <Abstencion V="0"/>
          <Porc_Abstencion V="000,00"/>
          <Votos_Validos V="1455"/>
          <Porc_Votos_Validos V="059,33"/>
          <Votos_No_Marcados V="452"/>
          <Porc_Votos_No_Marcados V="018,43"/>
          <Votos_Nulos V="545"/>
          <Porc_Votos_Nulos V="022,22"/>
        </lin>
        <lin>
          <Pregunta V="005"/>
          <Total_Sufragantes V="2452"/>
          <Porc_Sufragantes V="100,00"/>
          <Abstencion V="0"/>
          <Porc_Abstencion V="000,00"/>
          <Votos_Validos V="1284"/>
          <Porc_Votos_Validos V="052,36"/>
          <Votos_No_Marcados V="755"/>
          <Porc_Votos_No_Marcados V="030,79"/>
          <Votos_Nulos V="413"/>
          <Porc_Votos_Nulos V="016,84"/>
        </lin>
        <lin>
          <Pregunta V="006"/>
          <Total_Sufragantes V="2452"/>
          <Porc_Sufragantes V="100,00"/>
          <Abstencion V="0"/>
          <Porc_Abstencion V="000,00"/>
          <Votos_Validos V="1442"/>
          <Porc_Votos_Validos V="058,80"/>
          <Votos_No_Marcados V="530"/>
          <Porc_Votos_No_Marcados V="021,61"/>
          <Votos_Nulos V="480"/>
          <Porc_Votos_Nulos V="019,57"/>
        </lin>
        <lin>
          <Pregunta V="007"/>
          <Total_Sufragantes V="2452"/>
          <Porc_Sufragantes V="100,00"/>
          <Abstencion V="0"/>
          <Porc_Abstencion V="000,00"/>
          <Votos_Validos V="1557"/>
          <Porc_Votos_Validos V="063,49"/>
          <Votos_No_Marcados V="396"/>
          <Porc_Votos_No_Marcados V="016,15"/>
          <Votos_Nulos V="499"/>
          <Porc_Votos_Nulos V="020,35"/>
        </lin>
      </Detalle_Pregunta>
      <Detalle_Opcion>
        <lin>
          <Opcion V="001"/>
          <Votos V="554"/>
          <Porc V="052,66"/>
          <Pregunta V="001"/>
        </lin>
        <lin>
          <Opcion V="002"/>
          <Votos V="498"/>
          <Porc V="047,33"/>
          <Pregunta V="001"/>
        </lin>
        <lin>
          <Opcion V="001"/>
          <Votos V="756"/>
          <Porc V="052,03"/>
          <Pregunta V="002"/>
        </lin>
        <lin>
          <Opcion V="002"/>
          <Votos V="697"/>
          <Porc V="047,96"/>
          <Pregunta V="002"/>
        </lin>
        <lin>
          <Opcion V="001"/>
          <Votos V="871"/>
          <Porc V="064,18"/>
          <Pregunta V="003"/>
        </lin>
        <lin>
          <Opcion V="002"/>
          <Votos V="486"/>
          <Porc V="035,81"/>
          <Pregunta V="003"/>
        </lin>
        <lin>
          <Opcion V="001"/>
          <Votos V="353"/>
          <Porc V="024,26"/>
          <Pregunta V="004"/>
        </lin>
        <lin>
          <Opcion V="002"/>
          <Votos V="1102"/>
          <Porc V="075,73"/>
          <Pregunta V="004"/>
        </lin>
        <lin>
          <Opcion V="001"/>
          <Votos V="487"/>
          <Porc V="037,92"/>
          <Pregunta V="005"/>
        </lin>
        <lin>
          <Opcion V="002"/>
          <Votos V="797"/>
          <Porc V="062,07"/>
          <Pregunta V="005"/>
        </lin>
        <lin>
          <Opcion V="001"/>
          <Votos V="615"/>
          <Porc V="042,64"/>
          <Pregunta V="006"/>
        </lin>
        <lin>
          <Opcion V="002"/>
          <Votos V="827"/>
          <Porc V="057,35"/>
          <Pregunta V="006"/>
        </lin>
        <lin>
          <Opcion V="001"/>
          <Votos V="1021"/>
          <Porc V="065,57"/>
          <Pregunta V="007"/>
        </lin>
        <lin>
          <Opcion V="002"/>
          <Votos V="536"/>
          <Porc V="034,42"/>
          <Pregunta V="007"/>
        </lin>
      </Detalle_Opcion>
    </lin>
  </Detalle_Circunscripcion>
</Boletin>
</Boletin_Consolidado>