<Boletin_Consolidado><Boletin>
  <Numero V="0008"/>
  <Boletin_Departamental V="0012"/>
  <Tipo_Boletin V="DEPARTAMENTAL"/>
  <Desc_Corporacion V="CONSULTA POPULAR"/>
  <Departamento V="07"/>
  <Desc_Departamento V="BOYACA"/>
  <Municipio V="248"/>
  <Desc_Municipio V="SAN MIGUEL DE SEMA"/>
  <Dia V="21"/>
  <Mes V="8"/>
  <Anio V="2018"/>
  <Hora V="14"/>
  <Minuto V="15"/>
  <Mesas_Instaladas V="8"/>
  <Mesas_Informadas V="8"/>
  <Porc_Mesas_Informadas V="100,00"/>
  <Potencial_Sufragantes V="2697"/>
  <Detalle_Circunscripcion>
    <lin>
      <Circunscripcion V="0"/>
      <Desc_Circunscripcion V="NACIONAL"/>
      <Detalle_Pregunta>
        <lin>
          <Pregunta V="001"/>
          <Total_Sufragantes V="2697"/>
          <Porc_Sufragantes V="100,00"/>
          <Abstencion V="0"/>
          <Porc_Abstencion V="000,00"/>
          <Votos_Validos V="1190"/>
          <Porc_Votos_Validos V="044,12"/>
          <Votos_No_Marcados V="921"/>
          <Porc_Votos_No_Marcados V="034,14"/>
          <Votos_Nulos V="586"/>
          <Porc_Votos_Nulos V="021,72"/>
        </lin>
        <lin>
          <Pregunta V="002"/>
          <Total_Sufragantes V="2697"/>
          <Porc_Sufragantes V="100,00"/>
          <Abstencion V="0"/>
          <Porc_Abstencion V="000,00"/>
          <Votos_Validos V="1588"/>
          <Porc_Votos_Validos V="058,88"/>
          <Votos_No_Marcados V="575"/>
          <Porc_Votos_No_Marcados V="021,31"/>
          <Votos_Nulos V="534"/>
          <Porc_Votos_Nulos V="019,79"/>
        </lin>
        <lin>
          <Pregunta V="003"/>
          <Total_Sufragantes V="2697"/>
          <Porc_Sufragantes V="100,00"/>
          <Abstencion V="0"/>
          <Porc_Abstencion V="000,00"/>
          <Votos_Validos V="1467"/>
          <Porc_Votos_Validos V="054,39"/>
          <Votos_No_Marcados V="739"/>
          <Porc_Votos_No_Marcados V="027,40"/>
          <Votos_Nulos V="491"/>
          <Porc_Votos_Nulos V="018,20"/>
        </lin>
        <lin>
          <Pregunta V="004"/>
          <Total_Sufragantes V="2697"/>
          <Porc_Sufragantes V="100,00"/>
          <Abstencion V="0"/>
          <Porc_Abstencion V="000,00"/>
          <Votos_Validos V="1302"/>
          <Porc_Votos_Validos V="048,27"/>
          <Votos_No_Marcados V="717"/>
          <Porc_Votos_No_Marcados V="026,58"/>
          <Votos_Nulos V="678"/>
          <Porc_Votos_Nulos V="025,13"/>
        </lin>
        <lin>
          <Pregunta V="005"/>
          <Total_Sufragantes V="2697"/>
          <Porc_Sufragantes V="100,00"/>
          <Abstencion V="0"/>
          <Porc_Abstencion V="000,00"/>
          <Votos_Validos V="1217"/>
          <Porc_Votos_Validos V="045,12"/>
          <Votos_No_Marcados V="764"/>
          <Porc_Votos_No_Marcados V="028,32"/>
          <Votos_Nulos V="716"/>
          <Porc_Votos_Nulos V="026,54"/>
        </lin>
        <lin>
          <Pregunta V="006"/>
          <Total_Sufragantes V="2697"/>
          <Porc_Sufragantes V="100,00"/>
          <Abstencion V="0"/>
          <Porc_Abstencion V="000,00"/>
          <Votos_Validos V="1101"/>
          <Porc_Votos_Validos V="040,82"/>
          <Votos_No_Marcados V="729"/>
          <Porc_Votos_No_Marcados V="027,03"/>
          <Votos_Nulos V="867"/>
          <Porc_Votos_Nulos V="032,14"/>
        </lin>
        <lin>
          <Pregunta V="007"/>
          <Total_Sufragantes V="2697"/>
          <Porc_Sufragantes V="100,00"/>
          <Abstencion V="0"/>
          <Porc_Abstencion V="000,00"/>
          <Votos_Validos V="966"/>
          <Porc_Votos_Validos V="035,81"/>
          <Votos_No_Marcados V="990"/>
          <Porc_Votos_No_Marcados V="036,70"/>
          <Votos_Nulos V="741"/>
          <Porc_Votos_Nulos V="027,47"/>
        </lin>
      </Detalle_Pregunta>
      <Detalle_Opcion>
        <lin>
          <Opcion V="001"/>
          <Votos V="699"/>
          <Porc V="058,73"/>
          <Pregunta V="001"/>
        </lin>
        <lin>
          <Opcion V="002"/>
          <Votos V="491"/>
          <Porc V="041,26"/>
          <Pregunta V="001"/>
        </lin>
        <lin>
          <Opcion V="001"/>
          <Votos V="911"/>
          <Porc V="057,36"/>
          <Pregunta V="002"/>
        </lin>
        <lin>
          <Opcion V="002"/>
          <Votos V="677"/>
          <Porc V="042,63"/>
          <Pregunta V="002"/>
        </lin>
        <lin>
          <Opcion V="001"/>
          <Votos V="703"/>
          <Porc V="047,92"/>
          <Pregunta V="003"/>
        </lin>
        <lin>
          <Opcion V="002"/>
          <Votos V="764"/>
          <Porc V="052,07"/>
          <Pregunta V="003"/>
        </lin>
        <lin>
          <Opcion V="001"/>
          <Votos V="532"/>
          <Porc V="040,86"/>
          <Pregunta V="004"/>
        </lin>
        <lin>
          <Opcion V="002"/>
          <Votos V="770"/>
          <Porc V="059,13"/>
          <Pregunta V="004"/>
        </lin>
        <lin>
          <Opcion V="001"/>
          <Votos V="839"/>
          <Porc V="068,94"/>
          <Pregunta V="005"/>
        </lin>
        <lin>
          <Opcion V="002"/>
          <Votos V="378"/>
          <Porc V="031,05"/>
          <Pregunta V="005"/>
        </lin>
        <lin>
          <Opcion V="001"/>
          <Votos V="472"/>
          <Porc V="042,87"/>
          <Pregunta V="006"/>
        </lin>
        <lin>
          <Opcion V="002"/>
          <Votos V="629"/>
          <Porc V="057,12"/>
          <Pregunta V="006"/>
        </lin>
        <lin>
          <Opcion V="001"/>
          <Votos V="435"/>
          <Porc V="045,03"/>
          <Pregunta V="007"/>
        </lin>
        <lin>
          <Opcion V="002"/>
          <Votos V="531"/>
          <Porc V="054,96"/>
          <Pregunta V="007"/>
        </lin>
      </Detalle_Opcion>
    </lin>
  </Detalle_Circunscripcion>
</Boletin>
</Boletin_Consolidado>