<Boletin_Consolidado><Boletin>
  <Numero V="0008"/>
  <Boletin_Departamental V="0012"/>
  <Tipo_Boletin V="DEPARTAMENTAL"/>
  <Desc_Corporacion V="CONSULTA POPULAR"/>
  <Departamento V="15"/>
  <Desc_Departamento V="CUNDINAMARCA"/>
  <Municipio V="067"/>
  <Desc_Municipio V="EL COLEGIO"/>
  <Dia V="21"/>
  <Mes V="8"/>
  <Anio V="2018"/>
  <Hora V="14"/>
  <Minuto V="15"/>
  <Mesas_Instaladas V="57"/>
  <Mesas_Informadas V="57"/>
  <Porc_Mesas_Informadas V="100,00"/>
  <Potencial_Sufragantes V="21022"/>
  <Detalle_Circunscripcion>
    <lin>
      <Circunscripcion V="0"/>
      <Desc_Circunscripcion V="NACIONAL"/>
      <Detalle_Pregunta>
        <lin>
          <Pregunta V="001"/>
          <Total_Sufragantes V="21022"/>
          <Porc_Sufragantes V="100,00"/>
          <Abstencion V="0"/>
          <Porc_Abstencion V="000,00"/>
          <Votos_Validos V="9990"/>
          <Porc_Votos_Validos V="047,52"/>
          <Votos_No_Marcados V="4971"/>
          <Porc_Votos_No_Marcados V="023,64"/>
          <Votos_Nulos V="6061"/>
          <Porc_Votos_Nulos V="028,83"/>
        </lin>
        <lin>
          <Pregunta V="002"/>
          <Total_Sufragantes V="21022"/>
          <Porc_Sufragantes V="100,00"/>
          <Abstencion V="0"/>
          <Porc_Abstencion V="000,00"/>
          <Votos_Validos V="10605"/>
          <Porc_Votos_Validos V="050,44"/>
          <Votos_No_Marcados V="5949"/>
          <Porc_Votos_No_Marcados V="028,29"/>
          <Votos_Nulos V="4468"/>
          <Porc_Votos_Nulos V="021,25"/>
        </lin>
        <lin>
          <Pregunta V="003"/>
          <Total_Sufragantes V="21022"/>
          <Porc_Sufragantes V="100,00"/>
          <Abstencion V="0"/>
          <Porc_Abstencion V="000,00"/>
          <Votos_Validos V="9609"/>
          <Porc_Votos_Validos V="045,70"/>
          <Votos_No_Marcados V="5326"/>
          <Porc_Votos_No_Marcados V="025,33"/>
          <Votos_Nulos V="6087"/>
          <Porc_Votos_Nulos V="028,95"/>
        </lin>
        <lin>
          <Pregunta V="004"/>
          <Total_Sufragantes V="21022"/>
          <Porc_Sufragantes V="100,00"/>
          <Abstencion V="0"/>
          <Porc_Abstencion V="000,00"/>
          <Votos_Validos V="10968"/>
          <Porc_Votos_Validos V="052,17"/>
          <Votos_No_Marcados V="5489"/>
          <Porc_Votos_No_Marcados V="026,11"/>
          <Votos_Nulos V="4565"/>
          <Porc_Votos_Nulos V="021,71"/>
        </lin>
        <lin>
          <Pregunta V="005"/>
          <Total_Sufragantes V="21022"/>
          <Porc_Sufragantes V="100,00"/>
          <Abstencion V="0"/>
          <Porc_Abstencion V="000,00"/>
          <Votos_Validos V="11380"/>
          <Porc_Votos_Validos V="054,13"/>
          <Votos_No_Marcados V="4939"/>
          <Porc_Votos_No_Marcados V="023,49"/>
          <Votos_Nulos V="4703"/>
          <Porc_Votos_Nulos V="022,37"/>
        </lin>
        <lin>
          <Pregunta V="006"/>
          <Total_Sufragantes V="21022"/>
          <Porc_Sufragantes V="100,00"/>
          <Abstencion V="0"/>
          <Porc_Abstencion V="000,00"/>
          <Votos_Validos V="10467"/>
          <Porc_Votos_Validos V="049,79"/>
          <Votos_No_Marcados V="5827"/>
          <Porc_Votos_No_Marcados V="027,71"/>
          <Votos_Nulos V="4728"/>
          <Porc_Votos_Nulos V="022,49"/>
        </lin>
        <lin>
          <Pregunta V="007"/>
          <Total_Sufragantes V="21022"/>
          <Porc_Sufragantes V="100,00"/>
          <Abstencion V="0"/>
          <Porc_Abstencion V="000,00"/>
          <Votos_Validos V="10555"/>
          <Porc_Votos_Validos V="050,20"/>
          <Votos_No_Marcados V="4168"/>
          <Porc_Votos_No_Marcados V="019,82"/>
          <Votos_Nulos V="6299"/>
          <Porc_Votos_Nulos V="029,96"/>
        </lin>
      </Detalle_Pregunta>
      <Detalle_Opcion>
        <lin>
          <Opcion V="001"/>
          <Votos V="5366"/>
          <Porc V="053,71"/>
          <Pregunta V="001"/>
        </lin>
        <lin>
          <Opcion V="002"/>
          <Votos V="4624"/>
          <Porc V="046,28"/>
          <Pregunta V="001"/>
        </lin>
        <lin>
          <Opcion V="001"/>
          <Votos V="5309"/>
          <Porc V="050,06"/>
          <Pregunta V="002"/>
        </lin>
        <lin>
          <Opcion V="002"/>
          <Votos V="5296"/>
          <Porc V="049,93"/>
          <Pregunta V="002"/>
        </lin>
        <lin>
          <Opcion V="001"/>
          <Votos V="5117"/>
          <Porc V="053,25"/>
          <Pregunta V="003"/>
        </lin>
        <lin>
          <Opcion V="002"/>
          <Votos V="4492"/>
          <Porc V="046,74"/>
          <Pregunta V="003"/>
        </lin>
        <lin>
          <Opcion V="001"/>
          <Votos V="4733"/>
          <Porc V="043,15"/>
          <Pregunta V="004"/>
        </lin>
        <lin>
          <Opcion V="002"/>
          <Votos V="6235"/>
          <Porc V="056,84"/>
          <Pregunta V="004"/>
        </lin>
        <lin>
          <Opcion V="001"/>
          <Votos V="5644"/>
          <Porc V="049,59"/>
          <Pregunta V="005"/>
        </lin>
        <lin>
          <Opcion V="002"/>
          <Votos V="5736"/>
          <Porc V="050,40"/>
          <Pregunta V="005"/>
        </lin>
        <lin>
          <Opcion V="001"/>
          <Votos V="5515"/>
          <Porc V="052,68"/>
          <Pregunta V="006"/>
        </lin>
        <lin>
          <Opcion V="002"/>
          <Votos V="4952"/>
          <Porc V="047,31"/>
          <Pregunta V="006"/>
        </lin>
        <lin>
          <Opcion V="001"/>
          <Votos V="5121"/>
          <Porc V="048,51"/>
          <Pregunta V="007"/>
        </lin>
        <lin>
          <Opcion V="002"/>
          <Votos V="5434"/>
          <Porc V="051,48"/>
          <Pregunta V="007"/>
        </lin>
      </Detalle_Opcion>
    </lin>
  </Detalle_Circunscripcion>
</Boletin>
</Boletin_Consolidado>