<Boletin_Consolidado><Boletin>
  <Numero V="0008"/>
  <Boletin_Departamental V="0012"/>
  <Tipo_Boletin V="DEPARTAMENTAL"/>
  <Desc_Corporacion V="CONSULTA POPULAR"/>
  <Departamento V="09"/>
  <Desc_Departamento V="CALDAS"/>
  <Municipio V="013"/>
  <Desc_Municipio V="ARANZAZU"/>
  <Dia V="21"/>
  <Mes V="8"/>
  <Anio V="2018"/>
  <Hora V="14"/>
  <Minuto V="15"/>
  <Mesas_Instaladas V="34"/>
  <Mesas_Informadas V="34"/>
  <Porc_Mesas_Informadas V="100,00"/>
  <Potencial_Sufragantes V="11209"/>
  <Detalle_Circunscripcion>
    <lin>
      <Circunscripcion V="0"/>
      <Desc_Circunscripcion V="NACIONAL"/>
      <Detalle_Pregunta>
        <lin>
          <Pregunta V="001"/>
          <Total_Sufragantes V="11209"/>
          <Porc_Sufragantes V="100,00"/>
          <Abstencion V="0"/>
          <Porc_Abstencion V="000,00"/>
          <Votos_Validos V="5214"/>
          <Porc_Votos_Validos V="046,51"/>
          <Votos_No_Marcados V="2928"/>
          <Porc_Votos_No_Marcados V="026,12"/>
          <Votos_Nulos V="3067"/>
          <Porc_Votos_Nulos V="027,36"/>
        </lin>
        <lin>
          <Pregunta V="002"/>
          <Total_Sufragantes V="11209"/>
          <Porc_Sufragantes V="100,00"/>
          <Abstencion V="0"/>
          <Porc_Abstencion V="000,00"/>
          <Votos_Validos V="5337"/>
          <Porc_Votos_Validos V="047,61"/>
          <Votos_No_Marcados V="3109"/>
          <Porc_Votos_No_Marcados V="027,73"/>
          <Votos_Nulos V="2763"/>
          <Porc_Votos_Nulos V="024,64"/>
        </lin>
        <lin>
          <Pregunta V="003"/>
          <Total_Sufragantes V="11209"/>
          <Porc_Sufragantes V="100,00"/>
          <Abstencion V="0"/>
          <Porc_Abstencion V="000,00"/>
          <Votos_Validos V="5843"/>
          <Porc_Votos_Validos V="052,12"/>
          <Votos_No_Marcados V="2391"/>
          <Porc_Votos_No_Marcados V="021,33"/>
          <Votos_Nulos V="2975"/>
          <Porc_Votos_Nulos V="026,54"/>
        </lin>
        <lin>
          <Pregunta V="004"/>
          <Total_Sufragantes V="11209"/>
          <Porc_Sufragantes V="100,00"/>
          <Abstencion V="0"/>
          <Porc_Abstencion V="000,00"/>
          <Votos_Validos V="5090"/>
          <Porc_Votos_Validos V="045,40"/>
          <Votos_No_Marcados V="3131"/>
          <Porc_Votos_No_Marcados V="027,93"/>
          <Votos_Nulos V="2988"/>
          <Porc_Votos_Nulos V="026,65"/>
        </lin>
        <lin>
          <Pregunta V="005"/>
          <Total_Sufragantes V="11209"/>
          <Porc_Sufragantes V="100,00"/>
          <Abstencion V="0"/>
          <Porc_Abstencion V="000,00"/>
          <Votos_Validos V="5674"/>
          <Porc_Votos_Validos V="050,62"/>
          <Votos_No_Marcados V="2932"/>
          <Porc_Votos_No_Marcados V="026,15"/>
          <Votos_Nulos V="2603"/>
          <Porc_Votos_Nulos V="023,22"/>
        </lin>
        <lin>
          <Pregunta V="006"/>
          <Total_Sufragantes V="11209"/>
          <Porc_Sufragantes V="100,00"/>
          <Abstencion V="0"/>
          <Porc_Abstencion V="000,00"/>
          <Votos_Validos V="5766"/>
          <Porc_Votos_Validos V="051,44"/>
          <Votos_No_Marcados V="2831"/>
          <Porc_Votos_No_Marcados V="025,25"/>
          <Votos_Nulos V="2612"/>
          <Porc_Votos_Nulos V="023,30"/>
        </lin>
        <lin>
          <Pregunta V="007"/>
          <Total_Sufragantes V="11209"/>
          <Porc_Sufragantes V="100,00"/>
          <Abstencion V="0"/>
          <Porc_Abstencion V="000,00"/>
          <Votos_Validos V="5085"/>
          <Porc_Votos_Validos V="045,36"/>
          <Votos_No_Marcados V="3105"/>
          <Porc_Votos_No_Marcados V="027,70"/>
          <Votos_Nulos V="3019"/>
          <Porc_Votos_Nulos V="026,93"/>
        </lin>
      </Detalle_Pregunta>
      <Detalle_Opcion>
        <lin>
          <Opcion V="001"/>
          <Votos V="2785"/>
          <Porc V="053,41"/>
          <Pregunta V="001"/>
        </lin>
        <lin>
          <Opcion V="002"/>
          <Votos V="2429"/>
          <Porc V="046,58"/>
          <Pregunta V="001"/>
        </lin>
        <lin>
          <Opcion V="001"/>
          <Votos V="2942"/>
          <Porc V="055,12"/>
          <Pregunta V="002"/>
        </lin>
        <lin>
          <Opcion V="002"/>
          <Votos V="2395"/>
          <Porc V="044,87"/>
          <Pregunta V="002"/>
        </lin>
        <lin>
          <Opcion V="001"/>
          <Votos V="2693"/>
          <Porc V="046,08"/>
          <Pregunta V="003"/>
        </lin>
        <lin>
          <Opcion V="002"/>
          <Votos V="3150"/>
          <Porc V="053,91"/>
          <Pregunta V="003"/>
        </lin>
        <lin>
          <Opcion V="001"/>
          <Votos V="2366"/>
          <Porc V="046,48"/>
          <Pregunta V="004"/>
        </lin>
        <lin>
          <Opcion V="002"/>
          <Votos V="2724"/>
          <Porc V="053,51"/>
          <Pregunta V="004"/>
        </lin>
        <lin>
          <Opcion V="001"/>
          <Votos V="2738"/>
          <Porc V="048,25"/>
          <Pregunta V="005"/>
        </lin>
        <lin>
          <Opcion V="002"/>
          <Votos V="2936"/>
          <Porc V="051,74"/>
          <Pregunta V="005"/>
        </lin>
        <lin>
          <Opcion V="001"/>
          <Votos V="3054"/>
          <Porc V="052,96"/>
          <Pregunta V="006"/>
        </lin>
        <lin>
          <Opcion V="002"/>
          <Votos V="2712"/>
          <Porc V="047,03"/>
          <Pregunta V="006"/>
        </lin>
        <lin>
          <Opcion V="001"/>
          <Votos V="2469"/>
          <Porc V="048,55"/>
          <Pregunta V="007"/>
        </lin>
        <lin>
          <Opcion V="002"/>
          <Votos V="2616"/>
          <Porc V="051,44"/>
          <Pregunta V="007"/>
        </lin>
      </Detalle_Opcion>
    </lin>
  </Detalle_Circunscripcion>
</Boletin>
</Boletin_Consolidado>