<Boletin_Consolidado><Boletin>
  <Numero V="0008"/>
  <Boletin_Departamental V="0012"/>
  <Tipo_Boletin V="DEPARTAMENTAL"/>
  <Desc_Corporacion V="CONSULTA POPULAR"/>
  <Departamento V="01"/>
  <Desc_Departamento V="ANTIOQUIA"/>
  <Municipio V="052"/>
  <Desc_Municipio V="BETANIA"/>
  <Dia V="21"/>
  <Mes V="8"/>
  <Anio V="2018"/>
  <Hora V="14"/>
  <Minuto V="15"/>
  <Mesas_Instaladas V="23"/>
  <Mesas_Informadas V="23"/>
  <Porc_Mesas_Informadas V="100,00"/>
  <Potencial_Sufragantes V="8365"/>
  <Detalle_Circunscripcion>
    <lin>
      <Circunscripcion V="0"/>
      <Desc_Circunscripcion V="NACIONAL"/>
      <Detalle_Pregunta>
        <lin>
          <Pregunta V="001"/>
          <Total_Sufragantes V="8365"/>
          <Porc_Sufragantes V="100,00"/>
          <Abstencion V="0"/>
          <Porc_Abstencion V="000,00"/>
          <Votos_Validos V="4382"/>
          <Porc_Votos_Validos V="052,38"/>
          <Votos_No_Marcados V="2177"/>
          <Porc_Votos_No_Marcados V="026,02"/>
          <Votos_Nulos V="1806"/>
          <Porc_Votos_Nulos V="021,58"/>
        </lin>
        <lin>
          <Pregunta V="002"/>
          <Total_Sufragantes V="8365"/>
          <Porc_Sufragantes V="100,00"/>
          <Abstencion V="0"/>
          <Porc_Abstencion V="000,00"/>
          <Votos_Validos V="4166"/>
          <Porc_Votos_Validos V="049,80"/>
          <Votos_No_Marcados V="1844"/>
          <Porc_Votos_No_Marcados V="022,04"/>
          <Votos_Nulos V="2355"/>
          <Porc_Votos_Nulos V="028,15"/>
        </lin>
        <lin>
          <Pregunta V="003"/>
          <Total_Sufragantes V="8365"/>
          <Porc_Sufragantes V="100,00"/>
          <Abstencion V="0"/>
          <Porc_Abstencion V="000,00"/>
          <Votos_Validos V="3951"/>
          <Porc_Votos_Validos V="047,23"/>
          <Votos_No_Marcados V="2392"/>
          <Porc_Votos_No_Marcados V="028,59"/>
          <Votos_Nulos V="2022"/>
          <Porc_Votos_Nulos V="024,17"/>
        </lin>
        <lin>
          <Pregunta V="004"/>
          <Total_Sufragantes V="8365"/>
          <Porc_Sufragantes V="100,00"/>
          <Abstencion V="0"/>
          <Porc_Abstencion V="000,00"/>
          <Votos_Validos V="4361"/>
          <Porc_Votos_Validos V="052,13"/>
          <Votos_No_Marcados V="2237"/>
          <Porc_Votos_No_Marcados V="026,74"/>
          <Votos_Nulos V="1767"/>
          <Porc_Votos_Nulos V="021,12"/>
        </lin>
        <lin>
          <Pregunta V="005"/>
          <Total_Sufragantes V="8365"/>
          <Porc_Sufragantes V="100,00"/>
          <Abstencion V="0"/>
          <Porc_Abstencion V="000,00"/>
          <Votos_Validos V="4279"/>
          <Porc_Votos_Validos V="051,15"/>
          <Votos_No_Marcados V="1709"/>
          <Porc_Votos_No_Marcados V="020,43"/>
          <Votos_Nulos V="2377"/>
          <Porc_Votos_Nulos V="028,41"/>
        </lin>
        <lin>
          <Pregunta V="006"/>
          <Total_Sufragantes V="8365"/>
          <Porc_Sufragantes V="100,00"/>
          <Abstencion V="0"/>
          <Porc_Abstencion V="000,00"/>
          <Votos_Validos V="3993"/>
          <Porc_Votos_Validos V="047,73"/>
          <Votos_No_Marcados V="1547"/>
          <Porc_Votos_No_Marcados V="018,49"/>
          <Votos_Nulos V="2825"/>
          <Porc_Votos_Nulos V="033,77"/>
        </lin>
        <lin>
          <Pregunta V="007"/>
          <Total_Sufragantes V="8365"/>
          <Porc_Sufragantes V="100,00"/>
          <Abstencion V="0"/>
          <Porc_Abstencion V="000,00"/>
          <Votos_Validos V="4319"/>
          <Porc_Votos_Validos V="051,63"/>
          <Votos_No_Marcados V="1885"/>
          <Porc_Votos_No_Marcados V="022,53"/>
          <Votos_Nulos V="2161"/>
          <Porc_Votos_Nulos V="025,83"/>
        </lin>
      </Detalle_Pregunta>
      <Detalle_Opcion>
        <lin>
          <Opcion V="001"/>
          <Votos V="2517"/>
          <Porc V="057,43"/>
          <Pregunta V="001"/>
        </lin>
        <lin>
          <Opcion V="002"/>
          <Votos V="1865"/>
          <Porc V="042,56"/>
          <Pregunta V="001"/>
        </lin>
        <lin>
          <Opcion V="001"/>
          <Votos V="1596"/>
          <Porc V="038,31"/>
          <Pregunta V="002"/>
        </lin>
        <lin>
          <Opcion V="002"/>
          <Votos V="2570"/>
          <Porc V="061,68"/>
          <Pregunta V="002"/>
        </lin>
        <lin>
          <Opcion V="001"/>
          <Votos V="1604"/>
          <Porc V="040,59"/>
          <Pregunta V="003"/>
        </lin>
        <lin>
          <Opcion V="002"/>
          <Votos V="2347"/>
          <Porc V="059,40"/>
          <Pregunta V="003"/>
        </lin>
        <lin>
          <Opcion V="001"/>
          <Votos V="2284"/>
          <Porc V="052,37"/>
          <Pregunta V="004"/>
        </lin>
        <lin>
          <Opcion V="002"/>
          <Votos V="2077"/>
          <Porc V="047,62"/>
          <Pregunta V="004"/>
        </lin>
        <lin>
          <Opcion V="001"/>
          <Votos V="2186"/>
          <Porc V="051,08"/>
          <Pregunta V="005"/>
        </lin>
        <lin>
          <Opcion V="002"/>
          <Votos V="2093"/>
          <Porc V="048,91"/>
          <Pregunta V="005"/>
        </lin>
        <lin>
          <Opcion V="001"/>
          <Votos V="2203"/>
          <Porc V="055,17"/>
          <Pregunta V="006"/>
        </lin>
        <lin>
          <Opcion V="002"/>
          <Votos V="1790"/>
          <Porc V="044,82"/>
          <Pregunta V="006"/>
        </lin>
        <lin>
          <Opcion V="001"/>
          <Votos V="1960"/>
          <Porc V="045,38"/>
          <Pregunta V="007"/>
        </lin>
        <lin>
          <Opcion V="002"/>
          <Votos V="2359"/>
          <Porc V="054,61"/>
          <Pregunta V="007"/>
        </lin>
      </Detalle_Opcion>
    </lin>
  </Detalle_Circunscripcion>
</Boletin>
</Boletin_Consolidado>