<Boletin_Consolidado><Boletin>
  <Numero V="0008"/>
  <Boletin_Departamental V="0012"/>
  <Tipo_Boletin V="DEPARTAMENTAL"/>
  <Desc_Corporacion V="CONSULTA POPULAR"/>
  <Departamento V="01"/>
  <Desc_Departamento V="ANTIOQUIA"/>
  <Municipio V="133"/>
  <Desc_Municipio V="GIRARDOTA"/>
  <Dia V="21"/>
  <Mes V="8"/>
  <Anio V="2018"/>
  <Hora V="14"/>
  <Minuto V="15"/>
  <Mesas_Instaladas V="135"/>
  <Mesas_Informadas V="135"/>
  <Porc_Mesas_Informadas V="100,00"/>
  <Potencial_Sufragantes V="50184"/>
  <Detalle_Circunscripcion>
    <lin>
      <Circunscripcion V="0"/>
      <Desc_Circunscripcion V="NACIONAL"/>
      <Detalle_Pregunta>
        <lin>
          <Pregunta V="001"/>
          <Total_Sufragantes V="50184"/>
          <Porc_Sufragantes V="100,00"/>
          <Abstencion V="0"/>
          <Porc_Abstencion V="000,00"/>
          <Votos_Validos V="25185"/>
          <Porc_Votos_Validos V="050,18"/>
          <Votos_No_Marcados V="11729"/>
          <Porc_Votos_No_Marcados V="023,37"/>
          <Votos_Nulos V="13270"/>
          <Porc_Votos_Nulos V="026,44"/>
        </lin>
        <lin>
          <Pregunta V="002"/>
          <Total_Sufragantes V="50184"/>
          <Porc_Sufragantes V="100,00"/>
          <Abstencion V="0"/>
          <Porc_Abstencion V="000,00"/>
          <Votos_Validos V="23665"/>
          <Porc_Votos_Validos V="047,15"/>
          <Votos_No_Marcados V="13732"/>
          <Porc_Votos_No_Marcados V="027,36"/>
          <Votos_Nulos V="12787"/>
          <Porc_Votos_Nulos V="025,48"/>
        </lin>
        <lin>
          <Pregunta V="003"/>
          <Total_Sufragantes V="50184"/>
          <Porc_Sufragantes V="100,00"/>
          <Abstencion V="0"/>
          <Porc_Abstencion V="000,00"/>
          <Votos_Validos V="23492"/>
          <Porc_Votos_Validos V="046,81"/>
          <Votos_No_Marcados V="13828"/>
          <Porc_Votos_No_Marcados V="027,55"/>
          <Votos_Nulos V="12864"/>
          <Porc_Votos_Nulos V="025,63"/>
        </lin>
        <lin>
          <Pregunta V="004"/>
          <Total_Sufragantes V="50184"/>
          <Porc_Sufragantes V="100,00"/>
          <Abstencion V="0"/>
          <Porc_Abstencion V="000,00"/>
          <Votos_Validos V="24440"/>
          <Porc_Votos_Validos V="048,70"/>
          <Votos_No_Marcados V="13677"/>
          <Porc_Votos_No_Marcados V="027,25"/>
          <Votos_Nulos V="12067"/>
          <Porc_Votos_Nulos V="024,04"/>
        </lin>
        <lin>
          <Pregunta V="005"/>
          <Total_Sufragantes V="50184"/>
          <Porc_Sufragantes V="100,00"/>
          <Abstencion V="0"/>
          <Porc_Abstencion V="000,00"/>
          <Votos_Validos V="23815"/>
          <Porc_Votos_Validos V="047,45"/>
          <Votos_No_Marcados V="13182"/>
          <Porc_Votos_No_Marcados V="026,26"/>
          <Votos_Nulos V="13187"/>
          <Porc_Votos_Nulos V="026,27"/>
        </lin>
        <lin>
          <Pregunta V="006"/>
          <Total_Sufragantes V="50184"/>
          <Porc_Sufragantes V="100,00"/>
          <Abstencion V="0"/>
          <Porc_Abstencion V="000,00"/>
          <Votos_Validos V="25986"/>
          <Porc_Votos_Validos V="051,78"/>
          <Votos_No_Marcados V="12570"/>
          <Porc_Votos_No_Marcados V="025,04"/>
          <Votos_Nulos V="11628"/>
          <Porc_Votos_Nulos V="023,17"/>
        </lin>
        <lin>
          <Pregunta V="007"/>
          <Total_Sufragantes V="50184"/>
          <Porc_Sufragantes V="100,00"/>
          <Abstencion V="0"/>
          <Porc_Abstencion V="000,00"/>
          <Votos_Validos V="24757"/>
          <Porc_Votos_Validos V="049,33"/>
          <Votos_No_Marcados V="12773"/>
          <Porc_Votos_No_Marcados V="025,45"/>
          <Votos_Nulos V="12654"/>
          <Porc_Votos_Nulos V="025,21"/>
        </lin>
      </Detalle_Pregunta>
      <Detalle_Opcion>
        <lin>
          <Opcion V="001"/>
          <Votos V="11809"/>
          <Porc V="046,88"/>
          <Pregunta V="001"/>
        </lin>
        <lin>
          <Opcion V="002"/>
          <Votos V="13376"/>
          <Porc V="053,11"/>
          <Pregunta V="001"/>
        </lin>
        <lin>
          <Opcion V="001"/>
          <Votos V="11231"/>
          <Porc V="047,45"/>
          <Pregunta V="002"/>
        </lin>
        <lin>
          <Opcion V="002"/>
          <Votos V="12434"/>
          <Porc V="052,54"/>
          <Pregunta V="002"/>
        </lin>
        <lin>
          <Opcion V="001"/>
          <Votos V="11358"/>
          <Porc V="048,34"/>
          <Pregunta V="003"/>
        </lin>
        <lin>
          <Opcion V="002"/>
          <Votos V="12134"/>
          <Porc V="051,65"/>
          <Pregunta V="003"/>
        </lin>
        <lin>
          <Opcion V="001"/>
          <Votos V="11759"/>
          <Porc V="048,11"/>
          <Pregunta V="004"/>
        </lin>
        <lin>
          <Opcion V="002"/>
          <Votos V="12681"/>
          <Porc V="051,88"/>
          <Pregunta V="004"/>
        </lin>
        <lin>
          <Opcion V="001"/>
          <Votos V="12231"/>
          <Porc V="051,35"/>
          <Pregunta V="005"/>
        </lin>
        <lin>
          <Opcion V="002"/>
          <Votos V="11584"/>
          <Porc V="048,64"/>
          <Pregunta V="005"/>
        </lin>
        <lin>
          <Opcion V="001"/>
          <Votos V="12636"/>
          <Porc V="048,62"/>
          <Pregunta V="006"/>
        </lin>
        <lin>
          <Opcion V="002"/>
          <Votos V="13350"/>
          <Porc V="051,37"/>
          <Pregunta V="006"/>
        </lin>
        <lin>
          <Opcion V="001"/>
          <Votos V="12384"/>
          <Porc V="050,02"/>
          <Pregunta V="007"/>
        </lin>
        <lin>
          <Opcion V="002"/>
          <Votos V="12373"/>
          <Porc V="049,97"/>
          <Pregunta V="007"/>
        </lin>
      </Detalle_Opcion>
    </lin>
  </Detalle_Circunscripcion>
</Boletin>
</Boletin_Consolidado>