<Boletin_Consolidado><Boletin>
  <Numero V="0008"/>
  <Boletin_Departamental V="0012"/>
  <Tipo_Boletin V="DEPARTAMENTAL"/>
  <Desc_Corporacion V="CONSULTA POPULAR"/>
  <Departamento V="15"/>
  <Desc_Departamento V="CUNDINAMARCA"/>
  <Municipio V="109"/>
  <Desc_Municipio V="GIRARDOT"/>
  <Dia V="21"/>
  <Mes V="8"/>
  <Anio V="2018"/>
  <Hora V="14"/>
  <Minuto V="15"/>
  <Mesas_Instaladas V="213"/>
  <Mesas_Informadas V="213"/>
  <Porc_Mesas_Informadas V="100,00"/>
  <Potencial_Sufragantes V="82581"/>
  <Detalle_Circunscripcion>
    <lin>
      <Circunscripcion V="0"/>
      <Desc_Circunscripcion V="NACIONAL"/>
      <Detalle_Pregunta>
        <lin>
          <Pregunta V="001"/>
          <Total_Sufragantes V="82581"/>
          <Porc_Sufragantes V="100,00"/>
          <Abstencion V="0"/>
          <Porc_Abstencion V="000,00"/>
          <Votos_Validos V="42509"/>
          <Porc_Votos_Validos V="051,47"/>
          <Votos_No_Marcados V="19863"/>
          <Porc_Votos_No_Marcados V="024,05"/>
          <Votos_Nulos V="20209"/>
          <Porc_Votos_Nulos V="024,47"/>
        </lin>
        <lin>
          <Pregunta V="002"/>
          <Total_Sufragantes V="82581"/>
          <Porc_Sufragantes V="100,00"/>
          <Abstencion V="0"/>
          <Porc_Abstencion V="000,00"/>
          <Votos_Validos V="39241"/>
          <Porc_Votos_Validos V="047,51"/>
          <Votos_No_Marcados V="22747"/>
          <Porc_Votos_No_Marcados V="027,54"/>
          <Votos_Nulos V="20593"/>
          <Porc_Votos_Nulos V="024,93"/>
        </lin>
        <lin>
          <Pregunta V="003"/>
          <Total_Sufragantes V="82581"/>
          <Porc_Sufragantes V="100,00"/>
          <Abstencion V="0"/>
          <Porc_Abstencion V="000,00"/>
          <Votos_Validos V="41917"/>
          <Porc_Votos_Validos V="050,75"/>
          <Votos_No_Marcados V="20153"/>
          <Porc_Votos_No_Marcados V="024,40"/>
          <Votos_Nulos V="20511"/>
          <Porc_Votos_Nulos V="024,83"/>
        </lin>
        <lin>
          <Pregunta V="004"/>
          <Total_Sufragantes V="82581"/>
          <Porc_Sufragantes V="100,00"/>
          <Abstencion V="0"/>
          <Porc_Abstencion V="000,00"/>
          <Votos_Validos V="40930"/>
          <Porc_Votos_Validos V="049,56"/>
          <Votos_No_Marcados V="20724"/>
          <Porc_Votos_No_Marcados V="025,09"/>
          <Votos_Nulos V="20927"/>
          <Porc_Votos_Nulos V="025,34"/>
        </lin>
        <lin>
          <Pregunta V="005"/>
          <Total_Sufragantes V="82581"/>
          <Porc_Sufragantes V="100,00"/>
          <Abstencion V="0"/>
          <Porc_Abstencion V="000,00"/>
          <Votos_Validos V="41427"/>
          <Porc_Votos_Validos V="050,16"/>
          <Votos_No_Marcados V="20448"/>
          <Porc_Votos_No_Marcados V="024,76"/>
          <Votos_Nulos V="20706"/>
          <Porc_Votos_Nulos V="025,07"/>
        </lin>
        <lin>
          <Pregunta V="006"/>
          <Total_Sufragantes V="82581"/>
          <Porc_Sufragantes V="100,00"/>
          <Abstencion V="0"/>
          <Porc_Abstencion V="000,00"/>
          <Votos_Validos V="40118"/>
          <Porc_Votos_Validos V="048,58"/>
          <Votos_No_Marcados V="20594"/>
          <Porc_Votos_No_Marcados V="024,93"/>
          <Votos_Nulos V="21869"/>
          <Porc_Votos_Nulos V="026,48"/>
        </lin>
        <lin>
          <Pregunta V="007"/>
          <Total_Sufragantes V="82581"/>
          <Porc_Sufragantes V="100,00"/>
          <Abstencion V="0"/>
          <Porc_Abstencion V="000,00"/>
          <Votos_Validos V="42193"/>
          <Porc_Votos_Validos V="051,09"/>
          <Votos_No_Marcados V="20442"/>
          <Porc_Votos_No_Marcados V="024,75"/>
          <Votos_Nulos V="19946"/>
          <Porc_Votos_Nulos V="024,15"/>
        </lin>
      </Detalle_Pregunta>
      <Detalle_Opcion>
        <lin>
          <Opcion V="001"/>
          <Votos V="22267"/>
          <Porc V="052,38"/>
          <Pregunta V="001"/>
        </lin>
        <lin>
          <Opcion V="002"/>
          <Votos V="20242"/>
          <Porc V="047,61"/>
          <Pregunta V="001"/>
        </lin>
        <lin>
          <Opcion V="001"/>
          <Votos V="20892"/>
          <Porc V="053,24"/>
          <Pregunta V="002"/>
        </lin>
        <lin>
          <Opcion V="002"/>
          <Votos V="18349"/>
          <Porc V="046,75"/>
          <Pregunta V="002"/>
        </lin>
        <lin>
          <Opcion V="001"/>
          <Votos V="21689"/>
          <Porc V="051,74"/>
          <Pregunta V="003"/>
        </lin>
        <lin>
          <Opcion V="002"/>
          <Votos V="20228"/>
          <Porc V="048,25"/>
          <Pregunta V="003"/>
        </lin>
        <lin>
          <Opcion V="001"/>
          <Votos V="20787"/>
          <Porc V="050,78"/>
          <Pregunta V="004"/>
        </lin>
        <lin>
          <Opcion V="002"/>
          <Votos V="20143"/>
          <Porc V="049,21"/>
          <Pregunta V="004"/>
        </lin>
        <lin>
          <Opcion V="001"/>
          <Votos V="20605"/>
          <Porc V="049,73"/>
          <Pregunta V="005"/>
        </lin>
        <lin>
          <Opcion V="002"/>
          <Votos V="20822"/>
          <Porc V="050,26"/>
          <Pregunta V="005"/>
        </lin>
        <lin>
          <Opcion V="001"/>
          <Votos V="21174"/>
          <Porc V="052,77"/>
          <Pregunta V="006"/>
        </lin>
        <lin>
          <Opcion V="002"/>
          <Votos V="18944"/>
          <Porc V="047,22"/>
          <Pregunta V="006"/>
        </lin>
        <lin>
          <Opcion V="001"/>
          <Votos V="22274"/>
          <Porc V="052,79"/>
          <Pregunta V="007"/>
        </lin>
        <lin>
          <Opcion V="002"/>
          <Votos V="19919"/>
          <Porc V="047,20"/>
          <Pregunta V="007"/>
        </lin>
      </Detalle_Opcion>
    </lin>
  </Detalle_Circunscripcion>
</Boletin>
</Boletin_Consolidado>