<Boletin_Consolidado><Boletin>
  <Numero V="0008"/>
  <Boletin_Departamental V="0012"/>
  <Tipo_Boletin V="DEPARTAMENTAL"/>
  <Desc_Corporacion V="CONSULTA POPULAR"/>
  <Departamento V="01"/>
  <Desc_Departamento V="ANTIOQUIA"/>
  <Municipio V="043"/>
  <Desc_Municipio V="BARBOSA"/>
  <Dia V="21"/>
  <Mes V="8"/>
  <Anio V="2018"/>
  <Hora V="14"/>
  <Minuto V="15"/>
  <Mesas_Instaladas V="113"/>
  <Mesas_Informadas V="113"/>
  <Porc_Mesas_Informadas V="100,00"/>
  <Potencial_Sufragantes V="40844"/>
  <Detalle_Circunscripcion>
    <lin>
      <Circunscripcion V="0"/>
      <Desc_Circunscripcion V="NACIONAL"/>
      <Detalle_Pregunta>
        <lin>
          <Pregunta V="001"/>
          <Total_Sufragantes V="40844"/>
          <Porc_Sufragantes V="100,00"/>
          <Abstencion V="0"/>
          <Porc_Abstencion V="000,00"/>
          <Votos_Validos V="20840"/>
          <Porc_Votos_Validos V="051,02"/>
          <Votos_No_Marcados V="10243"/>
          <Porc_Votos_No_Marcados V="025,07"/>
          <Votos_Nulos V="9761"/>
          <Porc_Votos_Nulos V="023,89"/>
        </lin>
        <lin>
          <Pregunta V="002"/>
          <Total_Sufragantes V="40844"/>
          <Porc_Sufragantes V="100,00"/>
          <Abstencion V="0"/>
          <Porc_Abstencion V="000,00"/>
          <Votos_Validos V="21212"/>
          <Porc_Votos_Validos V="051,93"/>
          <Votos_No_Marcados V="10504"/>
          <Porc_Votos_No_Marcados V="025,71"/>
          <Votos_Nulos V="9128"/>
          <Porc_Votos_Nulos V="022,34"/>
        </lin>
        <lin>
          <Pregunta V="003"/>
          <Total_Sufragantes V="40844"/>
          <Porc_Sufragantes V="100,00"/>
          <Abstencion V="0"/>
          <Porc_Abstencion V="000,00"/>
          <Votos_Validos V="19278"/>
          <Porc_Votos_Validos V="047,19"/>
          <Votos_No_Marcados V="11208"/>
          <Porc_Votos_No_Marcados V="027,44"/>
          <Votos_Nulos V="10358"/>
          <Porc_Votos_Nulos V="025,35"/>
        </lin>
        <lin>
          <Pregunta V="004"/>
          <Total_Sufragantes V="40844"/>
          <Porc_Sufragantes V="100,00"/>
          <Abstencion V="0"/>
          <Porc_Abstencion V="000,00"/>
          <Votos_Validos V="20415"/>
          <Porc_Votos_Validos V="049,98"/>
          <Votos_No_Marcados V="9846"/>
          <Porc_Votos_No_Marcados V="024,10"/>
          <Votos_Nulos V="10583"/>
          <Porc_Votos_Nulos V="025,91"/>
        </lin>
        <lin>
          <Pregunta V="005"/>
          <Total_Sufragantes V="40844"/>
          <Porc_Sufragantes V="100,00"/>
          <Abstencion V="0"/>
          <Porc_Abstencion V="000,00"/>
          <Votos_Validos V="20982"/>
          <Porc_Votos_Validos V="051,37"/>
          <Votos_No_Marcados V="9176"/>
          <Porc_Votos_No_Marcados V="022,46"/>
          <Votos_Nulos V="10686"/>
          <Porc_Votos_Nulos V="026,16"/>
        </lin>
        <lin>
          <Pregunta V="006"/>
          <Total_Sufragantes V="40844"/>
          <Porc_Sufragantes V="100,00"/>
          <Abstencion V="0"/>
          <Porc_Abstencion V="000,00"/>
          <Votos_Validos V="19140"/>
          <Porc_Votos_Validos V="046,86"/>
          <Votos_No_Marcados V="10576"/>
          <Porc_Votos_No_Marcados V="025,89"/>
          <Votos_Nulos V="11128"/>
          <Porc_Votos_Nulos V="027,24"/>
        </lin>
        <lin>
          <Pregunta V="007"/>
          <Total_Sufragantes V="40844"/>
          <Porc_Sufragantes V="100,00"/>
          <Abstencion V="0"/>
          <Porc_Abstencion V="000,00"/>
          <Votos_Validos V="19667"/>
          <Porc_Votos_Validos V="048,15"/>
          <Votos_No_Marcados V="9413"/>
          <Porc_Votos_No_Marcados V="023,04"/>
          <Votos_Nulos V="11764"/>
          <Porc_Votos_Nulos V="028,80"/>
        </lin>
      </Detalle_Pregunta>
      <Detalle_Opcion>
        <lin>
          <Opcion V="001"/>
          <Votos V="10825"/>
          <Porc V="051,94"/>
          <Pregunta V="001"/>
        </lin>
        <lin>
          <Opcion V="002"/>
          <Votos V="10015"/>
          <Porc V="048,05"/>
          <Pregunta V="001"/>
        </lin>
        <lin>
          <Opcion V="001"/>
          <Votos V="10108"/>
          <Porc V="047,65"/>
          <Pregunta V="002"/>
        </lin>
        <lin>
          <Opcion V="002"/>
          <Votos V="11104"/>
          <Porc V="052,34"/>
          <Pregunta V="002"/>
        </lin>
        <lin>
          <Opcion V="001"/>
          <Votos V="9551"/>
          <Porc V="049,54"/>
          <Pregunta V="003"/>
        </lin>
        <lin>
          <Opcion V="002"/>
          <Votos V="9727"/>
          <Porc V="050,45"/>
          <Pregunta V="003"/>
        </lin>
        <lin>
          <Opcion V="001"/>
          <Votos V="8674"/>
          <Porc V="042,48"/>
          <Pregunta V="004"/>
        </lin>
        <lin>
          <Opcion V="002"/>
          <Votos V="11741"/>
          <Porc V="057,51"/>
          <Pregunta V="004"/>
        </lin>
        <lin>
          <Opcion V="001"/>
          <Votos V="10569"/>
          <Porc V="050,37"/>
          <Pregunta V="005"/>
        </lin>
        <lin>
          <Opcion V="002"/>
          <Votos V="10413"/>
          <Porc V="049,62"/>
          <Pregunta V="005"/>
        </lin>
        <lin>
          <Opcion V="001"/>
          <Votos V="9356"/>
          <Porc V="048,88"/>
          <Pregunta V="006"/>
        </lin>
        <lin>
          <Opcion V="002"/>
          <Votos V="9784"/>
          <Porc V="051,11"/>
          <Pregunta V="006"/>
        </lin>
        <lin>
          <Opcion V="001"/>
          <Votos V="9716"/>
          <Porc V="049,40"/>
          <Pregunta V="007"/>
        </lin>
        <lin>
          <Opcion V="002"/>
          <Votos V="9951"/>
          <Porc V="050,59"/>
          <Pregunta V="007"/>
        </lin>
      </Detalle_Opcion>
    </lin>
  </Detalle_Circunscripcion>
</Boletin>
</Boletin_Consolidado>