<Boletin_Consolidado><Boletin>
  <Numero V="0008"/>
  <Boletin_Departamental V="0009"/>
  <Tipo_Boletin V="DEPARTAMENTAL"/>
  <Desc_Corporacion V="CONSULTA POPULAR"/>
  <Departamento V="07"/>
  <Desc_Departamento V="BOYACA"/>
  <Municipio V="136"/>
  <Desc_Municipio V="LA UVITA"/>
  <Dia V="21"/>
  <Mes V="8"/>
  <Anio V="2018"/>
  <Hora V="14"/>
  <Minuto V="15"/>
  <Mesas_Instaladas V="8"/>
  <Mesas_Informadas V="8"/>
  <Porc_Mesas_Informadas V="100,00"/>
  <Potencial_Sufragantes V="2488"/>
  <Detalle_Circunscripcion>
    <lin>
      <Circunscripcion V="0"/>
      <Desc_Circunscripcion V="NACIONAL"/>
      <Detalle_Pregunta>
        <lin>
          <Pregunta V="001"/>
          <Total_Sufragantes V="2488"/>
          <Porc_Sufragantes V="100,00"/>
          <Abstencion V="0"/>
          <Porc_Abstencion V="000,00"/>
          <Votos_Validos V="1240"/>
          <Porc_Votos_Validos V="049,83"/>
          <Votos_No_Marcados V="647"/>
          <Porc_Votos_No_Marcados V="026,00"/>
          <Votos_Nulos V="601"/>
          <Porc_Votos_Nulos V="024,15"/>
        </lin>
        <lin>
          <Pregunta V="002"/>
          <Total_Sufragantes V="2488"/>
          <Porc_Sufragantes V="100,00"/>
          <Abstencion V="0"/>
          <Porc_Abstencion V="000,00"/>
          <Votos_Validos V="1408"/>
          <Porc_Votos_Validos V="056,59"/>
          <Votos_No_Marcados V="501"/>
          <Porc_Votos_No_Marcados V="020,13"/>
          <Votos_Nulos V="579"/>
          <Porc_Votos_Nulos V="023,27"/>
        </lin>
        <lin>
          <Pregunta V="003"/>
          <Total_Sufragantes V="2488"/>
          <Porc_Sufragantes V="100,00"/>
          <Abstencion V="0"/>
          <Porc_Abstencion V="000,00"/>
          <Votos_Validos V="937"/>
          <Porc_Votos_Validos V="037,66"/>
          <Votos_No_Marcados V="882"/>
          <Porc_Votos_No_Marcados V="035,45"/>
          <Votos_Nulos V="669"/>
          <Porc_Votos_Nulos V="026,88"/>
        </lin>
        <lin>
          <Pregunta V="004"/>
          <Total_Sufragantes V="2488"/>
          <Porc_Sufragantes V="100,00"/>
          <Abstencion V="0"/>
          <Porc_Abstencion V="000,00"/>
          <Votos_Validos V="1483"/>
          <Porc_Votos_Validos V="059,60"/>
          <Votos_No_Marcados V="551"/>
          <Porc_Votos_No_Marcados V="022,14"/>
          <Votos_Nulos V="454"/>
          <Porc_Votos_Nulos V="018,24"/>
        </lin>
        <lin>
          <Pregunta V="005"/>
          <Total_Sufragantes V="2488"/>
          <Porc_Sufragantes V="100,00"/>
          <Abstencion V="0"/>
          <Porc_Abstencion V="000,00"/>
          <Votos_Validos V="1038"/>
          <Porc_Votos_Validos V="041,72"/>
          <Votos_No_Marcados V="606"/>
          <Porc_Votos_No_Marcados V="024,35"/>
          <Votos_Nulos V="844"/>
          <Porc_Votos_Nulos V="033,92"/>
        </lin>
        <lin>
          <Pregunta V="006"/>
          <Total_Sufragantes V="2488"/>
          <Porc_Sufragantes V="100,00"/>
          <Abstencion V="0"/>
          <Porc_Abstencion V="000,00"/>
          <Votos_Validos V="879"/>
          <Porc_Votos_Validos V="035,32"/>
          <Votos_No_Marcados V="774"/>
          <Porc_Votos_No_Marcados V="031,10"/>
          <Votos_Nulos V="835"/>
          <Porc_Votos_Nulos V="033,56"/>
        </lin>
        <lin>
          <Pregunta V="007"/>
          <Total_Sufragantes V="2488"/>
          <Porc_Sufragantes V="100,00"/>
          <Abstencion V="0"/>
          <Porc_Abstencion V="000,00"/>
          <Votos_Validos V="1066"/>
          <Porc_Votos_Validos V="042,84"/>
          <Votos_No_Marcados V="874"/>
          <Porc_Votos_No_Marcados V="035,12"/>
          <Votos_Nulos V="548"/>
          <Porc_Votos_Nulos V="022,02"/>
        </lin>
      </Detalle_Pregunta>
      <Detalle_Opcion>
        <lin>
          <Opcion V="001"/>
          <Votos V="466"/>
          <Porc V="037,58"/>
          <Pregunta V="001"/>
        </lin>
        <lin>
          <Opcion V="002"/>
          <Votos V="774"/>
          <Porc V="062,41"/>
          <Pregunta V="001"/>
        </lin>
        <lin>
          <Opcion V="001"/>
          <Votos V="419"/>
          <Porc V="029,75"/>
          <Pregunta V="002"/>
        </lin>
        <lin>
          <Opcion V="002"/>
          <Votos V="989"/>
          <Porc V="070,24"/>
          <Pregunta V="002"/>
        </lin>
        <lin>
          <Opcion V="001"/>
          <Votos V="467"/>
          <Porc V="049,83"/>
          <Pregunta V="003"/>
        </lin>
        <lin>
          <Opcion V="002"/>
          <Votos V="470"/>
          <Porc V="050,16"/>
          <Pregunta V="003"/>
        </lin>
        <lin>
          <Opcion V="001"/>
          <Votos V="698"/>
          <Porc V="047,06"/>
          <Pregunta V="004"/>
        </lin>
        <lin>
          <Opcion V="002"/>
          <Votos V="785"/>
          <Porc V="052,93"/>
          <Pregunta V="004"/>
        </lin>
        <lin>
          <Opcion V="001"/>
          <Votos V="604"/>
          <Porc V="058,18"/>
          <Pregunta V="005"/>
        </lin>
        <lin>
          <Opcion V="002"/>
          <Votos V="434"/>
          <Porc V="041,81"/>
          <Pregunta V="005"/>
        </lin>
        <lin>
          <Opcion V="001"/>
          <Votos V="398"/>
          <Porc V="045,27"/>
          <Pregunta V="006"/>
        </lin>
        <lin>
          <Opcion V="002"/>
          <Votos V="481"/>
          <Porc V="054,72"/>
          <Pregunta V="006"/>
        </lin>
        <lin>
          <Opcion V="001"/>
          <Votos V="317"/>
          <Porc V="029,73"/>
          <Pregunta V="007"/>
        </lin>
        <lin>
          <Opcion V="002"/>
          <Votos V="749"/>
          <Porc V="070,26"/>
          <Pregunta V="007"/>
        </lin>
      </Detalle_Opcion>
    </lin>
  </Detalle_Circunscripcion>
</Boletin>
</Boletin_Consolidado>