<Boletin_Consolidado><Boletin>
  <Numero V="0008"/>
  <Boletin_Departamental V="0011"/>
  <Tipo_Boletin V="DEPARTAMENTAL"/>
  <Desc_Corporacion V="CONSULTA POPULAR"/>
  <Departamento V="01"/>
  <Desc_Departamento V="ANTIOQUIA"/>
  <Municipio V="007"/>
  <Desc_Municipio V="ABRIAQUI"/>
  <Dia V="21"/>
  <Mes V="8"/>
  <Anio V="2018"/>
  <Hora V="14"/>
  <Minuto V="15"/>
  <Mesas_Instaladas V="6"/>
  <Mesas_Informadas V="6"/>
  <Porc_Mesas_Informadas V="100,00"/>
  <Potencial_Sufragantes V="1914"/>
  <Detalle_Circunscripcion>
    <lin>
      <Circunscripcion V="0"/>
      <Desc_Circunscripcion V="NACIONAL"/>
      <Detalle_Pregunta>
        <lin>
          <Pregunta V="001"/>
          <Total_Sufragantes V="1914"/>
          <Porc_Sufragantes V="100,00"/>
          <Abstencion V="0"/>
          <Porc_Abstencion V="000,00"/>
          <Votos_Validos V="1089"/>
          <Porc_Votos_Validos V="056,89"/>
          <Votos_No_Marcados V="505"/>
          <Porc_Votos_No_Marcados V="026,38"/>
          <Votos_Nulos V="320"/>
          <Porc_Votos_Nulos V="016,71"/>
        </lin>
        <lin>
          <Pregunta V="002"/>
          <Total_Sufragantes V="1914"/>
          <Porc_Sufragantes V="100,00"/>
          <Abstencion V="0"/>
          <Porc_Abstencion V="000,00"/>
          <Votos_Validos V="937"/>
          <Porc_Votos_Validos V="048,95"/>
          <Votos_No_Marcados V="472"/>
          <Porc_Votos_No_Marcados V="024,66"/>
          <Votos_Nulos V="505"/>
          <Porc_Votos_Nulos V="026,38"/>
        </lin>
        <lin>
          <Pregunta V="003"/>
          <Total_Sufragantes V="1914"/>
          <Porc_Sufragantes V="100,00"/>
          <Abstencion V="0"/>
          <Porc_Abstencion V="000,00"/>
          <Votos_Validos V="706"/>
          <Porc_Votos_Validos V="036,88"/>
          <Votos_No_Marcados V="750"/>
          <Porc_Votos_No_Marcados V="039,18"/>
          <Votos_Nulos V="458"/>
          <Porc_Votos_Nulos V="023,92"/>
        </lin>
        <lin>
          <Pregunta V="004"/>
          <Total_Sufragantes V="1914"/>
          <Porc_Sufragantes V="100,00"/>
          <Abstencion V="0"/>
          <Porc_Abstencion V="000,00"/>
          <Votos_Validos V="1116"/>
          <Porc_Votos_Validos V="058,30"/>
          <Votos_No_Marcados V="282"/>
          <Porc_Votos_No_Marcados V="014,73"/>
          <Votos_Nulos V="516"/>
          <Porc_Votos_Nulos V="026,95"/>
        </lin>
        <lin>
          <Pregunta V="005"/>
          <Total_Sufragantes V="1914"/>
          <Porc_Sufragantes V="100,00"/>
          <Abstencion V="0"/>
          <Porc_Abstencion V="000,00"/>
          <Votos_Validos V="1062"/>
          <Porc_Votos_Validos V="055,48"/>
          <Votos_No_Marcados V="401"/>
          <Porc_Votos_No_Marcados V="020,95"/>
          <Votos_Nulos V="451"/>
          <Porc_Votos_Nulos V="023,56"/>
        </lin>
        <lin>
          <Pregunta V="006"/>
          <Total_Sufragantes V="1914"/>
          <Porc_Sufragantes V="100,00"/>
          <Abstencion V="0"/>
          <Porc_Abstencion V="000,00"/>
          <Votos_Validos V="992"/>
          <Porc_Votos_Validos V="051,82"/>
          <Votos_No_Marcados V="407"/>
          <Porc_Votos_No_Marcados V="021,26"/>
          <Votos_Nulos V="515"/>
          <Porc_Votos_Nulos V="026,90"/>
        </lin>
        <lin>
          <Pregunta V="007"/>
          <Total_Sufragantes V="1914"/>
          <Porc_Sufragantes V="100,00"/>
          <Abstencion V="0"/>
          <Porc_Abstencion V="000,00"/>
          <Votos_Validos V="1036"/>
          <Porc_Votos_Validos V="054,12"/>
          <Votos_No_Marcados V="529"/>
          <Porc_Votos_No_Marcados V="027,63"/>
          <Votos_Nulos V="349"/>
          <Porc_Votos_Nulos V="018,23"/>
        </lin>
      </Detalle_Pregunta>
      <Detalle_Opcion>
        <lin>
          <Opcion V="001"/>
          <Votos V="465"/>
          <Porc V="042,69"/>
          <Pregunta V="001"/>
        </lin>
        <lin>
          <Opcion V="002"/>
          <Votos V="624"/>
          <Porc V="057,30"/>
          <Pregunta V="001"/>
        </lin>
        <lin>
          <Opcion V="001"/>
          <Votos V="665"/>
          <Porc V="070,97"/>
          <Pregunta V="002"/>
        </lin>
        <lin>
          <Opcion V="002"/>
          <Votos V="272"/>
          <Porc V="029,02"/>
          <Pregunta V="002"/>
        </lin>
        <lin>
          <Opcion V="001"/>
          <Votos V="289"/>
          <Porc V="040,93"/>
          <Pregunta V="003"/>
        </lin>
        <lin>
          <Opcion V="002"/>
          <Votos V="417"/>
          <Porc V="059,06"/>
          <Pregunta V="003"/>
        </lin>
        <lin>
          <Opcion V="001"/>
          <Votos V="453"/>
          <Porc V="040,59"/>
          <Pregunta V="004"/>
        </lin>
        <lin>
          <Opcion V="002"/>
          <Votos V="663"/>
          <Porc V="059,40"/>
          <Pregunta V="004"/>
        </lin>
        <lin>
          <Opcion V="001"/>
          <Votos V="767"/>
          <Porc V="072,22"/>
          <Pregunta V="005"/>
        </lin>
        <lin>
          <Opcion V="002"/>
          <Votos V="295"/>
          <Porc V="027,77"/>
          <Pregunta V="005"/>
        </lin>
        <lin>
          <Opcion V="001"/>
          <Votos V="347"/>
          <Porc V="034,97"/>
          <Pregunta V="006"/>
        </lin>
        <lin>
          <Opcion V="002"/>
          <Votos V="645"/>
          <Porc V="065,02"/>
          <Pregunta V="006"/>
        </lin>
        <lin>
          <Opcion V="001"/>
          <Votos V="383"/>
          <Porc V="036,96"/>
          <Pregunta V="007"/>
        </lin>
        <lin>
          <Opcion V="002"/>
          <Votos V="653"/>
          <Porc V="063,03"/>
          <Pregunta V="007"/>
        </lin>
      </Detalle_Opcion>
    </lin>
  </Detalle_Circunscripcion>
</Boletin>
</Boletin_Consolidado>