<Boletin_Consolidado><Boletin>
  <Numero V="0008"/>
  <Boletin_Departamental V="0012"/>
  <Tipo_Boletin V="DEPARTAMENTAL"/>
  <Desc_Corporacion V="CONSULTA POPULAR"/>
  <Departamento V="01"/>
  <Desc_Departamento V="ANTIOQUIA"/>
  <Municipio V="091"/>
  <Desc_Municipio V="CISNEROS"/>
  <Dia V="21"/>
  <Mes V="8"/>
  <Anio V="2018"/>
  <Hora V="14"/>
  <Minuto V="15"/>
  <Mesas_Instaladas V="31"/>
  <Mesas_Informadas V="31"/>
  <Porc_Mesas_Informadas V="100,00"/>
  <Potencial_Sufragantes V="11560"/>
  <Detalle_Circunscripcion>
    <lin>
      <Circunscripcion V="0"/>
      <Desc_Circunscripcion V="NACIONAL"/>
      <Detalle_Pregunta>
        <lin>
          <Pregunta V="001"/>
          <Total_Sufragantes V="11560"/>
          <Porc_Sufragantes V="100,00"/>
          <Abstencion V="0"/>
          <Porc_Abstencion V="000,00"/>
          <Votos_Validos V="5317"/>
          <Porc_Votos_Validos V="045,99"/>
          <Votos_No_Marcados V="3519"/>
          <Porc_Votos_No_Marcados V="030,44"/>
          <Votos_Nulos V="2724"/>
          <Porc_Votos_Nulos V="023,56"/>
        </lin>
        <lin>
          <Pregunta V="002"/>
          <Total_Sufragantes V="11560"/>
          <Porc_Sufragantes V="100,00"/>
          <Abstencion V="0"/>
          <Porc_Abstencion V="000,00"/>
          <Votos_Validos V="4908"/>
          <Porc_Votos_Validos V="042,45"/>
          <Votos_No_Marcados V="3914"/>
          <Porc_Votos_No_Marcados V="033,85"/>
          <Votos_Nulos V="2738"/>
          <Porc_Votos_Nulos V="023,68"/>
        </lin>
        <lin>
          <Pregunta V="003"/>
          <Total_Sufragantes V="11560"/>
          <Porc_Sufragantes V="100,00"/>
          <Abstencion V="0"/>
          <Porc_Abstencion V="000,00"/>
          <Votos_Validos V="6148"/>
          <Porc_Votos_Validos V="053,18"/>
          <Votos_No_Marcados V="3008"/>
          <Porc_Votos_No_Marcados V="026,02"/>
          <Votos_Nulos V="2404"/>
          <Porc_Votos_Nulos V="020,79"/>
        </lin>
        <lin>
          <Pregunta V="004"/>
          <Total_Sufragantes V="11560"/>
          <Porc_Sufragantes V="100,00"/>
          <Abstencion V="0"/>
          <Porc_Abstencion V="000,00"/>
          <Votos_Validos V="5336"/>
          <Porc_Votos_Validos V="046,15"/>
          <Votos_No_Marcados V="3045"/>
          <Porc_Votos_No_Marcados V="026,34"/>
          <Votos_Nulos V="3179"/>
          <Porc_Votos_Nulos V="027,50"/>
        </lin>
        <lin>
          <Pregunta V="005"/>
          <Total_Sufragantes V="11560"/>
          <Porc_Sufragantes V="100,00"/>
          <Abstencion V="0"/>
          <Porc_Abstencion V="000,00"/>
          <Votos_Validos V="5692"/>
          <Porc_Votos_Validos V="049,23"/>
          <Votos_No_Marcados V="3002"/>
          <Porc_Votos_No_Marcados V="025,96"/>
          <Votos_Nulos V="2866"/>
          <Porc_Votos_Nulos V="024,79"/>
        </lin>
        <lin>
          <Pregunta V="006"/>
          <Total_Sufragantes V="11560"/>
          <Porc_Sufragantes V="100,00"/>
          <Abstencion V="0"/>
          <Porc_Abstencion V="000,00"/>
          <Votos_Validos V="6503"/>
          <Porc_Votos_Validos V="056,25"/>
          <Votos_No_Marcados V="2449"/>
          <Porc_Votos_No_Marcados V="021,18"/>
          <Votos_Nulos V="2608"/>
          <Porc_Votos_Nulos V="022,56"/>
        </lin>
        <lin>
          <Pregunta V="007"/>
          <Total_Sufragantes V="11560"/>
          <Porc_Sufragantes V="100,00"/>
          <Abstencion V="0"/>
          <Porc_Abstencion V="000,00"/>
          <Votos_Validos V="5558"/>
          <Porc_Votos_Validos V="048,07"/>
          <Votos_No_Marcados V="2354"/>
          <Porc_Votos_No_Marcados V="020,36"/>
          <Votos_Nulos V="3648"/>
          <Porc_Votos_Nulos V="031,55"/>
        </lin>
      </Detalle_Pregunta>
      <Detalle_Opcion>
        <lin>
          <Opcion V="001"/>
          <Votos V="2971"/>
          <Porc V="055,87"/>
          <Pregunta V="001"/>
        </lin>
        <lin>
          <Opcion V="002"/>
          <Votos V="2346"/>
          <Porc V="044,12"/>
          <Pregunta V="001"/>
        </lin>
        <lin>
          <Opcion V="001"/>
          <Votos V="2499"/>
          <Porc V="050,91"/>
          <Pregunta V="002"/>
        </lin>
        <lin>
          <Opcion V="002"/>
          <Votos V="2409"/>
          <Porc V="049,08"/>
          <Pregunta V="002"/>
        </lin>
        <lin>
          <Opcion V="001"/>
          <Votos V="3147"/>
          <Porc V="051,18"/>
          <Pregunta V="003"/>
        </lin>
        <lin>
          <Opcion V="002"/>
          <Votos V="3001"/>
          <Porc V="048,81"/>
          <Pregunta V="003"/>
        </lin>
        <lin>
          <Opcion V="001"/>
          <Votos V="2229"/>
          <Porc V="041,77"/>
          <Pregunta V="004"/>
        </lin>
        <lin>
          <Opcion V="002"/>
          <Votos V="3107"/>
          <Porc V="058,22"/>
          <Pregunta V="004"/>
        </lin>
        <lin>
          <Opcion V="001"/>
          <Votos V="2273"/>
          <Porc V="039,93"/>
          <Pregunta V="005"/>
        </lin>
        <lin>
          <Opcion V="002"/>
          <Votos V="3419"/>
          <Porc V="060,06"/>
          <Pregunta V="005"/>
        </lin>
        <lin>
          <Opcion V="001"/>
          <Votos V="2985"/>
          <Porc V="045,90"/>
          <Pregunta V="006"/>
        </lin>
        <lin>
          <Opcion V="002"/>
          <Votos V="3518"/>
          <Porc V="054,09"/>
          <Pregunta V="006"/>
        </lin>
        <lin>
          <Opcion V="001"/>
          <Votos V="2696"/>
          <Porc V="048,50"/>
          <Pregunta V="007"/>
        </lin>
        <lin>
          <Opcion V="002"/>
          <Votos V="2862"/>
          <Porc V="051,49"/>
          <Pregunta V="007"/>
        </lin>
      </Detalle_Opcion>
    </lin>
  </Detalle_Circunscripcion>
</Boletin>
</Boletin_Consolidado>