<Boletin_Consolidado><Boletin>
  <Numero V="0008"/>
  <Boletin_Departamental V="0012"/>
  <Tipo_Boletin V="DEPARTAMENTAL"/>
  <Desc_Corporacion V="CONSULTA POPULAR"/>
  <Departamento V="01"/>
  <Desc_Departamento V="ANTIOQUIA"/>
  <Municipio V="061"/>
  <Desc_Municipio V="BURITICA"/>
  <Dia V="21"/>
  <Mes V="8"/>
  <Anio V="2018"/>
  <Hora V="14"/>
  <Minuto V="15"/>
  <Mesas_Instaladas V="22"/>
  <Mesas_Informadas V="22"/>
  <Porc_Mesas_Informadas V="100,00"/>
  <Potencial_Sufragantes V="7332"/>
  <Detalle_Circunscripcion>
    <lin>
      <Circunscripcion V="0"/>
      <Desc_Circunscripcion V="NACIONAL"/>
      <Detalle_Pregunta>
        <lin>
          <Pregunta V="001"/>
          <Total_Sufragantes V="7332"/>
          <Porc_Sufragantes V="100,00"/>
          <Abstencion V="0"/>
          <Porc_Abstencion V="000,00"/>
          <Votos_Validos V="3435"/>
          <Porc_Votos_Validos V="046,84"/>
          <Votos_No_Marcados V="2069"/>
          <Porc_Votos_No_Marcados V="028,21"/>
          <Votos_Nulos V="1828"/>
          <Porc_Votos_Nulos V="024,93"/>
        </lin>
        <lin>
          <Pregunta V="002"/>
          <Total_Sufragantes V="7332"/>
          <Porc_Sufragantes V="100,00"/>
          <Abstencion V="0"/>
          <Porc_Abstencion V="000,00"/>
          <Votos_Validos V="3934"/>
          <Porc_Votos_Validos V="053,65"/>
          <Votos_No_Marcados V="1697"/>
          <Porc_Votos_No_Marcados V="023,14"/>
          <Votos_Nulos V="1701"/>
          <Porc_Votos_Nulos V="023,19"/>
        </lin>
        <lin>
          <Pregunta V="003"/>
          <Total_Sufragantes V="7332"/>
          <Porc_Sufragantes V="100,00"/>
          <Abstencion V="0"/>
          <Porc_Abstencion V="000,00"/>
          <Votos_Validos V="3069"/>
          <Porc_Votos_Validos V="041,85"/>
          <Votos_No_Marcados V="1929"/>
          <Porc_Votos_No_Marcados V="026,30"/>
          <Votos_Nulos V="2334"/>
          <Porc_Votos_Nulos V="031,83"/>
        </lin>
        <lin>
          <Pregunta V="004"/>
          <Total_Sufragantes V="7332"/>
          <Porc_Sufragantes V="100,00"/>
          <Abstencion V="0"/>
          <Porc_Abstencion V="000,00"/>
          <Votos_Validos V="3812"/>
          <Porc_Votos_Validos V="051,99"/>
          <Votos_No_Marcados V="1829"/>
          <Porc_Votos_No_Marcados V="024,94"/>
          <Votos_Nulos V="1691"/>
          <Porc_Votos_Nulos V="023,06"/>
        </lin>
        <lin>
          <Pregunta V="005"/>
          <Total_Sufragantes V="7332"/>
          <Porc_Sufragantes V="100,00"/>
          <Abstencion V="0"/>
          <Porc_Abstencion V="000,00"/>
          <Votos_Validos V="3111"/>
          <Porc_Votos_Validos V="042,43"/>
          <Votos_No_Marcados V="2254"/>
          <Porc_Votos_No_Marcados V="030,74"/>
          <Votos_Nulos V="1967"/>
          <Porc_Votos_Nulos V="026,82"/>
        </lin>
        <lin>
          <Pregunta V="006"/>
          <Total_Sufragantes V="7332"/>
          <Porc_Sufragantes V="100,00"/>
          <Abstencion V="0"/>
          <Porc_Abstencion V="000,00"/>
          <Votos_Validos V="3784"/>
          <Porc_Votos_Validos V="051,60"/>
          <Votos_No_Marcados V="1791"/>
          <Porc_Votos_No_Marcados V="024,42"/>
          <Votos_Nulos V="1757"/>
          <Porc_Votos_Nulos V="023,96"/>
        </lin>
        <lin>
          <Pregunta V="007"/>
          <Total_Sufragantes V="7332"/>
          <Porc_Sufragantes V="100,00"/>
          <Abstencion V="0"/>
          <Porc_Abstencion V="000,00"/>
          <Votos_Validos V="4018"/>
          <Porc_Votos_Validos V="054,80"/>
          <Votos_No_Marcados V="1821"/>
          <Porc_Votos_No_Marcados V="024,83"/>
          <Votos_Nulos V="1493"/>
          <Porc_Votos_Nulos V="020,36"/>
        </lin>
      </Detalle_Pregunta>
      <Detalle_Opcion>
        <lin>
          <Opcion V="001"/>
          <Votos V="1662"/>
          <Porc V="048,38"/>
          <Pregunta V="001"/>
        </lin>
        <lin>
          <Opcion V="002"/>
          <Votos V="1773"/>
          <Porc V="051,61"/>
          <Pregunta V="001"/>
        </lin>
        <lin>
          <Opcion V="001"/>
          <Votos V="1743"/>
          <Porc V="044,30"/>
          <Pregunta V="002"/>
        </lin>
        <lin>
          <Opcion V="002"/>
          <Votos V="2191"/>
          <Porc V="055,69"/>
          <Pregunta V="002"/>
        </lin>
        <lin>
          <Opcion V="001"/>
          <Votos V="1323"/>
          <Porc V="043,10"/>
          <Pregunta V="003"/>
        </lin>
        <lin>
          <Opcion V="002"/>
          <Votos V="1746"/>
          <Porc V="056,89"/>
          <Pregunta V="003"/>
        </lin>
        <lin>
          <Opcion V="001"/>
          <Votos V="1924"/>
          <Porc V="050,47"/>
          <Pregunta V="004"/>
        </lin>
        <lin>
          <Opcion V="002"/>
          <Votos V="1888"/>
          <Porc V="049,52"/>
          <Pregunta V="004"/>
        </lin>
        <lin>
          <Opcion V="001"/>
          <Votos V="1486"/>
          <Porc V="047,76"/>
          <Pregunta V="005"/>
        </lin>
        <lin>
          <Opcion V="002"/>
          <Votos V="1625"/>
          <Porc V="052,23"/>
          <Pregunta V="005"/>
        </lin>
        <lin>
          <Opcion V="001"/>
          <Votos V="1839"/>
          <Porc V="048,59"/>
          <Pregunta V="006"/>
        </lin>
        <lin>
          <Opcion V="002"/>
          <Votos V="1945"/>
          <Porc V="051,40"/>
          <Pregunta V="006"/>
        </lin>
        <lin>
          <Opcion V="001"/>
          <Votos V="1813"/>
          <Porc V="045,12"/>
          <Pregunta V="007"/>
        </lin>
        <lin>
          <Opcion V="002"/>
          <Votos V="2205"/>
          <Porc V="054,87"/>
          <Pregunta V="007"/>
        </lin>
      </Detalle_Opcion>
    </lin>
  </Detalle_Circunscripcion>
</Boletin>
</Boletin_Consolidado>