<Boletin_Consolidado><Boletin>
  <Numero V="0008"/>
  <Boletin_Departamental V="0012"/>
  <Tipo_Boletin V="DEPARTAMENTAL"/>
  <Desc_Corporacion V="CONSULTA POPULAR"/>
  <Departamento V="13"/>
  <Desc_Departamento V="CORDOBA"/>
  <Municipio V="040"/>
  <Desc_Municipio V="SAN ANDRES DE SOTAVENTO"/>
  <Dia V="21"/>
  <Mes V="8"/>
  <Anio V="2018"/>
  <Hora V="14"/>
  <Minuto V="15"/>
  <Mesas_Instaladas V="80"/>
  <Mesas_Informadas V="80"/>
  <Porc_Mesas_Informadas V="100,00"/>
  <Potencial_Sufragantes V="28847"/>
  <Detalle_Circunscripcion>
    <lin>
      <Circunscripcion V="0"/>
      <Desc_Circunscripcion V="NACIONAL"/>
      <Detalle_Pregunta>
        <lin>
          <Pregunta V="001"/>
          <Total_Sufragantes V="28847"/>
          <Porc_Sufragantes V="100,00"/>
          <Abstencion V="0"/>
          <Porc_Abstencion V="000,00"/>
          <Votos_Validos V="14568"/>
          <Porc_Votos_Validos V="050,50"/>
          <Votos_No_Marcados V="7161"/>
          <Porc_Votos_No_Marcados V="024,82"/>
          <Votos_Nulos V="7118"/>
          <Porc_Votos_Nulos V="024,67"/>
        </lin>
        <lin>
          <Pregunta V="002"/>
          <Total_Sufragantes V="28847"/>
          <Porc_Sufragantes V="100,00"/>
          <Abstencion V="0"/>
          <Porc_Abstencion V="000,00"/>
          <Votos_Validos V="14343"/>
          <Porc_Votos_Validos V="049,72"/>
          <Votos_No_Marcados V="7508"/>
          <Porc_Votos_No_Marcados V="026,02"/>
          <Votos_Nulos V="6996"/>
          <Porc_Votos_Nulos V="024,25"/>
        </lin>
        <lin>
          <Pregunta V="003"/>
          <Total_Sufragantes V="28847"/>
          <Porc_Sufragantes V="100,00"/>
          <Abstencion V="0"/>
          <Porc_Abstencion V="000,00"/>
          <Votos_Validos V="15026"/>
          <Porc_Votos_Validos V="052,08"/>
          <Votos_No_Marcados V="7586"/>
          <Porc_Votos_No_Marcados V="026,29"/>
          <Votos_Nulos V="6235"/>
          <Porc_Votos_Nulos V="021,61"/>
        </lin>
        <lin>
          <Pregunta V="004"/>
          <Total_Sufragantes V="28847"/>
          <Porc_Sufragantes V="100,00"/>
          <Abstencion V="0"/>
          <Porc_Abstencion V="000,00"/>
          <Votos_Validos V="13854"/>
          <Porc_Votos_Validos V="048,02"/>
          <Votos_No_Marcados V="6862"/>
          <Porc_Votos_No_Marcados V="023,78"/>
          <Votos_Nulos V="8131"/>
          <Porc_Votos_Nulos V="028,18"/>
        </lin>
        <lin>
          <Pregunta V="005"/>
          <Total_Sufragantes V="28847"/>
          <Porc_Sufragantes V="100,00"/>
          <Abstencion V="0"/>
          <Porc_Abstencion V="000,00"/>
          <Votos_Validos V="13386"/>
          <Porc_Votos_Validos V="046,40"/>
          <Votos_No_Marcados V="7707"/>
          <Porc_Votos_No_Marcados V="026,71"/>
          <Votos_Nulos V="7754"/>
          <Porc_Votos_Nulos V="026,87"/>
        </lin>
        <lin>
          <Pregunta V="006"/>
          <Total_Sufragantes V="28847"/>
          <Porc_Sufragantes V="100,00"/>
          <Abstencion V="0"/>
          <Porc_Abstencion V="000,00"/>
          <Votos_Validos V="14108"/>
          <Porc_Votos_Validos V="048,90"/>
          <Votos_No_Marcados V="7488"/>
          <Porc_Votos_No_Marcados V="025,95"/>
          <Votos_Nulos V="7251"/>
          <Porc_Votos_Nulos V="025,13"/>
        </lin>
        <lin>
          <Pregunta V="007"/>
          <Total_Sufragantes V="28847"/>
          <Porc_Sufragantes V="100,00"/>
          <Abstencion V="0"/>
          <Porc_Abstencion V="000,00"/>
          <Votos_Validos V="14275"/>
          <Porc_Votos_Validos V="049,48"/>
          <Votos_No_Marcados V="6797"/>
          <Porc_Votos_No_Marcados V="023,56"/>
          <Votos_Nulos V="7775"/>
          <Porc_Votos_Nulos V="026,95"/>
        </lin>
      </Detalle_Pregunta>
      <Detalle_Opcion>
        <lin>
          <Opcion V="001"/>
          <Votos V="7002"/>
          <Porc V="048,06"/>
          <Pregunta V="001"/>
        </lin>
        <lin>
          <Opcion V="002"/>
          <Votos V="7566"/>
          <Porc V="051,93"/>
          <Pregunta V="001"/>
        </lin>
        <lin>
          <Opcion V="001"/>
          <Votos V="6782"/>
          <Porc V="047,28"/>
          <Pregunta V="002"/>
        </lin>
        <lin>
          <Opcion V="002"/>
          <Votos V="7561"/>
          <Porc V="052,71"/>
          <Pregunta V="002"/>
        </lin>
        <lin>
          <Opcion V="001"/>
          <Votos V="7560"/>
          <Porc V="050,31"/>
          <Pregunta V="003"/>
        </lin>
        <lin>
          <Opcion V="002"/>
          <Votos V="7466"/>
          <Porc V="049,68"/>
          <Pregunta V="003"/>
        </lin>
        <lin>
          <Opcion V="001"/>
          <Votos V="7228"/>
          <Porc V="052,17"/>
          <Pregunta V="004"/>
        </lin>
        <lin>
          <Opcion V="002"/>
          <Votos V="6626"/>
          <Porc V="047,82"/>
          <Pregunta V="004"/>
        </lin>
        <lin>
          <Opcion V="001"/>
          <Votos V="7494"/>
          <Porc V="055,98"/>
          <Pregunta V="005"/>
        </lin>
        <lin>
          <Opcion V="002"/>
          <Votos V="5892"/>
          <Porc V="044,01"/>
          <Pregunta V="005"/>
        </lin>
        <lin>
          <Opcion V="001"/>
          <Votos V="7097"/>
          <Porc V="050,30"/>
          <Pregunta V="006"/>
        </lin>
        <lin>
          <Opcion V="002"/>
          <Votos V="7011"/>
          <Porc V="049,69"/>
          <Pregunta V="006"/>
        </lin>
        <lin>
          <Opcion V="001"/>
          <Votos V="7387"/>
          <Porc V="051,74"/>
          <Pregunta V="007"/>
        </lin>
        <lin>
          <Opcion V="002"/>
          <Votos V="6888"/>
          <Porc V="048,25"/>
          <Pregunta V="007"/>
        </lin>
      </Detalle_Opcion>
    </lin>
  </Detalle_Circunscripcion>
</Boletin>
</Boletin_Consolidado>