<Boletin_Consolidado><Boletin>
  <Numero V="0008"/>
  <Boletin_Departamental V="0012"/>
  <Tipo_Boletin V="DEPARTAMENTAL"/>
  <Desc_Corporacion V="CONSULTA POPULAR"/>
  <Departamento V="07"/>
  <Desc_Departamento V="BOYACA"/>
  <Municipio V="097"/>
  <Desc_Municipio V="GAMEZA"/>
  <Dia V="21"/>
  <Mes V="8"/>
  <Anio V="2018"/>
  <Hora V="14"/>
  <Minuto V="15"/>
  <Mesas_Instaladas V="11"/>
  <Mesas_Informadas V="11"/>
  <Porc_Mesas_Informadas V="100,00"/>
  <Potencial_Sufragantes V="4009"/>
  <Detalle_Circunscripcion>
    <lin>
      <Circunscripcion V="0"/>
      <Desc_Circunscripcion V="NACIONAL"/>
      <Detalle_Pregunta>
        <lin>
          <Pregunta V="001"/>
          <Total_Sufragantes V="4009"/>
          <Porc_Sufragantes V="100,00"/>
          <Abstencion V="0"/>
          <Porc_Abstencion V="000,00"/>
          <Votos_Validos V="2036"/>
          <Porc_Votos_Validos V="050,78"/>
          <Votos_No_Marcados V="1237"/>
          <Porc_Votos_No_Marcados V="030,85"/>
          <Votos_Nulos V="736"/>
          <Porc_Votos_Nulos V="018,35"/>
        </lin>
        <lin>
          <Pregunta V="002"/>
          <Total_Sufragantes V="4009"/>
          <Porc_Sufragantes V="100,00"/>
          <Abstencion V="0"/>
          <Porc_Abstencion V="000,00"/>
          <Votos_Validos V="1899"/>
          <Porc_Votos_Validos V="047,36"/>
          <Votos_No_Marcados V="1134"/>
          <Porc_Votos_No_Marcados V="028,28"/>
          <Votos_Nulos V="976"/>
          <Porc_Votos_Nulos V="024,34"/>
        </lin>
        <lin>
          <Pregunta V="003"/>
          <Total_Sufragantes V="4009"/>
          <Porc_Sufragantes V="100,00"/>
          <Abstencion V="0"/>
          <Porc_Abstencion V="000,00"/>
          <Votos_Validos V="2330"/>
          <Porc_Votos_Validos V="058,11"/>
          <Votos_No_Marcados V="1109"/>
          <Porc_Votos_No_Marcados V="027,66"/>
          <Votos_Nulos V="570"/>
          <Porc_Votos_Nulos V="014,21"/>
        </lin>
        <lin>
          <Pregunta V="004"/>
          <Total_Sufragantes V="4009"/>
          <Porc_Sufragantes V="100,00"/>
          <Abstencion V="0"/>
          <Porc_Abstencion V="000,00"/>
          <Votos_Validos V="2017"/>
          <Porc_Votos_Validos V="050,31"/>
          <Votos_No_Marcados V="1102"/>
          <Porc_Votos_No_Marcados V="027,48"/>
          <Votos_Nulos V="890"/>
          <Porc_Votos_Nulos V="022,20"/>
        </lin>
        <lin>
          <Pregunta V="005"/>
          <Total_Sufragantes V="4009"/>
          <Porc_Sufragantes V="100,00"/>
          <Abstencion V="0"/>
          <Porc_Abstencion V="000,00"/>
          <Votos_Validos V="1957"/>
          <Porc_Votos_Validos V="048,81"/>
          <Votos_No_Marcados V="1307"/>
          <Porc_Votos_No_Marcados V="032,60"/>
          <Votos_Nulos V="745"/>
          <Porc_Votos_Nulos V="018,58"/>
        </lin>
        <lin>
          <Pregunta V="006"/>
          <Total_Sufragantes V="4009"/>
          <Porc_Sufragantes V="100,00"/>
          <Abstencion V="0"/>
          <Porc_Abstencion V="000,00"/>
          <Votos_Validos V="2258"/>
          <Porc_Votos_Validos V="056,32"/>
          <Votos_No_Marcados V="767"/>
          <Porc_Votos_No_Marcados V="019,13"/>
          <Votos_Nulos V="984"/>
          <Porc_Votos_Nulos V="024,54"/>
        </lin>
        <lin>
          <Pregunta V="007"/>
          <Total_Sufragantes V="4009"/>
          <Porc_Sufragantes V="100,00"/>
          <Abstencion V="0"/>
          <Porc_Abstencion V="000,00"/>
          <Votos_Validos V="1816"/>
          <Porc_Votos_Validos V="045,29"/>
          <Votos_No_Marcados V="943"/>
          <Porc_Votos_No_Marcados V="023,52"/>
          <Votos_Nulos V="1250"/>
          <Porc_Votos_Nulos V="031,17"/>
        </lin>
      </Detalle_Pregunta>
      <Detalle_Opcion>
        <lin>
          <Opcion V="001"/>
          <Votos V="829"/>
          <Porc V="040,71"/>
          <Pregunta V="001"/>
        </lin>
        <lin>
          <Opcion V="002"/>
          <Votos V="1207"/>
          <Porc V="059,28"/>
          <Pregunta V="001"/>
        </lin>
        <lin>
          <Opcion V="001"/>
          <Votos V="832"/>
          <Porc V="043,81"/>
          <Pregunta V="002"/>
        </lin>
        <lin>
          <Opcion V="002"/>
          <Votos V="1067"/>
          <Porc V="056,18"/>
          <Pregunta V="002"/>
        </lin>
        <lin>
          <Opcion V="001"/>
          <Votos V="1187"/>
          <Porc V="050,94"/>
          <Pregunta V="003"/>
        </lin>
        <lin>
          <Opcion V="002"/>
          <Votos V="1143"/>
          <Porc V="049,05"/>
          <Pregunta V="003"/>
        </lin>
        <lin>
          <Opcion V="001"/>
          <Votos V="814"/>
          <Porc V="040,35"/>
          <Pregunta V="004"/>
        </lin>
        <lin>
          <Opcion V="002"/>
          <Votos V="1203"/>
          <Porc V="059,64"/>
          <Pregunta V="004"/>
        </lin>
        <lin>
          <Opcion V="001"/>
          <Votos V="833"/>
          <Porc V="042,56"/>
          <Pregunta V="005"/>
        </lin>
        <lin>
          <Opcion V="002"/>
          <Votos V="1124"/>
          <Porc V="057,43"/>
          <Pregunta V="005"/>
        </lin>
        <lin>
          <Opcion V="001"/>
          <Votos V="1150"/>
          <Porc V="050,93"/>
          <Pregunta V="006"/>
        </lin>
        <lin>
          <Opcion V="002"/>
          <Votos V="1108"/>
          <Porc V="049,06"/>
          <Pregunta V="006"/>
        </lin>
        <lin>
          <Opcion V="001"/>
          <Votos V="868"/>
          <Porc V="047,79"/>
          <Pregunta V="007"/>
        </lin>
        <lin>
          <Opcion V="002"/>
          <Votos V="948"/>
          <Porc V="052,20"/>
          <Pregunta V="007"/>
        </lin>
      </Detalle_Opcion>
    </lin>
  </Detalle_Circunscripcion>
</Boletin>
</Boletin_Consolidado>