<Boletin_Consolidado><Boletin>
  <Numero V="0008"/>
  <Boletin_Departamental V="0012"/>
  <Tipo_Boletin V="DEPARTAMENTAL"/>
  <Desc_Corporacion V="CONSULTA POPULAR"/>
  <Departamento V="09"/>
  <Desc_Departamento V="CALDAS"/>
  <Municipio V="124"/>
  <Desc_Municipio V="SUPIA"/>
  <Dia V="21"/>
  <Mes V="8"/>
  <Anio V="2018"/>
  <Hora V="14"/>
  <Minuto V="15"/>
  <Mesas_Instaladas V="60"/>
  <Mesas_Informadas V="60"/>
  <Porc_Mesas_Informadas V="100,00"/>
  <Potencial_Sufragantes V="22007"/>
  <Detalle_Circunscripcion>
    <lin>
      <Circunscripcion V="0"/>
      <Desc_Circunscripcion V="NACIONAL"/>
      <Detalle_Pregunta>
        <lin>
          <Pregunta V="001"/>
          <Total_Sufragantes V="22007"/>
          <Porc_Sufragantes V="100,00"/>
          <Abstencion V="0"/>
          <Porc_Abstencion V="000,00"/>
          <Votos_Validos V="10313"/>
          <Porc_Votos_Validos V="046,86"/>
          <Votos_No_Marcados V="6550"/>
          <Porc_Votos_No_Marcados V="029,76"/>
          <Votos_Nulos V="5144"/>
          <Porc_Votos_Nulos V="023,37"/>
        </lin>
        <lin>
          <Pregunta V="002"/>
          <Total_Sufragantes V="22007"/>
          <Porc_Sufragantes V="100,00"/>
          <Abstencion V="0"/>
          <Porc_Abstencion V="000,00"/>
          <Votos_Validos V="11807"/>
          <Porc_Votos_Validos V="053,65"/>
          <Votos_No_Marcados V="4954"/>
          <Porc_Votos_No_Marcados V="022,51"/>
          <Votos_Nulos V="5246"/>
          <Porc_Votos_Nulos V="023,83"/>
        </lin>
        <lin>
          <Pregunta V="003"/>
          <Total_Sufragantes V="22007"/>
          <Porc_Sufragantes V="100,00"/>
          <Abstencion V="0"/>
          <Porc_Abstencion V="000,00"/>
          <Votos_Validos V="11084"/>
          <Porc_Votos_Validos V="050,36"/>
          <Votos_No_Marcados V="5268"/>
          <Porc_Votos_No_Marcados V="023,93"/>
          <Votos_Nulos V="5655"/>
          <Porc_Votos_Nulos V="025,69"/>
        </lin>
        <lin>
          <Pregunta V="004"/>
          <Total_Sufragantes V="22007"/>
          <Porc_Sufragantes V="100,00"/>
          <Abstencion V="0"/>
          <Porc_Abstencion V="000,00"/>
          <Votos_Validos V="10816"/>
          <Porc_Votos_Validos V="049,14"/>
          <Votos_No_Marcados V="5558"/>
          <Porc_Votos_No_Marcados V="025,25"/>
          <Votos_Nulos V="5633"/>
          <Porc_Votos_Nulos V="025,59"/>
        </lin>
        <lin>
          <Pregunta V="005"/>
          <Total_Sufragantes V="22007"/>
          <Porc_Sufragantes V="100,00"/>
          <Abstencion V="0"/>
          <Porc_Abstencion V="000,00"/>
          <Votos_Validos V="10428"/>
          <Porc_Votos_Validos V="047,38"/>
          <Votos_No_Marcados V="6249"/>
          <Porc_Votos_No_Marcados V="028,39"/>
          <Votos_Nulos V="5330"/>
          <Porc_Votos_Nulos V="024,21"/>
        </lin>
        <lin>
          <Pregunta V="006"/>
          <Total_Sufragantes V="22007"/>
          <Porc_Sufragantes V="100,00"/>
          <Abstencion V="0"/>
          <Porc_Abstencion V="000,00"/>
          <Votos_Validos V="10201"/>
          <Porc_Votos_Validos V="046,35"/>
          <Votos_No_Marcados V="5633"/>
          <Porc_Votos_No_Marcados V="025,59"/>
          <Votos_Nulos V="6173"/>
          <Porc_Votos_Nulos V="028,05"/>
        </lin>
        <lin>
          <Pregunta V="007"/>
          <Total_Sufragantes V="22007"/>
          <Porc_Sufragantes V="100,00"/>
          <Abstencion V="0"/>
          <Porc_Abstencion V="000,00"/>
          <Votos_Validos V="10325"/>
          <Porc_Votos_Validos V="046,91"/>
          <Votos_No_Marcados V="6406"/>
          <Porc_Votos_No_Marcados V="029,10"/>
          <Votos_Nulos V="5276"/>
          <Porc_Votos_Nulos V="023,97"/>
        </lin>
      </Detalle_Pregunta>
      <Detalle_Opcion>
        <lin>
          <Opcion V="001"/>
          <Votos V="4865"/>
          <Porc V="047,17"/>
          <Pregunta V="001"/>
        </lin>
        <lin>
          <Opcion V="002"/>
          <Votos V="5448"/>
          <Porc V="052,82"/>
          <Pregunta V="001"/>
        </lin>
        <lin>
          <Opcion V="001"/>
          <Votos V="5936"/>
          <Porc V="050,27"/>
          <Pregunta V="002"/>
        </lin>
        <lin>
          <Opcion V="002"/>
          <Votos V="5871"/>
          <Porc V="049,72"/>
          <Pregunta V="002"/>
        </lin>
        <lin>
          <Opcion V="001"/>
          <Votos V="5976"/>
          <Porc V="053,91"/>
          <Pregunta V="003"/>
        </lin>
        <lin>
          <Opcion V="002"/>
          <Votos V="5108"/>
          <Porc V="046,08"/>
          <Pregunta V="003"/>
        </lin>
        <lin>
          <Opcion V="001"/>
          <Votos V="5188"/>
          <Porc V="047,96"/>
          <Pregunta V="004"/>
        </lin>
        <lin>
          <Opcion V="002"/>
          <Votos V="5628"/>
          <Porc V="052,03"/>
          <Pregunta V="004"/>
        </lin>
        <lin>
          <Opcion V="001"/>
          <Votos V="5254"/>
          <Porc V="050,38"/>
          <Pregunta V="005"/>
        </lin>
        <lin>
          <Opcion V="002"/>
          <Votos V="5174"/>
          <Porc V="049,61"/>
          <Pregunta V="005"/>
        </lin>
        <lin>
          <Opcion V="001"/>
          <Votos V="5208"/>
          <Porc V="051,05"/>
          <Pregunta V="006"/>
        </lin>
        <lin>
          <Opcion V="002"/>
          <Votos V="4993"/>
          <Porc V="048,94"/>
          <Pregunta V="006"/>
        </lin>
        <lin>
          <Opcion V="001"/>
          <Votos V="5028"/>
          <Porc V="048,69"/>
          <Pregunta V="007"/>
        </lin>
        <lin>
          <Opcion V="002"/>
          <Votos V="5297"/>
          <Porc V="051,30"/>
          <Pregunta V="007"/>
        </lin>
      </Detalle_Opcion>
    </lin>
  </Detalle_Circunscripcion>
</Boletin>
</Boletin_Consolidado>