<Boletin_Consolidado><Boletin>
  <Numero V="0008"/>
  <Boletin_Departamental V="0011"/>
  <Tipo_Boletin V="DEPARTAMENTAL"/>
  <Desc_Corporacion V="CONSULTA POPULAR"/>
  <Departamento V="07"/>
  <Desc_Departamento V="BOYACA"/>
  <Municipio V="058"/>
  <Desc_Municipio V="COVARACHIA"/>
  <Dia V="21"/>
  <Mes V="8"/>
  <Anio V="2018"/>
  <Hora V="14"/>
  <Minuto V="15"/>
  <Mesas_Instaladas V="10"/>
  <Mesas_Informadas V="10"/>
  <Porc_Mesas_Informadas V="100,00"/>
  <Potencial_Sufragantes V="3092"/>
  <Detalle_Circunscripcion>
    <lin>
      <Circunscripcion V="0"/>
      <Desc_Circunscripcion V="NACIONAL"/>
      <Detalle_Pregunta>
        <lin>
          <Pregunta V="001"/>
          <Total_Sufragantes V="3092"/>
          <Porc_Sufragantes V="100,00"/>
          <Abstencion V="0"/>
          <Porc_Abstencion V="000,00"/>
          <Votos_Validos V="1100"/>
          <Porc_Votos_Validos V="035,57"/>
          <Votos_No_Marcados V="833"/>
          <Porc_Votos_No_Marcados V="026,94"/>
          <Votos_Nulos V="1159"/>
          <Porc_Votos_Nulos V="037,48"/>
        </lin>
        <lin>
          <Pregunta V="002"/>
          <Total_Sufragantes V="3092"/>
          <Porc_Sufragantes V="100,00"/>
          <Abstencion V="0"/>
          <Porc_Abstencion V="000,00"/>
          <Votos_Validos V="1589"/>
          <Porc_Votos_Validos V="051,39"/>
          <Votos_No_Marcados V="731"/>
          <Porc_Votos_No_Marcados V="023,64"/>
          <Votos_Nulos V="772"/>
          <Porc_Votos_Nulos V="024,96"/>
        </lin>
        <lin>
          <Pregunta V="003"/>
          <Total_Sufragantes V="3092"/>
          <Porc_Sufragantes V="100,00"/>
          <Abstencion V="0"/>
          <Porc_Abstencion V="000,00"/>
          <Votos_Validos V="1262"/>
          <Porc_Votos_Validos V="040,81"/>
          <Votos_No_Marcados V="875"/>
          <Porc_Votos_No_Marcados V="028,29"/>
          <Votos_Nulos V="955"/>
          <Porc_Votos_Nulos V="030,88"/>
        </lin>
        <lin>
          <Pregunta V="004"/>
          <Total_Sufragantes V="3092"/>
          <Porc_Sufragantes V="100,00"/>
          <Abstencion V="0"/>
          <Porc_Abstencion V="000,00"/>
          <Votos_Validos V="1451"/>
          <Porc_Votos_Validos V="046,92"/>
          <Votos_No_Marcados V="824"/>
          <Porc_Votos_No_Marcados V="026,64"/>
          <Votos_Nulos V="817"/>
          <Porc_Votos_Nulos V="026,42"/>
        </lin>
        <lin>
          <Pregunta V="005"/>
          <Total_Sufragantes V="3092"/>
          <Porc_Sufragantes V="100,00"/>
          <Abstencion V="0"/>
          <Porc_Abstencion V="000,00"/>
          <Votos_Validos V="1604"/>
          <Porc_Votos_Validos V="051,87"/>
          <Votos_No_Marcados V="823"/>
          <Porc_Votos_No_Marcados V="026,61"/>
          <Votos_Nulos V="665"/>
          <Porc_Votos_Nulos V="021,50"/>
        </lin>
        <lin>
          <Pregunta V="006"/>
          <Total_Sufragantes V="3092"/>
          <Porc_Sufragantes V="100,00"/>
          <Abstencion V="0"/>
          <Porc_Abstencion V="000,00"/>
          <Votos_Validos V="1401"/>
          <Porc_Votos_Validos V="045,31"/>
          <Votos_No_Marcados V="843"/>
          <Porc_Votos_No_Marcados V="027,26"/>
          <Votos_Nulos V="848"/>
          <Porc_Votos_Nulos V="027,42"/>
        </lin>
        <lin>
          <Pregunta V="007"/>
          <Total_Sufragantes V="3092"/>
          <Porc_Sufragantes V="100,00"/>
          <Abstencion V="0"/>
          <Porc_Abstencion V="000,00"/>
          <Votos_Validos V="1323"/>
          <Porc_Votos_Validos V="042,78"/>
          <Votos_No_Marcados V="680"/>
          <Porc_Votos_No_Marcados V="021,99"/>
          <Votos_Nulos V="1089"/>
          <Porc_Votos_Nulos V="035,21"/>
        </lin>
      </Detalle_Pregunta>
      <Detalle_Opcion>
        <lin>
          <Opcion V="001"/>
          <Votos V="709"/>
          <Porc V="064,45"/>
          <Pregunta V="001"/>
        </lin>
        <lin>
          <Opcion V="002"/>
          <Votos V="391"/>
          <Porc V="035,54"/>
          <Pregunta V="001"/>
        </lin>
        <lin>
          <Opcion V="001"/>
          <Votos V="697"/>
          <Porc V="043,86"/>
          <Pregunta V="002"/>
        </lin>
        <lin>
          <Opcion V="002"/>
          <Votos V="892"/>
          <Porc V="056,13"/>
          <Pregunta V="002"/>
        </lin>
        <lin>
          <Opcion V="001"/>
          <Votos V="663"/>
          <Porc V="052,53"/>
          <Pregunta V="003"/>
        </lin>
        <lin>
          <Opcion V="002"/>
          <Votos V="599"/>
          <Porc V="047,46"/>
          <Pregunta V="003"/>
        </lin>
        <lin>
          <Opcion V="001"/>
          <Votos V="860"/>
          <Porc V="059,26"/>
          <Pregunta V="004"/>
        </lin>
        <lin>
          <Opcion V="002"/>
          <Votos V="591"/>
          <Porc V="040,73"/>
          <Pregunta V="004"/>
        </lin>
        <lin>
          <Opcion V="001"/>
          <Votos V="622"/>
          <Porc V="038,77"/>
          <Pregunta V="005"/>
        </lin>
        <lin>
          <Opcion V="002"/>
          <Votos V="982"/>
          <Porc V="061,22"/>
          <Pregunta V="005"/>
        </lin>
        <lin>
          <Opcion V="001"/>
          <Votos V="570"/>
          <Porc V="040,68"/>
          <Pregunta V="006"/>
        </lin>
        <lin>
          <Opcion V="002"/>
          <Votos V="831"/>
          <Porc V="059,31"/>
          <Pregunta V="006"/>
        </lin>
        <lin>
          <Opcion V="001"/>
          <Votos V="594"/>
          <Porc V="044,89"/>
          <Pregunta V="007"/>
        </lin>
        <lin>
          <Opcion V="002"/>
          <Votos V="729"/>
          <Porc V="055,10"/>
          <Pregunta V="007"/>
        </lin>
      </Detalle_Opcion>
    </lin>
  </Detalle_Circunscripcion>
</Boletin>
</Boletin_Consolidado>