<Boletin_Consolidado><Boletin>
  <Numero V="0008"/>
  <Boletin_Departamental V="0012"/>
  <Tipo_Boletin V="DEPARTAMENTAL"/>
  <Desc_Corporacion V="CONSULTA POPULAR"/>
  <Departamento V="03"/>
  <Desc_Departamento V="ATLANTICO"/>
  <Municipio V="058"/>
  <Desc_Municipio V="TUBARA"/>
  <Dia V="21"/>
  <Mes V="8"/>
  <Anio V="2018"/>
  <Hora V="14"/>
  <Minuto V="15"/>
  <Mesas_Instaladas V="29"/>
  <Mesas_Informadas V="29"/>
  <Porc_Mesas_Informadas V="100,00"/>
  <Potencial_Sufragantes V="10010"/>
  <Detalle_Circunscripcion>
    <lin>
      <Circunscripcion V="0"/>
      <Desc_Circunscripcion V="NACIONAL"/>
      <Detalle_Pregunta>
        <lin>
          <Pregunta V="001"/>
          <Total_Sufragantes V="10010"/>
          <Porc_Sufragantes V="100,00"/>
          <Abstencion V="0"/>
          <Porc_Abstencion V="000,00"/>
          <Votos_Validos V="5553"/>
          <Porc_Votos_Validos V="055,47"/>
          <Votos_No_Marcados V="2265"/>
          <Porc_Votos_No_Marcados V="022,62"/>
          <Votos_Nulos V="2192"/>
          <Porc_Votos_Nulos V="021,89"/>
        </lin>
        <lin>
          <Pregunta V="002"/>
          <Total_Sufragantes V="10010"/>
          <Porc_Sufragantes V="100,00"/>
          <Abstencion V="0"/>
          <Porc_Abstencion V="000,00"/>
          <Votos_Validos V="4951"/>
          <Porc_Votos_Validos V="049,46"/>
          <Votos_No_Marcados V="2727"/>
          <Porc_Votos_No_Marcados V="027,24"/>
          <Votos_Nulos V="2332"/>
          <Porc_Votos_Nulos V="023,29"/>
        </lin>
        <lin>
          <Pregunta V="003"/>
          <Total_Sufragantes V="10010"/>
          <Porc_Sufragantes V="100,00"/>
          <Abstencion V="0"/>
          <Porc_Abstencion V="000,00"/>
          <Votos_Validos V="4698"/>
          <Porc_Votos_Validos V="046,93"/>
          <Votos_No_Marcados V="2712"/>
          <Porc_Votos_No_Marcados V="027,09"/>
          <Votos_Nulos V="2600"/>
          <Porc_Votos_Nulos V="025,97"/>
        </lin>
        <lin>
          <Pregunta V="004"/>
          <Total_Sufragantes V="10010"/>
          <Porc_Sufragantes V="100,00"/>
          <Abstencion V="0"/>
          <Porc_Abstencion V="000,00"/>
          <Votos_Validos V="4817"/>
          <Porc_Votos_Validos V="048,12"/>
          <Votos_No_Marcados V="2240"/>
          <Porc_Votos_No_Marcados V="022,37"/>
          <Votos_Nulos V="2953"/>
          <Porc_Votos_Nulos V="029,50"/>
        </lin>
        <lin>
          <Pregunta V="005"/>
          <Total_Sufragantes V="10010"/>
          <Porc_Sufragantes V="100,00"/>
          <Abstencion V="0"/>
          <Porc_Abstencion V="000,00"/>
          <Votos_Validos V="5397"/>
          <Porc_Votos_Validos V="053,91"/>
          <Votos_No_Marcados V="2670"/>
          <Porc_Votos_No_Marcados V="026,67"/>
          <Votos_Nulos V="1943"/>
          <Porc_Votos_Nulos V="019,41"/>
        </lin>
        <lin>
          <Pregunta V="006"/>
          <Total_Sufragantes V="10010"/>
          <Porc_Sufragantes V="100,00"/>
          <Abstencion V="0"/>
          <Porc_Abstencion V="000,00"/>
          <Votos_Validos V="4934"/>
          <Porc_Votos_Validos V="049,29"/>
          <Votos_No_Marcados V="2875"/>
          <Porc_Votos_No_Marcados V="028,72"/>
          <Votos_Nulos V="2201"/>
          <Porc_Votos_Nulos V="021,98"/>
        </lin>
        <lin>
          <Pregunta V="007"/>
          <Total_Sufragantes V="10010"/>
          <Porc_Sufragantes V="100,00"/>
          <Abstencion V="0"/>
          <Porc_Abstencion V="000,00"/>
          <Votos_Validos V="5293"/>
          <Porc_Votos_Validos V="052,87"/>
          <Votos_No_Marcados V="2436"/>
          <Porc_Votos_No_Marcados V="024,33"/>
          <Votos_Nulos V="2281"/>
          <Porc_Votos_Nulos V="022,78"/>
        </lin>
      </Detalle_Pregunta>
      <Detalle_Opcion>
        <lin>
          <Opcion V="001"/>
          <Votos V="2846"/>
          <Porc V="051,25"/>
          <Pregunta V="001"/>
        </lin>
        <lin>
          <Opcion V="002"/>
          <Votos V="2707"/>
          <Porc V="048,74"/>
          <Pregunta V="001"/>
        </lin>
        <lin>
          <Opcion V="001"/>
          <Votos V="2609"/>
          <Porc V="052,69"/>
          <Pregunta V="002"/>
        </lin>
        <lin>
          <Opcion V="002"/>
          <Votos V="2342"/>
          <Porc V="047,30"/>
          <Pregunta V="002"/>
        </lin>
        <lin>
          <Opcion V="001"/>
          <Votos V="2381"/>
          <Porc V="050,68"/>
          <Pregunta V="003"/>
        </lin>
        <lin>
          <Opcion V="002"/>
          <Votos V="2317"/>
          <Porc V="049,31"/>
          <Pregunta V="003"/>
        </lin>
        <lin>
          <Opcion V="001"/>
          <Votos V="2986"/>
          <Porc V="061,98"/>
          <Pregunta V="004"/>
        </lin>
        <lin>
          <Opcion V="002"/>
          <Votos V="1831"/>
          <Porc V="038,01"/>
          <Pregunta V="004"/>
        </lin>
        <lin>
          <Opcion V="001"/>
          <Votos V="2811"/>
          <Porc V="052,08"/>
          <Pregunta V="005"/>
        </lin>
        <lin>
          <Opcion V="002"/>
          <Votos V="2586"/>
          <Porc V="047,91"/>
          <Pregunta V="005"/>
        </lin>
        <lin>
          <Opcion V="001"/>
          <Votos V="2288"/>
          <Porc V="046,37"/>
          <Pregunta V="006"/>
        </lin>
        <lin>
          <Opcion V="002"/>
          <Votos V="2646"/>
          <Porc V="053,62"/>
          <Pregunta V="006"/>
        </lin>
        <lin>
          <Opcion V="001"/>
          <Votos V="2895"/>
          <Porc V="054,69"/>
          <Pregunta V="007"/>
        </lin>
        <lin>
          <Opcion V="002"/>
          <Votos V="2398"/>
          <Porc V="045,30"/>
          <Pregunta V="007"/>
        </lin>
      </Detalle_Opcion>
    </lin>
  </Detalle_Circunscripcion>
</Boletin>
</Boletin_Consolidado>