<Boletin_Consolidado><Boletin>
  <Numero V="0008"/>
  <Boletin_Departamental V="0012"/>
  <Tipo_Boletin V="DEPARTAMENTAL"/>
  <Desc_Corporacion V="CONSULTA POPULAR"/>
  <Departamento V="11"/>
  <Desc_Departamento V="CAUCA"/>
  <Municipio V="037"/>
  <Desc_Municipio V="LA SIERRA"/>
  <Dia V="21"/>
  <Mes V="8"/>
  <Anio V="2018"/>
  <Hora V="14"/>
  <Minuto V="15"/>
  <Mesas_Instaladas V="25"/>
  <Mesas_Informadas V="25"/>
  <Porc_Mesas_Informadas V="100,00"/>
  <Potencial_Sufragantes V="8957"/>
  <Detalle_Circunscripcion>
    <lin>
      <Circunscripcion V="0"/>
      <Desc_Circunscripcion V="NACIONAL"/>
      <Detalle_Pregunta>
        <lin>
          <Pregunta V="001"/>
          <Total_Sufragantes V="8957"/>
          <Porc_Sufragantes V="100,00"/>
          <Abstencion V="0"/>
          <Porc_Abstencion V="000,00"/>
          <Votos_Validos V="4290"/>
          <Porc_Votos_Validos V="047,89"/>
          <Votos_No_Marcados V="2468"/>
          <Porc_Votos_No_Marcados V="027,55"/>
          <Votos_Nulos V="2199"/>
          <Porc_Votos_Nulos V="024,55"/>
        </lin>
        <lin>
          <Pregunta V="002"/>
          <Total_Sufragantes V="8957"/>
          <Porc_Sufragantes V="100,00"/>
          <Abstencion V="0"/>
          <Porc_Abstencion V="000,00"/>
          <Votos_Validos V="4807"/>
          <Porc_Votos_Validos V="053,66"/>
          <Votos_No_Marcados V="2075"/>
          <Porc_Votos_No_Marcados V="023,16"/>
          <Votos_Nulos V="2075"/>
          <Porc_Votos_Nulos V="023,16"/>
        </lin>
        <lin>
          <Pregunta V="003"/>
          <Total_Sufragantes V="8957"/>
          <Porc_Sufragantes V="100,00"/>
          <Abstencion V="0"/>
          <Porc_Abstencion V="000,00"/>
          <Votos_Validos V="4192"/>
          <Porc_Votos_Validos V="046,80"/>
          <Votos_No_Marcados V="2535"/>
          <Porc_Votos_No_Marcados V="028,30"/>
          <Votos_Nulos V="2230"/>
          <Porc_Votos_Nulos V="024,89"/>
        </lin>
        <lin>
          <Pregunta V="004"/>
          <Total_Sufragantes V="8957"/>
          <Porc_Sufragantes V="100,00"/>
          <Abstencion V="0"/>
          <Porc_Abstencion V="000,00"/>
          <Votos_Validos V="3805"/>
          <Porc_Votos_Validos V="042,48"/>
          <Votos_No_Marcados V="2647"/>
          <Porc_Votos_No_Marcados V="029,55"/>
          <Votos_Nulos V="2505"/>
          <Porc_Votos_Nulos V="027,96"/>
        </lin>
        <lin>
          <Pregunta V="005"/>
          <Total_Sufragantes V="8957"/>
          <Porc_Sufragantes V="100,00"/>
          <Abstencion V="0"/>
          <Porc_Abstencion V="000,00"/>
          <Votos_Validos V="4729"/>
          <Porc_Votos_Validos V="052,79"/>
          <Votos_No_Marcados V="2167"/>
          <Porc_Votos_No_Marcados V="024,19"/>
          <Votos_Nulos V="2061"/>
          <Porc_Votos_Nulos V="023,00"/>
        </lin>
        <lin>
          <Pregunta V="006"/>
          <Total_Sufragantes V="8957"/>
          <Porc_Sufragantes V="100,00"/>
          <Abstencion V="0"/>
          <Porc_Abstencion V="000,00"/>
          <Votos_Validos V="4973"/>
          <Porc_Votos_Validos V="055,52"/>
          <Votos_No_Marcados V="2009"/>
          <Porc_Votos_No_Marcados V="022,42"/>
          <Votos_Nulos V="1975"/>
          <Porc_Votos_Nulos V="022,04"/>
        </lin>
        <lin>
          <Pregunta V="007"/>
          <Total_Sufragantes V="8957"/>
          <Porc_Sufragantes V="100,00"/>
          <Abstencion V="0"/>
          <Porc_Abstencion V="000,00"/>
          <Votos_Validos V="4145"/>
          <Porc_Votos_Validos V="046,27"/>
          <Votos_No_Marcados V="2519"/>
          <Porc_Votos_No_Marcados V="028,12"/>
          <Votos_Nulos V="2293"/>
          <Porc_Votos_Nulos V="025,60"/>
        </lin>
      </Detalle_Pregunta>
      <Detalle_Opcion>
        <lin>
          <Opcion V="001"/>
          <Votos V="2269"/>
          <Porc V="052,89"/>
          <Pregunta V="001"/>
        </lin>
        <lin>
          <Opcion V="002"/>
          <Votos V="2021"/>
          <Porc V="047,10"/>
          <Pregunta V="001"/>
        </lin>
        <lin>
          <Opcion V="001"/>
          <Votos V="2123"/>
          <Porc V="044,16"/>
          <Pregunta V="002"/>
        </lin>
        <lin>
          <Opcion V="002"/>
          <Votos V="2684"/>
          <Porc V="055,83"/>
          <Pregunta V="002"/>
        </lin>
        <lin>
          <Opcion V="001"/>
          <Votos V="2046"/>
          <Porc V="048,80"/>
          <Pregunta V="003"/>
        </lin>
        <lin>
          <Opcion V="002"/>
          <Votos V="2146"/>
          <Porc V="051,19"/>
          <Pregunta V="003"/>
        </lin>
        <lin>
          <Opcion V="001"/>
          <Votos V="1939"/>
          <Porc V="050,95"/>
          <Pregunta V="004"/>
        </lin>
        <lin>
          <Opcion V="002"/>
          <Votos V="1866"/>
          <Porc V="049,04"/>
          <Pregunta V="004"/>
        </lin>
        <lin>
          <Opcion V="001"/>
          <Votos V="2640"/>
          <Porc V="055,82"/>
          <Pregunta V="005"/>
        </lin>
        <lin>
          <Opcion V="002"/>
          <Votos V="2089"/>
          <Porc V="044,17"/>
          <Pregunta V="005"/>
        </lin>
        <lin>
          <Opcion V="001"/>
          <Votos V="2619"/>
          <Porc V="052,66"/>
          <Pregunta V="006"/>
        </lin>
        <lin>
          <Opcion V="002"/>
          <Votos V="2354"/>
          <Porc V="047,33"/>
          <Pregunta V="006"/>
        </lin>
        <lin>
          <Opcion V="001"/>
          <Votos V="2190"/>
          <Porc V="052,83"/>
          <Pregunta V="007"/>
        </lin>
        <lin>
          <Opcion V="002"/>
          <Votos V="1955"/>
          <Porc V="047,16"/>
          <Pregunta V="007"/>
        </lin>
      </Detalle_Opcion>
    </lin>
  </Detalle_Circunscripcion>
</Boletin>
</Boletin_Consolidado>