<Boletin_Consolidado><Boletin>
  <Numero V="0008"/>
  <Boletin_Departamental V="0012"/>
  <Tipo_Boletin V="DEPARTAMENTAL"/>
  <Desc_Corporacion V="CONSULTA POPULAR"/>
  <Departamento V="05"/>
  <Desc_Departamento V="BOLIVAR"/>
  <Municipio V="026"/>
  <Desc_Municipio V="HATILLO DE LOBA"/>
  <Dia V="21"/>
  <Mes V="8"/>
  <Anio V="2018"/>
  <Hora V="14"/>
  <Minuto V="15"/>
  <Mesas_Instaladas V="31"/>
  <Mesas_Informadas V="31"/>
  <Porc_Mesas_Informadas V="100,00"/>
  <Potencial_Sufragantes V="10498"/>
  <Detalle_Circunscripcion>
    <lin>
      <Circunscripcion V="0"/>
      <Desc_Circunscripcion V="NACIONAL"/>
      <Detalle_Pregunta>
        <lin>
          <Pregunta V="001"/>
          <Total_Sufragantes V="10498"/>
          <Porc_Sufragantes V="100,00"/>
          <Abstencion V="0"/>
          <Porc_Abstencion V="000,00"/>
          <Votos_Validos V="5671"/>
          <Porc_Votos_Validos V="054,01"/>
          <Votos_No_Marcados V="2041"/>
          <Porc_Votos_No_Marcados V="019,44"/>
          <Votos_Nulos V="2786"/>
          <Porc_Votos_Nulos V="026,53"/>
        </lin>
        <lin>
          <Pregunta V="002"/>
          <Total_Sufragantes V="10498"/>
          <Porc_Sufragantes V="100,00"/>
          <Abstencion V="0"/>
          <Porc_Abstencion V="000,00"/>
          <Votos_Validos V="5348"/>
          <Porc_Votos_Validos V="050,94"/>
          <Votos_No_Marcados V="2272"/>
          <Porc_Votos_No_Marcados V="021,64"/>
          <Votos_Nulos V="2878"/>
          <Porc_Votos_Nulos V="027,41"/>
        </lin>
        <lin>
          <Pregunta V="003"/>
          <Total_Sufragantes V="10498"/>
          <Porc_Sufragantes V="100,00"/>
          <Abstencion V="0"/>
          <Porc_Abstencion V="000,00"/>
          <Votos_Validos V="5475"/>
          <Porc_Votos_Validos V="052,15"/>
          <Votos_No_Marcados V="2600"/>
          <Porc_Votos_No_Marcados V="024,76"/>
          <Votos_Nulos V="2423"/>
          <Porc_Votos_Nulos V="023,08"/>
        </lin>
        <lin>
          <Pregunta V="004"/>
          <Total_Sufragantes V="10498"/>
          <Porc_Sufragantes V="100,00"/>
          <Abstencion V="0"/>
          <Porc_Abstencion V="000,00"/>
          <Votos_Validos V="5132"/>
          <Porc_Votos_Validos V="048,88"/>
          <Votos_No_Marcados V="2474"/>
          <Porc_Votos_No_Marcados V="023,56"/>
          <Votos_Nulos V="2892"/>
          <Porc_Votos_Nulos V="027,54"/>
        </lin>
        <lin>
          <Pregunta V="005"/>
          <Total_Sufragantes V="10498"/>
          <Porc_Sufragantes V="100,00"/>
          <Abstencion V="0"/>
          <Porc_Abstencion V="000,00"/>
          <Votos_Validos V="6137"/>
          <Porc_Votos_Validos V="058,45"/>
          <Votos_No_Marcados V="1964"/>
          <Porc_Votos_No_Marcados V="018,70"/>
          <Votos_Nulos V="2397"/>
          <Porc_Votos_Nulos V="022,83"/>
        </lin>
        <lin>
          <Pregunta V="006"/>
          <Total_Sufragantes V="10498"/>
          <Porc_Sufragantes V="100,00"/>
          <Abstencion V="0"/>
          <Porc_Abstencion V="000,00"/>
          <Votos_Validos V="4759"/>
          <Porc_Votos_Validos V="045,33"/>
          <Votos_No_Marcados V="2797"/>
          <Porc_Votos_No_Marcados V="026,64"/>
          <Votos_Nulos V="2942"/>
          <Porc_Votos_Nulos V="028,02"/>
        </lin>
        <lin>
          <Pregunta V="007"/>
          <Total_Sufragantes V="10498"/>
          <Porc_Sufragantes V="100,00"/>
          <Abstencion V="0"/>
          <Porc_Abstencion V="000,00"/>
          <Votos_Validos V="5329"/>
          <Porc_Votos_Validos V="050,76"/>
          <Votos_No_Marcados V="2342"/>
          <Porc_Votos_No_Marcados V="022,30"/>
          <Votos_Nulos V="2827"/>
          <Porc_Votos_Nulos V="026,92"/>
        </lin>
      </Detalle_Pregunta>
      <Detalle_Opcion>
        <lin>
          <Opcion V="001"/>
          <Votos V="3255"/>
          <Porc V="057,39"/>
          <Pregunta V="001"/>
        </lin>
        <lin>
          <Opcion V="002"/>
          <Votos V="2416"/>
          <Porc V="042,60"/>
          <Pregunta V="001"/>
        </lin>
        <lin>
          <Opcion V="001"/>
          <Votos V="2967"/>
          <Porc V="055,47"/>
          <Pregunta V="002"/>
        </lin>
        <lin>
          <Opcion V="002"/>
          <Votos V="2381"/>
          <Porc V="044,52"/>
          <Pregunta V="002"/>
        </lin>
        <lin>
          <Opcion V="001"/>
          <Votos V="2844"/>
          <Porc V="051,94"/>
          <Pregunta V="003"/>
        </lin>
        <lin>
          <Opcion V="002"/>
          <Votos V="2631"/>
          <Porc V="048,05"/>
          <Pregunta V="003"/>
        </lin>
        <lin>
          <Opcion V="001"/>
          <Votos V="2428"/>
          <Porc V="047,31"/>
          <Pregunta V="004"/>
        </lin>
        <lin>
          <Opcion V="002"/>
          <Votos V="2704"/>
          <Porc V="052,68"/>
          <Pregunta V="004"/>
        </lin>
        <lin>
          <Opcion V="001"/>
          <Votos V="2899"/>
          <Porc V="047,23"/>
          <Pregunta V="005"/>
        </lin>
        <lin>
          <Opcion V="002"/>
          <Votos V="3238"/>
          <Porc V="052,76"/>
          <Pregunta V="005"/>
        </lin>
        <lin>
          <Opcion V="001"/>
          <Votos V="2164"/>
          <Porc V="045,47"/>
          <Pregunta V="006"/>
        </lin>
        <lin>
          <Opcion V="002"/>
          <Votos V="2595"/>
          <Porc V="054,52"/>
          <Pregunta V="006"/>
        </lin>
        <lin>
          <Opcion V="001"/>
          <Votos V="2735"/>
          <Porc V="051,32"/>
          <Pregunta V="007"/>
        </lin>
        <lin>
          <Opcion V="002"/>
          <Votos V="2594"/>
          <Porc V="048,67"/>
          <Pregunta V="007"/>
        </lin>
      </Detalle_Opcion>
    </lin>
  </Detalle_Circunscripcion>
</Boletin>
</Boletin_Consolidado>