<Boletin_Consolidado><Boletin>
  <Numero V="0008"/>
  <Boletin_Departamental V="0012"/>
  <Tipo_Boletin V="DEPARTAMENTAL"/>
  <Desc_Corporacion V="CONSULTA POPULAR"/>
  <Departamento V="05"/>
  <Desc_Departamento V="BOLIVAR"/>
  <Municipio V="073"/>
  <Desc_Municipio V="SAN FERNANDO"/>
  <Dia V="21"/>
  <Mes V="8"/>
  <Anio V="2018"/>
  <Hora V="14"/>
  <Minuto V="15"/>
  <Mesas_Instaladas V="27"/>
  <Mesas_Informadas V="27"/>
  <Porc_Mesas_Informadas V="100,00"/>
  <Potencial_Sufragantes V="8504"/>
  <Detalle_Circunscripcion>
    <lin>
      <Circunscripcion V="0"/>
      <Desc_Circunscripcion V="NACIONAL"/>
      <Detalle_Pregunta>
        <lin>
          <Pregunta V="001"/>
          <Total_Sufragantes V="8504"/>
          <Porc_Sufragantes V="100,00"/>
          <Abstencion V="0"/>
          <Porc_Abstencion V="000,00"/>
          <Votos_Validos V="4304"/>
          <Porc_Votos_Validos V="050,61"/>
          <Votos_No_Marcados V="2243"/>
          <Porc_Votos_No_Marcados V="026,37"/>
          <Votos_Nulos V="1957"/>
          <Porc_Votos_Nulos V="023,01"/>
        </lin>
        <lin>
          <Pregunta V="002"/>
          <Total_Sufragantes V="8504"/>
          <Porc_Sufragantes V="100,00"/>
          <Abstencion V="0"/>
          <Porc_Abstencion V="000,00"/>
          <Votos_Validos V="4426"/>
          <Porc_Votos_Validos V="052,04"/>
          <Votos_No_Marcados V="1908"/>
          <Porc_Votos_No_Marcados V="022,43"/>
          <Votos_Nulos V="2170"/>
          <Porc_Votos_Nulos V="025,51"/>
        </lin>
        <lin>
          <Pregunta V="003"/>
          <Total_Sufragantes V="8504"/>
          <Porc_Sufragantes V="100,00"/>
          <Abstencion V="0"/>
          <Porc_Abstencion V="000,00"/>
          <Votos_Validos V="4264"/>
          <Porc_Votos_Validos V="050,14"/>
          <Votos_No_Marcados V="1995"/>
          <Porc_Votos_No_Marcados V="023,45"/>
          <Votos_Nulos V="2245"/>
          <Porc_Votos_Nulos V="026,39"/>
        </lin>
        <lin>
          <Pregunta V="004"/>
          <Total_Sufragantes V="8504"/>
          <Porc_Sufragantes V="100,00"/>
          <Abstencion V="0"/>
          <Porc_Abstencion V="000,00"/>
          <Votos_Validos V="4012"/>
          <Porc_Votos_Validos V="047,17"/>
          <Votos_No_Marcados V="1969"/>
          <Porc_Votos_No_Marcados V="023,15"/>
          <Votos_Nulos V="2523"/>
          <Porc_Votos_Nulos V="029,66"/>
        </lin>
        <lin>
          <Pregunta V="005"/>
          <Total_Sufragantes V="8504"/>
          <Porc_Sufragantes V="100,00"/>
          <Abstencion V="0"/>
          <Porc_Abstencion V="000,00"/>
          <Votos_Validos V="3756"/>
          <Porc_Votos_Validos V="044,16"/>
          <Votos_No_Marcados V="2570"/>
          <Porc_Votos_No_Marcados V="030,22"/>
          <Votos_Nulos V="2178"/>
          <Porc_Votos_Nulos V="025,61"/>
        </lin>
        <lin>
          <Pregunta V="006"/>
          <Total_Sufragantes V="8504"/>
          <Porc_Sufragantes V="100,00"/>
          <Abstencion V="0"/>
          <Porc_Abstencion V="000,00"/>
          <Votos_Validos V="5362"/>
          <Porc_Votos_Validos V="063,05"/>
          <Votos_No_Marcados V="1450"/>
          <Porc_Votos_No_Marcados V="017,05"/>
          <Votos_Nulos V="1692"/>
          <Porc_Votos_Nulos V="019,89"/>
        </lin>
        <lin>
          <Pregunta V="007"/>
          <Total_Sufragantes V="8504"/>
          <Porc_Sufragantes V="100,00"/>
          <Abstencion V="0"/>
          <Porc_Abstencion V="000,00"/>
          <Votos_Validos V="4041"/>
          <Porc_Votos_Validos V="047,51"/>
          <Votos_No_Marcados V="2336"/>
          <Porc_Votos_No_Marcados V="027,46"/>
          <Votos_Nulos V="2127"/>
          <Porc_Votos_Nulos V="025,01"/>
        </lin>
      </Detalle_Pregunta>
      <Detalle_Opcion>
        <lin>
          <Opcion V="001"/>
          <Votos V="1644"/>
          <Porc V="038,19"/>
          <Pregunta V="001"/>
        </lin>
        <lin>
          <Opcion V="002"/>
          <Votos V="2660"/>
          <Porc V="061,80"/>
          <Pregunta V="001"/>
        </lin>
        <lin>
          <Opcion V="001"/>
          <Votos V="2364"/>
          <Porc V="053,41"/>
          <Pregunta V="002"/>
        </lin>
        <lin>
          <Opcion V="002"/>
          <Votos V="2062"/>
          <Porc V="046,58"/>
          <Pregunta V="002"/>
        </lin>
        <lin>
          <Opcion V="001"/>
          <Votos V="2099"/>
          <Porc V="049,22"/>
          <Pregunta V="003"/>
        </lin>
        <lin>
          <Opcion V="002"/>
          <Votos V="2165"/>
          <Porc V="050,77"/>
          <Pregunta V="003"/>
        </lin>
        <lin>
          <Opcion V="001"/>
          <Votos V="2146"/>
          <Porc V="053,48"/>
          <Pregunta V="004"/>
        </lin>
        <lin>
          <Opcion V="002"/>
          <Votos V="1866"/>
          <Porc V="046,51"/>
          <Pregunta V="004"/>
        </lin>
        <lin>
          <Opcion V="001"/>
          <Votos V="1886"/>
          <Porc V="050,21"/>
          <Pregunta V="005"/>
        </lin>
        <lin>
          <Opcion V="002"/>
          <Votos V="1870"/>
          <Porc V="049,78"/>
          <Pregunta V="005"/>
        </lin>
        <lin>
          <Opcion V="001"/>
          <Votos V="2540"/>
          <Porc V="047,37"/>
          <Pregunta V="006"/>
        </lin>
        <lin>
          <Opcion V="002"/>
          <Votos V="2822"/>
          <Porc V="052,62"/>
          <Pregunta V="006"/>
        </lin>
        <lin>
          <Opcion V="001"/>
          <Votos V="2110"/>
          <Porc V="052,21"/>
          <Pregunta V="007"/>
        </lin>
        <lin>
          <Opcion V="002"/>
          <Votos V="1931"/>
          <Porc V="047,78"/>
          <Pregunta V="007"/>
        </lin>
      </Detalle_Opcion>
    </lin>
  </Detalle_Circunscripcion>
</Boletin>
</Boletin_Consolidado>