<Boletin_Consolidado><Boletin>
  <Numero V="0008"/>
  <Boletin_Departamental V="0012"/>
  <Tipo_Boletin V="DEPARTAMENTAL"/>
  <Desc_Corporacion V="CONSULTA POPULAR"/>
  <Departamento V="05"/>
  <Desc_Departamento V="BOLIVAR"/>
  <Municipio V="118"/>
  <Desc_Municipio V="TURBACO"/>
  <Dia V="21"/>
  <Mes V="8"/>
  <Anio V="2018"/>
  <Hora V="14"/>
  <Minuto V="15"/>
  <Mesas_Instaladas V="154"/>
  <Mesas_Informadas V="154"/>
  <Porc_Mesas_Informadas V="100,00"/>
  <Potencial_Sufragantes V="63847"/>
  <Detalle_Circunscripcion>
    <lin>
      <Circunscripcion V="0"/>
      <Desc_Circunscripcion V="NACIONAL"/>
      <Detalle_Pregunta>
        <lin>
          <Pregunta V="001"/>
          <Total_Sufragantes V="63847"/>
          <Porc_Sufragantes V="100,00"/>
          <Abstencion V="0"/>
          <Porc_Abstencion V="000,00"/>
          <Votos_Validos V="30748"/>
          <Porc_Votos_Validos V="048,15"/>
          <Votos_No_Marcados V="16631"/>
          <Porc_Votos_No_Marcados V="026,04"/>
          <Votos_Nulos V="16468"/>
          <Porc_Votos_Nulos V="025,79"/>
        </lin>
        <lin>
          <Pregunta V="002"/>
          <Total_Sufragantes V="63847"/>
          <Porc_Sufragantes V="100,00"/>
          <Abstencion V="0"/>
          <Porc_Abstencion V="000,00"/>
          <Votos_Validos V="31500"/>
          <Porc_Votos_Validos V="049,33"/>
          <Votos_No_Marcados V="15417"/>
          <Porc_Votos_No_Marcados V="024,14"/>
          <Votos_Nulos V="16930"/>
          <Porc_Votos_Nulos V="026,51"/>
        </lin>
        <lin>
          <Pregunta V="003"/>
          <Total_Sufragantes V="63847"/>
          <Porc_Sufragantes V="100,00"/>
          <Abstencion V="0"/>
          <Porc_Abstencion V="000,00"/>
          <Votos_Validos V="30862"/>
          <Porc_Votos_Validos V="048,33"/>
          <Votos_No_Marcados V="16446"/>
          <Porc_Votos_No_Marcados V="025,75"/>
          <Votos_Nulos V="16539"/>
          <Porc_Votos_Nulos V="025,90"/>
        </lin>
        <lin>
          <Pregunta V="004"/>
          <Total_Sufragantes V="63847"/>
          <Porc_Sufragantes V="100,00"/>
          <Abstencion V="0"/>
          <Porc_Abstencion V="000,00"/>
          <Votos_Validos V="32708"/>
          <Porc_Votos_Validos V="051,22"/>
          <Votos_No_Marcados V="15068"/>
          <Porc_Votos_No_Marcados V="023,60"/>
          <Votos_Nulos V="16071"/>
          <Porc_Votos_Nulos V="025,17"/>
        </lin>
        <lin>
          <Pregunta V="005"/>
          <Total_Sufragantes V="63847"/>
          <Porc_Sufragantes V="100,00"/>
          <Abstencion V="0"/>
          <Porc_Abstencion V="000,00"/>
          <Votos_Validos V="31389"/>
          <Porc_Votos_Validos V="049,16"/>
          <Votos_No_Marcados V="15776"/>
          <Porc_Votos_No_Marcados V="024,70"/>
          <Votos_Nulos V="16682"/>
          <Porc_Votos_Nulos V="026,12"/>
        </lin>
        <lin>
          <Pregunta V="006"/>
          <Total_Sufragantes V="63847"/>
          <Porc_Sufragantes V="100,00"/>
          <Abstencion V="0"/>
          <Porc_Abstencion V="000,00"/>
          <Votos_Validos V="31617"/>
          <Porc_Votos_Validos V="049,51"/>
          <Votos_No_Marcados V="15942"/>
          <Porc_Votos_No_Marcados V="024,96"/>
          <Votos_Nulos V="16288"/>
          <Porc_Votos_Nulos V="025,51"/>
        </lin>
        <lin>
          <Pregunta V="007"/>
          <Total_Sufragantes V="63847"/>
          <Porc_Sufragantes V="100,00"/>
          <Abstencion V="0"/>
          <Porc_Abstencion V="000,00"/>
          <Votos_Validos V="30565"/>
          <Porc_Votos_Validos V="047,87"/>
          <Votos_No_Marcados V="16987"/>
          <Porc_Votos_No_Marcados V="026,60"/>
          <Votos_Nulos V="16295"/>
          <Porc_Votos_Nulos V="025,52"/>
        </lin>
      </Detalle_Pregunta>
      <Detalle_Opcion>
        <lin>
          <Opcion V="001"/>
          <Votos V="15624"/>
          <Porc V="050,81"/>
          <Pregunta V="001"/>
        </lin>
        <lin>
          <Opcion V="002"/>
          <Votos V="15124"/>
          <Porc V="049,18"/>
          <Pregunta V="001"/>
        </lin>
        <lin>
          <Opcion V="001"/>
          <Votos V="15215"/>
          <Porc V="048,30"/>
          <Pregunta V="002"/>
        </lin>
        <lin>
          <Opcion V="002"/>
          <Votos V="16285"/>
          <Porc V="051,69"/>
          <Pregunta V="002"/>
        </lin>
        <lin>
          <Opcion V="001"/>
          <Votos V="15850"/>
          <Porc V="051,35"/>
          <Pregunta V="003"/>
        </lin>
        <lin>
          <Opcion V="002"/>
          <Votos V="15012"/>
          <Porc V="048,64"/>
          <Pregunta V="003"/>
        </lin>
        <lin>
          <Opcion V="001"/>
          <Votos V="17289"/>
          <Porc V="052,85"/>
          <Pregunta V="004"/>
        </lin>
        <lin>
          <Opcion V="002"/>
          <Votos V="15419"/>
          <Porc V="047,14"/>
          <Pregunta V="004"/>
        </lin>
        <lin>
          <Opcion V="001"/>
          <Votos V="16092"/>
          <Porc V="051,26"/>
          <Pregunta V="005"/>
        </lin>
        <lin>
          <Opcion V="002"/>
          <Votos V="15297"/>
          <Porc V="048,73"/>
          <Pregunta V="005"/>
        </lin>
        <lin>
          <Opcion V="001"/>
          <Votos V="15059"/>
          <Porc V="047,62"/>
          <Pregunta V="006"/>
        </lin>
        <lin>
          <Opcion V="002"/>
          <Votos V="16558"/>
          <Porc V="052,37"/>
          <Pregunta V="006"/>
        </lin>
        <lin>
          <Opcion V="001"/>
          <Votos V="16018"/>
          <Porc V="052,40"/>
          <Pregunta V="007"/>
        </lin>
        <lin>
          <Opcion V="002"/>
          <Votos V="14547"/>
          <Porc V="047,59"/>
          <Pregunta V="007"/>
        </lin>
      </Detalle_Opcion>
    </lin>
  </Detalle_Circunscripcion>
</Boletin>
</Boletin_Consolidado>