<Boletin_Consolidado><Boletin>
  <Numero V="0008"/>
  <Boletin_Departamental V="0012"/>
  <Tipo_Boletin V="DEPARTAMENTAL"/>
  <Desc_Corporacion V="CONSULTA POPULAR"/>
  <Departamento V="03"/>
  <Desc_Departamento V="ATLANTICO"/>
  <Municipio V="001"/>
  <Desc_Municipio V="BARRANQUILLA"/>
  <Dia V="21"/>
  <Mes V="8"/>
  <Anio V="2018"/>
  <Hora V="14"/>
  <Minuto V="15"/>
  <Mesas_Instaladas V="2820"/>
  <Mesas_Informadas V="2820"/>
  <Porc_Mesas_Informadas V="100,00"/>
  <Potencial_Sufragantes V="1073583"/>
  <Detalle_Circunscripcion>
    <lin>
      <Circunscripcion V="0"/>
      <Desc_Circunscripcion V="NACIONAL"/>
      <Detalle_Pregunta>
        <lin>
          <Pregunta V="001"/>
          <Total_Sufragantes V="1073583"/>
          <Porc_Sufragantes V="100,00"/>
          <Abstencion V="0"/>
          <Porc_Abstencion V="000,00"/>
          <Votos_Validos V="532350"/>
          <Porc_Votos_Validos V="049,58"/>
          <Votos_No_Marcados V="268953"/>
          <Porc_Votos_No_Marcados V="025,05"/>
          <Votos_Nulos V="272280"/>
          <Porc_Votos_Nulos V="025,36"/>
        </lin>
        <lin>
          <Pregunta V="002"/>
          <Total_Sufragantes V="1073583"/>
          <Porc_Sufragantes V="100,00"/>
          <Abstencion V="0"/>
          <Porc_Abstencion V="000,00"/>
          <Votos_Validos V="539022"/>
          <Porc_Votos_Validos V="050,20"/>
          <Votos_No_Marcados V="262637"/>
          <Porc_Votos_No_Marcados V="024,46"/>
          <Votos_Nulos V="271924"/>
          <Porc_Votos_Nulos V="025,32"/>
        </lin>
        <lin>
          <Pregunta V="003"/>
          <Total_Sufragantes V="1073583"/>
          <Porc_Sufragantes V="100,00"/>
          <Abstencion V="0"/>
          <Porc_Abstencion V="000,00"/>
          <Votos_Validos V="535157"/>
          <Porc_Votos_Validos V="049,84"/>
          <Votos_No_Marcados V="266458"/>
          <Porc_Votos_No_Marcados V="024,81"/>
          <Votos_Nulos V="271968"/>
          <Porc_Votos_Nulos V="025,33"/>
        </lin>
        <lin>
          <Pregunta V="004"/>
          <Total_Sufragantes V="1073583"/>
          <Porc_Sufragantes V="100,00"/>
          <Abstencion V="0"/>
          <Porc_Abstencion V="000,00"/>
          <Votos_Validos V="542436"/>
          <Porc_Votos_Validos V="050,52"/>
          <Votos_No_Marcados V="268839"/>
          <Porc_Votos_No_Marcados V="025,04"/>
          <Votos_Nulos V="262308"/>
          <Porc_Votos_Nulos V="024,43"/>
        </lin>
        <lin>
          <Pregunta V="005"/>
          <Total_Sufragantes V="1073583"/>
          <Porc_Sufragantes V="100,00"/>
          <Abstencion V="0"/>
          <Porc_Abstencion V="000,00"/>
          <Votos_Validos V="545948"/>
          <Porc_Votos_Validos V="050,85"/>
          <Votos_No_Marcados V="261104"/>
          <Porc_Votos_No_Marcados V="024,32"/>
          <Votos_Nulos V="266531"/>
          <Porc_Votos_Nulos V="024,82"/>
        </lin>
        <lin>
          <Pregunta V="006"/>
          <Total_Sufragantes V="1073583"/>
          <Porc_Sufragantes V="100,00"/>
          <Abstencion V="0"/>
          <Porc_Abstencion V="000,00"/>
          <Votos_Validos V="544548"/>
          <Porc_Votos_Validos V="050,72"/>
          <Votos_No_Marcados V="265859"/>
          <Porc_Votos_No_Marcados V="024,76"/>
          <Votos_Nulos V="263176"/>
          <Porc_Votos_Nulos V="024,51"/>
        </lin>
        <lin>
          <Pregunta V="007"/>
          <Total_Sufragantes V="1073583"/>
          <Porc_Sufragantes V="100,00"/>
          <Abstencion V="0"/>
          <Porc_Abstencion V="000,00"/>
          <Votos_Validos V="528782"/>
          <Porc_Votos_Validos V="049,25"/>
          <Votos_No_Marcados V="273298"/>
          <Porc_Votos_No_Marcados V="025,45"/>
          <Votos_Nulos V="271503"/>
          <Porc_Votos_Nulos V="025,28"/>
        </lin>
      </Detalle_Pregunta>
      <Detalle_Opcion>
        <lin>
          <Opcion V="001"/>
          <Votos V="268014"/>
          <Porc V="050,34"/>
          <Pregunta V="001"/>
        </lin>
        <lin>
          <Opcion V="002"/>
          <Votos V="264336"/>
          <Porc V="049,65"/>
          <Pregunta V="001"/>
        </lin>
        <lin>
          <Opcion V="001"/>
          <Votos V="272787"/>
          <Porc V="050,60"/>
          <Pregunta V="002"/>
        </lin>
        <lin>
          <Opcion V="002"/>
          <Votos V="266235"/>
          <Porc V="049,39"/>
          <Pregunta V="002"/>
        </lin>
        <lin>
          <Opcion V="001"/>
          <Votos V="267306"/>
          <Porc V="049,94"/>
          <Pregunta V="003"/>
        </lin>
        <lin>
          <Opcion V="002"/>
          <Votos V="267851"/>
          <Porc V="050,05"/>
          <Pregunta V="003"/>
        </lin>
        <lin>
          <Opcion V="001"/>
          <Votos V="276438"/>
          <Porc V="050,96"/>
          <Pregunta V="004"/>
        </lin>
        <lin>
          <Opcion V="002"/>
          <Votos V="265998"/>
          <Porc V="049,03"/>
          <Pregunta V="004"/>
        </lin>
        <lin>
          <Opcion V="001"/>
          <Votos V="275606"/>
          <Porc V="050,48"/>
          <Pregunta V="005"/>
        </lin>
        <lin>
          <Opcion V="002"/>
          <Votos V="270342"/>
          <Porc V="049,51"/>
          <Pregunta V="005"/>
        </lin>
        <lin>
          <Opcion V="001"/>
          <Votos V="278500"/>
          <Porc V="051,14"/>
          <Pregunta V="006"/>
        </lin>
        <lin>
          <Opcion V="002"/>
          <Votos V="266048"/>
          <Porc V="048,85"/>
          <Pregunta V="006"/>
        </lin>
        <lin>
          <Opcion V="001"/>
          <Votos V="266954"/>
          <Porc V="050,48"/>
          <Pregunta V="007"/>
        </lin>
        <lin>
          <Opcion V="002"/>
          <Votos V="261828"/>
          <Porc V="049,51"/>
          <Pregunta V="007"/>
        </lin>
      </Detalle_Opcion>
    </lin>
  </Detalle_Circunscripcion>
</Boletin>
</Boletin_Consolidado>