<Boletin_Consolidado><Boletin>
  <Numero V="0008"/>
  <Boletin_Departamental V="0011"/>
  <Tipo_Boletin V="DEPARTAMENTAL"/>
  <Desc_Corporacion V="CONSULTA POPULAR"/>
  <Departamento V="05"/>
  <Desc_Departamento V="BOLIVAR"/>
  <Municipio V="110"/>
  <Desc_Municipio V="TALAIGUA NUEVO"/>
  <Dia V="21"/>
  <Mes V="8"/>
  <Anio V="2018"/>
  <Hora V="14"/>
  <Minuto V="15"/>
  <Mesas_Instaladas V="29"/>
  <Mesas_Informadas V="29"/>
  <Porc_Mesas_Informadas V="100,00"/>
  <Potencial_Sufragantes V="9178"/>
  <Detalle_Circunscripcion>
    <lin>
      <Circunscripcion V="0"/>
      <Desc_Circunscripcion V="NACIONAL"/>
      <Detalle_Pregunta>
        <lin>
          <Pregunta V="001"/>
          <Total_Sufragantes V="9178"/>
          <Porc_Sufragantes V="100,00"/>
          <Abstencion V="0"/>
          <Porc_Abstencion V="000,00"/>
          <Votos_Validos V="4932"/>
          <Porc_Votos_Validos V="053,73"/>
          <Votos_No_Marcados V="2263"/>
          <Porc_Votos_No_Marcados V="024,65"/>
          <Votos_Nulos V="1983"/>
          <Porc_Votos_Nulos V="021,60"/>
        </lin>
        <lin>
          <Pregunta V="002"/>
          <Total_Sufragantes V="9178"/>
          <Porc_Sufragantes V="100,00"/>
          <Abstencion V="0"/>
          <Porc_Abstencion V="000,00"/>
          <Votos_Validos V="4940"/>
          <Porc_Votos_Validos V="053,82"/>
          <Votos_No_Marcados V="2090"/>
          <Porc_Votos_No_Marcados V="022,77"/>
          <Votos_Nulos V="2148"/>
          <Porc_Votos_Nulos V="023,40"/>
        </lin>
        <lin>
          <Pregunta V="003"/>
          <Total_Sufragantes V="9178"/>
          <Porc_Sufragantes V="100,00"/>
          <Abstencion V="0"/>
          <Porc_Abstencion V="000,00"/>
          <Votos_Validos V="4729"/>
          <Porc_Votos_Validos V="051,52"/>
          <Votos_No_Marcados V="2119"/>
          <Porc_Votos_No_Marcados V="023,08"/>
          <Votos_Nulos V="2330"/>
          <Porc_Votos_Nulos V="025,38"/>
        </lin>
        <lin>
          <Pregunta V="004"/>
          <Total_Sufragantes V="9178"/>
          <Porc_Sufragantes V="100,00"/>
          <Abstencion V="0"/>
          <Porc_Abstencion V="000,00"/>
          <Votos_Validos V="4651"/>
          <Porc_Votos_Validos V="050,67"/>
          <Votos_No_Marcados V="2115"/>
          <Porc_Votos_No_Marcados V="023,04"/>
          <Votos_Nulos V="2412"/>
          <Porc_Votos_Nulos V="026,28"/>
        </lin>
        <lin>
          <Pregunta V="005"/>
          <Total_Sufragantes V="9178"/>
          <Porc_Sufragantes V="100,00"/>
          <Abstencion V="0"/>
          <Porc_Abstencion V="000,00"/>
          <Votos_Validos V="4199"/>
          <Porc_Votos_Validos V="045,75"/>
          <Votos_No_Marcados V="2028"/>
          <Porc_Votos_No_Marcados V="022,09"/>
          <Votos_Nulos V="2951"/>
          <Porc_Votos_Nulos V="032,15"/>
        </lin>
        <lin>
          <Pregunta V="006"/>
          <Total_Sufragantes V="9178"/>
          <Porc_Sufragantes V="100,00"/>
          <Abstencion V="0"/>
          <Porc_Abstencion V="000,00"/>
          <Votos_Validos V="4220"/>
          <Porc_Votos_Validos V="045,97"/>
          <Votos_No_Marcados V="2632"/>
          <Porc_Votos_No_Marcados V="028,67"/>
          <Votos_Nulos V="2326"/>
          <Porc_Votos_Nulos V="025,34"/>
        </lin>
        <lin>
          <Pregunta V="007"/>
          <Total_Sufragantes V="9178"/>
          <Porc_Sufragantes V="100,00"/>
          <Abstencion V="0"/>
          <Porc_Abstencion V="000,00"/>
          <Votos_Validos V="4632"/>
          <Porc_Votos_Validos V="050,46"/>
          <Votos_No_Marcados V="2726"/>
          <Porc_Votos_No_Marcados V="029,70"/>
          <Votos_Nulos V="1820"/>
          <Porc_Votos_Nulos V="019,83"/>
        </lin>
      </Detalle_Pregunta>
      <Detalle_Opcion>
        <lin>
          <Opcion V="001"/>
          <Votos V="2365"/>
          <Porc V="047,95"/>
          <Pregunta V="001"/>
        </lin>
        <lin>
          <Opcion V="002"/>
          <Votos V="2567"/>
          <Porc V="052,04"/>
          <Pregunta V="001"/>
        </lin>
        <lin>
          <Opcion V="001"/>
          <Votos V="2723"/>
          <Porc V="055,12"/>
          <Pregunta V="002"/>
        </lin>
        <lin>
          <Opcion V="002"/>
          <Votos V="2217"/>
          <Porc V="044,87"/>
          <Pregunta V="002"/>
        </lin>
        <lin>
          <Opcion V="001"/>
          <Votos V="2048"/>
          <Porc V="043,30"/>
          <Pregunta V="003"/>
        </lin>
        <lin>
          <Opcion V="002"/>
          <Votos V="2681"/>
          <Porc V="056,69"/>
          <Pregunta V="003"/>
        </lin>
        <lin>
          <Opcion V="001"/>
          <Votos V="2654"/>
          <Porc V="057,06"/>
          <Pregunta V="004"/>
        </lin>
        <lin>
          <Opcion V="002"/>
          <Votos V="1997"/>
          <Porc V="042,93"/>
          <Pregunta V="004"/>
        </lin>
        <lin>
          <Opcion V="001"/>
          <Votos V="2078"/>
          <Porc V="049,48"/>
          <Pregunta V="005"/>
        </lin>
        <lin>
          <Opcion V="002"/>
          <Votos V="2121"/>
          <Porc V="050,51"/>
          <Pregunta V="005"/>
        </lin>
        <lin>
          <Opcion V="001"/>
          <Votos V="1913"/>
          <Porc V="045,33"/>
          <Pregunta V="006"/>
        </lin>
        <lin>
          <Opcion V="002"/>
          <Votos V="2307"/>
          <Porc V="054,66"/>
          <Pregunta V="006"/>
        </lin>
        <lin>
          <Opcion V="001"/>
          <Votos V="2478"/>
          <Porc V="053,49"/>
          <Pregunta V="007"/>
        </lin>
        <lin>
          <Opcion V="002"/>
          <Votos V="2154"/>
          <Porc V="046,50"/>
          <Pregunta V="007"/>
        </lin>
      </Detalle_Opcion>
    </lin>
  </Detalle_Circunscripcion>
</Boletin>
</Boletin_Consolidado>