<Boletin_Consolidado><Boletin>
  <Numero V="0008"/>
  <Boletin_Departamental V="0012"/>
  <Tipo_Boletin V="DEPARTAMENTAL"/>
  <Desc_Corporacion V="CONSULTA POPULAR"/>
  <Departamento V="12"/>
  <Desc_Departamento V="CESAR"/>
  <Municipio V="170"/>
  <Desc_Municipio V="ASTREA"/>
  <Dia V="21"/>
  <Mes V="8"/>
  <Anio V="2018"/>
  <Hora V="14"/>
  <Minuto V="15"/>
  <Mesas_Instaladas V="40"/>
  <Mesas_Informadas V="40"/>
  <Porc_Mesas_Informadas V="100,00"/>
  <Potencial_Sufragantes V="14460"/>
  <Detalle_Circunscripcion>
    <lin>
      <Circunscripcion V="0"/>
      <Desc_Circunscripcion V="NACIONAL"/>
      <Detalle_Pregunta>
        <lin>
          <Pregunta V="001"/>
          <Total_Sufragantes V="14460"/>
          <Porc_Sufragantes V="100,00"/>
          <Abstencion V="0"/>
          <Porc_Abstencion V="000,00"/>
          <Votos_Validos V="7218"/>
          <Porc_Votos_Validos V="049,91"/>
          <Votos_No_Marcados V="3785"/>
          <Porc_Votos_No_Marcados V="026,17"/>
          <Votos_Nulos V="3457"/>
          <Porc_Votos_Nulos V="023,90"/>
        </lin>
        <lin>
          <Pregunta V="002"/>
          <Total_Sufragantes V="14460"/>
          <Porc_Sufragantes V="100,00"/>
          <Abstencion V="0"/>
          <Porc_Abstencion V="000,00"/>
          <Votos_Validos V="7437"/>
          <Porc_Votos_Validos V="051,43"/>
          <Votos_No_Marcados V="3751"/>
          <Porc_Votos_No_Marcados V="025,94"/>
          <Votos_Nulos V="3272"/>
          <Porc_Votos_Nulos V="022,62"/>
        </lin>
        <lin>
          <Pregunta V="003"/>
          <Total_Sufragantes V="14460"/>
          <Porc_Sufragantes V="100,00"/>
          <Abstencion V="0"/>
          <Porc_Abstencion V="000,00"/>
          <Votos_Validos V="6957"/>
          <Porc_Votos_Validos V="048,11"/>
          <Votos_No_Marcados V="3915"/>
          <Porc_Votos_No_Marcados V="027,07"/>
          <Votos_Nulos V="3588"/>
          <Porc_Votos_Nulos V="024,81"/>
        </lin>
        <lin>
          <Pregunta V="004"/>
          <Total_Sufragantes V="14460"/>
          <Porc_Sufragantes V="100,00"/>
          <Abstencion V="0"/>
          <Porc_Abstencion V="000,00"/>
          <Votos_Validos V="7448"/>
          <Porc_Votos_Validos V="051,50"/>
          <Votos_No_Marcados V="3093"/>
          <Porc_Votos_No_Marcados V="021,39"/>
          <Votos_Nulos V="3919"/>
          <Porc_Votos_Nulos V="027,10"/>
        </lin>
        <lin>
          <Pregunta V="005"/>
          <Total_Sufragantes V="14460"/>
          <Porc_Sufragantes V="100,00"/>
          <Abstencion V="0"/>
          <Porc_Abstencion V="000,00"/>
          <Votos_Validos V="7702"/>
          <Porc_Votos_Validos V="053,26"/>
          <Votos_No_Marcados V="3326"/>
          <Porc_Votos_No_Marcados V="023,00"/>
          <Votos_Nulos V="3432"/>
          <Porc_Votos_Nulos V="023,73"/>
        </lin>
        <lin>
          <Pregunta V="006"/>
          <Total_Sufragantes V="14460"/>
          <Porc_Sufragantes V="100,00"/>
          <Abstencion V="0"/>
          <Porc_Abstencion V="000,00"/>
          <Votos_Validos V="7794"/>
          <Porc_Votos_Validos V="053,90"/>
          <Votos_No_Marcados V="3255"/>
          <Porc_Votos_No_Marcados V="022,51"/>
          <Votos_Nulos V="3411"/>
          <Porc_Votos_Nulos V="023,58"/>
        </lin>
        <lin>
          <Pregunta V="007"/>
          <Total_Sufragantes V="14460"/>
          <Porc_Sufragantes V="100,00"/>
          <Abstencion V="0"/>
          <Porc_Abstencion V="000,00"/>
          <Votos_Validos V="7541"/>
          <Porc_Votos_Validos V="052,15"/>
          <Votos_No_Marcados V="3154"/>
          <Porc_Votos_No_Marcados V="021,81"/>
          <Votos_Nulos V="3765"/>
          <Porc_Votos_Nulos V="026,03"/>
        </lin>
      </Detalle_Pregunta>
      <Detalle_Opcion>
        <lin>
          <Opcion V="001"/>
          <Votos V="3805"/>
          <Porc V="052,71"/>
          <Pregunta V="001"/>
        </lin>
        <lin>
          <Opcion V="002"/>
          <Votos V="3413"/>
          <Porc V="047,28"/>
          <Pregunta V="001"/>
        </lin>
        <lin>
          <Opcion V="001"/>
          <Votos V="3210"/>
          <Porc V="043,16"/>
          <Pregunta V="002"/>
        </lin>
        <lin>
          <Opcion V="002"/>
          <Votos V="4227"/>
          <Porc V="056,83"/>
          <Pregunta V="002"/>
        </lin>
        <lin>
          <Opcion V="001"/>
          <Votos V="3492"/>
          <Porc V="050,19"/>
          <Pregunta V="003"/>
        </lin>
        <lin>
          <Opcion V="002"/>
          <Votos V="3465"/>
          <Porc V="049,80"/>
          <Pregunta V="003"/>
        </lin>
        <lin>
          <Opcion V="001"/>
          <Votos V="4408"/>
          <Porc V="059,18"/>
          <Pregunta V="004"/>
        </lin>
        <lin>
          <Opcion V="002"/>
          <Votos V="3040"/>
          <Porc V="040,81"/>
          <Pregunta V="004"/>
        </lin>
        <lin>
          <Opcion V="001"/>
          <Votos V="3651"/>
          <Porc V="047,40"/>
          <Pregunta V="005"/>
        </lin>
        <lin>
          <Opcion V="002"/>
          <Votos V="4051"/>
          <Porc V="052,59"/>
          <Pregunta V="005"/>
        </lin>
        <lin>
          <Opcion V="001"/>
          <Votos V="3207"/>
          <Porc V="041,14"/>
          <Pregunta V="006"/>
        </lin>
        <lin>
          <Opcion V="002"/>
          <Votos V="4587"/>
          <Porc V="058,85"/>
          <Pregunta V="006"/>
        </lin>
        <lin>
          <Opcion V="001"/>
          <Votos V="4449"/>
          <Porc V="058,99"/>
          <Pregunta V="007"/>
        </lin>
        <lin>
          <Opcion V="002"/>
          <Votos V="3092"/>
          <Porc V="041,00"/>
          <Pregunta V="007"/>
        </lin>
      </Detalle_Opcion>
    </lin>
  </Detalle_Circunscripcion>
</Boletin>
</Boletin_Consolidado>