<Boletin_Consolidado><Boletin>
  <Numero V="0008"/>
  <Boletin_Departamental V="0012"/>
  <Tipo_Boletin V="DEPARTAMENTAL"/>
  <Desc_Corporacion V="CONSULTA POPULAR"/>
  <Departamento V="01"/>
  <Desc_Departamento V="ANTIOQUIA"/>
  <Municipio V="169"/>
  <Desc_Municipio V="LA UNION"/>
  <Dia V="21"/>
  <Mes V="8"/>
  <Anio V="2018"/>
  <Hora V="14"/>
  <Minuto V="15"/>
  <Mesas_Instaladas V="46"/>
  <Mesas_Informadas V="46"/>
  <Porc_Mesas_Informadas V="100,00"/>
  <Potencial_Sufragantes V="17290"/>
  <Detalle_Circunscripcion>
    <lin>
      <Circunscripcion V="0"/>
      <Desc_Circunscripcion V="NACIONAL"/>
      <Detalle_Pregunta>
        <lin>
          <Pregunta V="001"/>
          <Total_Sufragantes V="17290"/>
          <Porc_Sufragantes V="100,00"/>
          <Abstencion V="0"/>
          <Porc_Abstencion V="000,00"/>
          <Votos_Validos V="8349"/>
          <Porc_Votos_Validos V="048,28"/>
          <Votos_No_Marcados V="4946"/>
          <Porc_Votos_No_Marcados V="028,60"/>
          <Votos_Nulos V="3995"/>
          <Porc_Votos_Nulos V="023,10"/>
        </lin>
        <lin>
          <Pregunta V="002"/>
          <Total_Sufragantes V="17290"/>
          <Porc_Sufragantes V="100,00"/>
          <Abstencion V="0"/>
          <Porc_Abstencion V="000,00"/>
          <Votos_Validos V="8911"/>
          <Porc_Votos_Validos V="051,53"/>
          <Votos_No_Marcados V="4625"/>
          <Porc_Votos_No_Marcados V="026,74"/>
          <Votos_Nulos V="3754"/>
          <Porc_Votos_Nulos V="021,71"/>
        </lin>
        <lin>
          <Pregunta V="003"/>
          <Total_Sufragantes V="17290"/>
          <Porc_Sufragantes V="100,00"/>
          <Abstencion V="0"/>
          <Porc_Abstencion V="000,00"/>
          <Votos_Validos V="7308"/>
          <Porc_Votos_Validos V="042,26"/>
          <Votos_No_Marcados V="5248"/>
          <Porc_Votos_No_Marcados V="030,35"/>
          <Votos_Nulos V="4734"/>
          <Porc_Votos_Nulos V="027,37"/>
        </lin>
        <lin>
          <Pregunta V="004"/>
          <Total_Sufragantes V="17290"/>
          <Porc_Sufragantes V="100,00"/>
          <Abstencion V="0"/>
          <Porc_Abstencion V="000,00"/>
          <Votos_Validos V="8291"/>
          <Porc_Votos_Validos V="047,95"/>
          <Votos_No_Marcados V="4303"/>
          <Porc_Votos_No_Marcados V="024,88"/>
          <Votos_Nulos V="4696"/>
          <Porc_Votos_Nulos V="027,16"/>
        </lin>
        <lin>
          <Pregunta V="005"/>
          <Total_Sufragantes V="17290"/>
          <Porc_Sufragantes V="100,00"/>
          <Abstencion V="0"/>
          <Porc_Abstencion V="000,00"/>
          <Votos_Validos V="8310"/>
          <Porc_Votos_Validos V="048,06"/>
          <Votos_No_Marcados V="4405"/>
          <Porc_Votos_No_Marcados V="025,47"/>
          <Votos_Nulos V="4575"/>
          <Porc_Votos_Nulos V="026,46"/>
        </lin>
        <lin>
          <Pregunta V="006"/>
          <Total_Sufragantes V="17290"/>
          <Porc_Sufragantes V="100,00"/>
          <Abstencion V="0"/>
          <Porc_Abstencion V="000,00"/>
          <Votos_Validos V="8108"/>
          <Porc_Votos_Validos V="046,89"/>
          <Votos_No_Marcados V="4789"/>
          <Porc_Votos_No_Marcados V="027,69"/>
          <Votos_Nulos V="4393"/>
          <Porc_Votos_Nulos V="025,40"/>
        </lin>
        <lin>
          <Pregunta V="007"/>
          <Total_Sufragantes V="17290"/>
          <Porc_Sufragantes V="100,00"/>
          <Abstencion V="0"/>
          <Porc_Abstencion V="000,00"/>
          <Votos_Validos V="8105"/>
          <Porc_Votos_Validos V="046,87"/>
          <Votos_No_Marcados V="4475"/>
          <Porc_Votos_No_Marcados V="025,88"/>
          <Votos_Nulos V="4710"/>
          <Porc_Votos_Nulos V="027,24"/>
        </lin>
      </Detalle_Pregunta>
      <Detalle_Opcion>
        <lin>
          <Opcion V="001"/>
          <Votos V="3628"/>
          <Porc V="043,45"/>
          <Pregunta V="001"/>
        </lin>
        <lin>
          <Opcion V="002"/>
          <Votos V="4721"/>
          <Porc V="056,54"/>
          <Pregunta V="001"/>
        </lin>
        <lin>
          <Opcion V="001"/>
          <Votos V="4483"/>
          <Porc V="050,30"/>
          <Pregunta V="002"/>
        </lin>
        <lin>
          <Opcion V="002"/>
          <Votos V="4428"/>
          <Porc V="049,69"/>
          <Pregunta V="002"/>
        </lin>
        <lin>
          <Opcion V="001"/>
          <Votos V="3365"/>
          <Porc V="046,04"/>
          <Pregunta V="003"/>
        </lin>
        <lin>
          <Opcion V="002"/>
          <Votos V="3943"/>
          <Porc V="053,95"/>
          <Pregunta V="003"/>
        </lin>
        <lin>
          <Opcion V="001"/>
          <Votos V="4135"/>
          <Porc V="049,87"/>
          <Pregunta V="004"/>
        </lin>
        <lin>
          <Opcion V="002"/>
          <Votos V="4156"/>
          <Porc V="050,12"/>
          <Pregunta V="004"/>
        </lin>
        <lin>
          <Opcion V="001"/>
          <Votos V="3799"/>
          <Porc V="045,71"/>
          <Pregunta V="005"/>
        </lin>
        <lin>
          <Opcion V="002"/>
          <Votos V="4511"/>
          <Porc V="054,28"/>
          <Pregunta V="005"/>
        </lin>
        <lin>
          <Opcion V="001"/>
          <Votos V="4240"/>
          <Porc V="052,29"/>
          <Pregunta V="006"/>
        </lin>
        <lin>
          <Opcion V="002"/>
          <Votos V="3868"/>
          <Porc V="047,70"/>
          <Pregunta V="006"/>
        </lin>
        <lin>
          <Opcion V="001"/>
          <Votos V="3854"/>
          <Porc V="047,55"/>
          <Pregunta V="007"/>
        </lin>
        <lin>
          <Opcion V="002"/>
          <Votos V="4251"/>
          <Porc V="052,44"/>
          <Pregunta V="007"/>
        </lin>
      </Detalle_Opcion>
    </lin>
  </Detalle_Circunscripcion>
</Boletin>
</Boletin_Consolidado>