<Boletin_Consolidado><Boletin>
  <Numero V="0008"/>
  <Boletin_Departamental V="0012"/>
  <Tipo_Boletin V="DEPARTAMENTAL"/>
  <Desc_Corporacion V="CONSULTA POPULAR"/>
  <Departamento V="07"/>
  <Desc_Departamento V="BOYACA"/>
  <Municipio V="040"/>
  <Desc_Municipio V="CAMPOHERMOSO"/>
  <Dia V="21"/>
  <Mes V="8"/>
  <Anio V="2018"/>
  <Hora V="14"/>
  <Minuto V="15"/>
  <Mesas_Instaladas V="8"/>
  <Mesas_Informadas V="8"/>
  <Porc_Mesas_Informadas V="100,00"/>
  <Potencial_Sufragantes V="2510"/>
  <Detalle_Circunscripcion>
    <lin>
      <Circunscripcion V="0"/>
      <Desc_Circunscripcion V="NACIONAL"/>
      <Detalle_Pregunta>
        <lin>
          <Pregunta V="001"/>
          <Total_Sufragantes V="2510"/>
          <Porc_Sufragantes V="100,00"/>
          <Abstencion V="0"/>
          <Porc_Abstencion V="000,00"/>
          <Votos_Validos V="1393"/>
          <Porc_Votos_Validos V="055,49"/>
          <Votos_No_Marcados V="570"/>
          <Porc_Votos_No_Marcados V="022,70"/>
          <Votos_Nulos V="547"/>
          <Porc_Votos_Nulos V="021,79"/>
        </lin>
        <lin>
          <Pregunta V="002"/>
          <Total_Sufragantes V="2510"/>
          <Porc_Sufragantes V="100,00"/>
          <Abstencion V="0"/>
          <Porc_Abstencion V="000,00"/>
          <Votos_Validos V="1342"/>
          <Porc_Votos_Validos V="053,46"/>
          <Votos_No_Marcados V="429"/>
          <Porc_Votos_No_Marcados V="017,09"/>
          <Votos_Nulos V="739"/>
          <Porc_Votos_Nulos V="029,44"/>
        </lin>
        <lin>
          <Pregunta V="003"/>
          <Total_Sufragantes V="2510"/>
          <Porc_Sufragantes V="100,00"/>
          <Abstencion V="0"/>
          <Porc_Abstencion V="000,00"/>
          <Votos_Validos V="1536"/>
          <Porc_Votos_Validos V="061,19"/>
          <Votos_No_Marcados V="441"/>
          <Porc_Votos_No_Marcados V="017,56"/>
          <Votos_Nulos V="533"/>
          <Porc_Votos_Nulos V="021,23"/>
        </lin>
        <lin>
          <Pregunta V="004"/>
          <Total_Sufragantes V="2510"/>
          <Porc_Sufragantes V="100,00"/>
          <Abstencion V="0"/>
          <Porc_Abstencion V="000,00"/>
          <Votos_Validos V="1477"/>
          <Porc_Votos_Validos V="058,84"/>
          <Votos_No_Marcados V="584"/>
          <Porc_Votos_No_Marcados V="023,26"/>
          <Votos_Nulos V="449"/>
          <Porc_Votos_Nulos V="017,88"/>
        </lin>
        <lin>
          <Pregunta V="005"/>
          <Total_Sufragantes V="2510"/>
          <Porc_Sufragantes V="100,00"/>
          <Abstencion V="0"/>
          <Porc_Abstencion V="000,00"/>
          <Votos_Validos V="1310"/>
          <Porc_Votos_Validos V="052,19"/>
          <Votos_No_Marcados V="560"/>
          <Porc_Votos_No_Marcados V="022,31"/>
          <Votos_Nulos V="640"/>
          <Porc_Votos_Nulos V="025,49"/>
        </lin>
        <lin>
          <Pregunta V="006"/>
          <Total_Sufragantes V="2510"/>
          <Porc_Sufragantes V="100,00"/>
          <Abstencion V="0"/>
          <Porc_Abstencion V="000,00"/>
          <Votos_Validos V="1131"/>
          <Porc_Votos_Validos V="045,05"/>
          <Votos_No_Marcados V="766"/>
          <Porc_Votos_No_Marcados V="030,51"/>
          <Votos_Nulos V="613"/>
          <Porc_Votos_Nulos V="024,42"/>
        </lin>
        <lin>
          <Pregunta V="007"/>
          <Total_Sufragantes V="2510"/>
          <Porc_Sufragantes V="100,00"/>
          <Abstencion V="0"/>
          <Porc_Abstencion V="000,00"/>
          <Votos_Validos V="1405"/>
          <Porc_Votos_Validos V="055,97"/>
          <Votos_No_Marcados V="743"/>
          <Porc_Votos_No_Marcados V="029,60"/>
          <Votos_Nulos V="362"/>
          <Porc_Votos_Nulos V="014,42"/>
        </lin>
      </Detalle_Pregunta>
      <Detalle_Opcion>
        <lin>
          <Opcion V="001"/>
          <Votos V="868"/>
          <Porc V="062,31"/>
          <Pregunta V="001"/>
        </lin>
        <lin>
          <Opcion V="002"/>
          <Votos V="525"/>
          <Porc V="037,68"/>
          <Pregunta V="001"/>
        </lin>
        <lin>
          <Opcion V="001"/>
          <Votos V="682"/>
          <Porc V="050,81"/>
          <Pregunta V="002"/>
        </lin>
        <lin>
          <Opcion V="002"/>
          <Votos V="660"/>
          <Porc V="049,18"/>
          <Pregunta V="002"/>
        </lin>
        <lin>
          <Opcion V="001"/>
          <Votos V="1024"/>
          <Porc V="066,66"/>
          <Pregunta V="003"/>
        </lin>
        <lin>
          <Opcion V="002"/>
          <Votos V="512"/>
          <Porc V="033,33"/>
          <Pregunta V="003"/>
        </lin>
        <lin>
          <Opcion V="001"/>
          <Votos V="933"/>
          <Porc V="063,16"/>
          <Pregunta V="004"/>
        </lin>
        <lin>
          <Opcion V="002"/>
          <Votos V="544"/>
          <Porc V="036,83"/>
          <Pregunta V="004"/>
        </lin>
        <lin>
          <Opcion V="001"/>
          <Votos V="766"/>
          <Porc V="058,47"/>
          <Pregunta V="005"/>
        </lin>
        <lin>
          <Opcion V="002"/>
          <Votos V="544"/>
          <Porc V="041,52"/>
          <Pregunta V="005"/>
        </lin>
        <lin>
          <Opcion V="001"/>
          <Votos V="571"/>
          <Porc V="050,48"/>
          <Pregunta V="006"/>
        </lin>
        <lin>
          <Opcion V="002"/>
          <Votos V="560"/>
          <Porc V="049,51"/>
          <Pregunta V="006"/>
        </lin>
        <lin>
          <Opcion V="001"/>
          <Votos V="611"/>
          <Porc V="043,48"/>
          <Pregunta V="007"/>
        </lin>
        <lin>
          <Opcion V="002"/>
          <Votos V="794"/>
          <Porc V="056,51"/>
          <Pregunta V="007"/>
        </lin>
      </Detalle_Opcion>
    </lin>
  </Detalle_Circunscripcion>
</Boletin>
</Boletin_Consolidado>