<Boletin_Consolidado><Boletin>
  <Numero V="0008"/>
  <Boletin_Departamental V="0012"/>
  <Tipo_Boletin V="DEPARTAMENTAL"/>
  <Desc_Corporacion V="CONSULTA POPULAR"/>
  <Departamento V="01"/>
  <Desc_Departamento V="ANTIOQUIA"/>
  <Municipio V="142"/>
  <Desc_Municipio V="GUARNE"/>
  <Dia V="21"/>
  <Mes V="8"/>
  <Anio V="2018"/>
  <Hora V="14"/>
  <Minuto V="15"/>
  <Mesas_Instaladas V="96"/>
  <Mesas_Informadas V="96"/>
  <Porc_Mesas_Informadas V="100,00"/>
  <Potencial_Sufragantes V="35031"/>
  <Detalle_Circunscripcion>
    <lin>
      <Circunscripcion V="0"/>
      <Desc_Circunscripcion V="NACIONAL"/>
      <Detalle_Pregunta>
        <lin>
          <Pregunta V="001"/>
          <Total_Sufragantes V="35031"/>
          <Porc_Sufragantes V="100,00"/>
          <Abstencion V="0"/>
          <Porc_Abstencion V="000,00"/>
          <Votos_Validos V="18193"/>
          <Porc_Votos_Validos V="051,93"/>
          <Votos_No_Marcados V="8374"/>
          <Porc_Votos_No_Marcados V="023,90"/>
          <Votos_Nulos V="8464"/>
          <Porc_Votos_Nulos V="024,16"/>
        </lin>
        <lin>
          <Pregunta V="002"/>
          <Total_Sufragantes V="35031"/>
          <Porc_Sufragantes V="100,00"/>
          <Abstencion V="0"/>
          <Porc_Abstencion V="000,00"/>
          <Votos_Validos V="17274"/>
          <Porc_Votos_Validos V="049,31"/>
          <Votos_No_Marcados V="7998"/>
          <Porc_Votos_No_Marcados V="022,83"/>
          <Votos_Nulos V="9759"/>
          <Porc_Votos_Nulos V="027,85"/>
        </lin>
        <lin>
          <Pregunta V="003"/>
          <Total_Sufragantes V="35031"/>
          <Porc_Sufragantes V="100,00"/>
          <Abstencion V="0"/>
          <Porc_Abstencion V="000,00"/>
          <Votos_Validos V="17289"/>
          <Porc_Votos_Validos V="049,35"/>
          <Votos_No_Marcados V="8324"/>
          <Porc_Votos_No_Marcados V="023,76"/>
          <Votos_Nulos V="9418"/>
          <Porc_Votos_Nulos V="026,88"/>
        </lin>
        <lin>
          <Pregunta V="004"/>
          <Total_Sufragantes V="35031"/>
          <Porc_Sufragantes V="100,00"/>
          <Abstencion V="0"/>
          <Porc_Abstencion V="000,00"/>
          <Votos_Validos V="17582"/>
          <Porc_Votos_Validos V="050,18"/>
          <Votos_No_Marcados V="8285"/>
          <Porc_Votos_No_Marcados V="023,65"/>
          <Votos_Nulos V="9164"/>
          <Porc_Votos_Nulos V="026,15"/>
        </lin>
        <lin>
          <Pregunta V="005"/>
          <Total_Sufragantes V="35031"/>
          <Porc_Sufragantes V="100,00"/>
          <Abstencion V="0"/>
          <Porc_Abstencion V="000,00"/>
          <Votos_Validos V="16961"/>
          <Porc_Votos_Validos V="048,41"/>
          <Votos_No_Marcados V="8779"/>
          <Porc_Votos_No_Marcados V="025,06"/>
          <Votos_Nulos V="9291"/>
          <Porc_Votos_Nulos V="026,52"/>
        </lin>
        <lin>
          <Pregunta V="006"/>
          <Total_Sufragantes V="35031"/>
          <Porc_Sufragantes V="100,00"/>
          <Abstencion V="0"/>
          <Porc_Abstencion V="000,00"/>
          <Votos_Validos V="17634"/>
          <Porc_Votos_Validos V="050,33"/>
          <Votos_No_Marcados V="8632"/>
          <Porc_Votos_No_Marcados V="024,64"/>
          <Votos_Nulos V="8765"/>
          <Porc_Votos_Nulos V="025,02"/>
        </lin>
        <lin>
          <Pregunta V="007"/>
          <Total_Sufragantes V="35031"/>
          <Porc_Sufragantes V="100,00"/>
          <Abstencion V="0"/>
          <Porc_Abstencion V="000,00"/>
          <Votos_Validos V="17744"/>
          <Porc_Votos_Validos V="050,65"/>
          <Votos_No_Marcados V="8631"/>
          <Porc_Votos_No_Marcados V="024,63"/>
          <Votos_Nulos V="8656"/>
          <Porc_Votos_Nulos V="024,70"/>
        </lin>
      </Detalle_Pregunta>
      <Detalle_Opcion>
        <lin>
          <Opcion V="001"/>
          <Votos V="8425"/>
          <Porc V="046,30"/>
          <Pregunta V="001"/>
        </lin>
        <lin>
          <Opcion V="002"/>
          <Votos V="9768"/>
          <Porc V="053,69"/>
          <Pregunta V="001"/>
        </lin>
        <lin>
          <Opcion V="001"/>
          <Votos V="8462"/>
          <Porc V="048,98"/>
          <Pregunta V="002"/>
        </lin>
        <lin>
          <Opcion V="002"/>
          <Votos V="8812"/>
          <Porc V="051,01"/>
          <Pregunta V="002"/>
        </lin>
        <lin>
          <Opcion V="001"/>
          <Votos V="8155"/>
          <Porc V="047,16"/>
          <Pregunta V="003"/>
        </lin>
        <lin>
          <Opcion V="002"/>
          <Votos V="9134"/>
          <Porc V="052,83"/>
          <Pregunta V="003"/>
        </lin>
        <lin>
          <Opcion V="001"/>
          <Votos V="8926"/>
          <Porc V="050,76"/>
          <Pregunta V="004"/>
        </lin>
        <lin>
          <Opcion V="002"/>
          <Votos V="8656"/>
          <Porc V="049,23"/>
          <Pregunta V="004"/>
        </lin>
        <lin>
          <Opcion V="001"/>
          <Votos V="7838"/>
          <Porc V="046,21"/>
          <Pregunta V="005"/>
        </lin>
        <lin>
          <Opcion V="002"/>
          <Votos V="9123"/>
          <Porc V="053,78"/>
          <Pregunta V="005"/>
        </lin>
        <lin>
          <Opcion V="001"/>
          <Votos V="8679"/>
          <Porc V="049,21"/>
          <Pregunta V="006"/>
        </lin>
        <lin>
          <Opcion V="002"/>
          <Votos V="8955"/>
          <Porc V="050,78"/>
          <Pregunta V="006"/>
        </lin>
        <lin>
          <Opcion V="001"/>
          <Votos V="9585"/>
          <Porc V="054,01"/>
          <Pregunta V="007"/>
        </lin>
        <lin>
          <Opcion V="002"/>
          <Votos V="8159"/>
          <Porc V="045,98"/>
          <Pregunta V="007"/>
        </lin>
      </Detalle_Opcion>
    </lin>
  </Detalle_Circunscripcion>
</Boletin>
</Boletin_Consolidado>