<Boletin_Consolidado><Boletin>
  <Numero V="0008"/>
  <Boletin_Departamental V="0009"/>
  <Tipo_Boletin V="DEPARTAMENTAL"/>
  <Desc_Corporacion V="CONSULTA POPULAR"/>
  <Departamento V="15"/>
  <Desc_Departamento V="CUNDINAMARCA"/>
  <Municipio V="130"/>
  <Desc_Municipio V="GUTIERREZ"/>
  <Dia V="21"/>
  <Mes V="8"/>
  <Anio V="2018"/>
  <Hora V="14"/>
  <Minuto V="15"/>
  <Mesas_Instaladas V="7"/>
  <Mesas_Informadas V="7"/>
  <Porc_Mesas_Informadas V="100,00"/>
  <Potencial_Sufragantes V="2660"/>
  <Detalle_Circunscripcion>
    <lin>
      <Circunscripcion V="0"/>
      <Desc_Circunscripcion V="NACIONAL"/>
      <Detalle_Pregunta>
        <lin>
          <Pregunta V="001"/>
          <Total_Sufragantes V="2660"/>
          <Porc_Sufragantes V="100,00"/>
          <Abstencion V="0"/>
          <Porc_Abstencion V="000,00"/>
          <Votos_Validos V="1350"/>
          <Porc_Votos_Validos V="050,75"/>
          <Votos_No_Marcados V="643"/>
          <Porc_Votos_No_Marcados V="024,17"/>
          <Votos_Nulos V="667"/>
          <Porc_Votos_Nulos V="025,07"/>
        </lin>
        <lin>
          <Pregunta V="002"/>
          <Total_Sufragantes V="2660"/>
          <Porc_Sufragantes V="100,00"/>
          <Abstencion V="0"/>
          <Porc_Abstencion V="000,00"/>
          <Votos_Validos V="1345"/>
          <Porc_Votos_Validos V="050,56"/>
          <Votos_No_Marcados V="549"/>
          <Porc_Votos_No_Marcados V="020,63"/>
          <Votos_Nulos V="766"/>
          <Porc_Votos_Nulos V="028,79"/>
        </lin>
        <lin>
          <Pregunta V="003"/>
          <Total_Sufragantes V="2660"/>
          <Porc_Sufragantes V="100,00"/>
          <Abstencion V="0"/>
          <Porc_Abstencion V="000,00"/>
          <Votos_Validos V="1278"/>
          <Porc_Votos_Validos V="048,04"/>
          <Votos_No_Marcados V="885"/>
          <Porc_Votos_No_Marcados V="033,27"/>
          <Votos_Nulos V="497"/>
          <Porc_Votos_Nulos V="018,68"/>
        </lin>
        <lin>
          <Pregunta V="004"/>
          <Total_Sufragantes V="2660"/>
          <Porc_Sufragantes V="100,00"/>
          <Abstencion V="0"/>
          <Porc_Abstencion V="000,00"/>
          <Votos_Validos V="1339"/>
          <Porc_Votos_Validos V="050,33"/>
          <Votos_No_Marcados V="760"/>
          <Porc_Votos_No_Marcados V="028,57"/>
          <Votos_Nulos V="561"/>
          <Porc_Votos_Nulos V="021,09"/>
        </lin>
        <lin>
          <Pregunta V="005"/>
          <Total_Sufragantes V="2660"/>
          <Porc_Sufragantes V="100,00"/>
          <Abstencion V="0"/>
          <Porc_Abstencion V="000,00"/>
          <Votos_Validos V="1408"/>
          <Porc_Votos_Validos V="052,93"/>
          <Votos_No_Marcados V="309"/>
          <Porc_Votos_No_Marcados V="011,61"/>
          <Votos_Nulos V="943"/>
          <Porc_Votos_Nulos V="035,45"/>
        </lin>
        <lin>
          <Pregunta V="006"/>
          <Total_Sufragantes V="2660"/>
          <Porc_Sufragantes V="100,00"/>
          <Abstencion V="0"/>
          <Porc_Abstencion V="000,00"/>
          <Votos_Validos V="1446"/>
          <Porc_Votos_Validos V="054,36"/>
          <Votos_No_Marcados V="547"/>
          <Porc_Votos_No_Marcados V="020,56"/>
          <Votos_Nulos V="667"/>
          <Porc_Votos_Nulos V="025,07"/>
        </lin>
        <lin>
          <Pregunta V="007"/>
          <Total_Sufragantes V="2660"/>
          <Porc_Sufragantes V="100,00"/>
          <Abstencion V="0"/>
          <Porc_Abstencion V="000,00"/>
          <Votos_Validos V="1233"/>
          <Porc_Votos_Validos V="046,35"/>
          <Votos_No_Marcados V="642"/>
          <Porc_Votos_No_Marcados V="024,13"/>
          <Votos_Nulos V="785"/>
          <Porc_Votos_Nulos V="029,51"/>
        </lin>
      </Detalle_Pregunta>
      <Detalle_Opcion>
        <lin>
          <Opcion V="001"/>
          <Votos V="605"/>
          <Porc V="044,81"/>
          <Pregunta V="001"/>
        </lin>
        <lin>
          <Opcion V="002"/>
          <Votos V="745"/>
          <Porc V="055,18"/>
          <Pregunta V="001"/>
        </lin>
        <lin>
          <Opcion V="001"/>
          <Votos V="520"/>
          <Porc V="038,66"/>
          <Pregunta V="002"/>
        </lin>
        <lin>
          <Opcion V="002"/>
          <Votos V="825"/>
          <Porc V="061,33"/>
          <Pregunta V="002"/>
        </lin>
        <lin>
          <Opcion V="001"/>
          <Votos V="775"/>
          <Porc V="060,64"/>
          <Pregunta V="003"/>
        </lin>
        <lin>
          <Opcion V="002"/>
          <Votos V="503"/>
          <Porc V="039,35"/>
          <Pregunta V="003"/>
        </lin>
        <lin>
          <Opcion V="001"/>
          <Votos V="680"/>
          <Porc V="050,78"/>
          <Pregunta V="004"/>
        </lin>
        <lin>
          <Opcion V="002"/>
          <Votos V="659"/>
          <Porc V="049,21"/>
          <Pregunta V="004"/>
        </lin>
        <lin>
          <Opcion V="001"/>
          <Votos V="561"/>
          <Porc V="039,84"/>
          <Pregunta V="005"/>
        </lin>
        <lin>
          <Opcion V="002"/>
          <Votos V="847"/>
          <Porc V="060,15"/>
          <Pregunta V="005"/>
        </lin>
        <lin>
          <Opcion V="001"/>
          <Votos V="765"/>
          <Porc V="052,90"/>
          <Pregunta V="006"/>
        </lin>
        <lin>
          <Opcion V="002"/>
          <Votos V="681"/>
          <Porc V="047,09"/>
          <Pregunta V="006"/>
        </lin>
        <lin>
          <Opcion V="001"/>
          <Votos V="591"/>
          <Porc V="047,93"/>
          <Pregunta V="007"/>
        </lin>
        <lin>
          <Opcion V="002"/>
          <Votos V="642"/>
          <Porc V="052,06"/>
          <Pregunta V="007"/>
        </lin>
      </Detalle_Opcion>
    </lin>
  </Detalle_Circunscripcion>
</Boletin>
</Boletin_Consolidado>