<Boletin_Consolidado><Boletin>
  <Numero V="0008"/>
  <Boletin_Departamental V="0012"/>
  <Tipo_Boletin V="DEPARTAMENTAL"/>
  <Desc_Corporacion V="CONSULTA POPULAR"/>
  <Departamento V="01"/>
  <Desc_Departamento V="ANTIOQUIA"/>
  <Municipio V="191"/>
  <Desc_Municipio V="NECHI"/>
  <Dia V="21"/>
  <Mes V="8"/>
  <Anio V="2018"/>
  <Hora V="14"/>
  <Minuto V="15"/>
  <Mesas_Instaladas V="51"/>
  <Mesas_Informadas V="51"/>
  <Porc_Mesas_Informadas V="100,00"/>
  <Potencial_Sufragantes V="18333"/>
  <Detalle_Circunscripcion>
    <lin>
      <Circunscripcion V="0"/>
      <Desc_Circunscripcion V="NACIONAL"/>
      <Detalle_Pregunta>
        <lin>
          <Pregunta V="001"/>
          <Total_Sufragantes V="18333"/>
          <Porc_Sufragantes V="100,00"/>
          <Abstencion V="0"/>
          <Porc_Abstencion V="000,00"/>
          <Votos_Validos V="9384"/>
          <Porc_Votos_Validos V="051,18"/>
          <Votos_No_Marcados V="3911"/>
          <Porc_Votos_No_Marcados V="021,33"/>
          <Votos_Nulos V="5038"/>
          <Porc_Votos_Nulos V="027,48"/>
        </lin>
        <lin>
          <Pregunta V="002"/>
          <Total_Sufragantes V="18333"/>
          <Porc_Sufragantes V="100,00"/>
          <Abstencion V="0"/>
          <Porc_Abstencion V="000,00"/>
          <Votos_Validos V="10030"/>
          <Porc_Votos_Validos V="054,71"/>
          <Votos_No_Marcados V="4301"/>
          <Porc_Votos_No_Marcados V="023,46"/>
          <Votos_Nulos V="4002"/>
          <Porc_Votos_Nulos V="021,82"/>
        </lin>
        <lin>
          <Pregunta V="003"/>
          <Total_Sufragantes V="18333"/>
          <Porc_Sufragantes V="100,00"/>
          <Abstencion V="0"/>
          <Porc_Abstencion V="000,00"/>
          <Votos_Validos V="9209"/>
          <Porc_Votos_Validos V="050,23"/>
          <Votos_No_Marcados V="4406"/>
          <Porc_Votos_No_Marcados V="024,03"/>
          <Votos_Nulos V="4718"/>
          <Porc_Votos_Nulos V="025,73"/>
        </lin>
        <lin>
          <Pregunta V="004"/>
          <Total_Sufragantes V="18333"/>
          <Porc_Sufragantes V="100,00"/>
          <Abstencion V="0"/>
          <Porc_Abstencion V="000,00"/>
          <Votos_Validos V="8741"/>
          <Porc_Votos_Validos V="047,67"/>
          <Votos_No_Marcados V="4958"/>
          <Porc_Votos_No_Marcados V="027,04"/>
          <Votos_Nulos V="4634"/>
          <Porc_Votos_Nulos V="025,27"/>
        </lin>
        <lin>
          <Pregunta V="005"/>
          <Total_Sufragantes V="18333"/>
          <Porc_Sufragantes V="100,00"/>
          <Abstencion V="0"/>
          <Porc_Abstencion V="000,00"/>
          <Votos_Validos V="9343"/>
          <Porc_Votos_Validos V="050,96"/>
          <Votos_No_Marcados V="4377"/>
          <Porc_Votos_No_Marcados V="023,87"/>
          <Votos_Nulos V="4613"/>
          <Porc_Votos_Nulos V="025,16"/>
        </lin>
        <lin>
          <Pregunta V="006"/>
          <Total_Sufragantes V="18333"/>
          <Porc_Sufragantes V="100,00"/>
          <Abstencion V="0"/>
          <Porc_Abstencion V="000,00"/>
          <Votos_Validos V="8865"/>
          <Porc_Votos_Validos V="048,35"/>
          <Votos_No_Marcados V="5088"/>
          <Porc_Votos_No_Marcados V="027,75"/>
          <Votos_Nulos V="4380"/>
          <Porc_Votos_Nulos V="023,89"/>
        </lin>
        <lin>
          <Pregunta V="007"/>
          <Total_Sufragantes V="18333"/>
          <Porc_Sufragantes V="100,00"/>
          <Abstencion V="0"/>
          <Porc_Abstencion V="000,00"/>
          <Votos_Validos V="8781"/>
          <Porc_Votos_Validos V="047,89"/>
          <Votos_No_Marcados V="4347"/>
          <Porc_Votos_No_Marcados V="023,71"/>
          <Votos_Nulos V="5205"/>
          <Porc_Votos_Nulos V="028,39"/>
        </lin>
      </Detalle_Pregunta>
      <Detalle_Opcion>
        <lin>
          <Opcion V="001"/>
          <Votos V="4563"/>
          <Porc V="048,62"/>
          <Pregunta V="001"/>
        </lin>
        <lin>
          <Opcion V="002"/>
          <Votos V="4821"/>
          <Porc V="051,37"/>
          <Pregunta V="001"/>
        </lin>
        <lin>
          <Opcion V="001"/>
          <Votos V="4680"/>
          <Porc V="046,66"/>
          <Pregunta V="002"/>
        </lin>
        <lin>
          <Opcion V="002"/>
          <Votos V="5350"/>
          <Porc V="053,33"/>
          <Pregunta V="002"/>
        </lin>
        <lin>
          <Opcion V="001"/>
          <Votos V="4451"/>
          <Porc V="048,33"/>
          <Pregunta V="003"/>
        </lin>
        <lin>
          <Opcion V="002"/>
          <Votos V="4758"/>
          <Porc V="051,66"/>
          <Pregunta V="003"/>
        </lin>
        <lin>
          <Opcion V="001"/>
          <Votos V="4305"/>
          <Porc V="049,25"/>
          <Pregunta V="004"/>
        </lin>
        <lin>
          <Opcion V="002"/>
          <Votos V="4436"/>
          <Porc V="050,74"/>
          <Pregunta V="004"/>
        </lin>
        <lin>
          <Opcion V="001"/>
          <Votos V="4179"/>
          <Porc V="044,72"/>
          <Pregunta V="005"/>
        </lin>
        <lin>
          <Opcion V="002"/>
          <Votos V="5164"/>
          <Porc V="055,27"/>
          <Pregunta V="005"/>
        </lin>
        <lin>
          <Opcion V="001"/>
          <Votos V="4514"/>
          <Porc V="050,91"/>
          <Pregunta V="006"/>
        </lin>
        <lin>
          <Opcion V="002"/>
          <Votos V="4351"/>
          <Porc V="049,08"/>
          <Pregunta V="006"/>
        </lin>
        <lin>
          <Opcion V="001"/>
          <Votos V="4583"/>
          <Porc V="052,19"/>
          <Pregunta V="007"/>
        </lin>
        <lin>
          <Opcion V="002"/>
          <Votos V="4198"/>
          <Porc V="047,80"/>
          <Pregunta V="007"/>
        </lin>
      </Detalle_Opcion>
    </lin>
  </Detalle_Circunscripcion>
</Boletin>
</Boletin_Consolidado>