<Boletin_Consolidado><Boletin>
  <Numero V="0008"/>
  <Boletin_Departamental V="0012"/>
  <Tipo_Boletin V="DEPARTAMENTAL"/>
  <Desc_Corporacion V="CONSULTA POPULAR"/>
  <Departamento V="11"/>
  <Desc_Departamento V="CAUCA"/>
  <Municipio V="029"/>
  <Desc_Municipio V="GUACHENE"/>
  <Dia V="21"/>
  <Mes V="8"/>
  <Anio V="2018"/>
  <Hora V="14"/>
  <Minuto V="15"/>
  <Mesas_Instaladas V="40"/>
  <Mesas_Informadas V="40"/>
  <Porc_Mesas_Informadas V="100,00"/>
  <Potencial_Sufragantes V="13013"/>
  <Detalle_Circunscripcion>
    <lin>
      <Circunscripcion V="0"/>
      <Desc_Circunscripcion V="NACIONAL"/>
      <Detalle_Pregunta>
        <lin>
          <Pregunta V="001"/>
          <Total_Sufragantes V="13013"/>
          <Porc_Sufragantes V="100,00"/>
          <Abstencion V="0"/>
          <Porc_Abstencion V="000,00"/>
          <Votos_Validos V="6607"/>
          <Porc_Votos_Validos V="050,77"/>
          <Votos_No_Marcados V="3571"/>
          <Porc_Votos_No_Marcados V="027,44"/>
          <Votos_Nulos V="2835"/>
          <Porc_Votos_Nulos V="021,78"/>
        </lin>
        <lin>
          <Pregunta V="002"/>
          <Total_Sufragantes V="13013"/>
          <Porc_Sufragantes V="100,00"/>
          <Abstencion V="0"/>
          <Porc_Abstencion V="000,00"/>
          <Votos_Validos V="6493"/>
          <Porc_Votos_Validos V="049,89"/>
          <Votos_No_Marcados V="3136"/>
          <Porc_Votos_No_Marcados V="024,09"/>
          <Votos_Nulos V="3384"/>
          <Porc_Votos_Nulos V="026,00"/>
        </lin>
        <lin>
          <Pregunta V="003"/>
          <Total_Sufragantes V="13013"/>
          <Porc_Sufragantes V="100,00"/>
          <Abstencion V="0"/>
          <Porc_Abstencion V="000,00"/>
          <Votos_Validos V="6840"/>
          <Porc_Votos_Validos V="052,56"/>
          <Votos_No_Marcados V="3353"/>
          <Porc_Votos_No_Marcados V="025,76"/>
          <Votos_Nulos V="2820"/>
          <Porc_Votos_Nulos V="021,67"/>
        </lin>
        <lin>
          <Pregunta V="004"/>
          <Total_Sufragantes V="13013"/>
          <Porc_Sufragantes V="100,00"/>
          <Abstencion V="0"/>
          <Porc_Abstencion V="000,00"/>
          <Votos_Validos V="5827"/>
          <Porc_Votos_Validos V="044,77"/>
          <Votos_No_Marcados V="3394"/>
          <Porc_Votos_No_Marcados V="026,08"/>
          <Votos_Nulos V="3792"/>
          <Porc_Votos_Nulos V="029,14"/>
        </lin>
        <lin>
          <Pregunta V="005"/>
          <Total_Sufragantes V="13013"/>
          <Porc_Sufragantes V="100,00"/>
          <Abstencion V="0"/>
          <Porc_Abstencion V="000,00"/>
          <Votos_Validos V="6888"/>
          <Porc_Votos_Validos V="052,93"/>
          <Votos_No_Marcados V="2957"/>
          <Porc_Votos_No_Marcados V="022,72"/>
          <Votos_Nulos V="3168"/>
          <Porc_Votos_Nulos V="024,34"/>
        </lin>
        <lin>
          <Pregunta V="006"/>
          <Total_Sufragantes V="13013"/>
          <Porc_Sufragantes V="100,00"/>
          <Abstencion V="0"/>
          <Porc_Abstencion V="000,00"/>
          <Votos_Validos V="5567"/>
          <Porc_Votos_Validos V="042,78"/>
          <Votos_No_Marcados V="3126"/>
          <Porc_Votos_No_Marcados V="024,02"/>
          <Votos_Nulos V="4320"/>
          <Porc_Votos_Nulos V="033,19"/>
        </lin>
        <lin>
          <Pregunta V="007"/>
          <Total_Sufragantes V="13013"/>
          <Porc_Sufragantes V="100,00"/>
          <Abstencion V="0"/>
          <Porc_Abstencion V="000,00"/>
          <Votos_Validos V="6154"/>
          <Porc_Votos_Validos V="047,29"/>
          <Votos_No_Marcados V="3294"/>
          <Porc_Votos_No_Marcados V="025,31"/>
          <Votos_Nulos V="3565"/>
          <Porc_Votos_Nulos V="027,39"/>
        </lin>
      </Detalle_Pregunta>
      <Detalle_Opcion>
        <lin>
          <Opcion V="001"/>
          <Votos V="3117"/>
          <Porc V="047,17"/>
          <Pregunta V="001"/>
        </lin>
        <lin>
          <Opcion V="002"/>
          <Votos V="3490"/>
          <Porc V="052,82"/>
          <Pregunta V="001"/>
        </lin>
        <lin>
          <Opcion V="001"/>
          <Votos V="3568"/>
          <Porc V="054,95"/>
          <Pregunta V="002"/>
        </lin>
        <lin>
          <Opcion V="002"/>
          <Votos V="2925"/>
          <Porc V="045,04"/>
          <Pregunta V="002"/>
        </lin>
        <lin>
          <Opcion V="001"/>
          <Votos V="3394"/>
          <Porc V="049,61"/>
          <Pregunta V="003"/>
        </lin>
        <lin>
          <Opcion V="002"/>
          <Votos V="3446"/>
          <Porc V="050,38"/>
          <Pregunta V="003"/>
        </lin>
        <lin>
          <Opcion V="001"/>
          <Votos V="2571"/>
          <Porc V="044,12"/>
          <Pregunta V="004"/>
        </lin>
        <lin>
          <Opcion V="002"/>
          <Votos V="3256"/>
          <Porc V="055,87"/>
          <Pregunta V="004"/>
        </lin>
        <lin>
          <Opcion V="001"/>
          <Votos V="3834"/>
          <Porc V="055,66"/>
          <Pregunta V="005"/>
        </lin>
        <lin>
          <Opcion V="002"/>
          <Votos V="3054"/>
          <Porc V="044,33"/>
          <Pregunta V="005"/>
        </lin>
        <lin>
          <Opcion V="001"/>
          <Votos V="3039"/>
          <Porc V="054,58"/>
          <Pregunta V="006"/>
        </lin>
        <lin>
          <Opcion V="002"/>
          <Votos V="2528"/>
          <Porc V="045,41"/>
          <Pregunta V="006"/>
        </lin>
        <lin>
          <Opcion V="001"/>
          <Votos V="3300"/>
          <Porc V="053,62"/>
          <Pregunta V="007"/>
        </lin>
        <lin>
          <Opcion V="002"/>
          <Votos V="2854"/>
          <Porc V="046,37"/>
          <Pregunta V="007"/>
        </lin>
      </Detalle_Opcion>
    </lin>
  </Detalle_Circunscripcion>
</Boletin>
</Boletin_Consolidado>