<Boletin_Consolidado><Boletin>
  <Numero V="0008"/>
  <Boletin_Departamental V="0011"/>
  <Tipo_Boletin V="DEPARTAMENTAL"/>
  <Desc_Corporacion V="CONSULTA POPULAR"/>
  <Departamento V="07"/>
  <Desc_Departamento V="BOYACA"/>
  <Municipio V="130"/>
  <Desc_Municipio V="LA CAPILLA"/>
  <Dia V="21"/>
  <Mes V="8"/>
  <Anio V="2018"/>
  <Hora V="14"/>
  <Minuto V="15"/>
  <Mesas_Instaladas V="7"/>
  <Mesas_Informadas V="7"/>
  <Porc_Mesas_Informadas V="100,00"/>
  <Potencial_Sufragantes V="2475"/>
  <Detalle_Circunscripcion>
    <lin>
      <Circunscripcion V="0"/>
      <Desc_Circunscripcion V="NACIONAL"/>
      <Detalle_Pregunta>
        <lin>
          <Pregunta V="001"/>
          <Total_Sufragantes V="2475"/>
          <Porc_Sufragantes V="100,00"/>
          <Abstencion V="0"/>
          <Porc_Abstencion V="000,00"/>
          <Votos_Validos V="1177"/>
          <Porc_Votos_Validos V="047,55"/>
          <Votos_No_Marcados V="646"/>
          <Porc_Votos_No_Marcados V="026,10"/>
          <Votos_Nulos V="652"/>
          <Porc_Votos_Nulos V="026,34"/>
        </lin>
        <lin>
          <Pregunta V="002"/>
          <Total_Sufragantes V="2475"/>
          <Porc_Sufragantes V="100,00"/>
          <Abstencion V="0"/>
          <Porc_Abstencion V="000,00"/>
          <Votos_Validos V="1202"/>
          <Porc_Votos_Validos V="048,56"/>
          <Votos_No_Marcados V="654"/>
          <Porc_Votos_No_Marcados V="026,42"/>
          <Votos_Nulos V="619"/>
          <Porc_Votos_Nulos V="025,01"/>
        </lin>
        <lin>
          <Pregunta V="003"/>
          <Total_Sufragantes V="2475"/>
          <Porc_Sufragantes V="100,00"/>
          <Abstencion V="0"/>
          <Porc_Abstencion V="000,00"/>
          <Votos_Validos V="1253"/>
          <Porc_Votos_Validos V="050,62"/>
          <Votos_No_Marcados V="633"/>
          <Porc_Votos_No_Marcados V="025,57"/>
          <Votos_Nulos V="589"/>
          <Porc_Votos_Nulos V="023,79"/>
        </lin>
        <lin>
          <Pregunta V="004"/>
          <Total_Sufragantes V="2475"/>
          <Porc_Sufragantes V="100,00"/>
          <Abstencion V="0"/>
          <Porc_Abstencion V="000,00"/>
          <Votos_Validos V="1020"/>
          <Porc_Votos_Validos V="041,21"/>
          <Votos_No_Marcados V="834"/>
          <Porc_Votos_No_Marcados V="033,69"/>
          <Votos_Nulos V="621"/>
          <Porc_Votos_Nulos V="025,09"/>
        </lin>
        <lin>
          <Pregunta V="005"/>
          <Total_Sufragantes V="2475"/>
          <Porc_Sufragantes V="100,00"/>
          <Abstencion V="0"/>
          <Porc_Abstencion V="000,00"/>
          <Votos_Validos V="1157"/>
          <Porc_Votos_Validos V="046,74"/>
          <Votos_No_Marcados V="569"/>
          <Porc_Votos_No_Marcados V="022,98"/>
          <Votos_Nulos V="749"/>
          <Porc_Votos_Nulos V="030,26"/>
        </lin>
        <lin>
          <Pregunta V="006"/>
          <Total_Sufragantes V="2475"/>
          <Porc_Sufragantes V="100,00"/>
          <Abstencion V="0"/>
          <Porc_Abstencion V="000,00"/>
          <Votos_Validos V="1158"/>
          <Porc_Votos_Validos V="046,78"/>
          <Votos_No_Marcados V="819"/>
          <Porc_Votos_No_Marcados V="033,09"/>
          <Votos_Nulos V="498"/>
          <Porc_Votos_Nulos V="020,12"/>
        </lin>
        <lin>
          <Pregunta V="007"/>
          <Total_Sufragantes V="2475"/>
          <Porc_Sufragantes V="100,00"/>
          <Abstencion V="0"/>
          <Porc_Abstencion V="000,00"/>
          <Votos_Validos V="1083"/>
          <Porc_Votos_Validos V="043,75"/>
          <Votos_No_Marcados V="838"/>
          <Porc_Votos_No_Marcados V="033,85"/>
          <Votos_Nulos V="554"/>
          <Porc_Votos_Nulos V="022,38"/>
        </lin>
      </Detalle_Pregunta>
      <Detalle_Opcion>
        <lin>
          <Opcion V="001"/>
          <Votos V="696"/>
          <Porc V="059,13"/>
          <Pregunta V="001"/>
        </lin>
        <lin>
          <Opcion V="002"/>
          <Votos V="481"/>
          <Porc V="040,86"/>
          <Pregunta V="001"/>
        </lin>
        <lin>
          <Opcion V="001"/>
          <Votos V="883"/>
          <Porc V="073,46"/>
          <Pregunta V="002"/>
        </lin>
        <lin>
          <Opcion V="002"/>
          <Votos V="319"/>
          <Porc V="026,53"/>
          <Pregunta V="002"/>
        </lin>
        <lin>
          <Opcion V="001"/>
          <Votos V="457"/>
          <Porc V="036,47"/>
          <Pregunta V="003"/>
        </lin>
        <lin>
          <Opcion V="002"/>
          <Votos V="796"/>
          <Porc V="063,52"/>
          <Pregunta V="003"/>
        </lin>
        <lin>
          <Opcion V="001"/>
          <Votos V="575"/>
          <Porc V="056,37"/>
          <Pregunta V="004"/>
        </lin>
        <lin>
          <Opcion V="002"/>
          <Votos V="445"/>
          <Porc V="043,62"/>
          <Pregunta V="004"/>
        </lin>
        <lin>
          <Opcion V="001"/>
          <Votos V="586"/>
          <Porc V="050,64"/>
          <Pregunta V="005"/>
        </lin>
        <lin>
          <Opcion V="002"/>
          <Votos V="571"/>
          <Porc V="049,35"/>
          <Pregunta V="005"/>
        </lin>
        <lin>
          <Opcion V="001"/>
          <Votos V="663"/>
          <Porc V="057,25"/>
          <Pregunta V="006"/>
        </lin>
        <lin>
          <Opcion V="002"/>
          <Votos V="495"/>
          <Porc V="042,74"/>
          <Pregunta V="006"/>
        </lin>
        <lin>
          <Opcion V="001"/>
          <Votos V="332"/>
          <Porc V="030,65"/>
          <Pregunta V="007"/>
        </lin>
        <lin>
          <Opcion V="002"/>
          <Votos V="751"/>
          <Porc V="069,34"/>
          <Pregunta V="007"/>
        </lin>
      </Detalle_Opcion>
    </lin>
  </Detalle_Circunscripcion>
</Boletin>
</Boletin_Consolidado>