<Boletin_Consolidado><Boletin>
  <Numero V="0008"/>
  <Boletin_Departamental V="0012"/>
  <Tipo_Boletin V="DEPARTAMENTAL"/>
  <Desc_Corporacion V="CONSULTA POPULAR"/>
  <Departamento V="07"/>
  <Desc_Departamento V="BOYACA"/>
  <Municipio V="313"/>
  <Desc_Municipio V="TOCA"/>
  <Dia V="21"/>
  <Mes V="8"/>
  <Anio V="2018"/>
  <Hora V="14"/>
  <Minuto V="15"/>
  <Mesas_Instaladas V="19"/>
  <Mesas_Informadas V="19"/>
  <Porc_Mesas_Informadas V="100,00"/>
  <Potencial_Sufragantes V="7111"/>
  <Detalle_Circunscripcion>
    <lin>
      <Circunscripcion V="0"/>
      <Desc_Circunscripcion V="NACIONAL"/>
      <Detalle_Pregunta>
        <lin>
          <Pregunta V="001"/>
          <Total_Sufragantes V="7111"/>
          <Porc_Sufragantes V="100,00"/>
          <Abstencion V="0"/>
          <Porc_Abstencion V="000,00"/>
          <Votos_Validos V="3453"/>
          <Porc_Votos_Validos V="048,55"/>
          <Votos_No_Marcados V="1666"/>
          <Porc_Votos_No_Marcados V="023,42"/>
          <Votos_Nulos V="1992"/>
          <Porc_Votos_Nulos V="028,01"/>
        </lin>
        <lin>
          <Pregunta V="002"/>
          <Total_Sufragantes V="7111"/>
          <Porc_Sufragantes V="100,00"/>
          <Abstencion V="0"/>
          <Porc_Abstencion V="000,00"/>
          <Votos_Validos V="3907"/>
          <Porc_Votos_Validos V="054,94"/>
          <Votos_No_Marcados V="1497"/>
          <Porc_Votos_No_Marcados V="021,05"/>
          <Votos_Nulos V="1707"/>
          <Porc_Votos_Nulos V="024,00"/>
        </lin>
        <lin>
          <Pregunta V="003"/>
          <Total_Sufragantes V="7111"/>
          <Porc_Sufragantes V="100,00"/>
          <Abstencion V="0"/>
          <Porc_Abstencion V="000,00"/>
          <Votos_Validos V="3899"/>
          <Porc_Votos_Validos V="054,83"/>
          <Votos_No_Marcados V="1761"/>
          <Porc_Votos_No_Marcados V="024,76"/>
          <Votos_Nulos V="1451"/>
          <Porc_Votos_Nulos V="020,40"/>
        </lin>
        <lin>
          <Pregunta V="004"/>
          <Total_Sufragantes V="7111"/>
          <Porc_Sufragantes V="100,00"/>
          <Abstencion V="0"/>
          <Porc_Abstencion V="000,00"/>
          <Votos_Validos V="3581"/>
          <Porc_Votos_Validos V="050,35"/>
          <Votos_No_Marcados V="1852"/>
          <Porc_Votos_No_Marcados V="026,04"/>
          <Votos_Nulos V="1678"/>
          <Porc_Votos_Nulos V="023,59"/>
        </lin>
        <lin>
          <Pregunta V="005"/>
          <Total_Sufragantes V="7111"/>
          <Porc_Sufragantes V="100,00"/>
          <Abstencion V="0"/>
          <Porc_Abstencion V="000,00"/>
          <Votos_Validos V="3509"/>
          <Porc_Votos_Validos V="049,34"/>
          <Votos_No_Marcados V="1874"/>
          <Porc_Votos_No_Marcados V="026,35"/>
          <Votos_Nulos V="1728"/>
          <Porc_Votos_Nulos V="024,30"/>
        </lin>
        <lin>
          <Pregunta V="006"/>
          <Total_Sufragantes V="7111"/>
          <Porc_Sufragantes V="100,00"/>
          <Abstencion V="0"/>
          <Porc_Abstencion V="000,00"/>
          <Votos_Validos V="3822"/>
          <Porc_Votos_Validos V="053,74"/>
          <Votos_No_Marcados V="2020"/>
          <Porc_Votos_No_Marcados V="028,40"/>
          <Votos_Nulos V="1269"/>
          <Porc_Votos_Nulos V="017,84"/>
        </lin>
        <lin>
          <Pregunta V="007"/>
          <Total_Sufragantes V="7111"/>
          <Porc_Sufragantes V="100,00"/>
          <Abstencion V="0"/>
          <Porc_Abstencion V="000,00"/>
          <Votos_Validos V="3525"/>
          <Porc_Votos_Validos V="049,57"/>
          <Votos_No_Marcados V="2096"/>
          <Porc_Votos_No_Marcados V="029,47"/>
          <Votos_Nulos V="1490"/>
          <Porc_Votos_Nulos V="020,95"/>
        </lin>
      </Detalle_Pregunta>
      <Detalle_Opcion>
        <lin>
          <Opcion V="001"/>
          <Votos V="1551"/>
          <Porc V="044,91"/>
          <Pregunta V="001"/>
        </lin>
        <lin>
          <Opcion V="002"/>
          <Votos V="1902"/>
          <Porc V="055,08"/>
          <Pregunta V="001"/>
        </lin>
        <lin>
          <Opcion V="001"/>
          <Votos V="2248"/>
          <Porc V="057,53"/>
          <Pregunta V="002"/>
        </lin>
        <lin>
          <Opcion V="002"/>
          <Votos V="1659"/>
          <Porc V="042,46"/>
          <Pregunta V="002"/>
        </lin>
        <lin>
          <Opcion V="001"/>
          <Votos V="1792"/>
          <Porc V="045,96"/>
          <Pregunta V="003"/>
        </lin>
        <lin>
          <Opcion V="002"/>
          <Votos V="2107"/>
          <Porc V="054,03"/>
          <Pregunta V="003"/>
        </lin>
        <lin>
          <Opcion V="001"/>
          <Votos V="1630"/>
          <Porc V="045,51"/>
          <Pregunta V="004"/>
        </lin>
        <lin>
          <Opcion V="002"/>
          <Votos V="1951"/>
          <Porc V="054,48"/>
          <Pregunta V="004"/>
        </lin>
        <lin>
          <Opcion V="001"/>
          <Votos V="1771"/>
          <Porc V="050,47"/>
          <Pregunta V="005"/>
        </lin>
        <lin>
          <Opcion V="002"/>
          <Votos V="1738"/>
          <Porc V="049,52"/>
          <Pregunta V="005"/>
        </lin>
        <lin>
          <Opcion V="001"/>
          <Votos V="1920"/>
          <Porc V="050,23"/>
          <Pregunta V="006"/>
        </lin>
        <lin>
          <Opcion V="002"/>
          <Votos V="1902"/>
          <Porc V="049,76"/>
          <Pregunta V="006"/>
        </lin>
        <lin>
          <Opcion V="001"/>
          <Votos V="1616"/>
          <Porc V="045,84"/>
          <Pregunta V="007"/>
        </lin>
        <lin>
          <Opcion V="002"/>
          <Votos V="1909"/>
          <Porc V="054,15"/>
          <Pregunta V="007"/>
        </lin>
      </Detalle_Opcion>
    </lin>
  </Detalle_Circunscripcion>
</Boletin>
</Boletin_Consolidado>