<Boletin_Consolidado><Boletin>
  <Numero V="0008"/>
  <Boletin_Departamental V="0012"/>
  <Tipo_Boletin V="DEPARTAMENTAL"/>
  <Desc_Corporacion V="CONSULTA POPULAR"/>
  <Departamento V="07"/>
  <Desc_Departamento V="BOYACA"/>
  <Municipio V="077"/>
  <Desc_Municipio V="CHIVATA"/>
  <Dia V="21"/>
  <Mes V="8"/>
  <Anio V="2018"/>
  <Hora V="14"/>
  <Minuto V="15"/>
  <Mesas_Instaladas V="7"/>
  <Mesas_Informadas V="7"/>
  <Porc_Mesas_Informadas V="100,00"/>
  <Potencial_Sufragantes V="2674"/>
  <Detalle_Circunscripcion>
    <lin>
      <Circunscripcion V="0"/>
      <Desc_Circunscripcion V="NACIONAL"/>
      <Detalle_Pregunta>
        <lin>
          <Pregunta V="001"/>
          <Total_Sufragantes V="2674"/>
          <Porc_Sufragantes V="100,00"/>
          <Abstencion V="0"/>
          <Porc_Abstencion V="000,00"/>
          <Votos_Validos V="1344"/>
          <Porc_Votos_Validos V="050,26"/>
          <Votos_No_Marcados V="730"/>
          <Porc_Votos_No_Marcados V="027,29"/>
          <Votos_Nulos V="600"/>
          <Porc_Votos_Nulos V="022,43"/>
        </lin>
        <lin>
          <Pregunta V="002"/>
          <Total_Sufragantes V="2674"/>
          <Porc_Sufragantes V="100,00"/>
          <Abstencion V="0"/>
          <Porc_Abstencion V="000,00"/>
          <Votos_Validos V="1396"/>
          <Porc_Votos_Validos V="052,20"/>
          <Votos_No_Marcados V="719"/>
          <Porc_Votos_No_Marcados V="026,88"/>
          <Votos_Nulos V="559"/>
          <Porc_Votos_Nulos V="020,90"/>
        </lin>
        <lin>
          <Pregunta V="003"/>
          <Total_Sufragantes V="2674"/>
          <Porc_Sufragantes V="100,00"/>
          <Abstencion V="0"/>
          <Porc_Abstencion V="000,00"/>
          <Votos_Validos V="1322"/>
          <Porc_Votos_Validos V="049,43"/>
          <Votos_No_Marcados V="729"/>
          <Porc_Votos_No_Marcados V="027,26"/>
          <Votos_Nulos V="623"/>
          <Porc_Votos_Nulos V="023,29"/>
        </lin>
        <lin>
          <Pregunta V="004"/>
          <Total_Sufragantes V="2674"/>
          <Porc_Sufragantes V="100,00"/>
          <Abstencion V="0"/>
          <Porc_Abstencion V="000,00"/>
          <Votos_Validos V="1473"/>
          <Porc_Votos_Validos V="055,08"/>
          <Votos_No_Marcados V="502"/>
          <Porc_Votos_No_Marcados V="018,77"/>
          <Votos_Nulos V="699"/>
          <Porc_Votos_Nulos V="026,14"/>
        </lin>
        <lin>
          <Pregunta V="005"/>
          <Total_Sufragantes V="2674"/>
          <Porc_Sufragantes V="100,00"/>
          <Abstencion V="0"/>
          <Porc_Abstencion V="000,00"/>
          <Votos_Validos V="1250"/>
          <Porc_Votos_Validos V="046,74"/>
          <Votos_No_Marcados V="526"/>
          <Porc_Votos_No_Marcados V="019,67"/>
          <Votos_Nulos V="898"/>
          <Porc_Votos_Nulos V="033,58"/>
        </lin>
        <lin>
          <Pregunta V="006"/>
          <Total_Sufragantes V="2674"/>
          <Porc_Sufragantes V="100,00"/>
          <Abstencion V="0"/>
          <Porc_Abstencion V="000,00"/>
          <Votos_Validos V="1254"/>
          <Porc_Votos_Validos V="046,89"/>
          <Votos_No_Marcados V="524"/>
          <Porc_Votos_No_Marcados V="019,59"/>
          <Votos_Nulos V="896"/>
          <Porc_Votos_Nulos V="033,50"/>
        </lin>
        <lin>
          <Pregunta V="007"/>
          <Total_Sufragantes V="2674"/>
          <Porc_Sufragantes V="100,00"/>
          <Abstencion V="0"/>
          <Porc_Abstencion V="000,00"/>
          <Votos_Validos V="1102"/>
          <Porc_Votos_Validos V="041,21"/>
          <Votos_No_Marcados V="977"/>
          <Porc_Votos_No_Marcados V="036,53"/>
          <Votos_Nulos V="595"/>
          <Porc_Votos_Nulos V="022,25"/>
        </lin>
      </Detalle_Pregunta>
      <Detalle_Opcion>
        <lin>
          <Opcion V="001"/>
          <Votos V="838"/>
          <Porc V="062,35"/>
          <Pregunta V="001"/>
        </lin>
        <lin>
          <Opcion V="002"/>
          <Votos V="506"/>
          <Porc V="037,64"/>
          <Pregunta V="001"/>
        </lin>
        <lin>
          <Opcion V="001"/>
          <Votos V="621"/>
          <Porc V="044,48"/>
          <Pregunta V="002"/>
        </lin>
        <lin>
          <Opcion V="002"/>
          <Votos V="775"/>
          <Porc V="055,51"/>
          <Pregunta V="002"/>
        </lin>
        <lin>
          <Opcion V="001"/>
          <Votos V="610"/>
          <Porc V="046,14"/>
          <Pregunta V="003"/>
        </lin>
        <lin>
          <Opcion V="002"/>
          <Votos V="712"/>
          <Porc V="053,85"/>
          <Pregunta V="003"/>
        </lin>
        <lin>
          <Opcion V="001"/>
          <Votos V="963"/>
          <Porc V="065,37"/>
          <Pregunta V="004"/>
        </lin>
        <lin>
          <Opcion V="002"/>
          <Votos V="510"/>
          <Porc V="034,62"/>
          <Pregunta V="004"/>
        </lin>
        <lin>
          <Opcion V="001"/>
          <Votos V="496"/>
          <Porc V="039,68"/>
          <Pregunta V="005"/>
        </lin>
        <lin>
          <Opcion V="002"/>
          <Votos V="754"/>
          <Porc V="060,32"/>
          <Pregunta V="005"/>
        </lin>
        <lin>
          <Opcion V="001"/>
          <Votos V="719"/>
          <Porc V="057,33"/>
          <Pregunta V="006"/>
        </lin>
        <lin>
          <Opcion V="002"/>
          <Votos V="535"/>
          <Porc V="042,66"/>
          <Pregunta V="006"/>
        </lin>
        <lin>
          <Opcion V="001"/>
          <Votos V="566"/>
          <Porc V="051,36"/>
          <Pregunta V="007"/>
        </lin>
        <lin>
          <Opcion V="002"/>
          <Votos V="536"/>
          <Porc V="048,63"/>
          <Pregunta V="007"/>
        </lin>
      </Detalle_Opcion>
    </lin>
  </Detalle_Circunscripcion>
</Boletin>
</Boletin_Consolidado>