<Boletin_Consolidado><Boletin>
  <Numero V="0008"/>
  <Boletin_Departamental V="0012"/>
  <Tipo_Boletin V="DEPARTAMENTAL"/>
  <Desc_Corporacion V="CONSULTA POPULAR"/>
  <Departamento V="01"/>
  <Desc_Departamento V="ANTIOQUIA"/>
  <Municipio V="046"/>
  <Desc_Municipio V="BELMIRA"/>
  <Dia V="21"/>
  <Mes V="8"/>
  <Anio V="2018"/>
  <Hora V="14"/>
  <Minuto V="15"/>
  <Mesas_Instaladas V="15"/>
  <Mesas_Informadas V="15"/>
  <Porc_Mesas_Informadas V="100,00"/>
  <Potencial_Sufragantes V="4766"/>
  <Detalle_Circunscripcion>
    <lin>
      <Circunscripcion V="0"/>
      <Desc_Circunscripcion V="NACIONAL"/>
      <Detalle_Pregunta>
        <lin>
          <Pregunta V="001"/>
          <Total_Sufragantes V="4766"/>
          <Porc_Sufragantes V="100,00"/>
          <Abstencion V="0"/>
          <Porc_Abstencion V="000,00"/>
          <Votos_Validos V="2198"/>
          <Porc_Votos_Validos V="046,11"/>
          <Votos_No_Marcados V="1233"/>
          <Porc_Votos_No_Marcados V="025,87"/>
          <Votos_Nulos V="1335"/>
          <Porc_Votos_Nulos V="028,01"/>
        </lin>
        <lin>
          <Pregunta V="002"/>
          <Total_Sufragantes V="4766"/>
          <Porc_Sufragantes V="100,00"/>
          <Abstencion V="0"/>
          <Porc_Abstencion V="000,00"/>
          <Votos_Validos V="2340"/>
          <Porc_Votos_Validos V="049,09"/>
          <Votos_No_Marcados V="1364"/>
          <Porc_Votos_No_Marcados V="028,61"/>
          <Votos_Nulos V="1062"/>
          <Porc_Votos_Nulos V="022,28"/>
        </lin>
        <lin>
          <Pregunta V="003"/>
          <Total_Sufragantes V="4766"/>
          <Porc_Sufragantes V="100,00"/>
          <Abstencion V="0"/>
          <Porc_Abstencion V="000,00"/>
          <Votos_Validos V="2664"/>
          <Porc_Votos_Validos V="055,89"/>
          <Votos_No_Marcados V="1361"/>
          <Porc_Votos_No_Marcados V="028,55"/>
          <Votos_Nulos V="741"/>
          <Porc_Votos_Nulos V="015,54"/>
        </lin>
        <lin>
          <Pregunta V="004"/>
          <Total_Sufragantes V="4766"/>
          <Porc_Sufragantes V="100,00"/>
          <Abstencion V="0"/>
          <Porc_Abstencion V="000,00"/>
          <Votos_Validos V="2297"/>
          <Porc_Votos_Validos V="048,19"/>
          <Votos_No_Marcados V="1414"/>
          <Porc_Votos_No_Marcados V="029,66"/>
          <Votos_Nulos V="1055"/>
          <Porc_Votos_Nulos V="022,13"/>
        </lin>
        <lin>
          <Pregunta V="005"/>
          <Total_Sufragantes V="4766"/>
          <Porc_Sufragantes V="100,00"/>
          <Abstencion V="0"/>
          <Porc_Abstencion V="000,00"/>
          <Votos_Validos V="2096"/>
          <Porc_Votos_Validos V="043,97"/>
          <Votos_No_Marcados V="1563"/>
          <Porc_Votos_No_Marcados V="032,79"/>
          <Votos_Nulos V="1107"/>
          <Porc_Votos_Nulos V="023,22"/>
        </lin>
        <lin>
          <Pregunta V="006"/>
          <Total_Sufragantes V="4766"/>
          <Porc_Sufragantes V="100,00"/>
          <Abstencion V="0"/>
          <Porc_Abstencion V="000,00"/>
          <Votos_Validos V="1892"/>
          <Porc_Votos_Validos V="039,69"/>
          <Votos_No_Marcados V="1577"/>
          <Porc_Votos_No_Marcados V="033,08"/>
          <Votos_Nulos V="1297"/>
          <Porc_Votos_Nulos V="027,21"/>
        </lin>
        <lin>
          <Pregunta V="007"/>
          <Total_Sufragantes V="4766"/>
          <Porc_Sufragantes V="100,00"/>
          <Abstencion V="0"/>
          <Porc_Abstencion V="000,00"/>
          <Votos_Validos V="2606"/>
          <Porc_Votos_Validos V="054,67"/>
          <Votos_No_Marcados V="990"/>
          <Porc_Votos_No_Marcados V="020,77"/>
          <Votos_Nulos V="1170"/>
          <Porc_Votos_Nulos V="024,54"/>
        </lin>
      </Detalle_Pregunta>
      <Detalle_Opcion>
        <lin>
          <Opcion V="001"/>
          <Votos V="1104"/>
          <Porc V="050,22"/>
          <Pregunta V="001"/>
        </lin>
        <lin>
          <Opcion V="002"/>
          <Votos V="1094"/>
          <Porc V="049,77"/>
          <Pregunta V="001"/>
        </lin>
        <lin>
          <Opcion V="001"/>
          <Votos V="1022"/>
          <Porc V="043,67"/>
          <Pregunta V="002"/>
        </lin>
        <lin>
          <Opcion V="002"/>
          <Votos V="1318"/>
          <Porc V="056,32"/>
          <Pregunta V="002"/>
        </lin>
        <lin>
          <Opcion V="001"/>
          <Votos V="1502"/>
          <Porc V="056,38"/>
          <Pregunta V="003"/>
        </lin>
        <lin>
          <Opcion V="002"/>
          <Votos V="1162"/>
          <Porc V="043,61"/>
          <Pregunta V="003"/>
        </lin>
        <lin>
          <Opcion V="001"/>
          <Votos V="835"/>
          <Porc V="036,35"/>
          <Pregunta V="004"/>
        </lin>
        <lin>
          <Opcion V="002"/>
          <Votos V="1462"/>
          <Porc V="063,64"/>
          <Pregunta V="004"/>
        </lin>
        <lin>
          <Opcion V="001"/>
          <Votos V="868"/>
          <Porc V="041,41"/>
          <Pregunta V="005"/>
        </lin>
        <lin>
          <Opcion V="002"/>
          <Votos V="1228"/>
          <Porc V="058,58"/>
          <Pregunta V="005"/>
        </lin>
        <lin>
          <Opcion V="001"/>
          <Votos V="978"/>
          <Porc V="051,69"/>
          <Pregunta V="006"/>
        </lin>
        <lin>
          <Opcion V="002"/>
          <Votos V="914"/>
          <Porc V="048,30"/>
          <Pregunta V="006"/>
        </lin>
        <lin>
          <Opcion V="001"/>
          <Votos V="1330"/>
          <Porc V="051,03"/>
          <Pregunta V="007"/>
        </lin>
        <lin>
          <Opcion V="002"/>
          <Votos V="1276"/>
          <Porc V="048,96"/>
          <Pregunta V="007"/>
        </lin>
      </Detalle_Opcion>
    </lin>
  </Detalle_Circunscripcion>
</Boletin>
</Boletin_Consolidado>