<Boletin_Consolidado><Boletin>
  <Numero V="0008"/>
  <Boletin_Departamental V="0011"/>
  <Tipo_Boletin V="DEPARTAMENTAL"/>
  <Desc_Corporacion V="CONSULTA POPULAR"/>
  <Departamento V="07"/>
  <Desc_Departamento V="BOYACA"/>
  <Municipio V="082"/>
  <Desc_Municipio V="EL COCUY"/>
  <Dia V="21"/>
  <Mes V="8"/>
  <Anio V="2018"/>
  <Hora V="14"/>
  <Minuto V="15"/>
  <Mesas_Instaladas V="11"/>
  <Mesas_Informadas V="11"/>
  <Porc_Mesas_Informadas V="100,00"/>
  <Potencial_Sufragantes V="3525"/>
  <Detalle_Circunscripcion>
    <lin>
      <Circunscripcion V="0"/>
      <Desc_Circunscripcion V="NACIONAL"/>
      <Detalle_Pregunta>
        <lin>
          <Pregunta V="001"/>
          <Total_Sufragantes V="3525"/>
          <Porc_Sufragantes V="100,00"/>
          <Abstencion V="0"/>
          <Porc_Abstencion V="000,00"/>
          <Votos_Validos V="1885"/>
          <Porc_Votos_Validos V="053,47"/>
          <Votos_No_Marcados V="767"/>
          <Porc_Votos_No_Marcados V="021,75"/>
          <Votos_Nulos V="873"/>
          <Porc_Votos_Nulos V="024,76"/>
        </lin>
        <lin>
          <Pregunta V="002"/>
          <Total_Sufragantes V="3525"/>
          <Porc_Sufragantes V="100,00"/>
          <Abstencion V="0"/>
          <Porc_Abstencion V="000,00"/>
          <Votos_Validos V="1748"/>
          <Porc_Votos_Validos V="049,58"/>
          <Votos_No_Marcados V="723"/>
          <Porc_Votos_No_Marcados V="020,51"/>
          <Votos_Nulos V="1054"/>
          <Porc_Votos_Nulos V="029,90"/>
        </lin>
        <lin>
          <Pregunta V="003"/>
          <Total_Sufragantes V="3525"/>
          <Porc_Sufragantes V="100,00"/>
          <Abstencion V="0"/>
          <Porc_Abstencion V="000,00"/>
          <Votos_Validos V="1707"/>
          <Porc_Votos_Validos V="048,42"/>
          <Votos_No_Marcados V="789"/>
          <Porc_Votos_No_Marcados V="022,38"/>
          <Votos_Nulos V="1029"/>
          <Porc_Votos_Nulos V="029,19"/>
        </lin>
        <lin>
          <Pregunta V="004"/>
          <Total_Sufragantes V="3525"/>
          <Porc_Sufragantes V="100,00"/>
          <Abstencion V="0"/>
          <Porc_Abstencion V="000,00"/>
          <Votos_Validos V="1473"/>
          <Porc_Votos_Validos V="041,78"/>
          <Votos_No_Marcados V="1201"/>
          <Porc_Votos_No_Marcados V="034,07"/>
          <Votos_Nulos V="851"/>
          <Porc_Votos_Nulos V="024,14"/>
        </lin>
        <lin>
          <Pregunta V="005"/>
          <Total_Sufragantes V="3525"/>
          <Porc_Sufragantes V="100,00"/>
          <Abstencion V="0"/>
          <Porc_Abstencion V="000,00"/>
          <Votos_Validos V="1722"/>
          <Porc_Votos_Validos V="048,85"/>
          <Votos_No_Marcados V="954"/>
          <Porc_Votos_No_Marcados V="027,06"/>
          <Votos_Nulos V="849"/>
          <Porc_Votos_Nulos V="024,08"/>
        </lin>
        <lin>
          <Pregunta V="006"/>
          <Total_Sufragantes V="3525"/>
          <Porc_Sufragantes V="100,00"/>
          <Abstencion V="0"/>
          <Porc_Abstencion V="000,00"/>
          <Votos_Validos V="1674"/>
          <Porc_Votos_Validos V="047,48"/>
          <Votos_No_Marcados V="1112"/>
          <Porc_Votos_No_Marcados V="031,54"/>
          <Votos_Nulos V="739"/>
          <Porc_Votos_Nulos V="020,96"/>
        </lin>
        <lin>
          <Pregunta V="007"/>
          <Total_Sufragantes V="3525"/>
          <Porc_Sufragantes V="100,00"/>
          <Abstencion V="0"/>
          <Porc_Abstencion V="000,00"/>
          <Votos_Validos V="1934"/>
          <Porc_Votos_Validos V="054,86"/>
          <Votos_No_Marcados V="840"/>
          <Porc_Votos_No_Marcados V="023,82"/>
          <Votos_Nulos V="751"/>
          <Porc_Votos_Nulos V="021,30"/>
        </lin>
      </Detalle_Pregunta>
      <Detalle_Opcion>
        <lin>
          <Opcion V="001"/>
          <Votos V="1165"/>
          <Porc V="061,80"/>
          <Pregunta V="001"/>
        </lin>
        <lin>
          <Opcion V="002"/>
          <Votos V="720"/>
          <Porc V="038,19"/>
          <Pregunta V="001"/>
        </lin>
        <lin>
          <Opcion V="001"/>
          <Votos V="750"/>
          <Porc V="042,90"/>
          <Pregunta V="002"/>
        </lin>
        <lin>
          <Opcion V="002"/>
          <Votos V="998"/>
          <Porc V="057,09"/>
          <Pregunta V="002"/>
        </lin>
        <lin>
          <Opcion V="001"/>
          <Votos V="780"/>
          <Porc V="045,69"/>
          <Pregunta V="003"/>
        </lin>
        <lin>
          <Opcion V="002"/>
          <Votos V="927"/>
          <Porc V="054,30"/>
          <Pregunta V="003"/>
        </lin>
        <lin>
          <Opcion V="001"/>
          <Votos V="664"/>
          <Porc V="045,07"/>
          <Pregunta V="004"/>
        </lin>
        <lin>
          <Opcion V="002"/>
          <Votos V="809"/>
          <Porc V="054,92"/>
          <Pregunta V="004"/>
        </lin>
        <lin>
          <Opcion V="001"/>
          <Votos V="914"/>
          <Porc V="053,07"/>
          <Pregunta V="005"/>
        </lin>
        <lin>
          <Opcion V="002"/>
          <Votos V="808"/>
          <Porc V="046,92"/>
          <Pregunta V="005"/>
        </lin>
        <lin>
          <Opcion V="001"/>
          <Votos V="729"/>
          <Porc V="043,54"/>
          <Pregunta V="006"/>
        </lin>
        <lin>
          <Opcion V="002"/>
          <Votos V="945"/>
          <Porc V="056,45"/>
          <Pregunta V="006"/>
        </lin>
        <lin>
          <Opcion V="001"/>
          <Votos V="601"/>
          <Porc V="031,07"/>
          <Pregunta V="007"/>
        </lin>
        <lin>
          <Opcion V="002"/>
          <Votos V="1333"/>
          <Porc V="068,92"/>
          <Pregunta V="007"/>
        </lin>
      </Detalle_Opcion>
    </lin>
  </Detalle_Circunscripcion>
</Boletin>
</Boletin_Consolidado>